ISO-10303-21;
HEADER;
FILE_DESCRIPTION(('KiCad electronic assembly'),'2;1');
FILE_NAME('CSC202_LP_MSPM0G3507_3TERM_BREAKOUT-3D.step',
  '2026-01-16T02:22:18',('Pcbnew'),('Kicad'),
  'Open CASCADE STEP processor 7.6','KiCad to STEP converter','Unknown'
  );
FILE_SCHEMA(('AUTOMOTIVE_DESIGN { 1 0 10303 214 1 1 1 1 }'));
ENDSEC;
DATA;
#1 = APPLICATION_PROTOCOL_DEFINITION('international standard',
  'automotive_design',2000,#2);
#2 = APPLICATION_CONTEXT(
  'core data for automotive mechanical design processes');
#3 = SHAPE_DEFINITION_REPRESENTATION(#4,#10);
#4 = PRODUCT_DEFINITION_SHAPE('','',#5);
#5 = PRODUCT_DEFINITION('design','',#6,#9);
#6 = PRODUCT_DEFINITION_FORMATION('','',#7);
#7 = PRODUCT('CSC202_LP_MSPM0G3507_3TERM_BREAKOUT-3D 1',
  'CSC202_LP_MSPM0G3507_3TERM_BREAKOUT-3D 1','',(#8));
#8 = PRODUCT_CONTEXT('',#2,'mechanical');
#9 = PRODUCT_DEFINITION_CONTEXT('part definition',#2,'design');
#10 = SHAPE_REPRESENTATION('',(#11,#15,#19,#23,#27,#31,#35,#39),#43);
#11 = AXIS2_PLACEMENT_3D('',#12,#13,#14);
#12 = CARTESIAN_POINT('',(0.,0.,0.));
#13 = DIRECTION('',(0.,0.,1.));
#14 = DIRECTION('',(1.,0.,-0.));
#15 = AXIS2_PLACEMENT_3D('',#16,#17,#18);
#16 = CARTESIAN_POINT('',(168.685369,-87.264556,1.595));
#17 = DIRECTION('',(0.,0.,1.));
#18 = DIRECTION('',(1.,0.,0.));
#19 = AXIS2_PLACEMENT_3D('',#20,#21,#22);
#20 = CARTESIAN_POINT('',(126.141369,-87.264556,1.595));
#21 = DIRECTION('',(0.,0.,1.));
#22 = DIRECTION('',(1.,0.,0.));
#23 = AXIS2_PLACEMENT_3D('',#24,#25,#26);
#24 = CARTESIAN_POINT('',(108.086469,-87.22,-8.5E-02));
#25 = DIRECTION('',(1.499759782662E-32,1.224646799147E-16,-1.));
#26 = DIRECTION('',(-1.,1.224646799147E-16,0.));
#27 = AXIS2_PLACEMENT_3D('',#28,#29,#30);
#28 = CARTESIAN_POINT('',(153.836469,-87.22,-8.5E-02));
#29 = DIRECTION('',(1.499759782662E-32,1.224646799147E-16,-1.));
#30 = DIRECTION('',(-1.,1.224646799147E-16,0.));
#31 = AXIS2_PLACEMENT_3D('',#32,#33,#34);
#32 = CARTESIAN_POINT('',(100.836469,-87.22,-8.5E-02));
#33 = DIRECTION('',(1.499759782662E-32,1.224646799147E-16,-1.));
#34 = DIRECTION('',(-1.,1.224646799147E-16,0.));
#35 = AXIS2_PLACEMENT_3D('',#36,#37,#38);
#36 = CARTESIAN_POINT('',(146.586469,-87.22,-8.5E-02));
#37 = DIRECTION('',(1.499759782662E-32,1.224646799147E-16,-1.));
#38 = DIRECTION('',(-1.,1.224646799147E-16,0.));
#39 = AXIS2_PLACEMENT_3D('',#40,#41,#42);
#40 = CARTESIAN_POINT('',(0.,0.,0.));
#41 = DIRECTION('',(0.,0.,1.));
#42 = DIRECTION('',(1.,0.,-0.));
#43 = ( GEOMETRIC_REPRESENTATION_CONTEXT(3) 
GLOBAL_UNCERTAINTY_ASSIGNED_CONTEXT((#47)) GLOBAL_UNIT_ASSIGNED_CONTEXT(
(#44,#45,#46)) REPRESENTATION_CONTEXT('Context #1',
  '3D Context with UNIT and UNCERTAINTY') );
#44 = ( LENGTH_UNIT() NAMED_UNIT(*) SI_UNIT(.MILLI.,.METRE.) );
#45 = ( NAMED_UNIT(*) PLANE_ANGLE_UNIT() SI_UNIT($,.RADIAN.) );
#46 = ( NAMED_UNIT(*) SI_UNIT($,.STERADIAN.) SOLID_ANGLE_UNIT() );
#47 = UNCERTAINTY_MEASURE_WITH_UNIT(LENGTH_MEASURE(1.E-07),#44,
  'distance_accuracy_value','confusion accuracy');
#48 = PRODUCT_RELATED_PRODUCT_CATEGORY('part',$,(#7));
#49 = SHAPE_DEFINITION_REPRESENTATION(#50,#56);
#50 = PRODUCT_DEFINITION_SHAPE('','',#51);
#51 = PRODUCT_DEFINITION('design','',#52,#55);
#52 = PRODUCT_DEFINITION_FORMATION('','',#53);
#53 = PRODUCT('PinHeader_2x10_P2.54mm_Vertical',
  'PinHeader_2x10_P2.54mm_Vertical','',(#54));
#54 = PRODUCT_CONTEXT('',#2,'mechanical');
#55 = PRODUCT_DEFINITION_CONTEXT('part definition',#2,'design');
#56 = ADVANCED_BREP_SHAPE_REPRESENTATION('',(#11,#57),#11641);
#57 = MANIFOLD_SOLID_BREP('',#58);
#58 = CLOSED_SHELL('',(#59,#99,#130,#161,#1322,#2483,#2500,#2517,#2534,
    #2551,#2568,#2585,#2602,#2619,#2636,#2653,#2670,#2687,#2704,#2721,
    #2738,#2755,#2772,#2789,#2806,#2823,#2840,#2857,#2874,#2891,#2908,
    #2925,#2942,#2959,#2976,#2993,#3010,#3027,#3044,#3061,#3078,#3095,
    #3112,#3129,#3146,#3163,#3180,#3197,#3214,#3231,#3248,#3265,#3282,
    #3299,#3316,#3333,#3350,#3367,#3384,#3401,#3418,#3435,#3452,#3469,
    #3481,#3512,#3536,#3560,#3577,#3608,#3632,#3656,#3673,#3704,#3728,
    #3752,#3769,#3800,#3824,#3848,#3865,#3896,#3920,#3944,#3961,#3992,
    #4016,#4040,#4057,#4088,#4112,#4136,#4153,#4184,#4208,#4232,#4249,
    #4280,#4304,#4328,#4345,#4376,#4400,#4424,#4441,#4472,#4496,#4520,
    #4537,#4568,#4592,#4616,#4633,#4664,#4688,#4712,#4729,#4760,#4784,
    #4808,#4825,#4856,#4880,#4904,#4921,#4952,#4976,#5000,#5017,#5048,
    #5072,#5096,#5113,#5144,#5168,#5192,#5209,#5240,#5264,#5288,#5305,
    #5336,#5360,#5384,#5401,#5432,#5456,#5480,#5497,#5528,#5552,#5576,
    #5593,#5624,#5648,#5672,#5689,#5720,#5744,#5768,#5785,#5816,#5840,
    #5864,#5881,#5912,#5936,#5960,#5977,#6008,#6032,#6056,#6073,#6104,
    #6128,#6152,#6169,#6200,#6224,#6248,#6265,#6296,#6320,#6344,#6361,
    #6392,#6416,#6440,#6457,#6488,#6512,#6536,#6553,#6584,#6608,#6632,
    #6649,#6680,#6704,#6728,#6745,#6776,#6800,#6824,#6841,#6872,#6896,
    #6920,#6937,#6968,#6992,#7016,#7033,#7064,#7088,#7112,#7129,#7160,
    #7184,#7208,#7225,#7256,#7280,#7304,#7321,#7352,#7376,#7400,#7417,
    #7448,#7472,#7496,#7513,#7544,#7568,#7592,#7609,#7640,#7664,#7688,
    #7705,#7736,#7760,#7784,#7801,#7832,#7856,#7880,#7897,#7928,#7952,
    #7976,#7993,#8024,#8048,#8072,#8089,#8120,#8144,#8168,#8185,#8216,
    #8240,#8264,#8281,#8312,#8336,#8360,#8377,#8408,#8432,#8456,#8473,
    #8504,#8528,#8552,#8569,#8600,#8624,#8648,#8665,#8696,#8720,#8744,
    #8761,#8792,#8816,#8840,#8857,#8888,#8912,#8936,#8953,#8984,#9008,
    #9032,#9049,#9080,#9104,#9128,#9145,#9176,#9200,#9224,#9241,#9272,
    #9296,#9320,#9337,#9368,#9392,#9416,#9433,#9464,#9488,#9512,#9529,
    #9560,#9584,#9608,#9625,#9656,#9680,#9704,#9721,#9752,#9776,#9800,
    #9817,#9848,#9872,#9896,#9913,#9944,#9968,#9992,#10009,#10040,#10064
    ,#10088,#10105,#10136,#10160,#10184,#10201,#10232,#10256,#10280,
    #10297,#10328,#10352,#10376,#10393,#10424,#10448,#10472,#10489,
    #10520,#10544,#10568,#10585,#10616,#10640,#10664,#10681,#10712,
    #10736,#10760,#10777,#10808,#10832,#10856,#10873,#10904,#10928,
    #10952,#10969,#11000,#11024,#11048,#11065,#11096,#11120,#11144,
    #11161,#11173,#11185,#11197,#11209,#11221,#11233,#11245,#11257,
    #11269,#11281,#11293,#11305,#11317,#11329,#11341,#11353,#11365,
    #11377,#11389,#11401,#11413,#11425,#11437,#11449,#11461,#11473,
    #11485,#11497,#11509,#11521,#11533,#11545,#11557,#11569,#11581,
    #11593,#11605,#11617,#11629));
#59 = ADVANCED_FACE('',(#60),#94,.F.);
#60 = FACE_BOUND('',#61,.F.);
#61 = EDGE_LOOP('',(#62,#72,#80,#88));
#62 = ORIENTED_EDGE('',*,*,#63,.T.);
#63 = EDGE_CURVE('',#64,#66,#68,.T.);
#64 = VERTEX_POINT('',#65);
#65 = CARTESIAN_POINT('',(-1.016,1.27,0.));
#66 = VERTEX_POINT('',#67);
#67 = CARTESIAN_POINT('',(-1.016,1.27,2.54));
#68 = LINE('',#69,#70);
#69 = CARTESIAN_POINT('',(-1.016,1.27,0.));
#70 = VECTOR('',#71,1.);
#71 = DIRECTION('',(0.,0.,1.));
#72 = ORIENTED_EDGE('',*,*,#73,.T.);
#73 = EDGE_CURVE('',#66,#74,#76,.T.);
#74 = VERTEX_POINT('',#75);
#75 = CARTESIAN_POINT('',(-1.27,1.016,2.54));
#76 = LINE('',#77,#78);
#77 = CARTESIAN_POINT('',(-1.016,1.27,2.54));
#78 = VECTOR('',#79,1.);
#79 = DIRECTION('',(-0.707106781187,-0.707106781187,0.));
#80 = ORIENTED_EDGE('',*,*,#81,.F.);
#81 = EDGE_CURVE('',#82,#74,#84,.T.);
#82 = VERTEX_POINT('',#83);
#83 = CARTESIAN_POINT('',(-1.27,1.016,0.));
#84 = LINE('',#85,#86);
#85 = CARTESIAN_POINT('',(-1.27,1.016,0.));
#86 = VECTOR('',#87,1.);
#87 = DIRECTION('',(0.,0.,1.));
#88 = ORIENTED_EDGE('',*,*,#89,.F.);
#89 = EDGE_CURVE('',#64,#82,#90,.T.);
#90 = LINE('',#91,#92);
#91 = CARTESIAN_POINT('',(-1.016,1.27,0.));
#92 = VECTOR('',#93,1.);
#93 = DIRECTION('',(-0.707106781187,-0.707106781187,0.));
#94 = PLANE('',#95);
#95 = AXIS2_PLACEMENT_3D('',#96,#97,#98);
#96 = CARTESIAN_POINT('',(-1.016,1.27,0.));
#97 = DIRECTION('',(0.707106781187,-0.707106781187,0.));
#98 = DIRECTION('',(-0.707106781187,-0.707106781187,0.));
#99 = ADVANCED_FACE('',(#100),#125,.F.);
#100 = FACE_BOUND('',#101,.F.);
#101 = EDGE_LOOP('',(#102,#112,#118,#119));
#102 = ORIENTED_EDGE('',*,*,#103,.T.);
#103 = EDGE_CURVE('',#104,#106,#108,.T.);
#104 = VERTEX_POINT('',#105);
#105 = CARTESIAN_POINT('',(3.556,1.27,0.));
#106 = VERTEX_POINT('',#107);
#107 = CARTESIAN_POINT('',(3.556,1.27,2.54));
#108 = LINE('',#109,#110);
#109 = CARTESIAN_POINT('',(3.556,1.27,0.));
#110 = VECTOR('',#111,1.);
#111 = DIRECTION('',(0.,0.,1.));
#112 = ORIENTED_EDGE('',*,*,#113,.T.);
#113 = EDGE_CURVE('',#106,#66,#114,.T.);
#114 = LINE('',#115,#116);
#115 = CARTESIAN_POINT('',(3.556,1.27,2.54));
#116 = VECTOR('',#117,1.);
#117 = DIRECTION('',(-1.,0.,0.));
#118 = ORIENTED_EDGE('',*,*,#63,.F.);
#119 = ORIENTED_EDGE('',*,*,#120,.F.);
#120 = EDGE_CURVE('',#104,#64,#121,.T.);
#121 = LINE('',#122,#123);
#122 = CARTESIAN_POINT('',(3.556,1.27,0.));
#123 = VECTOR('',#124,1.);
#124 = DIRECTION('',(-1.,0.,0.));
#125 = PLANE('',#126);
#126 = AXIS2_PLACEMENT_3D('',#127,#128,#129);
#127 = CARTESIAN_POINT('',(3.556,1.27,0.));
#128 = DIRECTION('',(0.,-1.,0.));
#129 = DIRECTION('',(-1.,0.,0.));
#130 = ADVANCED_FACE('',(#131),#156,.F.);
#131 = FACE_BOUND('',#132,.F.);
#132 = EDGE_LOOP('',(#133,#134,#142,#150));
#133 = ORIENTED_EDGE('',*,*,#81,.T.);
#134 = ORIENTED_EDGE('',*,*,#135,.T.);
#135 = EDGE_CURVE('',#74,#136,#138,.T.);
#136 = VERTEX_POINT('',#137);
#137 = CARTESIAN_POINT('',(-1.27,-1.016,2.54));
#138 = LINE('',#139,#140);
#139 = CARTESIAN_POINT('',(-1.27,1.016,2.54));
#140 = VECTOR('',#141,1.);
#141 = DIRECTION('',(0.,-1.,0.));
#142 = ORIENTED_EDGE('',*,*,#143,.F.);
#143 = EDGE_CURVE('',#144,#136,#146,.T.);
#144 = VERTEX_POINT('',#145);
#145 = CARTESIAN_POINT('',(-1.27,-1.016,0.));
#146 = LINE('',#147,#148);
#147 = CARTESIAN_POINT('',(-1.27,-1.016,0.));
#148 = VECTOR('',#149,1.);
#149 = DIRECTION('',(0.,0.,1.));
#150 = ORIENTED_EDGE('',*,*,#151,.F.);
#151 = EDGE_CURVE('',#82,#144,#152,.T.);
#152 = LINE('',#153,#154);
#153 = CARTESIAN_POINT('',(-1.27,1.016,0.));
#154 = VECTOR('',#155,1.);
#155 = DIRECTION('',(0.,-1.,0.));
#156 = PLANE('',#157);
#157 = AXIS2_PLACEMENT_3D('',#158,#159,#160);
#158 = CARTESIAN_POINT('',(-1.27,1.016,0.));
#159 = DIRECTION('',(1.,0.,0.));
#160 = DIRECTION('',(0.,-1.,0.));
#161 = ADVANCED_FACE('',(#162,#637,#671,#705,#739,#773,#807,#841,#875,
    #909,#943,#977,#1011,#1045,#1079,#1113,#1147,#1181,#1215,#1249,#1283
    ),#1317,.F.);
#162 = FACE_BOUND('',#163,.F.);
#163 = EDGE_LOOP('',(#164,#165,#166,#174,#182,#190,#198,#206,#214,#222,
    #230,#238,#246,#254,#262,#270,#278,#286,#294,#302,#310,#318,#326,
    #334,#342,#350,#358,#366,#374,#382,#390,#398,#406,#414,#422,#430,
    #438,#446,#454,#462,#470,#478,#486,#494,#502,#510,#518,#526,#534,
    #542,#550,#558,#566,#574,#582,#590,#598,#606,#614,#622,#630,#636));
#164 = ORIENTED_EDGE('',*,*,#89,.T.);
#165 = ORIENTED_EDGE('',*,*,#151,.T.);
#166 = ORIENTED_EDGE('',*,*,#167,.T.);
#167 = EDGE_CURVE('',#144,#168,#170,.T.);
#168 = VERTEX_POINT('',#169);
#169 = CARTESIAN_POINT('',(-1.016,-1.27,0.));
#170 = LINE('',#171,#172);
#171 = CARTESIAN_POINT('',(-1.27,-1.016,0.));
#172 = VECTOR('',#173,1.);
#173 = DIRECTION('',(0.707106781187,-0.707106781187,0.));
#174 = ORIENTED_EDGE('',*,*,#175,.T.);
#175 = EDGE_CURVE('',#168,#176,#178,.T.);
#176 = VERTEX_POINT('',#177);
#177 = CARTESIAN_POINT('',(-1.27,-1.524,0.));
#178 = LINE('',#179,#180);
#179 = CARTESIAN_POINT('',(-1.016,-1.27,0.));
#180 = VECTOR('',#181,1.);
#181 = DIRECTION('',(-0.707106781187,-0.707106781187,0.));
#182 = ORIENTED_EDGE('',*,*,#183,.T.);
#183 = EDGE_CURVE('',#176,#184,#186,.T.);
#184 = VERTEX_POINT('',#185);
#185 = CARTESIAN_POINT('',(-1.27,-3.556,0.));
#186 = LINE('',#187,#188);
#187 = CARTESIAN_POINT('',(-1.27,-1.524,0.));
#188 = VECTOR('',#189,1.);
#189 = DIRECTION('',(0.,-1.,0.));
#190 = ORIENTED_EDGE('',*,*,#191,.T.);
#191 = EDGE_CURVE('',#184,#192,#194,.T.);
#192 = VERTEX_POINT('',#193);
#193 = CARTESIAN_POINT('',(-1.016,-3.81,0.));
#194 = LINE('',#195,#196);
#195 = CARTESIAN_POINT('',(-1.27,-3.556,0.));
#196 = VECTOR('',#197,1.);
#197 = DIRECTION('',(0.707106781187,-0.707106781187,0.));
#198 = ORIENTED_EDGE('',*,*,#199,.T.);
#199 = EDGE_CURVE('',#192,#200,#202,.T.);
#200 = VERTEX_POINT('',#201);
#201 = CARTESIAN_POINT('',(-1.27,-4.064,0.));
#202 = LINE('',#203,#204);
#203 = CARTESIAN_POINT('',(-1.016,-3.81,0.));
#204 = VECTOR('',#205,1.);
#205 = DIRECTION('',(-0.707106781187,-0.707106781187,0.));
#206 = ORIENTED_EDGE('',*,*,#207,.T.);
#207 = EDGE_CURVE('',#200,#208,#210,.T.);
#208 = VERTEX_POINT('',#209);
#209 = CARTESIAN_POINT('',(-1.27,-6.096,0.));
#210 = LINE('',#211,#212);
#211 = CARTESIAN_POINT('',(-1.27,-4.064,0.));
#212 = VECTOR('',#213,1.);
#213 = DIRECTION('',(0.,-1.,0.));
#214 = ORIENTED_EDGE('',*,*,#215,.T.);
#215 = EDGE_CURVE('',#208,#216,#218,.T.);
#216 = VERTEX_POINT('',#217);
#217 = CARTESIAN_POINT('',(-1.016,-6.35,0.));
#218 = LINE('',#219,#220);
#219 = CARTESIAN_POINT('',(-1.27,-6.096,0.));
#220 = VECTOR('',#221,1.);
#221 = DIRECTION('',(0.707106781187,-0.707106781187,0.));
#222 = ORIENTED_EDGE('',*,*,#223,.T.);
#223 = EDGE_CURVE('',#216,#224,#226,.T.);
#224 = VERTEX_POINT('',#225);
#225 = CARTESIAN_POINT('',(-1.27,-6.604,0.));
#226 = LINE('',#227,#228);
#227 = CARTESIAN_POINT('',(-1.016,-6.35,0.));
#228 = VECTOR('',#229,1.);
#229 = DIRECTION('',(-0.707106781187,-0.707106781187,0.));
#230 = ORIENTED_EDGE('',*,*,#231,.T.);
#231 = EDGE_CURVE('',#224,#232,#234,.T.);
#232 = VERTEX_POINT('',#233);
#233 = CARTESIAN_POINT('',(-1.27,-8.636,0.));
#234 = LINE('',#235,#236);
#235 = CARTESIAN_POINT('',(-1.27,-6.604,0.));
#236 = VECTOR('',#237,1.);
#237 = DIRECTION('',(0.,-1.,0.));
#238 = ORIENTED_EDGE('',*,*,#239,.T.);
#239 = EDGE_CURVE('',#232,#240,#242,.T.);
#240 = VERTEX_POINT('',#241);
#241 = CARTESIAN_POINT('',(-1.016,-8.89,0.));
#242 = LINE('',#243,#244);
#243 = CARTESIAN_POINT('',(-1.27,-8.636,0.));
#244 = VECTOR('',#245,1.);
#245 = DIRECTION('',(0.707106781187,-0.707106781187,0.));
#246 = ORIENTED_EDGE('',*,*,#247,.T.);
#247 = EDGE_CURVE('',#240,#248,#250,.T.);
#248 = VERTEX_POINT('',#249);
#249 = CARTESIAN_POINT('',(-1.27,-9.144,0.));
#250 = LINE('',#251,#252);
#251 = CARTESIAN_POINT('',(-1.016,-8.89,0.));
#252 = VECTOR('',#253,1.);
#253 = DIRECTION('',(-0.707106781187,-0.707106781187,0.));
#254 = ORIENTED_EDGE('',*,*,#255,.T.);
#255 = EDGE_CURVE('',#248,#256,#258,.T.);
#256 = VERTEX_POINT('',#257);
#257 = CARTESIAN_POINT('',(-1.27,-11.176,0.));
#258 = LINE('',#259,#260);
#259 = CARTESIAN_POINT('',(-1.27,-9.144,0.));
#260 = VECTOR('',#261,1.);
#261 = DIRECTION('',(0.,-1.,0.));
#262 = ORIENTED_EDGE('',*,*,#263,.T.);
#263 = EDGE_CURVE('',#256,#264,#266,.T.);
#264 = VERTEX_POINT('',#265);
#265 = CARTESIAN_POINT('',(-1.016,-11.43,0.));
#266 = LINE('',#267,#268);
#267 = CARTESIAN_POINT('',(-1.27,-11.176,0.));
#268 = VECTOR('',#269,1.);
#269 = DIRECTION('',(0.707106781187,-0.707106781187,0.));
#270 = ORIENTED_EDGE('',*,*,#271,.T.);
#271 = EDGE_CURVE('',#264,#272,#274,.T.);
#272 = VERTEX_POINT('',#273);
#273 = CARTESIAN_POINT('',(-1.27,-11.684,0.));
#274 = LINE('',#275,#276);
#275 = CARTESIAN_POINT('',(-1.016,-11.43,0.));
#276 = VECTOR('',#277,1.);
#277 = DIRECTION('',(-0.707106781187,-0.707106781187,0.));
#278 = ORIENTED_EDGE('',*,*,#279,.T.);
#279 = EDGE_CURVE('',#272,#280,#282,.T.);
#280 = VERTEX_POINT('',#281);
#281 = CARTESIAN_POINT('',(-1.27,-13.716,0.));
#282 = LINE('',#283,#284);
#283 = CARTESIAN_POINT('',(-1.27,-11.684,0.));
#284 = VECTOR('',#285,1.);
#285 = DIRECTION('',(0.,-1.,0.));
#286 = ORIENTED_EDGE('',*,*,#287,.T.);
#287 = EDGE_CURVE('',#280,#288,#290,.T.);
#288 = VERTEX_POINT('',#289);
#289 = CARTESIAN_POINT('',(-1.016,-13.97,0.));
#290 = LINE('',#291,#292);
#291 = CARTESIAN_POINT('',(-1.27,-13.716,0.));
#292 = VECTOR('',#293,1.);
#293 = DIRECTION('',(0.707106781187,-0.707106781187,0.));
#294 = ORIENTED_EDGE('',*,*,#295,.T.);
#295 = EDGE_CURVE('',#288,#296,#298,.T.);
#296 = VERTEX_POINT('',#297);
#297 = CARTESIAN_POINT('',(-1.27,-14.224,0.));
#298 = LINE('',#299,#300);
#299 = CARTESIAN_POINT('',(-1.016,-13.97,0.));
#300 = VECTOR('',#301,1.);
#301 = DIRECTION('',(-0.707106781187,-0.707106781187,0.));
#302 = ORIENTED_EDGE('',*,*,#303,.T.);
#303 = EDGE_CURVE('',#296,#304,#306,.T.);
#304 = VERTEX_POINT('',#305);
#305 = CARTESIAN_POINT('',(-1.27,-16.256,0.));
#306 = LINE('',#307,#308);
#307 = CARTESIAN_POINT('',(-1.27,-14.224,0.));
#308 = VECTOR('',#309,1.);
#309 = DIRECTION('',(0.,-1.,0.));
#310 = ORIENTED_EDGE('',*,*,#311,.T.);
#311 = EDGE_CURVE('',#304,#312,#314,.T.);
#312 = VERTEX_POINT('',#313);
#313 = CARTESIAN_POINT('',(-1.016,-16.51,0.));
#314 = LINE('',#315,#316);
#315 = CARTESIAN_POINT('',(-1.27,-16.256,0.));
#316 = VECTOR('',#317,1.);
#317 = DIRECTION('',(0.707106781187,-0.707106781187,0.));
#318 = ORIENTED_EDGE('',*,*,#319,.T.);
#319 = EDGE_CURVE('',#312,#320,#322,.T.);
#320 = VERTEX_POINT('',#321);
#321 = CARTESIAN_POINT('',(-1.27,-16.764,0.));
#322 = LINE('',#323,#324);
#323 = CARTESIAN_POINT('',(-1.016,-16.51,0.));
#324 = VECTOR('',#325,1.);
#325 = DIRECTION('',(-0.707106781187,-0.707106781187,0.));
#326 = ORIENTED_EDGE('',*,*,#327,.T.);
#327 = EDGE_CURVE('',#320,#328,#330,.T.);
#328 = VERTEX_POINT('',#329);
#329 = CARTESIAN_POINT('',(-1.27,-18.796,0.));
#330 = LINE('',#331,#332);
#331 = CARTESIAN_POINT('',(-1.27,-16.764,0.));
#332 = VECTOR('',#333,1.);
#333 = DIRECTION('',(0.,-1.,0.));
#334 = ORIENTED_EDGE('',*,*,#335,.T.);
#335 = EDGE_CURVE('',#328,#336,#338,.T.);
#336 = VERTEX_POINT('',#337);
#337 = CARTESIAN_POINT('',(-1.016,-19.05,0.));
#338 = LINE('',#339,#340);
#339 = CARTESIAN_POINT('',(-1.27,-18.796,0.));
#340 = VECTOR('',#341,1.);
#341 = DIRECTION('',(0.707106781187,-0.707106781187,0.));
#342 = ORIENTED_EDGE('',*,*,#343,.T.);
#343 = EDGE_CURVE('',#336,#344,#346,.T.);
#344 = VERTEX_POINT('',#345);
#345 = CARTESIAN_POINT('',(-1.27,-19.304,0.));
#346 = LINE('',#347,#348);
#347 = CARTESIAN_POINT('',(-1.016,-19.05,0.));
#348 = VECTOR('',#349,1.);
#349 = DIRECTION('',(-0.707106781187,-0.707106781187,0.));
#350 = ORIENTED_EDGE('',*,*,#351,.T.);
#351 = EDGE_CURVE('',#344,#352,#354,.T.);
#352 = VERTEX_POINT('',#353);
#353 = CARTESIAN_POINT('',(-1.27,-21.336,0.));
#354 = LINE('',#355,#356);
#355 = CARTESIAN_POINT('',(-1.27,-19.304,0.));
#356 = VECTOR('',#357,1.);
#357 = DIRECTION('',(0.,-1.,0.));
#358 = ORIENTED_EDGE('',*,*,#359,.T.);
#359 = EDGE_CURVE('',#352,#360,#362,.T.);
#360 = VERTEX_POINT('',#361);
#361 = CARTESIAN_POINT('',(-1.016,-21.59,0.));
#362 = LINE('',#363,#364);
#363 = CARTESIAN_POINT('',(-1.27,-21.336,0.));
#364 = VECTOR('',#365,1.);
#365 = DIRECTION('',(0.707106781187,-0.707106781187,0.));
#366 = ORIENTED_EDGE('',*,*,#367,.T.);
#367 = EDGE_CURVE('',#360,#368,#370,.T.);
#368 = VERTEX_POINT('',#369);
#369 = CARTESIAN_POINT('',(-1.27,-21.844,0.));
#370 = LINE('',#371,#372);
#371 = CARTESIAN_POINT('',(-1.016,-21.59,0.));
#372 = VECTOR('',#373,1.);
#373 = DIRECTION('',(-0.707106781187,-0.707106781187,0.));
#374 = ORIENTED_EDGE('',*,*,#375,.T.);
#375 = EDGE_CURVE('',#368,#376,#378,.T.);
#376 = VERTEX_POINT('',#377);
#377 = CARTESIAN_POINT('',(-1.27,-23.876,0.));
#378 = LINE('',#379,#380);
#379 = CARTESIAN_POINT('',(-1.27,-21.844,0.));
#380 = VECTOR('',#381,1.);
#381 = DIRECTION('',(0.,-1.,0.));
#382 = ORIENTED_EDGE('',*,*,#383,.T.);
#383 = EDGE_CURVE('',#376,#384,#386,.T.);
#384 = VERTEX_POINT('',#385);
#385 = CARTESIAN_POINT('',(-1.016,-24.13,0.));
#386 = LINE('',#387,#388);
#387 = CARTESIAN_POINT('',(-1.27,-23.876,0.));
#388 = VECTOR('',#389,1.);
#389 = DIRECTION('',(0.707106781187,-0.707106781187,0.));
#390 = ORIENTED_EDGE('',*,*,#391,.T.);
#391 = EDGE_CURVE('',#384,#392,#394,.T.);
#392 = VERTEX_POINT('',#393);
#393 = CARTESIAN_POINT('',(3.556,-24.13,0.));
#394 = LINE('',#395,#396);
#395 = CARTESIAN_POINT('',(-1.016,-24.13,0.));
#396 = VECTOR('',#397,1.);
#397 = DIRECTION('',(1.,0.,0.));
#398 = ORIENTED_EDGE('',*,*,#399,.T.);
#399 = EDGE_CURVE('',#392,#400,#402,.T.);
#400 = VERTEX_POINT('',#401);
#401 = CARTESIAN_POINT('',(3.81,-23.876,0.));
#402 = LINE('',#403,#404);
#403 = CARTESIAN_POINT('',(3.556,-24.13,0.));
#404 = VECTOR('',#405,1.);
#405 = DIRECTION('',(0.707106781187,0.707106781187,0.));
#406 = ORIENTED_EDGE('',*,*,#407,.T.);
#407 = EDGE_CURVE('',#400,#408,#410,.T.);
#408 = VERTEX_POINT('',#409);
#409 = CARTESIAN_POINT('',(3.81,-21.844,0.));
#410 = LINE('',#411,#412);
#411 = CARTESIAN_POINT('',(3.81,-23.876,0.));
#412 = VECTOR('',#413,1.);
#413 = DIRECTION('',(0.,1.,0.));
#414 = ORIENTED_EDGE('',*,*,#415,.T.);
#415 = EDGE_CURVE('',#408,#416,#418,.T.);
#416 = VERTEX_POINT('',#417);
#417 = CARTESIAN_POINT('',(3.556,-21.59,0.));
#418 = LINE('',#419,#420);
#419 = CARTESIAN_POINT('',(3.81,-21.844,0.));
#420 = VECTOR('',#421,1.);
#421 = DIRECTION('',(-0.707106781187,0.707106781187,0.));
#422 = ORIENTED_EDGE('',*,*,#423,.T.);
#423 = EDGE_CURVE('',#416,#424,#426,.T.);
#424 = VERTEX_POINT('',#425);
#425 = CARTESIAN_POINT('',(3.81,-21.336,0.));
#426 = LINE('',#427,#428);
#427 = CARTESIAN_POINT('',(3.556,-21.59,0.));
#428 = VECTOR('',#429,1.);
#429 = DIRECTION('',(0.707106781187,0.707106781187,0.));
#430 = ORIENTED_EDGE('',*,*,#431,.T.);
#431 = EDGE_CURVE('',#424,#432,#434,.T.);
#432 = VERTEX_POINT('',#433);
#433 = CARTESIAN_POINT('',(3.81,-19.304,0.));
#434 = LINE('',#435,#436);
#435 = CARTESIAN_POINT('',(3.81,-21.336,0.));
#436 = VECTOR('',#437,1.);
#437 = DIRECTION('',(0.,1.,0.));
#438 = ORIENTED_EDGE('',*,*,#439,.T.);
#439 = EDGE_CURVE('',#432,#440,#442,.T.);
#440 = VERTEX_POINT('',#441);
#441 = CARTESIAN_POINT('',(3.556,-19.05,0.));
#442 = LINE('',#443,#444);
#443 = CARTESIAN_POINT('',(3.81,-19.304,0.));
#444 = VECTOR('',#445,1.);
#445 = DIRECTION('',(-0.707106781187,0.707106781187,0.));
#446 = ORIENTED_EDGE('',*,*,#447,.T.);
#447 = EDGE_CURVE('',#440,#448,#450,.T.);
#448 = VERTEX_POINT('',#449);
#449 = CARTESIAN_POINT('',(3.81,-18.796,0.));
#450 = LINE('',#451,#452);
#451 = CARTESIAN_POINT('',(3.556,-19.05,0.));
#452 = VECTOR('',#453,1.);
#453 = DIRECTION('',(0.707106781187,0.707106781187,0.));
#454 = ORIENTED_EDGE('',*,*,#455,.T.);
#455 = EDGE_CURVE('',#448,#456,#458,.T.);
#456 = VERTEX_POINT('',#457);
#457 = CARTESIAN_POINT('',(3.81,-16.764,0.));
#458 = LINE('',#459,#460);
#459 = CARTESIAN_POINT('',(3.81,-18.796,0.));
#460 = VECTOR('',#461,1.);
#461 = DIRECTION('',(0.,1.,0.));
#462 = ORIENTED_EDGE('',*,*,#463,.T.);
#463 = EDGE_CURVE('',#456,#464,#466,.T.);
#464 = VERTEX_POINT('',#465);
#465 = CARTESIAN_POINT('',(3.556,-16.51,0.));
#466 = LINE('',#467,#468);
#467 = CARTESIAN_POINT('',(3.81,-16.764,0.));
#468 = VECTOR('',#469,1.);
#469 = DIRECTION('',(-0.707106781187,0.707106781187,0.));
#470 = ORIENTED_EDGE('',*,*,#471,.T.);
#471 = EDGE_CURVE('',#464,#472,#474,.T.);
#472 = VERTEX_POINT('',#473);
#473 = CARTESIAN_POINT('',(3.81,-16.256,0.));
#474 = LINE('',#475,#476);
#475 = CARTESIAN_POINT('',(3.556,-16.51,0.));
#476 = VECTOR('',#477,1.);
#477 = DIRECTION('',(0.707106781187,0.707106781187,0.));
#478 = ORIENTED_EDGE('',*,*,#479,.T.);
#479 = EDGE_CURVE('',#472,#480,#482,.T.);
#480 = VERTEX_POINT('',#481);
#481 = CARTESIAN_POINT('',(3.81,-14.224,0.));
#482 = LINE('',#483,#484);
#483 = CARTESIAN_POINT('',(3.81,-16.256,0.));
#484 = VECTOR('',#485,1.);
#485 = DIRECTION('',(0.,1.,0.));
#486 = ORIENTED_EDGE('',*,*,#487,.T.);
#487 = EDGE_CURVE('',#480,#488,#490,.T.);
#488 = VERTEX_POINT('',#489);
#489 = CARTESIAN_POINT('',(3.556,-13.97,0.));
#490 = LINE('',#491,#492);
#491 = CARTESIAN_POINT('',(3.81,-14.224,0.));
#492 = VECTOR('',#493,1.);
#493 = DIRECTION('',(-0.707106781187,0.707106781187,0.));
#494 = ORIENTED_EDGE('',*,*,#495,.T.);
#495 = EDGE_CURVE('',#488,#496,#498,.T.);
#496 = VERTEX_POINT('',#497);
#497 = CARTESIAN_POINT('',(3.81,-13.716,0.));
#498 = LINE('',#499,#500);
#499 = CARTESIAN_POINT('',(3.556,-13.97,0.));
#500 = VECTOR('',#501,1.);
#501 = DIRECTION('',(0.707106781187,0.707106781187,0.));
#502 = ORIENTED_EDGE('',*,*,#503,.T.);
#503 = EDGE_CURVE('',#496,#504,#506,.T.);
#504 = VERTEX_POINT('',#505);
#505 = CARTESIAN_POINT('',(3.81,-11.684,0.));
#506 = LINE('',#507,#508);
#507 = CARTESIAN_POINT('',(3.81,-13.716,0.));
#508 = VECTOR('',#509,1.);
#509 = DIRECTION('',(0.,1.,0.));
#510 = ORIENTED_EDGE('',*,*,#511,.T.);
#511 = EDGE_CURVE('',#504,#512,#514,.T.);
#512 = VERTEX_POINT('',#513);
#513 = CARTESIAN_POINT('',(3.556,-11.43,0.));
#514 = LINE('',#515,#516);
#515 = CARTESIAN_POINT('',(3.81,-11.684,0.));
#516 = VECTOR('',#517,1.);
#517 = DIRECTION('',(-0.707106781187,0.707106781187,0.));
#518 = ORIENTED_EDGE('',*,*,#519,.T.);
#519 = EDGE_CURVE('',#512,#520,#522,.T.);
#520 = VERTEX_POINT('',#521);
#521 = CARTESIAN_POINT('',(3.81,-11.176,0.));
#522 = LINE('',#523,#524);
#523 = CARTESIAN_POINT('',(3.556,-11.43,0.));
#524 = VECTOR('',#525,1.);
#525 = DIRECTION('',(0.707106781187,0.707106781187,0.));
#526 = ORIENTED_EDGE('',*,*,#527,.T.);
#527 = EDGE_CURVE('',#520,#528,#530,.T.);
#528 = VERTEX_POINT('',#529);
#529 = CARTESIAN_POINT('',(3.81,-9.144,0.));
#530 = LINE('',#531,#532);
#531 = CARTESIAN_POINT('',(3.81,-11.176,0.));
#532 = VECTOR('',#533,1.);
#533 = DIRECTION('',(0.,1.,0.));
#534 = ORIENTED_EDGE('',*,*,#535,.T.);
#535 = EDGE_CURVE('',#528,#536,#538,.T.);
#536 = VERTEX_POINT('',#537);
#537 = CARTESIAN_POINT('',(3.556,-8.89,0.));
#538 = LINE('',#539,#540);
#539 = CARTESIAN_POINT('',(3.81,-9.144,0.));
#540 = VECTOR('',#541,1.);
#541 = DIRECTION('',(-0.707106781187,0.707106781187,0.));
#542 = ORIENTED_EDGE('',*,*,#543,.T.);
#543 = EDGE_CURVE('',#536,#544,#546,.T.);
#544 = VERTEX_POINT('',#545);
#545 = CARTESIAN_POINT('',(3.81,-8.636,0.));
#546 = LINE('',#547,#548);
#547 = CARTESIAN_POINT('',(3.556,-8.89,0.));
#548 = VECTOR('',#549,1.);
#549 = DIRECTION('',(0.707106781187,0.707106781187,0.));
#550 = ORIENTED_EDGE('',*,*,#551,.T.);
#551 = EDGE_CURVE('',#544,#552,#554,.T.);
#552 = VERTEX_POINT('',#553);
#553 = CARTESIAN_POINT('',(3.81,-6.604,0.));
#554 = LINE('',#555,#556);
#555 = CARTESIAN_POINT('',(3.81,-8.636,0.));
#556 = VECTOR('',#557,1.);
#557 = DIRECTION('',(0.,1.,0.));
#558 = ORIENTED_EDGE('',*,*,#559,.T.);
#559 = EDGE_CURVE('',#552,#560,#562,.T.);
#560 = VERTEX_POINT('',#561);
#561 = CARTESIAN_POINT('',(3.556,-6.35,0.));
#562 = LINE('',#563,#564);
#563 = CARTESIAN_POINT('',(3.81,-6.604,0.));
#564 = VECTOR('',#565,1.);
#565 = DIRECTION('',(-0.707106781187,0.707106781187,0.));
#566 = ORIENTED_EDGE('',*,*,#567,.T.);
#567 = EDGE_CURVE('',#560,#568,#570,.T.);
#568 = VERTEX_POINT('',#569);
#569 = CARTESIAN_POINT('',(3.81,-6.096,0.));
#570 = LINE('',#571,#572);
#571 = CARTESIAN_POINT('',(3.556,-6.35,0.));
#572 = VECTOR('',#573,1.);
#573 = DIRECTION('',(0.707106781187,0.707106781187,0.));
#574 = ORIENTED_EDGE('',*,*,#575,.T.);
#575 = EDGE_CURVE('',#568,#576,#578,.T.);
#576 = VERTEX_POINT('',#577);
#577 = CARTESIAN_POINT('',(3.81,-4.064,0.));
#578 = LINE('',#579,#580);
#579 = CARTESIAN_POINT('',(3.81,-6.096,0.));
#580 = VECTOR('',#581,1.);
#581 = DIRECTION('',(0.,1.,0.));
#582 = ORIENTED_EDGE('',*,*,#583,.T.);
#583 = EDGE_CURVE('',#576,#584,#586,.T.);
#584 = VERTEX_POINT('',#585);
#585 = CARTESIAN_POINT('',(3.556,-3.81,0.));
#586 = LINE('',#587,#588);
#587 = CARTESIAN_POINT('',(3.81,-4.064,0.));
#588 = VECTOR('',#589,1.);
#589 = DIRECTION('',(-0.707106781187,0.707106781187,0.));
#590 = ORIENTED_EDGE('',*,*,#591,.T.);
#591 = EDGE_CURVE('',#584,#592,#594,.T.);
#592 = VERTEX_POINT('',#593);
#593 = CARTESIAN_POINT('',(3.81,-3.556,0.));
#594 = LINE('',#595,#596);
#595 = CARTESIAN_POINT('',(3.556,-3.81,0.));
#596 = VECTOR('',#597,1.);
#597 = DIRECTION('',(0.707106781187,0.707106781187,0.));
#598 = ORIENTED_EDGE('',*,*,#599,.T.);
#599 = EDGE_CURVE('',#592,#600,#602,.T.);
#600 = VERTEX_POINT('',#601);
#601 = CARTESIAN_POINT('',(3.81,-1.524,0.));
#602 = LINE('',#603,#604);
#603 = CARTESIAN_POINT('',(3.81,-3.556,0.));
#604 = VECTOR('',#605,1.);
#605 = DIRECTION('',(0.,1.,0.));
#606 = ORIENTED_EDGE('',*,*,#607,.T.);
#607 = EDGE_CURVE('',#600,#608,#610,.T.);
#608 = VERTEX_POINT('',#609);
#609 = CARTESIAN_POINT('',(3.556,-1.27,0.));
#610 = LINE('',#611,#612);
#611 = CARTESIAN_POINT('',(3.81,-1.524,0.));
#612 = VECTOR('',#613,1.);
#613 = DIRECTION('',(-0.707106781187,0.707106781187,0.));
#614 = ORIENTED_EDGE('',*,*,#615,.T.);
#615 = EDGE_CURVE('',#608,#616,#618,.T.);
#616 = VERTEX_POINT('',#617);
#617 = CARTESIAN_POINT('',(3.81,-1.016,0.));
#618 = LINE('',#619,#620);
#619 = CARTESIAN_POINT('',(3.556,-1.27,0.));
#620 = VECTOR('',#621,1.);
#621 = DIRECTION('',(0.707106781187,0.707106781187,0.));
#622 = ORIENTED_EDGE('',*,*,#623,.T.);
#623 = EDGE_CURVE('',#616,#624,#626,.T.);
#624 = VERTEX_POINT('',#625);
#625 = CARTESIAN_POINT('',(3.81,1.016,0.));
#626 = LINE('',#627,#628);
#627 = CARTESIAN_POINT('',(3.81,-1.016,0.));
#628 = VECTOR('',#629,1.);
#629 = DIRECTION('',(0.,1.,0.));
#630 = ORIENTED_EDGE('',*,*,#631,.T.);
#631 = EDGE_CURVE('',#624,#104,#632,.T.);
#632 = LINE('',#633,#634);
#633 = CARTESIAN_POINT('',(3.81,1.016,0.));
#634 = VECTOR('',#635,1.);
#635 = DIRECTION('',(-0.707106781187,0.707106781187,0.));
#636 = ORIENTED_EDGE('',*,*,#120,.T.);
#637 = FACE_BOUND('',#638,.F.);
#638 = EDGE_LOOP('',(#639,#649,#657,#665));
#639 = ORIENTED_EDGE('',*,*,#640,.F.);
#640 = EDGE_CURVE('',#641,#643,#645,.T.);
#641 = VERTEX_POINT('',#642);
#642 = CARTESIAN_POINT('',(0.32,-17.46,0.));
#643 = VERTEX_POINT('',#644);
#644 = CARTESIAN_POINT('',(-0.32,-17.46,0.));
#645 = LINE('',#646,#647);
#646 = CARTESIAN_POINT('',(0.475,-17.46,0.));
#647 = VECTOR('',#648,1.);
#648 = DIRECTION('',(-1.,0.,0.));
#649 = ORIENTED_EDGE('',*,*,#650,.F.);
#650 = EDGE_CURVE('',#651,#641,#653,.T.);
#651 = VERTEX_POINT('',#652);
#652 = CARTESIAN_POINT('',(0.32,-18.1,0.));
#653 = LINE('',#654,#655);
#654 = CARTESIAN_POINT('',(0.32,-14.765,0.));
#655 = VECTOR('',#656,1.);
#656 = DIRECTION('',(0.,1.,0.));
#657 = ORIENTED_EDGE('',*,*,#658,.T.);
#658 = EDGE_CURVE('',#651,#659,#661,.T.);
#659 = VERTEX_POINT('',#660);
#660 = CARTESIAN_POINT('',(-0.32,-18.1,0.));
#661 = LINE('',#662,#663);
#662 = CARTESIAN_POINT('',(0.475,-18.1,0.));
#663 = VECTOR('',#664,1.);
#664 = DIRECTION('',(-1.,0.,0.));
#665 = ORIENTED_EDGE('',*,*,#666,.T.);
#666 = EDGE_CURVE('',#659,#643,#667,.T.);
#667 = LINE('',#668,#669);
#668 = CARTESIAN_POINT('',(-0.32,-14.765,0.));
#669 = VECTOR('',#670,1.);
#670 = DIRECTION('',(0.,1.,0.));
#671 = FACE_BOUND('',#672,.F.);
#672 = EDGE_LOOP('',(#673,#683,#691,#699));
#673 = ORIENTED_EDGE('',*,*,#674,.T.);
#674 = EDGE_CURVE('',#675,#677,#679,.T.);
#675 = VERTEX_POINT('',#676);
#676 = CARTESIAN_POINT('',(2.86,-18.1,0.));
#677 = VERTEX_POINT('',#678);
#678 = CARTESIAN_POINT('',(2.22,-18.1,0.));
#679 = LINE('',#680,#681);
#680 = CARTESIAN_POINT('',(1.745,-18.1,0.));
#681 = VECTOR('',#682,1.);
#682 = DIRECTION('',(-1.,0.,0.));
#683 = ORIENTED_EDGE('',*,*,#684,.T.);
#684 = EDGE_CURVE('',#677,#685,#687,.T.);
#685 = VERTEX_POINT('',#686);
#686 = CARTESIAN_POINT('',(2.22,-17.46,0.));
#687 = LINE('',#688,#689);
#688 = CARTESIAN_POINT('',(2.22,-14.765,0.));
#689 = VECTOR('',#690,1.);
#690 = DIRECTION('',(0.,1.,0.));
#691 = ORIENTED_EDGE('',*,*,#692,.F.);
#692 = EDGE_CURVE('',#693,#685,#695,.T.);
#693 = VERTEX_POINT('',#694);
#694 = CARTESIAN_POINT('',(2.86,-17.46,0.));
#695 = LINE('',#696,#697);
#696 = CARTESIAN_POINT('',(1.745,-17.46,0.));
#697 = VECTOR('',#698,1.);
#698 = DIRECTION('',(-1.,0.,0.));
#699 = ORIENTED_EDGE('',*,*,#700,.F.);
#700 = EDGE_CURVE('',#675,#693,#701,.T.);
#701 = LINE('',#702,#703);
#702 = CARTESIAN_POINT('',(2.86,-14.765,0.));
#703 = VECTOR('',#704,1.);
#704 = DIRECTION('',(0.,1.,0.));
#705 = FACE_BOUND('',#706,.F.);
#706 = EDGE_LOOP('',(#707,#717,#725,#733));
#707 = ORIENTED_EDGE('',*,*,#708,.F.);
#708 = EDGE_CURVE('',#709,#711,#713,.T.);
#709 = VERTEX_POINT('',#710);
#710 = CARTESIAN_POINT('',(0.32,-15.56,0.));
#711 = VERTEX_POINT('',#712);
#712 = CARTESIAN_POINT('',(0.32,-14.92,0.));
#713 = LINE('',#714,#715);
#714 = CARTESIAN_POINT('',(0.32,-13.495,0.));
#715 = VECTOR('',#716,1.);
#716 = DIRECTION('',(0.,1.,0.));
#717 = ORIENTED_EDGE('',*,*,#718,.T.);
#718 = EDGE_CURVE('',#709,#719,#721,.T.);
#719 = VERTEX_POINT('',#720);
#720 = CARTESIAN_POINT('',(-0.32,-15.56,0.));
#721 = LINE('',#722,#723);
#722 = CARTESIAN_POINT('',(0.475,-15.56,0.));
#723 = VECTOR('',#724,1.);
#724 = DIRECTION('',(-1.,0.,0.));
#725 = ORIENTED_EDGE('',*,*,#726,.T.);
#726 = EDGE_CURVE('',#719,#727,#729,.T.);
#727 = VERTEX_POINT('',#728);
#728 = CARTESIAN_POINT('',(-0.32,-14.92,0.));
#729 = LINE('',#730,#731);
#730 = CARTESIAN_POINT('',(-0.32,-13.495,0.));
#731 = VECTOR('',#732,1.);
#732 = DIRECTION('',(0.,1.,0.));
#733 = ORIENTED_EDGE('',*,*,#734,.F.);
#734 = EDGE_CURVE('',#711,#727,#735,.T.);
#735 = LINE('',#736,#737);
#736 = CARTESIAN_POINT('',(0.475,-14.92,0.));
#737 = VECTOR('',#738,1.);
#738 = DIRECTION('',(-1.,0.,0.));
#739 = FACE_BOUND('',#740,.F.);
#740 = EDGE_LOOP('',(#741,#751,#759,#767));
#741 = ORIENTED_EDGE('',*,*,#742,.T.);
#742 = EDGE_CURVE('',#743,#745,#747,.T.);
#743 = VERTEX_POINT('',#744);
#744 = CARTESIAN_POINT('',(2.86,-15.56,0.));
#745 = VERTEX_POINT('',#746);
#746 = CARTESIAN_POINT('',(2.22,-15.56,0.));
#747 = LINE('',#748,#749);
#748 = CARTESIAN_POINT('',(1.745,-15.56,0.));
#749 = VECTOR('',#750,1.);
#750 = DIRECTION('',(-1.,0.,0.));
#751 = ORIENTED_EDGE('',*,*,#752,.T.);
#752 = EDGE_CURVE('',#745,#753,#755,.T.);
#753 = VERTEX_POINT('',#754);
#754 = CARTESIAN_POINT('',(2.22,-14.92,0.));
#755 = LINE('',#756,#757);
#756 = CARTESIAN_POINT('',(2.22,-13.495,0.));
#757 = VECTOR('',#758,1.);
#758 = DIRECTION('',(0.,1.,0.));
#759 = ORIENTED_EDGE('',*,*,#760,.F.);
#760 = EDGE_CURVE('',#761,#753,#763,.T.);
#761 = VERTEX_POINT('',#762);
#762 = CARTESIAN_POINT('',(2.86,-14.92,0.));
#763 = LINE('',#764,#765);
#764 = CARTESIAN_POINT('',(1.745,-14.92,0.));
#765 = VECTOR('',#766,1.);
#766 = DIRECTION('',(-1.,0.,0.));
#767 = ORIENTED_EDGE('',*,*,#768,.F.);
#768 = EDGE_CURVE('',#743,#761,#769,.T.);
#769 = LINE('',#770,#771);
#770 = CARTESIAN_POINT('',(2.86,-13.495,0.));
#771 = VECTOR('',#772,1.);
#772 = DIRECTION('',(0.,1.,0.));
#773 = FACE_BOUND('',#774,.F.);
#774 = EDGE_LOOP('',(#775,#785,#793,#801));
#775 = ORIENTED_EDGE('',*,*,#776,.F.);
#776 = EDGE_CURVE('',#777,#779,#781,.T.);
#777 = VERTEX_POINT('',#778);
#778 = CARTESIAN_POINT('',(0.32,-9.84,0.));
#779 = VERTEX_POINT('',#780);
#780 = CARTESIAN_POINT('',(-0.32,-9.84,0.));
#781 = LINE('',#782,#783);
#782 = CARTESIAN_POINT('',(0.475,-9.84,0.));
#783 = VECTOR('',#784,1.);
#784 = DIRECTION('',(-1.,0.,0.));
#785 = ORIENTED_EDGE('',*,*,#786,.F.);
#786 = EDGE_CURVE('',#787,#777,#789,.T.);
#787 = VERTEX_POINT('',#788);
#788 = CARTESIAN_POINT('',(0.32,-10.48,0.));
#789 = LINE('',#790,#791);
#790 = CARTESIAN_POINT('',(0.32,-10.955,0.));
#791 = VECTOR('',#792,1.);
#792 = DIRECTION('',(0.,1.,0.));
#793 = ORIENTED_EDGE('',*,*,#794,.T.);
#794 = EDGE_CURVE('',#787,#795,#797,.T.);
#795 = VERTEX_POINT('',#796);
#796 = CARTESIAN_POINT('',(-0.32,-10.48,0.));
#797 = LINE('',#798,#799);
#798 = CARTESIAN_POINT('',(0.475,-10.48,0.));
#799 = VECTOR('',#800,1.);
#800 = DIRECTION('',(-1.,0.,0.));
#801 = ORIENTED_EDGE('',*,*,#802,.T.);
#802 = EDGE_CURVE('',#795,#779,#803,.T.);
#803 = LINE('',#804,#805);
#804 = CARTESIAN_POINT('',(-0.32,-10.955,0.));
#805 = VECTOR('',#806,1.);
#806 = DIRECTION('',(0.,1.,0.));
#807 = FACE_BOUND('',#808,.F.);
#808 = EDGE_LOOP('',(#809,#819,#827,#835));
#809 = ORIENTED_EDGE('',*,*,#810,.F.);
#810 = EDGE_CURVE('',#811,#813,#815,.T.);
#811 = VERTEX_POINT('',#812);
#812 = CARTESIAN_POINT('',(2.86,-9.84,0.));
#813 = VERTEX_POINT('',#814);
#814 = CARTESIAN_POINT('',(2.22,-9.84,0.));
#815 = LINE('',#816,#817);
#816 = CARTESIAN_POINT('',(1.745,-9.84,0.));
#817 = VECTOR('',#818,1.);
#818 = DIRECTION('',(-1.,0.,0.));
#819 = ORIENTED_EDGE('',*,*,#820,.F.);
#820 = EDGE_CURVE('',#821,#811,#823,.T.);
#821 = VERTEX_POINT('',#822);
#822 = CARTESIAN_POINT('',(2.86,-10.48,0.));
#823 = LINE('',#824,#825);
#824 = CARTESIAN_POINT('',(2.86,-10.955,0.));
#825 = VECTOR('',#826,1.);
#826 = DIRECTION('',(0.,1.,0.));
#827 = ORIENTED_EDGE('',*,*,#828,.T.);
#828 = EDGE_CURVE('',#821,#829,#831,.T.);
#829 = VERTEX_POINT('',#830);
#830 = CARTESIAN_POINT('',(2.22,-10.48,0.));
#831 = LINE('',#832,#833);
#832 = CARTESIAN_POINT('',(1.745,-10.48,0.));
#833 = VECTOR('',#834,1.);
#834 = DIRECTION('',(-1.,0.,0.));
#835 = ORIENTED_EDGE('',*,*,#836,.T.);
#836 = EDGE_CURVE('',#829,#813,#837,.T.);
#837 = LINE('',#838,#839);
#838 = CARTESIAN_POINT('',(2.22,-10.955,0.));
#839 = VECTOR('',#840,1.);
#840 = DIRECTION('',(0.,1.,0.));
#841 = FACE_BOUND('',#842,.F.);
#842 = EDGE_LOOP('',(#843,#853,#861,#869));
#843 = ORIENTED_EDGE('',*,*,#844,.F.);
#844 = EDGE_CURVE('',#845,#847,#849,.T.);
#845 = VERTEX_POINT('',#846);
#846 = CARTESIAN_POINT('',(2.86,-13.02,0.));
#847 = VERTEX_POINT('',#848);
#848 = CARTESIAN_POINT('',(2.86,-12.38,0.));
#849 = LINE('',#850,#851);
#850 = CARTESIAN_POINT('',(2.86,-12.225,0.));
#851 = VECTOR('',#852,1.);
#852 = DIRECTION('',(0.,1.,0.));
#853 = ORIENTED_EDGE('',*,*,#854,.T.);
#854 = EDGE_CURVE('',#845,#855,#857,.T.);
#855 = VERTEX_POINT('',#856);
#856 = CARTESIAN_POINT('',(2.22,-13.02,0.));
#857 = LINE('',#858,#859);
#858 = CARTESIAN_POINT('',(1.745,-13.02,0.));
#859 = VECTOR('',#860,1.);
#860 = DIRECTION('',(-1.,0.,0.));
#861 = ORIENTED_EDGE('',*,*,#862,.T.);
#862 = EDGE_CURVE('',#855,#863,#865,.T.);
#863 = VERTEX_POINT('',#864);
#864 = CARTESIAN_POINT('',(2.22,-12.38,0.));
#865 = LINE('',#866,#867);
#866 = CARTESIAN_POINT('',(2.22,-12.225,0.));
#867 = VECTOR('',#868,1.);
#868 = DIRECTION('',(0.,1.,0.));
#869 = ORIENTED_EDGE('',*,*,#870,.F.);
#870 = EDGE_CURVE('',#847,#863,#871,.T.);
#871 = LINE('',#872,#873);
#872 = CARTESIAN_POINT('',(1.745,-12.38,0.));
#873 = VECTOR('',#874,1.);
#874 = DIRECTION('',(-1.,0.,0.));
#875 = FACE_BOUND('',#876,.F.);
#876 = EDGE_LOOP('',(#877,#887,#895,#903));
#877 = ORIENTED_EDGE('',*,*,#878,.F.);
#878 = EDGE_CURVE('',#879,#881,#883,.T.);
#879 = VERTEX_POINT('',#880);
#880 = CARTESIAN_POINT('',(0.32,-13.02,0.));
#881 = VERTEX_POINT('',#882);
#882 = CARTESIAN_POINT('',(0.32,-12.38,0.));
#883 = LINE('',#884,#885);
#884 = CARTESIAN_POINT('',(0.32,-12.225,0.));
#885 = VECTOR('',#886,1.);
#886 = DIRECTION('',(0.,1.,0.));
#887 = ORIENTED_EDGE('',*,*,#888,.T.);
#888 = EDGE_CURVE('',#879,#889,#891,.T.);
#889 = VERTEX_POINT('',#890);
#890 = CARTESIAN_POINT('',(-0.32,-13.02,0.));
#891 = LINE('',#892,#893);
#892 = CARTESIAN_POINT('',(0.475,-13.02,0.));
#893 = VECTOR('',#894,1.);
#894 = DIRECTION('',(-1.,0.,0.));
#895 = ORIENTED_EDGE('',*,*,#896,.T.);
#896 = EDGE_CURVE('',#889,#897,#899,.T.);
#897 = VERTEX_POINT('',#898);
#898 = CARTESIAN_POINT('',(-0.32,-12.38,0.));
#899 = LINE('',#900,#901);
#900 = CARTESIAN_POINT('',(-0.32,-12.225,0.));
#901 = VECTOR('',#902,1.);
#902 = DIRECTION('',(0.,1.,0.));
#903 = ORIENTED_EDGE('',*,*,#904,.F.);
#904 = EDGE_CURVE('',#881,#897,#905,.T.);
#905 = LINE('',#906,#907);
#906 = CARTESIAN_POINT('',(0.475,-12.38,0.));
#907 = VECTOR('',#908,1.);
#908 = DIRECTION('',(-1.,0.,0.));
#909 = FACE_BOUND('',#910,.F.);
#910 = EDGE_LOOP('',(#911,#921,#929,#937));
#911 = ORIENTED_EDGE('',*,*,#912,.F.);
#912 = EDGE_CURVE('',#913,#915,#917,.T.);
#913 = VERTEX_POINT('',#914);
#914 = CARTESIAN_POINT('',(2.86,0.32,0.));
#915 = VERTEX_POINT('',#916);
#916 = CARTESIAN_POINT('',(2.22,0.32,0.));
#917 = LINE('',#918,#919);
#918 = CARTESIAN_POINT('',(1.745,0.32,0.));
#919 = VECTOR('',#920,1.);
#920 = DIRECTION('',(-1.,0.,0.));
#921 = ORIENTED_EDGE('',*,*,#922,.F.);
#922 = EDGE_CURVE('',#923,#913,#925,.T.);
#923 = VERTEX_POINT('',#924);
#924 = CARTESIAN_POINT('',(2.86,-0.32,0.));
#925 = LINE('',#926,#927);
#926 = CARTESIAN_POINT('',(2.86,-5.875,0.));
#927 = VECTOR('',#928,1.);
#928 = DIRECTION('',(0.,1.,0.));
#929 = ORIENTED_EDGE('',*,*,#930,.T.);
#930 = EDGE_CURVE('',#923,#931,#933,.T.);
#931 = VERTEX_POINT('',#932);
#932 = CARTESIAN_POINT('',(2.22,-0.32,0.));
#933 = LINE('',#934,#935);
#934 = CARTESIAN_POINT('',(1.745,-0.32,0.));
#935 = VECTOR('',#936,1.);
#936 = DIRECTION('',(-1.,0.,0.));
#937 = ORIENTED_EDGE('',*,*,#938,.T.);
#938 = EDGE_CURVE('',#931,#915,#939,.T.);
#939 = LINE('',#940,#941);
#940 = CARTESIAN_POINT('',(2.22,-5.875,0.));
#941 = VECTOR('',#942,1.);
#942 = DIRECTION('',(0.,1.,0.));
#943 = FACE_BOUND('',#944,.F.);
#944 = EDGE_LOOP('',(#945,#955,#963,#971));
#945 = ORIENTED_EDGE('',*,*,#946,.T.);
#946 = EDGE_CURVE('',#947,#949,#951,.T.);
#947 = VERTEX_POINT('',#948);
#948 = CARTESIAN_POINT('',(0.32,-0.32,0.));
#949 = VERTEX_POINT('',#950);
#950 = CARTESIAN_POINT('',(-0.32,-0.32,0.));
#951 = LINE('',#952,#953);
#952 = CARTESIAN_POINT('',(0.475,-0.32,0.));
#953 = VECTOR('',#954,1.);
#954 = DIRECTION('',(-1.,0.,0.));
#955 = ORIENTED_EDGE('',*,*,#956,.T.);
#956 = EDGE_CURVE('',#949,#957,#959,.T.);
#957 = VERTEX_POINT('',#958);
#958 = CARTESIAN_POINT('',(-0.32,0.32,0.));
#959 = LINE('',#960,#961);
#960 = CARTESIAN_POINT('',(-0.32,-5.875,0.));
#961 = VECTOR('',#962,1.);
#962 = DIRECTION('',(0.,1.,0.));
#963 = ORIENTED_EDGE('',*,*,#964,.F.);
#964 = EDGE_CURVE('',#965,#957,#967,.T.);
#965 = VERTEX_POINT('',#966);
#966 = CARTESIAN_POINT('',(0.32,0.32,0.));
#967 = LINE('',#968,#969);
#968 = CARTESIAN_POINT('',(0.475,0.32,0.));
#969 = VECTOR('',#970,1.);
#970 = DIRECTION('',(-1.,0.,0.));
#971 = ORIENTED_EDGE('',*,*,#972,.F.);
#972 = EDGE_CURVE('',#947,#965,#973,.T.);
#973 = LINE('',#974,#975);
#974 = CARTESIAN_POINT('',(0.32,-5.875,0.));
#975 = VECTOR('',#976,1.);
#976 = DIRECTION('',(0.,1.,0.));
#977 = FACE_BOUND('',#978,.F.);
#978 = EDGE_LOOP('',(#979,#989,#997,#1005));
#979 = ORIENTED_EDGE('',*,*,#980,.F.);
#980 = EDGE_CURVE('',#981,#983,#985,.T.);
#981 = VERTEX_POINT('',#982);
#982 = CARTESIAN_POINT('',(2.86,-4.76,0.));
#983 = VERTEX_POINT('',#984);
#984 = CARTESIAN_POINT('',(2.22,-4.76,0.));
#985 = LINE('',#986,#987);
#986 = CARTESIAN_POINT('',(1.745,-4.76,0.));
#987 = VECTOR('',#988,1.);
#988 = DIRECTION('',(-1.,0.,0.));
#989 = ORIENTED_EDGE('',*,*,#990,.F.);
#990 = EDGE_CURVE('',#991,#981,#993,.T.);
#991 = VERTEX_POINT('',#992);
#992 = CARTESIAN_POINT('',(2.86,-5.4,0.));
#993 = LINE('',#994,#995);
#994 = CARTESIAN_POINT('',(2.86,-8.415,0.));
#995 = VECTOR('',#996,1.);
#996 = DIRECTION('',(0.,1.,0.));
#997 = ORIENTED_EDGE('',*,*,#998,.T.);
#998 = EDGE_CURVE('',#991,#999,#1001,.T.);
#999 = VERTEX_POINT('',#1000);
#1000 = CARTESIAN_POINT('',(2.22,-5.4,0.));
#1001 = LINE('',#1002,#1003);
#1002 = CARTESIAN_POINT('',(1.745,-5.4,0.));
#1003 = VECTOR('',#1004,1.);
#1004 = DIRECTION('',(-1.,0.,0.));
#1005 = ORIENTED_EDGE('',*,*,#1006,.T.);
#1006 = EDGE_CURVE('',#999,#983,#1007,.T.);
#1007 = LINE('',#1008,#1009);
#1008 = CARTESIAN_POINT('',(2.22,-8.415,0.));
#1009 = VECTOR('',#1010,1.);
#1010 = DIRECTION('',(0.,1.,0.));
#1011 = FACE_BOUND('',#1012,.F.);
#1012 = EDGE_LOOP('',(#1013,#1023,#1031,#1039));
#1013 = ORIENTED_EDGE('',*,*,#1014,.F.);
#1014 = EDGE_CURVE('',#1015,#1017,#1019,.T.);
#1015 = VERTEX_POINT('',#1016);
#1016 = CARTESIAN_POINT('',(0.32,-4.76,0.));
#1017 = VERTEX_POINT('',#1018);
#1018 = CARTESIAN_POINT('',(-0.32,-4.76,0.));
#1019 = LINE('',#1020,#1021);
#1020 = CARTESIAN_POINT('',(0.475,-4.76,0.));
#1021 = VECTOR('',#1022,1.);
#1022 = DIRECTION('',(-1.,0.,0.));
#1023 = ORIENTED_EDGE('',*,*,#1024,.F.);
#1024 = EDGE_CURVE('',#1025,#1015,#1027,.T.);
#1025 = VERTEX_POINT('',#1026);
#1026 = CARTESIAN_POINT('',(0.32,-5.4,0.));
#1027 = LINE('',#1028,#1029);
#1028 = CARTESIAN_POINT('',(0.32,-8.415,0.));
#1029 = VECTOR('',#1030,1.);
#1030 = DIRECTION('',(0.,1.,0.));
#1031 = ORIENTED_EDGE('',*,*,#1032,.T.);
#1032 = EDGE_CURVE('',#1025,#1033,#1035,.T.);
#1033 = VERTEX_POINT('',#1034);
#1034 = CARTESIAN_POINT('',(-0.32,-5.4,0.));
#1035 = LINE('',#1036,#1037);
#1036 = CARTESIAN_POINT('',(0.475,-5.4,0.));
#1037 = VECTOR('',#1038,1.);
#1038 = DIRECTION('',(-1.,0.,0.));
#1039 = ORIENTED_EDGE('',*,*,#1040,.T.);
#1040 = EDGE_CURVE('',#1033,#1017,#1041,.T.);
#1041 = LINE('',#1042,#1043);
#1042 = CARTESIAN_POINT('',(-0.32,-8.415,0.));
#1043 = VECTOR('',#1044,1.);
#1044 = DIRECTION('',(0.,1.,0.));
#1045 = FACE_BOUND('',#1046,.F.);
#1046 = EDGE_LOOP('',(#1047,#1057,#1065,#1073));
#1047 = ORIENTED_EDGE('',*,*,#1048,.F.);
#1048 = EDGE_CURVE('',#1049,#1051,#1053,.T.);
#1049 = VERTEX_POINT('',#1050);
#1050 = CARTESIAN_POINT('',(0.32,-2.22,0.));
#1051 = VERTEX_POINT('',#1052);
#1052 = CARTESIAN_POINT('',(-0.32,-2.22,0.));
#1053 = LINE('',#1054,#1055);
#1054 = CARTESIAN_POINT('',(0.475,-2.22,0.));
#1055 = VECTOR('',#1056,1.);
#1056 = DIRECTION('',(-1.,0.,0.));
#1057 = ORIENTED_EDGE('',*,*,#1058,.F.);
#1058 = EDGE_CURVE('',#1059,#1049,#1061,.T.);
#1059 = VERTEX_POINT('',#1060);
#1060 = CARTESIAN_POINT('',(0.32,-2.86,0.));
#1061 = LINE('',#1062,#1063);
#1062 = CARTESIAN_POINT('',(0.32,-7.145,0.));
#1063 = VECTOR('',#1064,1.);
#1064 = DIRECTION('',(0.,1.,0.));
#1065 = ORIENTED_EDGE('',*,*,#1066,.T.);
#1066 = EDGE_CURVE('',#1059,#1067,#1069,.T.);
#1067 = VERTEX_POINT('',#1068);
#1068 = CARTESIAN_POINT('',(-0.32,-2.86,0.));
#1069 = LINE('',#1070,#1071);
#1070 = CARTESIAN_POINT('',(0.475,-2.86,0.));
#1071 = VECTOR('',#1072,1.);
#1072 = DIRECTION('',(-1.,0.,0.));
#1073 = ORIENTED_EDGE('',*,*,#1074,.T.);
#1074 = EDGE_CURVE('',#1067,#1051,#1075,.T.);
#1075 = LINE('',#1076,#1077);
#1076 = CARTESIAN_POINT('',(-0.32,-7.145,0.));
#1077 = VECTOR('',#1078,1.);
#1078 = DIRECTION('',(0.,1.,0.));
#1079 = FACE_BOUND('',#1080,.F.);
#1080 = EDGE_LOOP('',(#1081,#1091,#1099,#1107));
#1081 = ORIENTED_EDGE('',*,*,#1082,.F.);
#1082 = EDGE_CURVE('',#1083,#1085,#1087,.T.);
#1083 = VERTEX_POINT('',#1084);
#1084 = CARTESIAN_POINT('',(2.86,-2.86,0.));
#1085 = VERTEX_POINT('',#1086);
#1086 = CARTESIAN_POINT('',(2.86,-2.22,0.));
#1087 = LINE('',#1088,#1089);
#1088 = CARTESIAN_POINT('',(2.86,-7.145,0.));
#1089 = VECTOR('',#1090,1.);
#1090 = DIRECTION('',(0.,1.,0.));
#1091 = ORIENTED_EDGE('',*,*,#1092,.T.);
#1092 = EDGE_CURVE('',#1083,#1093,#1095,.T.);
#1093 = VERTEX_POINT('',#1094);
#1094 = CARTESIAN_POINT('',(2.22,-2.86,0.));
#1095 = LINE('',#1096,#1097);
#1096 = CARTESIAN_POINT('',(1.745,-2.86,0.));
#1097 = VECTOR('',#1098,1.);
#1098 = DIRECTION('',(-1.,0.,0.));
#1099 = ORIENTED_EDGE('',*,*,#1100,.T.);
#1100 = EDGE_CURVE('',#1093,#1101,#1103,.T.);
#1101 = VERTEX_POINT('',#1102);
#1102 = CARTESIAN_POINT('',(2.22,-2.22,0.));
#1103 = LINE('',#1104,#1105);
#1104 = CARTESIAN_POINT('',(2.22,-7.145,0.));
#1105 = VECTOR('',#1106,1.);
#1106 = DIRECTION('',(0.,1.,0.));
#1107 = ORIENTED_EDGE('',*,*,#1108,.F.);
#1108 = EDGE_CURVE('',#1085,#1101,#1109,.T.);
#1109 = LINE('',#1110,#1111);
#1110 = CARTESIAN_POINT('',(1.745,-2.22,0.));
#1111 = VECTOR('',#1112,1.);
#1112 = DIRECTION('',(-1.,0.,0.));
#1113 = FACE_BOUND('',#1114,.F.);
#1114 = EDGE_LOOP('',(#1115,#1125,#1133,#1141));
#1115 = ORIENTED_EDGE('',*,*,#1116,.F.);
#1116 = EDGE_CURVE('',#1117,#1119,#1121,.T.);
#1117 = VERTEX_POINT('',#1118);
#1118 = CARTESIAN_POINT('',(2.86,-7.94,0.));
#1119 = VERTEX_POINT('',#1120);
#1120 = CARTESIAN_POINT('',(2.86,-7.3,0.));
#1121 = LINE('',#1122,#1123);
#1122 = CARTESIAN_POINT('',(2.86,-9.685,0.));
#1123 = VECTOR('',#1124,1.);
#1124 = DIRECTION('',(0.,1.,0.));
#1125 = ORIENTED_EDGE('',*,*,#1126,.T.);
#1126 = EDGE_CURVE('',#1117,#1127,#1129,.T.);
#1127 = VERTEX_POINT('',#1128);
#1128 = CARTESIAN_POINT('',(2.22,-7.94,0.));
#1129 = LINE('',#1130,#1131);
#1130 = CARTESIAN_POINT('',(1.745,-7.94,0.));
#1131 = VECTOR('',#1132,1.);
#1132 = DIRECTION('',(-1.,0.,0.));
#1133 = ORIENTED_EDGE('',*,*,#1134,.T.);
#1134 = EDGE_CURVE('',#1127,#1135,#1137,.T.);
#1135 = VERTEX_POINT('',#1136);
#1136 = CARTESIAN_POINT('',(2.22,-7.3,0.));
#1137 = LINE('',#1138,#1139);
#1138 = CARTESIAN_POINT('',(2.22,-9.685,0.));
#1139 = VECTOR('',#1140,1.);
#1140 = DIRECTION('',(0.,1.,0.));
#1141 = ORIENTED_EDGE('',*,*,#1142,.F.);
#1142 = EDGE_CURVE('',#1119,#1135,#1143,.T.);
#1143 = LINE('',#1144,#1145);
#1144 = CARTESIAN_POINT('',(1.745,-7.3,0.));
#1145 = VECTOR('',#1146,1.);
#1146 = DIRECTION('',(-1.,0.,0.));
#1147 = FACE_BOUND('',#1148,.F.);
#1148 = EDGE_LOOP('',(#1149,#1159,#1167,#1175));
#1149 = ORIENTED_EDGE('',*,*,#1150,.F.);
#1150 = EDGE_CURVE('',#1151,#1153,#1155,.T.);
#1151 = VERTEX_POINT('',#1152);
#1152 = CARTESIAN_POINT('',(0.32,-7.94,0.));
#1153 = VERTEX_POINT('',#1154);
#1154 = CARTESIAN_POINT('',(0.32,-7.3,0.));
#1155 = LINE('',#1156,#1157);
#1156 = CARTESIAN_POINT('',(0.32,-9.685,0.));
#1157 = VECTOR('',#1158,1.);
#1158 = DIRECTION('',(0.,1.,0.));
#1159 = ORIENTED_EDGE('',*,*,#1160,.T.);
#1160 = EDGE_CURVE('',#1151,#1161,#1163,.T.);
#1161 = VERTEX_POINT('',#1162);
#1162 = CARTESIAN_POINT('',(-0.32,-7.94,0.));
#1163 = LINE('',#1164,#1165);
#1164 = CARTESIAN_POINT('',(0.475,-7.94,0.));
#1165 = VECTOR('',#1166,1.);
#1166 = DIRECTION('',(-1.,0.,0.));
#1167 = ORIENTED_EDGE('',*,*,#1168,.T.);
#1168 = EDGE_CURVE('',#1161,#1169,#1171,.T.);
#1169 = VERTEX_POINT('',#1170);
#1170 = CARTESIAN_POINT('',(-0.32,-7.3,0.));
#1171 = LINE('',#1172,#1173);
#1172 = CARTESIAN_POINT('',(-0.32,-9.685,0.));
#1173 = VECTOR('',#1174,1.);
#1174 = DIRECTION('',(0.,1.,0.));
#1175 = ORIENTED_EDGE('',*,*,#1176,.F.);
#1176 = EDGE_CURVE('',#1153,#1169,#1177,.T.);
#1177 = LINE('',#1178,#1179);
#1178 = CARTESIAN_POINT('',(0.475,-7.3,0.));
#1179 = VECTOR('',#1180,1.);
#1180 = DIRECTION('',(-1.,0.,0.));
#1181 = FACE_BOUND('',#1182,.F.);
#1182 = EDGE_LOOP('',(#1183,#1193,#1201,#1209));
#1183 = ORIENTED_EDGE('',*,*,#1184,.F.);
#1184 = EDGE_CURVE('',#1185,#1187,#1189,.T.);
#1185 = VERTEX_POINT('',#1186);
#1186 = CARTESIAN_POINT('',(0.32,-22.54,0.));
#1187 = VERTEX_POINT('',#1188);
#1188 = CARTESIAN_POINT('',(-0.32,-22.54,0.));
#1189 = LINE('',#1190,#1191);
#1190 = CARTESIAN_POINT('',(0.475,-22.54,0.));
#1191 = VECTOR('',#1192,1.);
#1192 = DIRECTION('',(-1.,0.,0.));
#1193 = ORIENTED_EDGE('',*,*,#1194,.F.);
#1194 = EDGE_CURVE('',#1195,#1185,#1197,.T.);
#1195 = VERTEX_POINT('',#1196);
#1196 = CARTESIAN_POINT('',(0.32,-23.18,0.));
#1197 = LINE('',#1198,#1199);
#1198 = CARTESIAN_POINT('',(0.32,-17.305,0.));
#1199 = VECTOR('',#1200,1.);
#1200 = DIRECTION('',(0.,1.,0.));
#1201 = ORIENTED_EDGE('',*,*,#1202,.T.);
#1202 = EDGE_CURVE('',#1195,#1203,#1205,.T.);
#1203 = VERTEX_POINT('',#1204);
#1204 = CARTESIAN_POINT('',(-0.32,-23.18,0.));
#1205 = LINE('',#1206,#1207);
#1206 = CARTESIAN_POINT('',(0.475,-23.18,0.));
#1207 = VECTOR('',#1208,1.);
#1208 = DIRECTION('',(-1.,0.,0.));
#1209 = ORIENTED_EDGE('',*,*,#1210,.T.);
#1210 = EDGE_CURVE('',#1203,#1187,#1211,.T.);
#1211 = LINE('',#1212,#1213);
#1212 = CARTESIAN_POINT('',(-0.32,-17.305,0.));
#1213 = VECTOR('',#1214,1.);
#1214 = DIRECTION('',(0.,1.,0.));
#1215 = FACE_BOUND('',#1216,.F.);
#1216 = EDGE_LOOP('',(#1217,#1227,#1235,#1243));
#1217 = ORIENTED_EDGE('',*,*,#1218,.T.);
#1218 = EDGE_CURVE('',#1219,#1221,#1223,.T.);
#1219 = VERTEX_POINT('',#1220);
#1220 = CARTESIAN_POINT('',(0.32,-20.64,0.));
#1221 = VERTEX_POINT('',#1222);
#1222 = CARTESIAN_POINT('',(-0.32,-20.64,0.));
#1223 = LINE('',#1224,#1225);
#1224 = CARTESIAN_POINT('',(0.475,-20.64,0.));
#1225 = VECTOR('',#1226,1.);
#1226 = DIRECTION('',(-1.,0.,0.));
#1227 = ORIENTED_EDGE('',*,*,#1228,.T.);
#1228 = EDGE_CURVE('',#1221,#1229,#1231,.T.);
#1229 = VERTEX_POINT('',#1230);
#1230 = CARTESIAN_POINT('',(-0.32,-20.,0.));
#1231 = LINE('',#1232,#1233);
#1232 = CARTESIAN_POINT('',(-0.32,-16.035,0.));
#1233 = VECTOR('',#1234,1.);
#1234 = DIRECTION('',(0.,1.,0.));
#1235 = ORIENTED_EDGE('',*,*,#1236,.F.);
#1236 = EDGE_CURVE('',#1237,#1229,#1239,.T.);
#1237 = VERTEX_POINT('',#1238);
#1238 = CARTESIAN_POINT('',(0.32,-20.,0.));
#1239 = LINE('',#1240,#1241);
#1240 = CARTESIAN_POINT('',(0.475,-20.,0.));
#1241 = VECTOR('',#1242,1.);
#1242 = DIRECTION('',(-1.,0.,0.));
#1243 = ORIENTED_EDGE('',*,*,#1244,.F.);
#1244 = EDGE_CURVE('',#1219,#1237,#1245,.T.);
#1245 = LINE('',#1246,#1247);
#1246 = CARTESIAN_POINT('',(0.32,-16.035,0.));
#1247 = VECTOR('',#1248,1.);
#1248 = DIRECTION('',(0.,1.,0.));
#1249 = FACE_BOUND('',#1250,.F.);
#1250 = EDGE_LOOP('',(#1251,#1261,#1269,#1277));
#1251 = ORIENTED_EDGE('',*,*,#1252,.F.);
#1252 = EDGE_CURVE('',#1253,#1255,#1257,.T.);
#1253 = VERTEX_POINT('',#1254);
#1254 = CARTESIAN_POINT('',(2.86,-20.,0.));
#1255 = VERTEX_POINT('',#1256);
#1256 = CARTESIAN_POINT('',(2.22,-20.,0.));
#1257 = LINE('',#1258,#1259);
#1258 = CARTESIAN_POINT('',(1.745,-20.,0.));
#1259 = VECTOR('',#1260,1.);
#1260 = DIRECTION('',(-1.,0.,0.));
#1261 = ORIENTED_EDGE('',*,*,#1262,.F.);
#1262 = EDGE_CURVE('',#1263,#1253,#1265,.T.);
#1263 = VERTEX_POINT('',#1264);
#1264 = CARTESIAN_POINT('',(2.86,-20.64,0.));
#1265 = LINE('',#1266,#1267);
#1266 = CARTESIAN_POINT('',(2.86,-16.035,0.));
#1267 = VECTOR('',#1268,1.);
#1268 = DIRECTION('',(0.,1.,0.));
#1269 = ORIENTED_EDGE('',*,*,#1270,.T.);
#1270 = EDGE_CURVE('',#1263,#1271,#1273,.T.);
#1271 = VERTEX_POINT('',#1272);
#1272 = CARTESIAN_POINT('',(2.22,-20.64,0.));
#1273 = LINE('',#1274,#1275);
#1274 = CARTESIAN_POINT('',(1.745,-20.64,0.));
#1275 = VECTOR('',#1276,1.);
#1276 = DIRECTION('',(-1.,0.,0.));
#1277 = ORIENTED_EDGE('',*,*,#1278,.T.);
#1278 = EDGE_CURVE('',#1271,#1255,#1279,.T.);
#1279 = LINE('',#1280,#1281);
#1280 = CARTESIAN_POINT('',(2.22,-16.035,0.));
#1281 = VECTOR('',#1282,1.);
#1282 = DIRECTION('',(0.,1.,0.));
#1283 = FACE_BOUND('',#1284,.F.);
#1284 = EDGE_LOOP('',(#1285,#1295,#1303,#1311));
#1285 = ORIENTED_EDGE('',*,*,#1286,.F.);
#1286 = EDGE_CURVE('',#1287,#1289,#1291,.T.);
#1287 = VERTEX_POINT('',#1288);
#1288 = CARTESIAN_POINT('',(2.86,-23.18,0.));
#1289 = VERTEX_POINT('',#1290);
#1290 = CARTESIAN_POINT('',(2.86,-22.54,0.));
#1291 = LINE('',#1292,#1293);
#1292 = CARTESIAN_POINT('',(2.86,-17.305,0.));
#1293 = VECTOR('',#1294,1.);
#1294 = DIRECTION('',(0.,1.,0.));
#1295 = ORIENTED_EDGE('',*,*,#1296,.T.);
#1296 = EDGE_CURVE('',#1287,#1297,#1299,.T.);
#1297 = VERTEX_POINT('',#1298);
#1298 = CARTESIAN_POINT('',(2.22,-23.18,0.));
#1299 = LINE('',#1300,#1301);
#1300 = CARTESIAN_POINT('',(1.745,-23.18,0.));
#1301 = VECTOR('',#1302,1.);
#1302 = DIRECTION('',(-1.,0.,0.));
#1303 = ORIENTED_EDGE('',*,*,#1304,.T.);
#1304 = EDGE_CURVE('',#1297,#1305,#1307,.T.);
#1305 = VERTEX_POINT('',#1306);
#1306 = CARTESIAN_POINT('',(2.22,-22.54,0.));
#1307 = LINE('',#1308,#1309);
#1308 = CARTESIAN_POINT('',(2.22,-17.305,0.));
#1309 = VECTOR('',#1310,1.);
#1310 = DIRECTION('',(0.,1.,0.));
#1311 = ORIENTED_EDGE('',*,*,#1312,.F.);
#1312 = EDGE_CURVE('',#1289,#1305,#1313,.T.);
#1313 = LINE('',#1314,#1315);
#1314 = CARTESIAN_POINT('',(1.745,-22.54,0.));
#1315 = VECTOR('',#1316,1.);
#1316 = DIRECTION('',(-1.,0.,0.));
#1317 = PLANE('',#1318);
#1318 = AXIS2_PLACEMENT_3D('',#1319,#1320,#1321);
#1319 = CARTESIAN_POINT('',(1.27,-11.43,0.));
#1320 = DIRECTION('',(0.,0.,1.));
#1321 = DIRECTION('',(1.,0.,-0.));
#1322 = ADVANCED_FACE('',(#1323,#1798,#1832,#1866,#1900,#1934,#1968,
    #2002,#2036,#2070,#2104,#2138,#2172,#2206,#2240,#2274,#2308,#2342,
    #2376,#2410,#2444),#2478,.T.);
#1323 = FACE_BOUND('',#1324,.T.);
#1324 = EDGE_LOOP('',(#1325,#1326,#1327,#1335,#1343,#1351,#1359,#1367,
    #1375,#1383,#1391,#1399,#1407,#1415,#1423,#1431,#1439,#1447,#1455,
    #1463,#1471,#1479,#1487,#1495,#1503,#1511,#1519,#1527,#1535,#1543,
    #1551,#1559,#1567,#1575,#1583,#1591,#1599,#1607,#1615,#1623,#1631,
    #1639,#1647,#1655,#1663,#1671,#1679,#1687,#1695,#1703,#1711,#1719,
    #1727,#1735,#1743,#1751,#1759,#1767,#1775,#1783,#1791,#1797));
#1325 = ORIENTED_EDGE('',*,*,#73,.T.);
#1326 = ORIENTED_EDGE('',*,*,#135,.T.);
#1327 = ORIENTED_EDGE('',*,*,#1328,.T.);
#1328 = EDGE_CURVE('',#136,#1329,#1331,.T.);
#1329 = VERTEX_POINT('',#1330);
#1330 = CARTESIAN_POINT('',(-1.016,-1.27,2.54));
#1331 = LINE('',#1332,#1333);
#1332 = CARTESIAN_POINT('',(-1.27,-1.016,2.54));
#1333 = VECTOR('',#1334,1.);
#1334 = DIRECTION('',(0.707106781187,-0.707106781187,0.));
#1335 = ORIENTED_EDGE('',*,*,#1336,.T.);
#1336 = EDGE_CURVE('',#1329,#1337,#1339,.T.);
#1337 = VERTEX_POINT('',#1338);
#1338 = CARTESIAN_POINT('',(-1.27,-1.524,2.54));
#1339 = LINE('',#1340,#1341);
#1340 = CARTESIAN_POINT('',(-1.016,-1.27,2.54));
#1341 = VECTOR('',#1342,1.);
#1342 = DIRECTION('',(-0.707106781187,-0.707106781187,0.));
#1343 = ORIENTED_EDGE('',*,*,#1344,.T.);
#1344 = EDGE_CURVE('',#1337,#1345,#1347,.T.);
#1345 = VERTEX_POINT('',#1346);
#1346 = CARTESIAN_POINT('',(-1.27,-3.556,2.54));
#1347 = LINE('',#1348,#1349);
#1348 = CARTESIAN_POINT('',(-1.27,-1.524,2.54));
#1349 = VECTOR('',#1350,1.);
#1350 = DIRECTION('',(0.,-1.,0.));
#1351 = ORIENTED_EDGE('',*,*,#1352,.T.);
#1352 = EDGE_CURVE('',#1345,#1353,#1355,.T.);
#1353 = VERTEX_POINT('',#1354);
#1354 = CARTESIAN_POINT('',(-1.016,-3.81,2.54));
#1355 = LINE('',#1356,#1357);
#1356 = CARTESIAN_POINT('',(-1.27,-3.556,2.54));
#1357 = VECTOR('',#1358,1.);
#1358 = DIRECTION('',(0.707106781187,-0.707106781187,0.));
#1359 = ORIENTED_EDGE('',*,*,#1360,.T.);
#1360 = EDGE_CURVE('',#1353,#1361,#1363,.T.);
#1361 = VERTEX_POINT('',#1362);
#1362 = CARTESIAN_POINT('',(-1.27,-4.064,2.54));
#1363 = LINE('',#1364,#1365);
#1364 = CARTESIAN_POINT('',(-1.016,-3.81,2.54));
#1365 = VECTOR('',#1366,1.);
#1366 = DIRECTION('',(-0.707106781187,-0.707106781187,0.));
#1367 = ORIENTED_EDGE('',*,*,#1368,.T.);
#1368 = EDGE_CURVE('',#1361,#1369,#1371,.T.);
#1369 = VERTEX_POINT('',#1370);
#1370 = CARTESIAN_POINT('',(-1.27,-6.096,2.54));
#1371 = LINE('',#1372,#1373);
#1372 = CARTESIAN_POINT('',(-1.27,-4.064,2.54));
#1373 = VECTOR('',#1374,1.);
#1374 = DIRECTION('',(0.,-1.,0.));
#1375 = ORIENTED_EDGE('',*,*,#1376,.T.);
#1376 = EDGE_CURVE('',#1369,#1377,#1379,.T.);
#1377 = VERTEX_POINT('',#1378);
#1378 = CARTESIAN_POINT('',(-1.016,-6.35,2.54));
#1379 = LINE('',#1380,#1381);
#1380 = CARTESIAN_POINT('',(-1.27,-6.096,2.54));
#1381 = VECTOR('',#1382,1.);
#1382 = DIRECTION('',(0.707106781187,-0.707106781187,0.));
#1383 = ORIENTED_EDGE('',*,*,#1384,.T.);
#1384 = EDGE_CURVE('',#1377,#1385,#1387,.T.);
#1385 = VERTEX_POINT('',#1386);
#1386 = CARTESIAN_POINT('',(-1.27,-6.604,2.54));
#1387 = LINE('',#1388,#1389);
#1388 = CARTESIAN_POINT('',(-1.016,-6.35,2.54));
#1389 = VECTOR('',#1390,1.);
#1390 = DIRECTION('',(-0.707106781187,-0.707106781187,0.));
#1391 = ORIENTED_EDGE('',*,*,#1392,.T.);
#1392 = EDGE_CURVE('',#1385,#1393,#1395,.T.);
#1393 = VERTEX_POINT('',#1394);
#1394 = CARTESIAN_POINT('',(-1.27,-8.636,2.54));
#1395 = LINE('',#1396,#1397);
#1396 = CARTESIAN_POINT('',(-1.27,-6.604,2.54));
#1397 = VECTOR('',#1398,1.);
#1398 = DIRECTION('',(0.,-1.,0.));
#1399 = ORIENTED_EDGE('',*,*,#1400,.T.);
#1400 = EDGE_CURVE('',#1393,#1401,#1403,.T.);
#1401 = VERTEX_POINT('',#1402);
#1402 = CARTESIAN_POINT('',(-1.016,-8.89,2.54));
#1403 = LINE('',#1404,#1405);
#1404 = CARTESIAN_POINT('',(-1.27,-8.636,2.54));
#1405 = VECTOR('',#1406,1.);
#1406 = DIRECTION('',(0.707106781187,-0.707106781187,0.));
#1407 = ORIENTED_EDGE('',*,*,#1408,.T.);
#1408 = EDGE_CURVE('',#1401,#1409,#1411,.T.);
#1409 = VERTEX_POINT('',#1410);
#1410 = CARTESIAN_POINT('',(-1.27,-9.144,2.54));
#1411 = LINE('',#1412,#1413);
#1412 = CARTESIAN_POINT('',(-1.016,-8.89,2.54));
#1413 = VECTOR('',#1414,1.);
#1414 = DIRECTION('',(-0.707106781187,-0.707106781187,0.));
#1415 = ORIENTED_EDGE('',*,*,#1416,.T.);
#1416 = EDGE_CURVE('',#1409,#1417,#1419,.T.);
#1417 = VERTEX_POINT('',#1418);
#1418 = CARTESIAN_POINT('',(-1.27,-11.176,2.54));
#1419 = LINE('',#1420,#1421);
#1420 = CARTESIAN_POINT('',(-1.27,-9.144,2.54));
#1421 = VECTOR('',#1422,1.);
#1422 = DIRECTION('',(0.,-1.,0.));
#1423 = ORIENTED_EDGE('',*,*,#1424,.T.);
#1424 = EDGE_CURVE('',#1417,#1425,#1427,.T.);
#1425 = VERTEX_POINT('',#1426);
#1426 = CARTESIAN_POINT('',(-1.016,-11.43,2.54));
#1427 = LINE('',#1428,#1429);
#1428 = CARTESIAN_POINT('',(-1.27,-11.176,2.54));
#1429 = VECTOR('',#1430,1.);
#1430 = DIRECTION('',(0.707106781187,-0.707106781187,0.));
#1431 = ORIENTED_EDGE('',*,*,#1432,.T.);
#1432 = EDGE_CURVE('',#1425,#1433,#1435,.T.);
#1433 = VERTEX_POINT('',#1434);
#1434 = CARTESIAN_POINT('',(-1.27,-11.684,2.54));
#1435 = LINE('',#1436,#1437);
#1436 = CARTESIAN_POINT('',(-1.016,-11.43,2.54));
#1437 = VECTOR('',#1438,1.);
#1438 = DIRECTION('',(-0.707106781187,-0.707106781187,0.));
#1439 = ORIENTED_EDGE('',*,*,#1440,.T.);
#1440 = EDGE_CURVE('',#1433,#1441,#1443,.T.);
#1441 = VERTEX_POINT('',#1442);
#1442 = CARTESIAN_POINT('',(-1.27,-13.716,2.54));
#1443 = LINE('',#1444,#1445);
#1444 = CARTESIAN_POINT('',(-1.27,-11.684,2.54));
#1445 = VECTOR('',#1446,1.);
#1446 = DIRECTION('',(0.,-1.,0.));
#1447 = ORIENTED_EDGE('',*,*,#1448,.T.);
#1448 = EDGE_CURVE('',#1441,#1449,#1451,.T.);
#1449 = VERTEX_POINT('',#1450);
#1450 = CARTESIAN_POINT('',(-1.016,-13.97,2.54));
#1451 = LINE('',#1452,#1453);
#1452 = CARTESIAN_POINT('',(-1.27,-13.716,2.54));
#1453 = VECTOR('',#1454,1.);
#1454 = DIRECTION('',(0.707106781187,-0.707106781187,0.));
#1455 = ORIENTED_EDGE('',*,*,#1456,.T.);
#1456 = EDGE_CURVE('',#1449,#1457,#1459,.T.);
#1457 = VERTEX_POINT('',#1458);
#1458 = CARTESIAN_POINT('',(-1.27,-14.224,2.54));
#1459 = LINE('',#1460,#1461);
#1460 = CARTESIAN_POINT('',(-1.016,-13.97,2.54));
#1461 = VECTOR('',#1462,1.);
#1462 = DIRECTION('',(-0.707106781187,-0.707106781187,0.));
#1463 = ORIENTED_EDGE('',*,*,#1464,.T.);
#1464 = EDGE_CURVE('',#1457,#1465,#1467,.T.);
#1465 = VERTEX_POINT('',#1466);
#1466 = CARTESIAN_POINT('',(-1.27,-16.256,2.54));
#1467 = LINE('',#1468,#1469);
#1468 = CARTESIAN_POINT('',(-1.27,-14.224,2.54));
#1469 = VECTOR('',#1470,1.);
#1470 = DIRECTION('',(0.,-1.,0.));
#1471 = ORIENTED_EDGE('',*,*,#1472,.T.);
#1472 = EDGE_CURVE('',#1465,#1473,#1475,.T.);
#1473 = VERTEX_POINT('',#1474);
#1474 = CARTESIAN_POINT('',(-1.016,-16.51,2.54));
#1475 = LINE('',#1476,#1477);
#1476 = CARTESIAN_POINT('',(-1.27,-16.256,2.54));
#1477 = VECTOR('',#1478,1.);
#1478 = DIRECTION('',(0.707106781187,-0.707106781187,0.));
#1479 = ORIENTED_EDGE('',*,*,#1480,.T.);
#1480 = EDGE_CURVE('',#1473,#1481,#1483,.T.);
#1481 = VERTEX_POINT('',#1482);
#1482 = CARTESIAN_POINT('',(-1.27,-16.764,2.54));
#1483 = LINE('',#1484,#1485);
#1484 = CARTESIAN_POINT('',(-1.016,-16.51,2.54));
#1485 = VECTOR('',#1486,1.);
#1486 = DIRECTION('',(-0.707106781187,-0.707106781187,0.));
#1487 = ORIENTED_EDGE('',*,*,#1488,.T.);
#1488 = EDGE_CURVE('',#1481,#1489,#1491,.T.);
#1489 = VERTEX_POINT('',#1490);
#1490 = CARTESIAN_POINT('',(-1.27,-18.796,2.54));
#1491 = LINE('',#1492,#1493);
#1492 = CARTESIAN_POINT('',(-1.27,-16.764,2.54));
#1493 = VECTOR('',#1494,1.);
#1494 = DIRECTION('',(0.,-1.,0.));
#1495 = ORIENTED_EDGE('',*,*,#1496,.T.);
#1496 = EDGE_CURVE('',#1489,#1497,#1499,.T.);
#1497 = VERTEX_POINT('',#1498);
#1498 = CARTESIAN_POINT('',(-1.016,-19.05,2.54));
#1499 = LINE('',#1500,#1501);
#1500 = CARTESIAN_POINT('',(-1.27,-18.796,2.54));
#1501 = VECTOR('',#1502,1.);
#1502 = DIRECTION('',(0.707106781187,-0.707106781187,0.));
#1503 = ORIENTED_EDGE('',*,*,#1504,.T.);
#1504 = EDGE_CURVE('',#1497,#1505,#1507,.T.);
#1505 = VERTEX_POINT('',#1506);
#1506 = CARTESIAN_POINT('',(-1.27,-19.304,2.54));
#1507 = LINE('',#1508,#1509);
#1508 = CARTESIAN_POINT('',(-1.016,-19.05,2.54));
#1509 = VECTOR('',#1510,1.);
#1510 = DIRECTION('',(-0.707106781187,-0.707106781187,0.));
#1511 = ORIENTED_EDGE('',*,*,#1512,.T.);
#1512 = EDGE_CURVE('',#1505,#1513,#1515,.T.);
#1513 = VERTEX_POINT('',#1514);
#1514 = CARTESIAN_POINT('',(-1.27,-21.336,2.54));
#1515 = LINE('',#1516,#1517);
#1516 = CARTESIAN_POINT('',(-1.27,-19.304,2.54));
#1517 = VECTOR('',#1518,1.);
#1518 = DIRECTION('',(0.,-1.,0.));
#1519 = ORIENTED_EDGE('',*,*,#1520,.T.);
#1520 = EDGE_CURVE('',#1513,#1521,#1523,.T.);
#1521 = VERTEX_POINT('',#1522);
#1522 = CARTESIAN_POINT('',(-1.016,-21.59,2.54));
#1523 = LINE('',#1524,#1525);
#1524 = CARTESIAN_POINT('',(-1.27,-21.336,2.54));
#1525 = VECTOR('',#1526,1.);
#1526 = DIRECTION('',(0.707106781187,-0.707106781187,0.));
#1527 = ORIENTED_EDGE('',*,*,#1528,.T.);
#1528 = EDGE_CURVE('',#1521,#1529,#1531,.T.);
#1529 = VERTEX_POINT('',#1530);
#1530 = CARTESIAN_POINT('',(-1.27,-21.844,2.54));
#1531 = LINE('',#1532,#1533);
#1532 = CARTESIAN_POINT('',(-1.016,-21.59,2.54));
#1533 = VECTOR('',#1534,1.);
#1534 = DIRECTION('',(-0.707106781187,-0.707106781187,0.));
#1535 = ORIENTED_EDGE('',*,*,#1536,.T.);
#1536 = EDGE_CURVE('',#1529,#1537,#1539,.T.);
#1537 = VERTEX_POINT('',#1538);
#1538 = CARTESIAN_POINT('',(-1.27,-23.876,2.54));
#1539 = LINE('',#1540,#1541);
#1540 = CARTESIAN_POINT('',(-1.27,-21.844,2.54));
#1541 = VECTOR('',#1542,1.);
#1542 = DIRECTION('',(0.,-1.,0.));
#1543 = ORIENTED_EDGE('',*,*,#1544,.T.);
#1544 = EDGE_CURVE('',#1537,#1545,#1547,.T.);
#1545 = VERTEX_POINT('',#1546);
#1546 = CARTESIAN_POINT('',(-1.016,-24.13,2.54));
#1547 = LINE('',#1548,#1549);
#1548 = CARTESIAN_POINT('',(-1.27,-23.876,2.54));
#1549 = VECTOR('',#1550,1.);
#1550 = DIRECTION('',(0.707106781187,-0.707106781187,0.));
#1551 = ORIENTED_EDGE('',*,*,#1552,.T.);
#1552 = EDGE_CURVE('',#1545,#1553,#1555,.T.);
#1553 = VERTEX_POINT('',#1554);
#1554 = CARTESIAN_POINT('',(3.556,-24.13,2.54));
#1555 = LINE('',#1556,#1557);
#1556 = CARTESIAN_POINT('',(-1.016,-24.13,2.54));
#1557 = VECTOR('',#1558,1.);
#1558 = DIRECTION('',(1.,0.,0.));
#1559 = ORIENTED_EDGE('',*,*,#1560,.T.);
#1560 = EDGE_CURVE('',#1553,#1561,#1563,.T.);
#1561 = VERTEX_POINT('',#1562);
#1562 = CARTESIAN_POINT('',(3.81,-23.876,2.54));
#1563 = LINE('',#1564,#1565);
#1564 = CARTESIAN_POINT('',(3.556,-24.13,2.54));
#1565 = VECTOR('',#1566,1.);
#1566 = DIRECTION('',(0.707106781187,0.707106781187,0.));
#1567 = ORIENTED_EDGE('',*,*,#1568,.T.);
#1568 = EDGE_CURVE('',#1561,#1569,#1571,.T.);
#1569 = VERTEX_POINT('',#1570);
#1570 = CARTESIAN_POINT('',(3.81,-21.844,2.54));
#1571 = LINE('',#1572,#1573);
#1572 = CARTESIAN_POINT('',(3.81,-23.876,2.54));
#1573 = VECTOR('',#1574,1.);
#1574 = DIRECTION('',(0.,1.,0.));
#1575 = ORIENTED_EDGE('',*,*,#1576,.T.);
#1576 = EDGE_CURVE('',#1569,#1577,#1579,.T.);
#1577 = VERTEX_POINT('',#1578);
#1578 = CARTESIAN_POINT('',(3.556,-21.59,2.54));
#1579 = LINE('',#1580,#1581);
#1580 = CARTESIAN_POINT('',(3.81,-21.844,2.54));
#1581 = VECTOR('',#1582,1.);
#1582 = DIRECTION('',(-0.707106781187,0.707106781187,0.));
#1583 = ORIENTED_EDGE('',*,*,#1584,.T.);
#1584 = EDGE_CURVE('',#1577,#1585,#1587,.T.);
#1585 = VERTEX_POINT('',#1586);
#1586 = CARTESIAN_POINT('',(3.81,-21.336,2.54));
#1587 = LINE('',#1588,#1589);
#1588 = CARTESIAN_POINT('',(3.556,-21.59,2.54));
#1589 = VECTOR('',#1590,1.);
#1590 = DIRECTION('',(0.707106781187,0.707106781187,0.));
#1591 = ORIENTED_EDGE('',*,*,#1592,.T.);
#1592 = EDGE_CURVE('',#1585,#1593,#1595,.T.);
#1593 = VERTEX_POINT('',#1594);
#1594 = CARTESIAN_POINT('',(3.81,-19.304,2.54));
#1595 = LINE('',#1596,#1597);
#1596 = CARTESIAN_POINT('',(3.81,-21.336,2.54));
#1597 = VECTOR('',#1598,1.);
#1598 = DIRECTION('',(0.,1.,0.));
#1599 = ORIENTED_EDGE('',*,*,#1600,.T.);
#1600 = EDGE_CURVE('',#1593,#1601,#1603,.T.);
#1601 = VERTEX_POINT('',#1602);
#1602 = CARTESIAN_POINT('',(3.556,-19.05,2.54));
#1603 = LINE('',#1604,#1605);
#1604 = CARTESIAN_POINT('',(3.81,-19.304,2.54));
#1605 = VECTOR('',#1606,1.);
#1606 = DIRECTION('',(-0.707106781187,0.707106781187,0.));
#1607 = ORIENTED_EDGE('',*,*,#1608,.T.);
#1608 = EDGE_CURVE('',#1601,#1609,#1611,.T.);
#1609 = VERTEX_POINT('',#1610);
#1610 = CARTESIAN_POINT('',(3.81,-18.796,2.54));
#1611 = LINE('',#1612,#1613);
#1612 = CARTESIAN_POINT('',(3.556,-19.05,2.54));
#1613 = VECTOR('',#1614,1.);
#1614 = DIRECTION('',(0.707106781187,0.707106781187,0.));
#1615 = ORIENTED_EDGE('',*,*,#1616,.T.);
#1616 = EDGE_CURVE('',#1609,#1617,#1619,.T.);
#1617 = VERTEX_POINT('',#1618);
#1618 = CARTESIAN_POINT('',(3.81,-16.764,2.54));
#1619 = LINE('',#1620,#1621);
#1620 = CARTESIAN_POINT('',(3.81,-18.796,2.54));
#1621 = VECTOR('',#1622,1.);
#1622 = DIRECTION('',(0.,1.,0.));
#1623 = ORIENTED_EDGE('',*,*,#1624,.T.);
#1624 = EDGE_CURVE('',#1617,#1625,#1627,.T.);
#1625 = VERTEX_POINT('',#1626);
#1626 = CARTESIAN_POINT('',(3.556,-16.51,2.54));
#1627 = LINE('',#1628,#1629);
#1628 = CARTESIAN_POINT('',(3.81,-16.764,2.54));
#1629 = VECTOR('',#1630,1.);
#1630 = DIRECTION('',(-0.707106781187,0.707106781187,0.));
#1631 = ORIENTED_EDGE('',*,*,#1632,.T.);
#1632 = EDGE_CURVE('',#1625,#1633,#1635,.T.);
#1633 = VERTEX_POINT('',#1634);
#1634 = CARTESIAN_POINT('',(3.81,-16.256,2.54));
#1635 = LINE('',#1636,#1637);
#1636 = CARTESIAN_POINT('',(3.556,-16.51,2.54));
#1637 = VECTOR('',#1638,1.);
#1638 = DIRECTION('',(0.707106781187,0.707106781187,0.));
#1639 = ORIENTED_EDGE('',*,*,#1640,.T.);
#1640 = EDGE_CURVE('',#1633,#1641,#1643,.T.);
#1641 = VERTEX_POINT('',#1642);
#1642 = CARTESIAN_POINT('',(3.81,-14.224,2.54));
#1643 = LINE('',#1644,#1645);
#1644 = CARTESIAN_POINT('',(3.81,-16.256,2.54));
#1645 = VECTOR('',#1646,1.);
#1646 = DIRECTION('',(0.,1.,0.));
#1647 = ORIENTED_EDGE('',*,*,#1648,.T.);
#1648 = EDGE_CURVE('',#1641,#1649,#1651,.T.);
#1649 = VERTEX_POINT('',#1650);
#1650 = CARTESIAN_POINT('',(3.556,-13.97,2.54));
#1651 = LINE('',#1652,#1653);
#1652 = CARTESIAN_POINT('',(3.81,-14.224,2.54));
#1653 = VECTOR('',#1654,1.);
#1654 = DIRECTION('',(-0.707106781187,0.707106781187,0.));
#1655 = ORIENTED_EDGE('',*,*,#1656,.T.);
#1656 = EDGE_CURVE('',#1649,#1657,#1659,.T.);
#1657 = VERTEX_POINT('',#1658);
#1658 = CARTESIAN_POINT('',(3.81,-13.716,2.54));
#1659 = LINE('',#1660,#1661);
#1660 = CARTESIAN_POINT('',(3.556,-13.97,2.54));
#1661 = VECTOR('',#1662,1.);
#1662 = DIRECTION('',(0.707106781187,0.707106781187,0.));
#1663 = ORIENTED_EDGE('',*,*,#1664,.T.);
#1664 = EDGE_CURVE('',#1657,#1665,#1667,.T.);
#1665 = VERTEX_POINT('',#1666);
#1666 = CARTESIAN_POINT('',(3.81,-11.684,2.54));
#1667 = LINE('',#1668,#1669);
#1668 = CARTESIAN_POINT('',(3.81,-13.716,2.54));
#1669 = VECTOR('',#1670,1.);
#1670 = DIRECTION('',(0.,1.,0.));
#1671 = ORIENTED_EDGE('',*,*,#1672,.T.);
#1672 = EDGE_CURVE('',#1665,#1673,#1675,.T.);
#1673 = VERTEX_POINT('',#1674);
#1674 = CARTESIAN_POINT('',(3.556,-11.43,2.54));
#1675 = LINE('',#1676,#1677);
#1676 = CARTESIAN_POINT('',(3.81,-11.684,2.54));
#1677 = VECTOR('',#1678,1.);
#1678 = DIRECTION('',(-0.707106781187,0.707106781187,0.));
#1679 = ORIENTED_EDGE('',*,*,#1680,.T.);
#1680 = EDGE_CURVE('',#1673,#1681,#1683,.T.);
#1681 = VERTEX_POINT('',#1682);
#1682 = CARTESIAN_POINT('',(3.81,-11.176,2.54));
#1683 = LINE('',#1684,#1685);
#1684 = CARTESIAN_POINT('',(3.556,-11.43,2.54));
#1685 = VECTOR('',#1686,1.);
#1686 = DIRECTION('',(0.707106781187,0.707106781187,0.));
#1687 = ORIENTED_EDGE('',*,*,#1688,.T.);
#1688 = EDGE_CURVE('',#1681,#1689,#1691,.T.);
#1689 = VERTEX_POINT('',#1690);
#1690 = CARTESIAN_POINT('',(3.81,-9.144,2.54));
#1691 = LINE('',#1692,#1693);
#1692 = CARTESIAN_POINT('',(3.81,-11.176,2.54));
#1693 = VECTOR('',#1694,1.);
#1694 = DIRECTION('',(0.,1.,0.));
#1695 = ORIENTED_EDGE('',*,*,#1696,.T.);
#1696 = EDGE_CURVE('',#1689,#1697,#1699,.T.);
#1697 = VERTEX_POINT('',#1698);
#1698 = CARTESIAN_POINT('',(3.556,-8.89,2.54));
#1699 = LINE('',#1700,#1701);
#1700 = CARTESIAN_POINT('',(3.81,-9.144,2.54));
#1701 = VECTOR('',#1702,1.);
#1702 = DIRECTION('',(-0.707106781187,0.707106781187,0.));
#1703 = ORIENTED_EDGE('',*,*,#1704,.T.);
#1704 = EDGE_CURVE('',#1697,#1705,#1707,.T.);
#1705 = VERTEX_POINT('',#1706);
#1706 = CARTESIAN_POINT('',(3.81,-8.636,2.54));
#1707 = LINE('',#1708,#1709);
#1708 = CARTESIAN_POINT('',(3.556,-8.89,2.54));
#1709 = VECTOR('',#1710,1.);
#1710 = DIRECTION('',(0.707106781187,0.707106781187,0.));
#1711 = ORIENTED_EDGE('',*,*,#1712,.T.);
#1712 = EDGE_CURVE('',#1705,#1713,#1715,.T.);
#1713 = VERTEX_POINT('',#1714);
#1714 = CARTESIAN_POINT('',(3.81,-6.604,2.54));
#1715 = LINE('',#1716,#1717);
#1716 = CARTESIAN_POINT('',(3.81,-8.636,2.54));
#1717 = VECTOR('',#1718,1.);
#1718 = DIRECTION('',(0.,1.,0.));
#1719 = ORIENTED_EDGE('',*,*,#1720,.T.);
#1720 = EDGE_CURVE('',#1713,#1721,#1723,.T.);
#1721 = VERTEX_POINT('',#1722);
#1722 = CARTESIAN_POINT('',(3.556,-6.35,2.54));
#1723 = LINE('',#1724,#1725);
#1724 = CARTESIAN_POINT('',(3.81,-6.604,2.54));
#1725 = VECTOR('',#1726,1.);
#1726 = DIRECTION('',(-0.707106781187,0.707106781187,0.));
#1727 = ORIENTED_EDGE('',*,*,#1728,.T.);
#1728 = EDGE_CURVE('',#1721,#1729,#1731,.T.);
#1729 = VERTEX_POINT('',#1730);
#1730 = CARTESIAN_POINT('',(3.81,-6.096,2.54));
#1731 = LINE('',#1732,#1733);
#1732 = CARTESIAN_POINT('',(3.556,-6.35,2.54));
#1733 = VECTOR('',#1734,1.);
#1734 = DIRECTION('',(0.707106781187,0.707106781187,0.));
#1735 = ORIENTED_EDGE('',*,*,#1736,.T.);
#1736 = EDGE_CURVE('',#1729,#1737,#1739,.T.);
#1737 = VERTEX_POINT('',#1738);
#1738 = CARTESIAN_POINT('',(3.81,-4.064,2.54));
#1739 = LINE('',#1740,#1741);
#1740 = CARTESIAN_POINT('',(3.81,-6.096,2.54));
#1741 = VECTOR('',#1742,1.);
#1742 = DIRECTION('',(0.,1.,0.));
#1743 = ORIENTED_EDGE('',*,*,#1744,.T.);
#1744 = EDGE_CURVE('',#1737,#1745,#1747,.T.);
#1745 = VERTEX_POINT('',#1746);
#1746 = CARTESIAN_POINT('',(3.556,-3.81,2.54));
#1747 = LINE('',#1748,#1749);
#1748 = CARTESIAN_POINT('',(3.81,-4.064,2.54));
#1749 = VECTOR('',#1750,1.);
#1750 = DIRECTION('',(-0.707106781187,0.707106781187,0.));
#1751 = ORIENTED_EDGE('',*,*,#1752,.T.);
#1752 = EDGE_CURVE('',#1745,#1753,#1755,.T.);
#1753 = VERTEX_POINT('',#1754);
#1754 = CARTESIAN_POINT('',(3.81,-3.556,2.54));
#1755 = LINE('',#1756,#1757);
#1756 = CARTESIAN_POINT('',(3.556,-3.81,2.54));
#1757 = VECTOR('',#1758,1.);
#1758 = DIRECTION('',(0.707106781187,0.707106781187,0.));
#1759 = ORIENTED_EDGE('',*,*,#1760,.T.);
#1760 = EDGE_CURVE('',#1753,#1761,#1763,.T.);
#1761 = VERTEX_POINT('',#1762);
#1762 = CARTESIAN_POINT('',(3.81,-1.524,2.54));
#1763 = LINE('',#1764,#1765);
#1764 = CARTESIAN_POINT('',(3.81,-3.556,2.54));
#1765 = VECTOR('',#1766,1.);
#1766 = DIRECTION('',(0.,1.,0.));
#1767 = ORIENTED_EDGE('',*,*,#1768,.T.);
#1768 = EDGE_CURVE('',#1761,#1769,#1771,.T.);
#1769 = VERTEX_POINT('',#1770);
#1770 = CARTESIAN_POINT('',(3.556,-1.27,2.54));
#1771 = LINE('',#1772,#1773);
#1772 = CARTESIAN_POINT('',(3.81,-1.524,2.54));
#1773 = VECTOR('',#1774,1.);
#1774 = DIRECTION('',(-0.707106781187,0.707106781187,0.));
#1775 = ORIENTED_EDGE('',*,*,#1776,.T.);
#1776 = EDGE_CURVE('',#1769,#1777,#1779,.T.);
#1777 = VERTEX_POINT('',#1778);
#1778 = CARTESIAN_POINT('',(3.81,-1.016,2.54));
#1779 = LINE('',#1780,#1781);
#1780 = CARTESIAN_POINT('',(3.556,-1.27,2.54));
#1781 = VECTOR('',#1782,1.);
#1782 = DIRECTION('',(0.707106781187,0.707106781187,0.));
#1783 = ORIENTED_EDGE('',*,*,#1784,.T.);
#1784 = EDGE_CURVE('',#1777,#1785,#1787,.T.);
#1785 = VERTEX_POINT('',#1786);
#1786 = CARTESIAN_POINT('',(3.81,1.016,2.54));
#1787 = LINE('',#1788,#1789);
#1788 = CARTESIAN_POINT('',(3.81,-1.016,2.54));
#1789 = VECTOR('',#1790,1.);
#1790 = DIRECTION('',(0.,1.,0.));
#1791 = ORIENTED_EDGE('',*,*,#1792,.T.);
#1792 = EDGE_CURVE('',#1785,#106,#1793,.T.);
#1793 = LINE('',#1794,#1795);
#1794 = CARTESIAN_POINT('',(3.81,1.016,2.54));
#1795 = VECTOR('',#1796,1.);
#1796 = DIRECTION('',(-0.707106781187,0.707106781187,0.));
#1797 = ORIENTED_EDGE('',*,*,#113,.T.);
#1798 = FACE_BOUND('',#1799,.T.);
#1799 = EDGE_LOOP('',(#1800,#1810,#1818,#1826));
#1800 = ORIENTED_EDGE('',*,*,#1801,.F.);
#1801 = EDGE_CURVE('',#1802,#1804,#1806,.T.);
#1802 = VERTEX_POINT('',#1803);
#1803 = CARTESIAN_POINT('',(0.32,-17.46,2.54));
#1804 = VERTEX_POINT('',#1805);
#1805 = CARTESIAN_POINT('',(-0.32,-17.46,2.54));
#1806 = LINE('',#1807,#1808);
#1807 = CARTESIAN_POINT('',(0.475,-17.46,2.54));
#1808 = VECTOR('',#1809,1.);
#1809 = DIRECTION('',(-1.,0.,0.));
#1810 = ORIENTED_EDGE('',*,*,#1811,.F.);
#1811 = EDGE_CURVE('',#1812,#1802,#1814,.T.);
#1812 = VERTEX_POINT('',#1813);
#1813 = CARTESIAN_POINT('',(0.32,-18.1,2.54));
#1814 = LINE('',#1815,#1816);
#1815 = CARTESIAN_POINT('',(0.32,-14.765,2.54));
#1816 = VECTOR('',#1817,1.);
#1817 = DIRECTION('',(0.,1.,0.));
#1818 = ORIENTED_EDGE('',*,*,#1819,.T.);
#1819 = EDGE_CURVE('',#1812,#1820,#1822,.T.);
#1820 = VERTEX_POINT('',#1821);
#1821 = CARTESIAN_POINT('',(-0.32,-18.1,2.54));
#1822 = LINE('',#1823,#1824);
#1823 = CARTESIAN_POINT('',(0.475,-18.1,2.54));
#1824 = VECTOR('',#1825,1.);
#1825 = DIRECTION('',(-1.,0.,0.));
#1826 = ORIENTED_EDGE('',*,*,#1827,.T.);
#1827 = EDGE_CURVE('',#1820,#1804,#1828,.T.);
#1828 = LINE('',#1829,#1830);
#1829 = CARTESIAN_POINT('',(-0.32,-14.765,2.54));
#1830 = VECTOR('',#1831,1.);
#1831 = DIRECTION('',(0.,1.,0.));
#1832 = FACE_BOUND('',#1833,.T.);
#1833 = EDGE_LOOP('',(#1834,#1844,#1852,#1860));
#1834 = ORIENTED_EDGE('',*,*,#1835,.T.);
#1835 = EDGE_CURVE('',#1836,#1838,#1840,.T.);
#1836 = VERTEX_POINT('',#1837);
#1837 = CARTESIAN_POINT('',(2.86,-18.1,2.54));
#1838 = VERTEX_POINT('',#1839);
#1839 = CARTESIAN_POINT('',(2.22,-18.1,2.54));
#1840 = LINE('',#1841,#1842);
#1841 = CARTESIAN_POINT('',(1.745,-18.1,2.54));
#1842 = VECTOR('',#1843,1.);
#1843 = DIRECTION('',(-1.,0.,0.));
#1844 = ORIENTED_EDGE('',*,*,#1845,.T.);
#1845 = EDGE_CURVE('',#1838,#1846,#1848,.T.);
#1846 = VERTEX_POINT('',#1847);
#1847 = CARTESIAN_POINT('',(2.22,-17.46,2.54));
#1848 = LINE('',#1849,#1850);
#1849 = CARTESIAN_POINT('',(2.22,-14.765,2.54));
#1850 = VECTOR('',#1851,1.);
#1851 = DIRECTION('',(0.,1.,0.));
#1852 = ORIENTED_EDGE('',*,*,#1853,.F.);
#1853 = EDGE_CURVE('',#1854,#1846,#1856,.T.);
#1854 = VERTEX_POINT('',#1855);
#1855 = CARTESIAN_POINT('',(2.86,-17.46,2.54));
#1856 = LINE('',#1857,#1858);
#1857 = CARTESIAN_POINT('',(1.745,-17.46,2.54));
#1858 = VECTOR('',#1859,1.);
#1859 = DIRECTION('',(-1.,0.,0.));
#1860 = ORIENTED_EDGE('',*,*,#1861,.F.);
#1861 = EDGE_CURVE('',#1836,#1854,#1862,.T.);
#1862 = LINE('',#1863,#1864);
#1863 = CARTESIAN_POINT('',(2.86,-14.765,2.54));
#1864 = VECTOR('',#1865,1.);
#1865 = DIRECTION('',(0.,1.,0.));
#1866 = FACE_BOUND('',#1867,.T.);
#1867 = EDGE_LOOP('',(#1868,#1878,#1886,#1894));
#1868 = ORIENTED_EDGE('',*,*,#1869,.F.);
#1869 = EDGE_CURVE('',#1870,#1872,#1874,.T.);
#1870 = VERTEX_POINT('',#1871);
#1871 = CARTESIAN_POINT('',(0.32,-15.56,2.54));
#1872 = VERTEX_POINT('',#1873);
#1873 = CARTESIAN_POINT('',(0.32,-14.92,2.54));
#1874 = LINE('',#1875,#1876);
#1875 = CARTESIAN_POINT('',(0.32,-13.495,2.54));
#1876 = VECTOR('',#1877,1.);
#1877 = DIRECTION('',(0.,1.,0.));
#1878 = ORIENTED_EDGE('',*,*,#1879,.T.);
#1879 = EDGE_CURVE('',#1870,#1880,#1882,.T.);
#1880 = VERTEX_POINT('',#1881);
#1881 = CARTESIAN_POINT('',(-0.32,-15.56,2.54));
#1882 = LINE('',#1883,#1884);
#1883 = CARTESIAN_POINT('',(0.475,-15.56,2.54));
#1884 = VECTOR('',#1885,1.);
#1885 = DIRECTION('',(-1.,0.,0.));
#1886 = ORIENTED_EDGE('',*,*,#1887,.T.);
#1887 = EDGE_CURVE('',#1880,#1888,#1890,.T.);
#1888 = VERTEX_POINT('',#1889);
#1889 = CARTESIAN_POINT('',(-0.32,-14.92,2.54));
#1890 = LINE('',#1891,#1892);
#1891 = CARTESIAN_POINT('',(-0.32,-13.495,2.54));
#1892 = VECTOR('',#1893,1.);
#1893 = DIRECTION('',(0.,1.,0.));
#1894 = ORIENTED_EDGE('',*,*,#1895,.F.);
#1895 = EDGE_CURVE('',#1872,#1888,#1896,.T.);
#1896 = LINE('',#1897,#1898);
#1897 = CARTESIAN_POINT('',(0.475,-14.92,2.54));
#1898 = VECTOR('',#1899,1.);
#1899 = DIRECTION('',(-1.,0.,0.));
#1900 = FACE_BOUND('',#1901,.T.);
#1901 = EDGE_LOOP('',(#1902,#1912,#1920,#1928));
#1902 = ORIENTED_EDGE('',*,*,#1903,.T.);
#1903 = EDGE_CURVE('',#1904,#1906,#1908,.T.);
#1904 = VERTEX_POINT('',#1905);
#1905 = CARTESIAN_POINT('',(2.86,-15.56,2.54));
#1906 = VERTEX_POINT('',#1907);
#1907 = CARTESIAN_POINT('',(2.22,-15.56,2.54));
#1908 = LINE('',#1909,#1910);
#1909 = CARTESIAN_POINT('',(1.745,-15.56,2.54));
#1910 = VECTOR('',#1911,1.);
#1911 = DIRECTION('',(-1.,0.,0.));
#1912 = ORIENTED_EDGE('',*,*,#1913,.T.);
#1913 = EDGE_CURVE('',#1906,#1914,#1916,.T.);
#1914 = VERTEX_POINT('',#1915);
#1915 = CARTESIAN_POINT('',(2.22,-14.92,2.54));
#1916 = LINE('',#1917,#1918);
#1917 = CARTESIAN_POINT('',(2.22,-13.495,2.54));
#1918 = VECTOR('',#1919,1.);
#1919 = DIRECTION('',(0.,1.,0.));
#1920 = ORIENTED_EDGE('',*,*,#1921,.F.);
#1921 = EDGE_CURVE('',#1922,#1914,#1924,.T.);
#1922 = VERTEX_POINT('',#1923);
#1923 = CARTESIAN_POINT('',(2.86,-14.92,2.54));
#1924 = LINE('',#1925,#1926);
#1925 = CARTESIAN_POINT('',(1.745,-14.92,2.54));
#1926 = VECTOR('',#1927,1.);
#1927 = DIRECTION('',(-1.,0.,0.));
#1928 = ORIENTED_EDGE('',*,*,#1929,.F.);
#1929 = EDGE_CURVE('',#1904,#1922,#1930,.T.);
#1930 = LINE('',#1931,#1932);
#1931 = CARTESIAN_POINT('',(2.86,-13.495,2.54));
#1932 = VECTOR('',#1933,1.);
#1933 = DIRECTION('',(0.,1.,0.));
#1934 = FACE_BOUND('',#1935,.T.);
#1935 = EDGE_LOOP('',(#1936,#1946,#1954,#1962));
#1936 = ORIENTED_EDGE('',*,*,#1937,.F.);
#1937 = EDGE_CURVE('',#1938,#1940,#1942,.T.);
#1938 = VERTEX_POINT('',#1939);
#1939 = CARTESIAN_POINT('',(0.32,-9.84,2.54));
#1940 = VERTEX_POINT('',#1941);
#1941 = CARTESIAN_POINT('',(-0.32,-9.84,2.54));
#1942 = LINE('',#1943,#1944);
#1943 = CARTESIAN_POINT('',(0.475,-9.84,2.54));
#1944 = VECTOR('',#1945,1.);
#1945 = DIRECTION('',(-1.,0.,0.));
#1946 = ORIENTED_EDGE('',*,*,#1947,.F.);
#1947 = EDGE_CURVE('',#1948,#1938,#1950,.T.);
#1948 = VERTEX_POINT('',#1949);
#1949 = CARTESIAN_POINT('',(0.32,-10.48,2.54));
#1950 = LINE('',#1951,#1952);
#1951 = CARTESIAN_POINT('',(0.32,-10.955,2.54));
#1952 = VECTOR('',#1953,1.);
#1953 = DIRECTION('',(0.,1.,0.));
#1954 = ORIENTED_EDGE('',*,*,#1955,.T.);
#1955 = EDGE_CURVE('',#1948,#1956,#1958,.T.);
#1956 = VERTEX_POINT('',#1957);
#1957 = CARTESIAN_POINT('',(-0.32,-10.48,2.54));
#1958 = LINE('',#1959,#1960);
#1959 = CARTESIAN_POINT('',(0.475,-10.48,2.54));
#1960 = VECTOR('',#1961,1.);
#1961 = DIRECTION('',(-1.,0.,0.));
#1962 = ORIENTED_EDGE('',*,*,#1963,.T.);
#1963 = EDGE_CURVE('',#1956,#1940,#1964,.T.);
#1964 = LINE('',#1965,#1966);
#1965 = CARTESIAN_POINT('',(-0.32,-10.955,2.54));
#1966 = VECTOR('',#1967,1.);
#1967 = DIRECTION('',(0.,1.,0.));
#1968 = FACE_BOUND('',#1969,.T.);
#1969 = EDGE_LOOP('',(#1970,#1980,#1988,#1996));
#1970 = ORIENTED_EDGE('',*,*,#1971,.F.);
#1971 = EDGE_CURVE('',#1972,#1974,#1976,.T.);
#1972 = VERTEX_POINT('',#1973);
#1973 = CARTESIAN_POINT('',(2.86,-9.84,2.54));
#1974 = VERTEX_POINT('',#1975);
#1975 = CARTESIAN_POINT('',(2.22,-9.84,2.54));
#1976 = LINE('',#1977,#1978);
#1977 = CARTESIAN_POINT('',(1.745,-9.84,2.54));
#1978 = VECTOR('',#1979,1.);
#1979 = DIRECTION('',(-1.,0.,0.));
#1980 = ORIENTED_EDGE('',*,*,#1981,.F.);
#1981 = EDGE_CURVE('',#1982,#1972,#1984,.T.);
#1982 = VERTEX_POINT('',#1983);
#1983 = CARTESIAN_POINT('',(2.86,-10.48,2.54));
#1984 = LINE('',#1985,#1986);
#1985 = CARTESIAN_POINT('',(2.86,-10.955,2.54));
#1986 = VECTOR('',#1987,1.);
#1987 = DIRECTION('',(0.,1.,0.));
#1988 = ORIENTED_EDGE('',*,*,#1989,.T.);
#1989 = EDGE_CURVE('',#1982,#1990,#1992,.T.);
#1990 = VERTEX_POINT('',#1991);
#1991 = CARTESIAN_POINT('',(2.22,-10.48,2.54));
#1992 = LINE('',#1993,#1994);
#1993 = CARTESIAN_POINT('',(1.745,-10.48,2.54));
#1994 = VECTOR('',#1995,1.);
#1995 = DIRECTION('',(-1.,0.,0.));
#1996 = ORIENTED_EDGE('',*,*,#1997,.T.);
#1997 = EDGE_CURVE('',#1990,#1974,#1998,.T.);
#1998 = LINE('',#1999,#2000);
#1999 = CARTESIAN_POINT('',(2.22,-10.955,2.54));
#2000 = VECTOR('',#2001,1.);
#2001 = DIRECTION('',(0.,1.,0.));
#2002 = FACE_BOUND('',#2003,.T.);
#2003 = EDGE_LOOP('',(#2004,#2014,#2022,#2030));
#2004 = ORIENTED_EDGE('',*,*,#2005,.F.);
#2005 = EDGE_CURVE('',#2006,#2008,#2010,.T.);
#2006 = VERTEX_POINT('',#2007);
#2007 = CARTESIAN_POINT('',(2.86,-13.02,2.54));
#2008 = VERTEX_POINT('',#2009);
#2009 = CARTESIAN_POINT('',(2.86,-12.38,2.54));
#2010 = LINE('',#2011,#2012);
#2011 = CARTESIAN_POINT('',(2.86,-12.225,2.54));
#2012 = VECTOR('',#2013,1.);
#2013 = DIRECTION('',(0.,1.,0.));
#2014 = ORIENTED_EDGE('',*,*,#2015,.T.);
#2015 = EDGE_CURVE('',#2006,#2016,#2018,.T.);
#2016 = VERTEX_POINT('',#2017);
#2017 = CARTESIAN_POINT('',(2.22,-13.02,2.54));
#2018 = LINE('',#2019,#2020);
#2019 = CARTESIAN_POINT('',(1.745,-13.02,2.54));
#2020 = VECTOR('',#2021,1.);
#2021 = DIRECTION('',(-1.,0.,0.));
#2022 = ORIENTED_EDGE('',*,*,#2023,.T.);
#2023 = EDGE_CURVE('',#2016,#2024,#2026,.T.);
#2024 = VERTEX_POINT('',#2025);
#2025 = CARTESIAN_POINT('',(2.22,-12.38,2.54));
#2026 = LINE('',#2027,#2028);
#2027 = CARTESIAN_POINT('',(2.22,-12.225,2.54));
#2028 = VECTOR('',#2029,1.);
#2029 = DIRECTION('',(0.,1.,0.));
#2030 = ORIENTED_EDGE('',*,*,#2031,.F.);
#2031 = EDGE_CURVE('',#2008,#2024,#2032,.T.);
#2032 = LINE('',#2033,#2034);
#2033 = CARTESIAN_POINT('',(1.745,-12.38,2.54));
#2034 = VECTOR('',#2035,1.);
#2035 = DIRECTION('',(-1.,0.,0.));
#2036 = FACE_BOUND('',#2037,.T.);
#2037 = EDGE_LOOP('',(#2038,#2048,#2056,#2064));
#2038 = ORIENTED_EDGE('',*,*,#2039,.F.);
#2039 = EDGE_CURVE('',#2040,#2042,#2044,.T.);
#2040 = VERTEX_POINT('',#2041);
#2041 = CARTESIAN_POINT('',(0.32,-13.02,2.54));
#2042 = VERTEX_POINT('',#2043);
#2043 = CARTESIAN_POINT('',(0.32,-12.38,2.54));
#2044 = LINE('',#2045,#2046);
#2045 = CARTESIAN_POINT('',(0.32,-12.225,2.54));
#2046 = VECTOR('',#2047,1.);
#2047 = DIRECTION('',(0.,1.,0.));
#2048 = ORIENTED_EDGE('',*,*,#2049,.T.);
#2049 = EDGE_CURVE('',#2040,#2050,#2052,.T.);
#2050 = VERTEX_POINT('',#2051);
#2051 = CARTESIAN_POINT('',(-0.32,-13.02,2.54));
#2052 = LINE('',#2053,#2054);
#2053 = CARTESIAN_POINT('',(0.475,-13.02,2.54));
#2054 = VECTOR('',#2055,1.);
#2055 = DIRECTION('',(-1.,0.,0.));
#2056 = ORIENTED_EDGE('',*,*,#2057,.T.);
#2057 = EDGE_CURVE('',#2050,#2058,#2060,.T.);
#2058 = VERTEX_POINT('',#2059);
#2059 = CARTESIAN_POINT('',(-0.32,-12.38,2.54));
#2060 = LINE('',#2061,#2062);
#2061 = CARTESIAN_POINT('',(-0.32,-12.225,2.54));
#2062 = VECTOR('',#2063,1.);
#2063 = DIRECTION('',(0.,1.,0.));
#2064 = ORIENTED_EDGE('',*,*,#2065,.F.);
#2065 = EDGE_CURVE('',#2042,#2058,#2066,.T.);
#2066 = LINE('',#2067,#2068);
#2067 = CARTESIAN_POINT('',(0.475,-12.38,2.54));
#2068 = VECTOR('',#2069,1.);
#2069 = DIRECTION('',(-1.,0.,0.));
#2070 = FACE_BOUND('',#2071,.T.);
#2071 = EDGE_LOOP('',(#2072,#2082,#2090,#2098));
#2072 = ORIENTED_EDGE('',*,*,#2073,.F.);
#2073 = EDGE_CURVE('',#2074,#2076,#2078,.T.);
#2074 = VERTEX_POINT('',#2075);
#2075 = CARTESIAN_POINT('',(2.86,0.32,2.54));
#2076 = VERTEX_POINT('',#2077);
#2077 = CARTESIAN_POINT('',(2.22,0.32,2.54));
#2078 = LINE('',#2079,#2080);
#2079 = CARTESIAN_POINT('',(1.745,0.32,2.54));
#2080 = VECTOR('',#2081,1.);
#2081 = DIRECTION('',(-1.,0.,0.));
#2082 = ORIENTED_EDGE('',*,*,#2083,.F.);
#2083 = EDGE_CURVE('',#2084,#2074,#2086,.T.);
#2084 = VERTEX_POINT('',#2085);
#2085 = CARTESIAN_POINT('',(2.86,-0.32,2.54));
#2086 = LINE('',#2087,#2088);
#2087 = CARTESIAN_POINT('',(2.86,-5.875,2.54));
#2088 = VECTOR('',#2089,1.);
#2089 = DIRECTION('',(0.,1.,0.));
#2090 = ORIENTED_EDGE('',*,*,#2091,.T.);
#2091 = EDGE_CURVE('',#2084,#2092,#2094,.T.);
#2092 = VERTEX_POINT('',#2093);
#2093 = CARTESIAN_POINT('',(2.22,-0.32,2.54));
#2094 = LINE('',#2095,#2096);
#2095 = CARTESIAN_POINT('',(1.745,-0.32,2.54));
#2096 = VECTOR('',#2097,1.);
#2097 = DIRECTION('',(-1.,0.,0.));
#2098 = ORIENTED_EDGE('',*,*,#2099,.T.);
#2099 = EDGE_CURVE('',#2092,#2076,#2100,.T.);
#2100 = LINE('',#2101,#2102);
#2101 = CARTESIAN_POINT('',(2.22,-5.875,2.54));
#2102 = VECTOR('',#2103,1.);
#2103 = DIRECTION('',(0.,1.,0.));
#2104 = FACE_BOUND('',#2105,.T.);
#2105 = EDGE_LOOP('',(#2106,#2116,#2124,#2132));
#2106 = ORIENTED_EDGE('',*,*,#2107,.T.);
#2107 = EDGE_CURVE('',#2108,#2110,#2112,.T.);
#2108 = VERTEX_POINT('',#2109);
#2109 = CARTESIAN_POINT('',(0.32,-0.32,2.54));
#2110 = VERTEX_POINT('',#2111);
#2111 = CARTESIAN_POINT('',(-0.32,-0.32,2.54));
#2112 = LINE('',#2113,#2114);
#2113 = CARTESIAN_POINT('',(0.475,-0.32,2.54));
#2114 = VECTOR('',#2115,1.);
#2115 = DIRECTION('',(-1.,0.,0.));
#2116 = ORIENTED_EDGE('',*,*,#2117,.T.);
#2117 = EDGE_CURVE('',#2110,#2118,#2120,.T.);
#2118 = VERTEX_POINT('',#2119);
#2119 = CARTESIAN_POINT('',(-0.32,0.32,2.54));
#2120 = LINE('',#2121,#2122);
#2121 = CARTESIAN_POINT('',(-0.32,-5.875,2.54));
#2122 = VECTOR('',#2123,1.);
#2123 = DIRECTION('',(0.,1.,0.));
#2124 = ORIENTED_EDGE('',*,*,#2125,.F.);
#2125 = EDGE_CURVE('',#2126,#2118,#2128,.T.);
#2126 = VERTEX_POINT('',#2127);
#2127 = CARTESIAN_POINT('',(0.32,0.32,2.54));
#2128 = LINE('',#2129,#2130);
#2129 = CARTESIAN_POINT('',(0.475,0.32,2.54));
#2130 = VECTOR('',#2131,1.);
#2131 = DIRECTION('',(-1.,0.,0.));
#2132 = ORIENTED_EDGE('',*,*,#2133,.F.);
#2133 = EDGE_CURVE('',#2108,#2126,#2134,.T.);
#2134 = LINE('',#2135,#2136);
#2135 = CARTESIAN_POINT('',(0.32,-5.875,2.54));
#2136 = VECTOR('',#2137,1.);
#2137 = DIRECTION('',(0.,1.,0.));
#2138 = FACE_BOUND('',#2139,.T.);
#2139 = EDGE_LOOP('',(#2140,#2150,#2158,#2166));
#2140 = ORIENTED_EDGE('',*,*,#2141,.F.);
#2141 = EDGE_CURVE('',#2142,#2144,#2146,.T.);
#2142 = VERTEX_POINT('',#2143);
#2143 = CARTESIAN_POINT('',(2.86,-4.76,2.54));
#2144 = VERTEX_POINT('',#2145);
#2145 = CARTESIAN_POINT('',(2.22,-4.76,2.54));
#2146 = LINE('',#2147,#2148);
#2147 = CARTESIAN_POINT('',(1.745,-4.76,2.54));
#2148 = VECTOR('',#2149,1.);
#2149 = DIRECTION('',(-1.,0.,0.));
#2150 = ORIENTED_EDGE('',*,*,#2151,.F.);
#2151 = EDGE_CURVE('',#2152,#2142,#2154,.T.);
#2152 = VERTEX_POINT('',#2153);
#2153 = CARTESIAN_POINT('',(2.86,-5.4,2.54));
#2154 = LINE('',#2155,#2156);
#2155 = CARTESIAN_POINT('',(2.86,-8.415,2.54));
#2156 = VECTOR('',#2157,1.);
#2157 = DIRECTION('',(0.,1.,0.));
#2158 = ORIENTED_EDGE('',*,*,#2159,.T.);
#2159 = EDGE_CURVE('',#2152,#2160,#2162,.T.);
#2160 = VERTEX_POINT('',#2161);
#2161 = CARTESIAN_POINT('',(2.22,-5.4,2.54));
#2162 = LINE('',#2163,#2164);
#2163 = CARTESIAN_POINT('',(1.745,-5.4,2.54));
#2164 = VECTOR('',#2165,1.);
#2165 = DIRECTION('',(-1.,0.,0.));
#2166 = ORIENTED_EDGE('',*,*,#2167,.T.);
#2167 = EDGE_CURVE('',#2160,#2144,#2168,.T.);
#2168 = LINE('',#2169,#2170);
#2169 = CARTESIAN_POINT('',(2.22,-8.415,2.54));
#2170 = VECTOR('',#2171,1.);
#2171 = DIRECTION('',(0.,1.,0.));
#2172 = FACE_BOUND('',#2173,.T.);
#2173 = EDGE_LOOP('',(#2174,#2184,#2192,#2200));
#2174 = ORIENTED_EDGE('',*,*,#2175,.F.);
#2175 = EDGE_CURVE('',#2176,#2178,#2180,.T.);
#2176 = VERTEX_POINT('',#2177);
#2177 = CARTESIAN_POINT('',(0.32,-4.76,2.54));
#2178 = VERTEX_POINT('',#2179);
#2179 = CARTESIAN_POINT('',(-0.32,-4.76,2.54));
#2180 = LINE('',#2181,#2182);
#2181 = CARTESIAN_POINT('',(0.475,-4.76,2.54));
#2182 = VECTOR('',#2183,1.);
#2183 = DIRECTION('',(-1.,0.,0.));
#2184 = ORIENTED_EDGE('',*,*,#2185,.F.);
#2185 = EDGE_CURVE('',#2186,#2176,#2188,.T.);
#2186 = VERTEX_POINT('',#2187);
#2187 = CARTESIAN_POINT('',(0.32,-5.4,2.54));
#2188 = LINE('',#2189,#2190);
#2189 = CARTESIAN_POINT('',(0.32,-8.415,2.54));
#2190 = VECTOR('',#2191,1.);
#2191 = DIRECTION('',(0.,1.,0.));
#2192 = ORIENTED_EDGE('',*,*,#2193,.T.);
#2193 = EDGE_CURVE('',#2186,#2194,#2196,.T.);
#2194 = VERTEX_POINT('',#2195);
#2195 = CARTESIAN_POINT('',(-0.32,-5.4,2.54));
#2196 = LINE('',#2197,#2198);
#2197 = CARTESIAN_POINT('',(0.475,-5.4,2.54));
#2198 = VECTOR('',#2199,1.);
#2199 = DIRECTION('',(-1.,0.,0.));
#2200 = ORIENTED_EDGE('',*,*,#2201,.T.);
#2201 = EDGE_CURVE('',#2194,#2178,#2202,.T.);
#2202 = LINE('',#2203,#2204);
#2203 = CARTESIAN_POINT('',(-0.32,-8.415,2.54));
#2204 = VECTOR('',#2205,1.);
#2205 = DIRECTION('',(0.,1.,0.));
#2206 = FACE_BOUND('',#2207,.T.);
#2207 = EDGE_LOOP('',(#2208,#2218,#2226,#2234));
#2208 = ORIENTED_EDGE('',*,*,#2209,.F.);
#2209 = EDGE_CURVE('',#2210,#2212,#2214,.T.);
#2210 = VERTEX_POINT('',#2211);
#2211 = CARTESIAN_POINT('',(0.32,-2.22,2.54));
#2212 = VERTEX_POINT('',#2213);
#2213 = CARTESIAN_POINT('',(-0.32,-2.22,2.54));
#2214 = LINE('',#2215,#2216);
#2215 = CARTESIAN_POINT('',(0.475,-2.22,2.54));
#2216 = VECTOR('',#2217,1.);
#2217 = DIRECTION('',(-1.,0.,0.));
#2218 = ORIENTED_EDGE('',*,*,#2219,.F.);
#2219 = EDGE_CURVE('',#2220,#2210,#2222,.T.);
#2220 = VERTEX_POINT('',#2221);
#2221 = CARTESIAN_POINT('',(0.32,-2.86,2.54));
#2222 = LINE('',#2223,#2224);
#2223 = CARTESIAN_POINT('',(0.32,-7.145,2.54));
#2224 = VECTOR('',#2225,1.);
#2225 = DIRECTION('',(0.,1.,0.));
#2226 = ORIENTED_EDGE('',*,*,#2227,.T.);
#2227 = EDGE_CURVE('',#2220,#2228,#2230,.T.);
#2228 = VERTEX_POINT('',#2229);
#2229 = CARTESIAN_POINT('',(-0.32,-2.86,2.54));
#2230 = LINE('',#2231,#2232);
#2231 = CARTESIAN_POINT('',(0.475,-2.86,2.54));
#2232 = VECTOR('',#2233,1.);
#2233 = DIRECTION('',(-1.,0.,0.));
#2234 = ORIENTED_EDGE('',*,*,#2235,.T.);
#2235 = EDGE_CURVE('',#2228,#2212,#2236,.T.);
#2236 = LINE('',#2237,#2238);
#2237 = CARTESIAN_POINT('',(-0.32,-7.145,2.54));
#2238 = VECTOR('',#2239,1.);
#2239 = DIRECTION('',(0.,1.,0.));
#2240 = FACE_BOUND('',#2241,.T.);
#2241 = EDGE_LOOP('',(#2242,#2252,#2260,#2268));
#2242 = ORIENTED_EDGE('',*,*,#2243,.F.);
#2243 = EDGE_CURVE('',#2244,#2246,#2248,.T.);
#2244 = VERTEX_POINT('',#2245);
#2245 = CARTESIAN_POINT('',(2.86,-2.86,2.54));
#2246 = VERTEX_POINT('',#2247);
#2247 = CARTESIAN_POINT('',(2.86,-2.22,2.54));
#2248 = LINE('',#2249,#2250);
#2249 = CARTESIAN_POINT('',(2.86,-7.145,2.54));
#2250 = VECTOR('',#2251,1.);
#2251 = DIRECTION('',(0.,1.,0.));
#2252 = ORIENTED_EDGE('',*,*,#2253,.T.);
#2253 = EDGE_CURVE('',#2244,#2254,#2256,.T.);
#2254 = VERTEX_POINT('',#2255);
#2255 = CARTESIAN_POINT('',(2.22,-2.86,2.54));
#2256 = LINE('',#2257,#2258);
#2257 = CARTESIAN_POINT('',(1.745,-2.86,2.54));
#2258 = VECTOR('',#2259,1.);
#2259 = DIRECTION('',(-1.,0.,0.));
#2260 = ORIENTED_EDGE('',*,*,#2261,.T.);
#2261 = EDGE_CURVE('',#2254,#2262,#2264,.T.);
#2262 = VERTEX_POINT('',#2263);
#2263 = CARTESIAN_POINT('',(2.22,-2.22,2.54));
#2264 = LINE('',#2265,#2266);
#2265 = CARTESIAN_POINT('',(2.22,-7.145,2.54));
#2266 = VECTOR('',#2267,1.);
#2267 = DIRECTION('',(0.,1.,0.));
#2268 = ORIENTED_EDGE('',*,*,#2269,.F.);
#2269 = EDGE_CURVE('',#2246,#2262,#2270,.T.);
#2270 = LINE('',#2271,#2272);
#2271 = CARTESIAN_POINT('',(1.745,-2.22,2.54));
#2272 = VECTOR('',#2273,1.);
#2273 = DIRECTION('',(-1.,0.,0.));
#2274 = FACE_BOUND('',#2275,.T.);
#2275 = EDGE_LOOP('',(#2276,#2286,#2294,#2302));
#2276 = ORIENTED_EDGE('',*,*,#2277,.F.);
#2277 = EDGE_CURVE('',#2278,#2280,#2282,.T.);
#2278 = VERTEX_POINT('',#2279);
#2279 = CARTESIAN_POINT('',(2.86,-7.94,2.54));
#2280 = VERTEX_POINT('',#2281);
#2281 = CARTESIAN_POINT('',(2.86,-7.3,2.54));
#2282 = LINE('',#2283,#2284);
#2283 = CARTESIAN_POINT('',(2.86,-9.685,2.54));
#2284 = VECTOR('',#2285,1.);
#2285 = DIRECTION('',(0.,1.,0.));
#2286 = ORIENTED_EDGE('',*,*,#2287,.T.);
#2287 = EDGE_CURVE('',#2278,#2288,#2290,.T.);
#2288 = VERTEX_POINT('',#2289);
#2289 = CARTESIAN_POINT('',(2.22,-7.94,2.54));
#2290 = LINE('',#2291,#2292);
#2291 = CARTESIAN_POINT('',(1.745,-7.94,2.54));
#2292 = VECTOR('',#2293,1.);
#2293 = DIRECTION('',(-1.,0.,0.));
#2294 = ORIENTED_EDGE('',*,*,#2295,.T.);
#2295 = EDGE_CURVE('',#2288,#2296,#2298,.T.);
#2296 = VERTEX_POINT('',#2297);
#2297 = CARTESIAN_POINT('',(2.22,-7.3,2.54));
#2298 = LINE('',#2299,#2300);
#2299 = CARTESIAN_POINT('',(2.22,-9.685,2.54));
#2300 = VECTOR('',#2301,1.);
#2301 = DIRECTION('',(0.,1.,0.));
#2302 = ORIENTED_EDGE('',*,*,#2303,.F.);
#2303 = EDGE_CURVE('',#2280,#2296,#2304,.T.);
#2304 = LINE('',#2305,#2306);
#2305 = CARTESIAN_POINT('',(1.745,-7.3,2.54));
#2306 = VECTOR('',#2307,1.);
#2307 = DIRECTION('',(-1.,0.,0.));
#2308 = FACE_BOUND('',#2309,.T.);
#2309 = EDGE_LOOP('',(#2310,#2320,#2328,#2336));
#2310 = ORIENTED_EDGE('',*,*,#2311,.F.);
#2311 = EDGE_CURVE('',#2312,#2314,#2316,.T.);
#2312 = VERTEX_POINT('',#2313);
#2313 = CARTESIAN_POINT('',(0.32,-7.94,2.54));
#2314 = VERTEX_POINT('',#2315);
#2315 = CARTESIAN_POINT('',(0.32,-7.3,2.54));
#2316 = LINE('',#2317,#2318);
#2317 = CARTESIAN_POINT('',(0.32,-9.685,2.54));
#2318 = VECTOR('',#2319,1.);
#2319 = DIRECTION('',(0.,1.,0.));
#2320 = ORIENTED_EDGE('',*,*,#2321,.T.);
#2321 = EDGE_CURVE('',#2312,#2322,#2324,.T.);
#2322 = VERTEX_POINT('',#2323);
#2323 = CARTESIAN_POINT('',(-0.32,-7.94,2.54));
#2324 = LINE('',#2325,#2326);
#2325 = CARTESIAN_POINT('',(0.475,-7.94,2.54));
#2326 = VECTOR('',#2327,1.);
#2327 = DIRECTION('',(-1.,0.,0.));
#2328 = ORIENTED_EDGE('',*,*,#2329,.T.);
#2329 = EDGE_CURVE('',#2322,#2330,#2332,.T.);
#2330 = VERTEX_POINT('',#2331);
#2331 = CARTESIAN_POINT('',(-0.32,-7.3,2.54));
#2332 = LINE('',#2333,#2334);
#2333 = CARTESIAN_POINT('',(-0.32,-9.685,2.54));
#2334 = VECTOR('',#2335,1.);
#2335 = DIRECTION('',(0.,1.,0.));
#2336 = ORIENTED_EDGE('',*,*,#2337,.F.);
#2337 = EDGE_CURVE('',#2314,#2330,#2338,.T.);
#2338 = LINE('',#2339,#2340);
#2339 = CARTESIAN_POINT('',(0.475,-7.3,2.54));
#2340 = VECTOR('',#2341,1.);
#2341 = DIRECTION('',(-1.,0.,0.));
#2342 = FACE_BOUND('',#2343,.T.);
#2343 = EDGE_LOOP('',(#2344,#2354,#2362,#2370));
#2344 = ORIENTED_EDGE('',*,*,#2345,.F.);
#2345 = EDGE_CURVE('',#2346,#2348,#2350,.T.);
#2346 = VERTEX_POINT('',#2347);
#2347 = CARTESIAN_POINT('',(0.32,-22.54,2.54));
#2348 = VERTEX_POINT('',#2349);
#2349 = CARTESIAN_POINT('',(-0.32,-22.54,2.54));
#2350 = LINE('',#2351,#2352);
#2351 = CARTESIAN_POINT('',(0.475,-22.54,2.54));
#2352 = VECTOR('',#2353,1.);
#2353 = DIRECTION('',(-1.,0.,0.));
#2354 = ORIENTED_EDGE('',*,*,#2355,.F.);
#2355 = EDGE_CURVE('',#2356,#2346,#2358,.T.);
#2356 = VERTEX_POINT('',#2357);
#2357 = CARTESIAN_POINT('',(0.32,-23.18,2.54));
#2358 = LINE('',#2359,#2360);
#2359 = CARTESIAN_POINT('',(0.32,-17.305,2.54));
#2360 = VECTOR('',#2361,1.);
#2361 = DIRECTION('',(0.,1.,0.));
#2362 = ORIENTED_EDGE('',*,*,#2363,.T.);
#2363 = EDGE_CURVE('',#2356,#2364,#2366,.T.);
#2364 = VERTEX_POINT('',#2365);
#2365 = CARTESIAN_POINT('',(-0.32,-23.18,2.54));
#2366 = LINE('',#2367,#2368);
#2367 = CARTESIAN_POINT('',(0.475,-23.18,2.54));
#2368 = VECTOR('',#2369,1.);
#2369 = DIRECTION('',(-1.,0.,0.));
#2370 = ORIENTED_EDGE('',*,*,#2371,.T.);
#2371 = EDGE_CURVE('',#2364,#2348,#2372,.T.);
#2372 = LINE('',#2373,#2374);
#2373 = CARTESIAN_POINT('',(-0.32,-17.305,2.54));
#2374 = VECTOR('',#2375,1.);
#2375 = DIRECTION('',(0.,1.,0.));
#2376 = FACE_BOUND('',#2377,.T.);
#2377 = EDGE_LOOP('',(#2378,#2388,#2396,#2404));
#2378 = ORIENTED_EDGE('',*,*,#2379,.T.);
#2379 = EDGE_CURVE('',#2380,#2382,#2384,.T.);
#2380 = VERTEX_POINT('',#2381);
#2381 = CARTESIAN_POINT('',(0.32,-20.64,2.54));
#2382 = VERTEX_POINT('',#2383);
#2383 = CARTESIAN_POINT('',(-0.32,-20.64,2.54));
#2384 = LINE('',#2385,#2386);
#2385 = CARTESIAN_POINT('',(0.475,-20.64,2.54));
#2386 = VECTOR('',#2387,1.);
#2387 = DIRECTION('',(-1.,0.,0.));
#2388 = ORIENTED_EDGE('',*,*,#2389,.T.);
#2389 = EDGE_CURVE('',#2382,#2390,#2392,.T.);
#2390 = VERTEX_POINT('',#2391);
#2391 = CARTESIAN_POINT('',(-0.32,-20.,2.54));
#2392 = LINE('',#2393,#2394);
#2393 = CARTESIAN_POINT('',(-0.32,-16.035,2.54));
#2394 = VECTOR('',#2395,1.);
#2395 = DIRECTION('',(0.,1.,0.));
#2396 = ORIENTED_EDGE('',*,*,#2397,.F.);
#2397 = EDGE_CURVE('',#2398,#2390,#2400,.T.);
#2398 = VERTEX_POINT('',#2399);
#2399 = CARTESIAN_POINT('',(0.32,-20.,2.54));
#2400 = LINE('',#2401,#2402);
#2401 = CARTESIAN_POINT('',(0.475,-20.,2.54));
#2402 = VECTOR('',#2403,1.);
#2403 = DIRECTION('',(-1.,0.,0.));
#2404 = ORIENTED_EDGE('',*,*,#2405,.F.);
#2405 = EDGE_CURVE('',#2380,#2398,#2406,.T.);
#2406 = LINE('',#2407,#2408);
#2407 = CARTESIAN_POINT('',(0.32,-16.035,2.54));
#2408 = VECTOR('',#2409,1.);
#2409 = DIRECTION('',(0.,1.,0.));
#2410 = FACE_BOUND('',#2411,.T.);
#2411 = EDGE_LOOP('',(#2412,#2422,#2430,#2438));
#2412 = ORIENTED_EDGE('',*,*,#2413,.F.);
#2413 = EDGE_CURVE('',#2414,#2416,#2418,.T.);
#2414 = VERTEX_POINT('',#2415);
#2415 = CARTESIAN_POINT('',(2.86,-20.,2.54));
#2416 = VERTEX_POINT('',#2417);
#2417 = CARTESIAN_POINT('',(2.22,-20.,2.54));
#2418 = LINE('',#2419,#2420);
#2419 = CARTESIAN_POINT('',(1.745,-20.,2.54));
#2420 = VECTOR('',#2421,1.);
#2421 = DIRECTION('',(-1.,0.,0.));
#2422 = ORIENTED_EDGE('',*,*,#2423,.F.);
#2423 = EDGE_CURVE('',#2424,#2414,#2426,.T.);
#2424 = VERTEX_POINT('',#2425);
#2425 = CARTESIAN_POINT('',(2.86,-20.64,2.54));
#2426 = LINE('',#2427,#2428);
#2427 = CARTESIAN_POINT('',(2.86,-16.035,2.54));
#2428 = VECTOR('',#2429,1.);
#2429 = DIRECTION('',(0.,1.,0.));
#2430 = ORIENTED_EDGE('',*,*,#2431,.T.);
#2431 = EDGE_CURVE('',#2424,#2432,#2434,.T.);
#2432 = VERTEX_POINT('',#2433);
#2433 = CARTESIAN_POINT('',(2.22,-20.64,2.54));
#2434 = LINE('',#2435,#2436);
#2435 = CARTESIAN_POINT('',(1.745,-20.64,2.54));
#2436 = VECTOR('',#2437,1.);
#2437 = DIRECTION('',(-1.,0.,0.));
#2438 = ORIENTED_EDGE('',*,*,#2439,.T.);
#2439 = EDGE_CURVE('',#2432,#2416,#2440,.T.);
#2440 = LINE('',#2441,#2442);
#2441 = CARTESIAN_POINT('',(2.22,-16.035,2.54));
#2442 = VECTOR('',#2443,1.);
#2443 = DIRECTION('',(0.,1.,0.));
#2444 = FACE_BOUND('',#2445,.T.);
#2445 = EDGE_LOOP('',(#2446,#2456,#2464,#2472));
#2446 = ORIENTED_EDGE('',*,*,#2447,.F.);
#2447 = EDGE_CURVE('',#2448,#2450,#2452,.T.);
#2448 = VERTEX_POINT('',#2449);
#2449 = CARTESIAN_POINT('',(2.86,-23.18,2.54));
#2450 = VERTEX_POINT('',#2451);
#2451 = CARTESIAN_POINT('',(2.86,-22.54,2.54));
#2452 = LINE('',#2453,#2454);
#2453 = CARTESIAN_POINT('',(2.86,-17.305,2.54));
#2454 = VECTOR('',#2455,1.);
#2455 = DIRECTION('',(0.,1.,0.));
#2456 = ORIENTED_EDGE('',*,*,#2457,.T.);
#2457 = EDGE_CURVE('',#2448,#2458,#2460,.T.);
#2458 = VERTEX_POINT('',#2459);
#2459 = CARTESIAN_POINT('',(2.22,-23.18,2.54));
#2460 = LINE('',#2461,#2462);
#2461 = CARTESIAN_POINT('',(1.745,-23.18,2.54));
#2462 = VECTOR('',#2463,1.);
#2463 = DIRECTION('',(-1.,0.,0.));
#2464 = ORIENTED_EDGE('',*,*,#2465,.T.);
#2465 = EDGE_CURVE('',#2458,#2466,#2468,.T.);
#2466 = VERTEX_POINT('',#2467);
#2467 = CARTESIAN_POINT('',(2.22,-22.54,2.54));
#2468 = LINE('',#2469,#2470);
#2469 = CARTESIAN_POINT('',(2.22,-17.305,2.54));
#2470 = VECTOR('',#2471,1.);
#2471 = DIRECTION('',(0.,1.,0.));
#2472 = ORIENTED_EDGE('',*,*,#2473,.F.);
#2473 = EDGE_CURVE('',#2450,#2466,#2474,.T.);
#2474 = LINE('',#2475,#2476);
#2475 = CARTESIAN_POINT('',(1.745,-22.54,2.54));
#2476 = VECTOR('',#2477,1.);
#2477 = DIRECTION('',(-1.,0.,0.));
#2478 = PLANE('',#2479);
#2479 = AXIS2_PLACEMENT_3D('',#2480,#2481,#2482);
#2480 = CARTESIAN_POINT('',(1.27,-11.43,2.54));
#2481 = DIRECTION('',(0.,0.,1.));
#2482 = DIRECTION('',(1.,0.,-0.));
#2483 = ADVANCED_FACE('',(#2484),#2495,.F.);
#2484 = FACE_BOUND('',#2485,.F.);
#2485 = EDGE_LOOP('',(#2486,#2492,#2493,#2494));
#2486 = ORIENTED_EDGE('',*,*,#2487,.T.);
#2487 = EDGE_CURVE('',#624,#1785,#2488,.T.);
#2488 = LINE('',#2489,#2490);
#2489 = CARTESIAN_POINT('',(3.81,1.016,0.));
#2490 = VECTOR('',#2491,1.);
#2491 = DIRECTION('',(0.,0.,1.));
#2492 = ORIENTED_EDGE('',*,*,#1792,.T.);
#2493 = ORIENTED_EDGE('',*,*,#103,.F.);
#2494 = ORIENTED_EDGE('',*,*,#631,.F.);
#2495 = PLANE('',#2496);
#2496 = AXIS2_PLACEMENT_3D('',#2497,#2498,#2499);
#2497 = CARTESIAN_POINT('',(3.81,1.016,0.));
#2498 = DIRECTION('',(-0.707106781187,-0.707106781187,0.));
#2499 = DIRECTION('',(-0.707106781187,0.707106781187,0.));
#2500 = ADVANCED_FACE('',(#2501),#2512,.F.);
#2501 = FACE_BOUND('',#2502,.F.);
#2502 = EDGE_LOOP('',(#2503,#2504,#2505,#2511));
#2503 = ORIENTED_EDGE('',*,*,#143,.T.);
#2504 = ORIENTED_EDGE('',*,*,#1328,.T.);
#2505 = ORIENTED_EDGE('',*,*,#2506,.F.);
#2506 = EDGE_CURVE('',#168,#1329,#2507,.T.);
#2507 = LINE('',#2508,#2509);
#2508 = CARTESIAN_POINT('',(-1.016,-1.27,0.));
#2509 = VECTOR('',#2510,1.);
#2510 = DIRECTION('',(0.,0.,1.));
#2511 = ORIENTED_EDGE('',*,*,#167,.F.);
#2512 = PLANE('',#2513);
#2513 = AXIS2_PLACEMENT_3D('',#2514,#2515,#2516);
#2514 = CARTESIAN_POINT('',(-1.27,-1.016,0.));
#2515 = DIRECTION('',(0.707106781187,0.707106781187,0.));
#2516 = DIRECTION('',(0.707106781187,-0.707106781187,0.));
#2517 = ADVANCED_FACE('',(#2518),#2529,.F.);
#2518 = FACE_BOUND('',#2519,.F.);
#2519 = EDGE_LOOP('',(#2520,#2526,#2527,#2528));
#2520 = ORIENTED_EDGE('',*,*,#2521,.T.);
#2521 = EDGE_CURVE('',#616,#1777,#2522,.T.);
#2522 = LINE('',#2523,#2524);
#2523 = CARTESIAN_POINT('',(3.81,-1.016,0.));
#2524 = VECTOR('',#2525,1.);
#2525 = DIRECTION('',(0.,0.,1.));
#2526 = ORIENTED_EDGE('',*,*,#1784,.T.);
#2527 = ORIENTED_EDGE('',*,*,#2487,.F.);
#2528 = ORIENTED_EDGE('',*,*,#623,.F.);
#2529 = PLANE('',#2530);
#2530 = AXIS2_PLACEMENT_3D('',#2531,#2532,#2533);
#2531 = CARTESIAN_POINT('',(3.81,-1.016,0.));
#2532 = DIRECTION('',(-1.,0.,0.));
#2533 = DIRECTION('',(0.,1.,0.));
#2534 = ADVANCED_FACE('',(#2535),#2546,.F.);
#2535 = FACE_BOUND('',#2536,.F.);
#2536 = EDGE_LOOP('',(#2537,#2538,#2539,#2545));
#2537 = ORIENTED_EDGE('',*,*,#2506,.T.);
#2538 = ORIENTED_EDGE('',*,*,#1336,.T.);
#2539 = ORIENTED_EDGE('',*,*,#2540,.F.);
#2540 = EDGE_CURVE('',#176,#1337,#2541,.T.);
#2541 = LINE('',#2542,#2543);
#2542 = CARTESIAN_POINT('',(-1.27,-1.524,0.));
#2543 = VECTOR('',#2544,1.);
#2544 = DIRECTION('',(0.,0.,1.));
#2545 = ORIENTED_EDGE('',*,*,#175,.F.);
#2546 = PLANE('',#2547);
#2547 = AXIS2_PLACEMENT_3D('',#2548,#2549,#2550);
#2548 = CARTESIAN_POINT('',(-1.016,-1.27,0.));
#2549 = DIRECTION('',(0.707106781187,-0.707106781187,0.));
#2550 = DIRECTION('',(-0.707106781187,-0.707106781187,0.));
#2551 = ADVANCED_FACE('',(#2552),#2563,.F.);
#2552 = FACE_BOUND('',#2553,.F.);
#2553 = EDGE_LOOP('',(#2554,#2560,#2561,#2562));
#2554 = ORIENTED_EDGE('',*,*,#2555,.T.);
#2555 = EDGE_CURVE('',#608,#1769,#2556,.T.);
#2556 = LINE('',#2557,#2558);
#2557 = CARTESIAN_POINT('',(3.556,-1.27,0.));
#2558 = VECTOR('',#2559,1.);
#2559 = DIRECTION('',(0.,0.,1.));
#2560 = ORIENTED_EDGE('',*,*,#1776,.T.);
#2561 = ORIENTED_EDGE('',*,*,#2521,.F.);
#2562 = ORIENTED_EDGE('',*,*,#615,.F.);
#2563 = PLANE('',#2564);
#2564 = AXIS2_PLACEMENT_3D('',#2565,#2566,#2567);
#2565 = CARTESIAN_POINT('',(3.556,-1.27,0.));
#2566 = DIRECTION('',(-0.707106781187,0.707106781187,0.));
#2567 = DIRECTION('',(0.707106781187,0.707106781187,0.));
#2568 = ADVANCED_FACE('',(#2569),#2580,.F.);
#2569 = FACE_BOUND('',#2570,.F.);
#2570 = EDGE_LOOP('',(#2571,#2572,#2573,#2579));
#2571 = ORIENTED_EDGE('',*,*,#2540,.T.);
#2572 = ORIENTED_EDGE('',*,*,#1344,.T.);
#2573 = ORIENTED_EDGE('',*,*,#2574,.F.);
#2574 = EDGE_CURVE('',#184,#1345,#2575,.T.);
#2575 = LINE('',#2576,#2577);
#2576 = CARTESIAN_POINT('',(-1.27,-3.556,0.));
#2577 = VECTOR('',#2578,1.);
#2578 = DIRECTION('',(0.,0.,1.));
#2579 = ORIENTED_EDGE('',*,*,#183,.F.);
#2580 = PLANE('',#2581);
#2581 = AXIS2_PLACEMENT_3D('',#2582,#2583,#2584);
#2582 = CARTESIAN_POINT('',(-1.27,-1.524,0.));
#2583 = DIRECTION('',(1.,0.,0.));
#2584 = DIRECTION('',(0.,-1.,0.));
#2585 = ADVANCED_FACE('',(#2586),#2597,.F.);
#2586 = FACE_BOUND('',#2587,.F.);
#2587 = EDGE_LOOP('',(#2588,#2594,#2595,#2596));
#2588 = ORIENTED_EDGE('',*,*,#2589,.T.);
#2589 = EDGE_CURVE('',#600,#1761,#2590,.T.);
#2590 = LINE('',#2591,#2592);
#2591 = CARTESIAN_POINT('',(3.81,-1.524,0.));
#2592 = VECTOR('',#2593,1.);
#2593 = DIRECTION('',(0.,0.,1.));
#2594 = ORIENTED_EDGE('',*,*,#1768,.T.);
#2595 = ORIENTED_EDGE('',*,*,#2555,.F.);
#2596 = ORIENTED_EDGE('',*,*,#607,.F.);
#2597 = PLANE('',#2598);
#2598 = AXIS2_PLACEMENT_3D('',#2599,#2600,#2601);
#2599 = CARTESIAN_POINT('',(3.81,-1.524,0.));
#2600 = DIRECTION('',(-0.707106781187,-0.707106781187,0.));
#2601 = DIRECTION('',(-0.707106781187,0.707106781187,0.));
#2602 = ADVANCED_FACE('',(#2603),#2614,.F.);
#2603 = FACE_BOUND('',#2604,.F.);
#2604 = EDGE_LOOP('',(#2605,#2606,#2607,#2613));
#2605 = ORIENTED_EDGE('',*,*,#2574,.T.);
#2606 = ORIENTED_EDGE('',*,*,#1352,.T.);
#2607 = ORIENTED_EDGE('',*,*,#2608,.F.);
#2608 = EDGE_CURVE('',#192,#1353,#2609,.T.);
#2609 = LINE('',#2610,#2611);
#2610 = CARTESIAN_POINT('',(-1.016,-3.81,0.));
#2611 = VECTOR('',#2612,1.);
#2612 = DIRECTION('',(0.,0.,1.));
#2613 = ORIENTED_EDGE('',*,*,#191,.F.);
#2614 = PLANE('',#2615);
#2615 = AXIS2_PLACEMENT_3D('',#2616,#2617,#2618);
#2616 = CARTESIAN_POINT('',(-1.27,-3.556,0.));
#2617 = DIRECTION('',(0.707106781187,0.707106781187,0.));
#2618 = DIRECTION('',(0.707106781187,-0.707106781187,0.));
#2619 = ADVANCED_FACE('',(#2620),#2631,.F.);
#2620 = FACE_BOUND('',#2621,.F.);
#2621 = EDGE_LOOP('',(#2622,#2628,#2629,#2630));
#2622 = ORIENTED_EDGE('',*,*,#2623,.T.);
#2623 = EDGE_CURVE('',#592,#1753,#2624,.T.);
#2624 = LINE('',#2625,#2626);
#2625 = CARTESIAN_POINT('',(3.81,-3.556,0.));
#2626 = VECTOR('',#2627,1.);
#2627 = DIRECTION('',(0.,0.,1.));
#2628 = ORIENTED_EDGE('',*,*,#1760,.T.);
#2629 = ORIENTED_EDGE('',*,*,#2589,.F.);
#2630 = ORIENTED_EDGE('',*,*,#599,.F.);
#2631 = PLANE('',#2632);
#2632 = AXIS2_PLACEMENT_3D('',#2633,#2634,#2635);
#2633 = CARTESIAN_POINT('',(3.81,-3.556,0.));
#2634 = DIRECTION('',(-1.,0.,0.));
#2635 = DIRECTION('',(0.,1.,0.));
#2636 = ADVANCED_FACE('',(#2637),#2648,.F.);
#2637 = FACE_BOUND('',#2638,.F.);
#2638 = EDGE_LOOP('',(#2639,#2640,#2641,#2647));
#2639 = ORIENTED_EDGE('',*,*,#2608,.T.);
#2640 = ORIENTED_EDGE('',*,*,#1360,.T.);
#2641 = ORIENTED_EDGE('',*,*,#2642,.F.);
#2642 = EDGE_CURVE('',#200,#1361,#2643,.T.);
#2643 = LINE('',#2644,#2645);
#2644 = CARTESIAN_POINT('',(-1.27,-4.064,0.));
#2645 = VECTOR('',#2646,1.);
#2646 = DIRECTION('',(0.,0.,1.));
#2647 = ORIENTED_EDGE('',*,*,#199,.F.);
#2648 = PLANE('',#2649);
#2649 = AXIS2_PLACEMENT_3D('',#2650,#2651,#2652);
#2650 = CARTESIAN_POINT('',(-1.016,-3.81,0.));
#2651 = DIRECTION('',(0.707106781187,-0.707106781187,0.));
#2652 = DIRECTION('',(-0.707106781187,-0.707106781187,0.));
#2653 = ADVANCED_FACE('',(#2654),#2665,.F.);
#2654 = FACE_BOUND('',#2655,.F.);
#2655 = EDGE_LOOP('',(#2656,#2662,#2663,#2664));
#2656 = ORIENTED_EDGE('',*,*,#2657,.T.);
#2657 = EDGE_CURVE('',#584,#1745,#2658,.T.);
#2658 = LINE('',#2659,#2660);
#2659 = CARTESIAN_POINT('',(3.556,-3.81,0.));
#2660 = VECTOR('',#2661,1.);
#2661 = DIRECTION('',(0.,0.,1.));
#2662 = ORIENTED_EDGE('',*,*,#1752,.T.);
#2663 = ORIENTED_EDGE('',*,*,#2623,.F.);
#2664 = ORIENTED_EDGE('',*,*,#591,.F.);
#2665 = PLANE('',#2666);
#2666 = AXIS2_PLACEMENT_3D('',#2667,#2668,#2669);
#2667 = CARTESIAN_POINT('',(3.556,-3.81,0.));
#2668 = DIRECTION('',(-0.707106781187,0.707106781187,0.));
#2669 = DIRECTION('',(0.707106781187,0.707106781187,0.));
#2670 = ADVANCED_FACE('',(#2671),#2682,.F.);
#2671 = FACE_BOUND('',#2672,.F.);
#2672 = EDGE_LOOP('',(#2673,#2674,#2675,#2681));
#2673 = ORIENTED_EDGE('',*,*,#2642,.T.);
#2674 = ORIENTED_EDGE('',*,*,#1368,.T.);
#2675 = ORIENTED_EDGE('',*,*,#2676,.F.);
#2676 = EDGE_CURVE('',#208,#1369,#2677,.T.);
#2677 = LINE('',#2678,#2679);
#2678 = CARTESIAN_POINT('',(-1.27,-6.096,0.));
#2679 = VECTOR('',#2680,1.);
#2680 = DIRECTION('',(0.,0.,1.));
#2681 = ORIENTED_EDGE('',*,*,#207,.F.);
#2682 = PLANE('',#2683);
#2683 = AXIS2_PLACEMENT_3D('',#2684,#2685,#2686);
#2684 = CARTESIAN_POINT('',(-1.27,-4.064,0.));
#2685 = DIRECTION('',(1.,0.,0.));
#2686 = DIRECTION('',(0.,-1.,0.));
#2687 = ADVANCED_FACE('',(#2688),#2699,.F.);
#2688 = FACE_BOUND('',#2689,.F.);
#2689 = EDGE_LOOP('',(#2690,#2696,#2697,#2698));
#2690 = ORIENTED_EDGE('',*,*,#2691,.T.);
#2691 = EDGE_CURVE('',#576,#1737,#2692,.T.);
#2692 = LINE('',#2693,#2694);
#2693 = CARTESIAN_POINT('',(3.81,-4.064,0.));
#2694 = VECTOR('',#2695,1.);
#2695 = DIRECTION('',(0.,0.,1.));
#2696 = ORIENTED_EDGE('',*,*,#1744,.T.);
#2697 = ORIENTED_EDGE('',*,*,#2657,.F.);
#2698 = ORIENTED_EDGE('',*,*,#583,.F.);
#2699 = PLANE('',#2700);
#2700 = AXIS2_PLACEMENT_3D('',#2701,#2702,#2703);
#2701 = CARTESIAN_POINT('',(3.81,-4.064,0.));
#2702 = DIRECTION('',(-0.707106781187,-0.707106781187,0.));
#2703 = DIRECTION('',(-0.707106781187,0.707106781187,0.));
#2704 = ADVANCED_FACE('',(#2705),#2716,.F.);
#2705 = FACE_BOUND('',#2706,.F.);
#2706 = EDGE_LOOP('',(#2707,#2708,#2709,#2715));
#2707 = ORIENTED_EDGE('',*,*,#2676,.T.);
#2708 = ORIENTED_EDGE('',*,*,#1376,.T.);
#2709 = ORIENTED_EDGE('',*,*,#2710,.F.);
#2710 = EDGE_CURVE('',#216,#1377,#2711,.T.);
#2711 = LINE('',#2712,#2713);
#2712 = CARTESIAN_POINT('',(-1.016,-6.35,0.));
#2713 = VECTOR('',#2714,1.);
#2714 = DIRECTION('',(0.,0.,1.));
#2715 = ORIENTED_EDGE('',*,*,#215,.F.);
#2716 = PLANE('',#2717);
#2717 = AXIS2_PLACEMENT_3D('',#2718,#2719,#2720);
#2718 = CARTESIAN_POINT('',(-1.27,-6.096,0.));
#2719 = DIRECTION('',(0.707106781187,0.707106781187,0.));
#2720 = DIRECTION('',(0.707106781187,-0.707106781187,0.));
#2721 = ADVANCED_FACE('',(#2722),#2733,.F.);
#2722 = FACE_BOUND('',#2723,.F.);
#2723 = EDGE_LOOP('',(#2724,#2730,#2731,#2732));
#2724 = ORIENTED_EDGE('',*,*,#2725,.T.);
#2725 = EDGE_CURVE('',#568,#1729,#2726,.T.);
#2726 = LINE('',#2727,#2728);
#2727 = CARTESIAN_POINT('',(3.81,-6.096,0.));
#2728 = VECTOR('',#2729,1.);
#2729 = DIRECTION('',(0.,0.,1.));
#2730 = ORIENTED_EDGE('',*,*,#1736,.T.);
#2731 = ORIENTED_EDGE('',*,*,#2691,.F.);
#2732 = ORIENTED_EDGE('',*,*,#575,.F.);
#2733 = PLANE('',#2734);
#2734 = AXIS2_PLACEMENT_3D('',#2735,#2736,#2737);
#2735 = CARTESIAN_POINT('',(3.81,-6.096,0.));
#2736 = DIRECTION('',(-1.,0.,0.));
#2737 = DIRECTION('',(0.,1.,0.));
#2738 = ADVANCED_FACE('',(#2739),#2750,.F.);
#2739 = FACE_BOUND('',#2740,.F.);
#2740 = EDGE_LOOP('',(#2741,#2742,#2743,#2749));
#2741 = ORIENTED_EDGE('',*,*,#2710,.T.);
#2742 = ORIENTED_EDGE('',*,*,#1384,.T.);
#2743 = ORIENTED_EDGE('',*,*,#2744,.F.);
#2744 = EDGE_CURVE('',#224,#1385,#2745,.T.);
#2745 = LINE('',#2746,#2747);
#2746 = CARTESIAN_POINT('',(-1.27,-6.604,0.));
#2747 = VECTOR('',#2748,1.);
#2748 = DIRECTION('',(0.,0.,1.));
#2749 = ORIENTED_EDGE('',*,*,#223,.F.);
#2750 = PLANE('',#2751);
#2751 = AXIS2_PLACEMENT_3D('',#2752,#2753,#2754);
#2752 = CARTESIAN_POINT('',(-1.016,-6.35,0.));
#2753 = DIRECTION('',(0.707106781187,-0.707106781187,0.));
#2754 = DIRECTION('',(-0.707106781187,-0.707106781187,0.));
#2755 = ADVANCED_FACE('',(#2756),#2767,.F.);
#2756 = FACE_BOUND('',#2757,.F.);
#2757 = EDGE_LOOP('',(#2758,#2764,#2765,#2766));
#2758 = ORIENTED_EDGE('',*,*,#2759,.T.);
#2759 = EDGE_CURVE('',#560,#1721,#2760,.T.);
#2760 = LINE('',#2761,#2762);
#2761 = CARTESIAN_POINT('',(3.556,-6.35,0.));
#2762 = VECTOR('',#2763,1.);
#2763 = DIRECTION('',(0.,0.,1.));
#2764 = ORIENTED_EDGE('',*,*,#1728,.T.);
#2765 = ORIENTED_EDGE('',*,*,#2725,.F.);
#2766 = ORIENTED_EDGE('',*,*,#567,.F.);
#2767 = PLANE('',#2768);
#2768 = AXIS2_PLACEMENT_3D('',#2769,#2770,#2771);
#2769 = CARTESIAN_POINT('',(3.556,-6.35,0.));
#2770 = DIRECTION('',(-0.707106781187,0.707106781187,0.));
#2771 = DIRECTION('',(0.707106781187,0.707106781187,0.));
#2772 = ADVANCED_FACE('',(#2773),#2784,.F.);
#2773 = FACE_BOUND('',#2774,.F.);
#2774 = EDGE_LOOP('',(#2775,#2776,#2777,#2783));
#2775 = ORIENTED_EDGE('',*,*,#2744,.T.);
#2776 = ORIENTED_EDGE('',*,*,#1392,.T.);
#2777 = ORIENTED_EDGE('',*,*,#2778,.F.);
#2778 = EDGE_CURVE('',#232,#1393,#2779,.T.);
#2779 = LINE('',#2780,#2781);
#2780 = CARTESIAN_POINT('',(-1.27,-8.636,0.));
#2781 = VECTOR('',#2782,1.);
#2782 = DIRECTION('',(0.,0.,1.));
#2783 = ORIENTED_EDGE('',*,*,#231,.F.);
#2784 = PLANE('',#2785);
#2785 = AXIS2_PLACEMENT_3D('',#2786,#2787,#2788);
#2786 = CARTESIAN_POINT('',(-1.27,-6.604,0.));
#2787 = DIRECTION('',(1.,0.,0.));
#2788 = DIRECTION('',(0.,-1.,0.));
#2789 = ADVANCED_FACE('',(#2790),#2801,.F.);
#2790 = FACE_BOUND('',#2791,.F.);
#2791 = EDGE_LOOP('',(#2792,#2798,#2799,#2800));
#2792 = ORIENTED_EDGE('',*,*,#2793,.T.);
#2793 = EDGE_CURVE('',#552,#1713,#2794,.T.);
#2794 = LINE('',#2795,#2796);
#2795 = CARTESIAN_POINT('',(3.81,-6.604,0.));
#2796 = VECTOR('',#2797,1.);
#2797 = DIRECTION('',(0.,0.,1.));
#2798 = ORIENTED_EDGE('',*,*,#1720,.T.);
#2799 = ORIENTED_EDGE('',*,*,#2759,.F.);
#2800 = ORIENTED_EDGE('',*,*,#559,.F.);
#2801 = PLANE('',#2802);
#2802 = AXIS2_PLACEMENT_3D('',#2803,#2804,#2805);
#2803 = CARTESIAN_POINT('',(3.81,-6.604,0.));
#2804 = DIRECTION('',(-0.707106781187,-0.707106781187,0.));
#2805 = DIRECTION('',(-0.707106781187,0.707106781187,0.));
#2806 = ADVANCED_FACE('',(#2807),#2818,.F.);
#2807 = FACE_BOUND('',#2808,.F.);
#2808 = EDGE_LOOP('',(#2809,#2810,#2811,#2817));
#2809 = ORIENTED_EDGE('',*,*,#2778,.T.);
#2810 = ORIENTED_EDGE('',*,*,#1400,.T.);
#2811 = ORIENTED_EDGE('',*,*,#2812,.F.);
#2812 = EDGE_CURVE('',#240,#1401,#2813,.T.);
#2813 = LINE('',#2814,#2815);
#2814 = CARTESIAN_POINT('',(-1.016,-8.89,0.));
#2815 = VECTOR('',#2816,1.);
#2816 = DIRECTION('',(0.,0.,1.));
#2817 = ORIENTED_EDGE('',*,*,#239,.F.);
#2818 = PLANE('',#2819);
#2819 = AXIS2_PLACEMENT_3D('',#2820,#2821,#2822);
#2820 = CARTESIAN_POINT('',(-1.27,-8.636,0.));
#2821 = DIRECTION('',(0.707106781187,0.707106781187,0.));
#2822 = DIRECTION('',(0.707106781187,-0.707106781187,0.));
#2823 = ADVANCED_FACE('',(#2824),#2835,.F.);
#2824 = FACE_BOUND('',#2825,.F.);
#2825 = EDGE_LOOP('',(#2826,#2832,#2833,#2834));
#2826 = ORIENTED_EDGE('',*,*,#2827,.T.);
#2827 = EDGE_CURVE('',#544,#1705,#2828,.T.);
#2828 = LINE('',#2829,#2830);
#2829 = CARTESIAN_POINT('',(3.81,-8.636,0.));
#2830 = VECTOR('',#2831,1.);
#2831 = DIRECTION('',(0.,0.,1.));
#2832 = ORIENTED_EDGE('',*,*,#1712,.T.);
#2833 = ORIENTED_EDGE('',*,*,#2793,.F.);
#2834 = ORIENTED_EDGE('',*,*,#551,.F.);
#2835 = PLANE('',#2836);
#2836 = AXIS2_PLACEMENT_3D('',#2837,#2838,#2839);
#2837 = CARTESIAN_POINT('',(3.81,-8.636,0.));
#2838 = DIRECTION('',(-1.,0.,0.));
#2839 = DIRECTION('',(0.,1.,0.));
#2840 = ADVANCED_FACE('',(#2841),#2852,.F.);
#2841 = FACE_BOUND('',#2842,.F.);
#2842 = EDGE_LOOP('',(#2843,#2844,#2845,#2851));
#2843 = ORIENTED_EDGE('',*,*,#2812,.T.);
#2844 = ORIENTED_EDGE('',*,*,#1408,.T.);
#2845 = ORIENTED_EDGE('',*,*,#2846,.F.);
#2846 = EDGE_CURVE('',#248,#1409,#2847,.T.);
#2847 = LINE('',#2848,#2849);
#2848 = CARTESIAN_POINT('',(-1.27,-9.144,0.));
#2849 = VECTOR('',#2850,1.);
#2850 = DIRECTION('',(0.,0.,1.));
#2851 = ORIENTED_EDGE('',*,*,#247,.F.);
#2852 = PLANE('',#2853);
#2853 = AXIS2_PLACEMENT_3D('',#2854,#2855,#2856);
#2854 = CARTESIAN_POINT('',(-1.016,-8.89,0.));
#2855 = DIRECTION('',(0.707106781187,-0.707106781187,0.));
#2856 = DIRECTION('',(-0.707106781187,-0.707106781187,0.));
#2857 = ADVANCED_FACE('',(#2858),#2869,.F.);
#2858 = FACE_BOUND('',#2859,.F.);
#2859 = EDGE_LOOP('',(#2860,#2866,#2867,#2868));
#2860 = ORIENTED_EDGE('',*,*,#2861,.T.);
#2861 = EDGE_CURVE('',#536,#1697,#2862,.T.);
#2862 = LINE('',#2863,#2864);
#2863 = CARTESIAN_POINT('',(3.556,-8.89,0.));
#2864 = VECTOR('',#2865,1.);
#2865 = DIRECTION('',(0.,0.,1.));
#2866 = ORIENTED_EDGE('',*,*,#1704,.T.);
#2867 = ORIENTED_EDGE('',*,*,#2827,.F.);
#2868 = ORIENTED_EDGE('',*,*,#543,.F.);
#2869 = PLANE('',#2870);
#2870 = AXIS2_PLACEMENT_3D('',#2871,#2872,#2873);
#2871 = CARTESIAN_POINT('',(3.556,-8.89,0.));
#2872 = DIRECTION('',(-0.707106781187,0.707106781187,0.));
#2873 = DIRECTION('',(0.707106781187,0.707106781187,0.));
#2874 = ADVANCED_FACE('',(#2875),#2886,.F.);
#2875 = FACE_BOUND('',#2876,.F.);
#2876 = EDGE_LOOP('',(#2877,#2878,#2879,#2885));
#2877 = ORIENTED_EDGE('',*,*,#2846,.T.);
#2878 = ORIENTED_EDGE('',*,*,#1416,.T.);
#2879 = ORIENTED_EDGE('',*,*,#2880,.F.);
#2880 = EDGE_CURVE('',#256,#1417,#2881,.T.);
#2881 = LINE('',#2882,#2883);
#2882 = CARTESIAN_POINT('',(-1.27,-11.176,0.));
#2883 = VECTOR('',#2884,1.);
#2884 = DIRECTION('',(0.,0.,1.));
#2885 = ORIENTED_EDGE('',*,*,#255,.F.);
#2886 = PLANE('',#2887);
#2887 = AXIS2_PLACEMENT_3D('',#2888,#2889,#2890);
#2888 = CARTESIAN_POINT('',(-1.27,-9.144,0.));
#2889 = DIRECTION('',(1.,0.,0.));
#2890 = DIRECTION('',(0.,-1.,0.));
#2891 = ADVANCED_FACE('',(#2892),#2903,.F.);
#2892 = FACE_BOUND('',#2893,.F.);
#2893 = EDGE_LOOP('',(#2894,#2900,#2901,#2902));
#2894 = ORIENTED_EDGE('',*,*,#2895,.T.);
#2895 = EDGE_CURVE('',#528,#1689,#2896,.T.);
#2896 = LINE('',#2897,#2898);
#2897 = CARTESIAN_POINT('',(3.81,-9.144,0.));
#2898 = VECTOR('',#2899,1.);
#2899 = DIRECTION('',(0.,0.,1.));
#2900 = ORIENTED_EDGE('',*,*,#1696,.T.);
#2901 = ORIENTED_EDGE('',*,*,#2861,.F.);
#2902 = ORIENTED_EDGE('',*,*,#535,.F.);
#2903 = PLANE('',#2904);
#2904 = AXIS2_PLACEMENT_3D('',#2905,#2906,#2907);
#2905 = CARTESIAN_POINT('',(3.81,-9.144,0.));
#2906 = DIRECTION('',(-0.707106781187,-0.707106781187,0.));
#2907 = DIRECTION('',(-0.707106781187,0.707106781187,0.));
#2908 = ADVANCED_FACE('',(#2909),#2920,.F.);
#2909 = FACE_BOUND('',#2910,.F.);
#2910 = EDGE_LOOP('',(#2911,#2912,#2913,#2919));
#2911 = ORIENTED_EDGE('',*,*,#2880,.T.);
#2912 = ORIENTED_EDGE('',*,*,#1424,.T.);
#2913 = ORIENTED_EDGE('',*,*,#2914,.F.);
#2914 = EDGE_CURVE('',#264,#1425,#2915,.T.);
#2915 = LINE('',#2916,#2917);
#2916 = CARTESIAN_POINT('',(-1.016,-11.43,0.));
#2917 = VECTOR('',#2918,1.);
#2918 = DIRECTION('',(0.,0.,1.));
#2919 = ORIENTED_EDGE('',*,*,#263,.F.);
#2920 = PLANE('',#2921);
#2921 = AXIS2_PLACEMENT_3D('',#2922,#2923,#2924);
#2922 = CARTESIAN_POINT('',(-1.27,-11.176,0.));
#2923 = DIRECTION('',(0.707106781187,0.707106781187,0.));
#2924 = DIRECTION('',(0.707106781187,-0.707106781187,0.));
#2925 = ADVANCED_FACE('',(#2926),#2937,.F.);
#2926 = FACE_BOUND('',#2927,.F.);
#2927 = EDGE_LOOP('',(#2928,#2934,#2935,#2936));
#2928 = ORIENTED_EDGE('',*,*,#2929,.T.);
#2929 = EDGE_CURVE('',#520,#1681,#2930,.T.);
#2930 = LINE('',#2931,#2932);
#2931 = CARTESIAN_POINT('',(3.81,-11.176,0.));
#2932 = VECTOR('',#2933,1.);
#2933 = DIRECTION('',(0.,0.,1.));
#2934 = ORIENTED_EDGE('',*,*,#1688,.T.);
#2935 = ORIENTED_EDGE('',*,*,#2895,.F.);
#2936 = ORIENTED_EDGE('',*,*,#527,.F.);
#2937 = PLANE('',#2938);
#2938 = AXIS2_PLACEMENT_3D('',#2939,#2940,#2941);
#2939 = CARTESIAN_POINT('',(3.81,-11.176,0.));
#2940 = DIRECTION('',(-1.,0.,0.));
#2941 = DIRECTION('',(0.,1.,0.));
#2942 = ADVANCED_FACE('',(#2943),#2954,.F.);
#2943 = FACE_BOUND('',#2944,.F.);
#2944 = EDGE_LOOP('',(#2945,#2946,#2947,#2953));
#2945 = ORIENTED_EDGE('',*,*,#2914,.T.);
#2946 = ORIENTED_EDGE('',*,*,#1432,.T.);
#2947 = ORIENTED_EDGE('',*,*,#2948,.F.);
#2948 = EDGE_CURVE('',#272,#1433,#2949,.T.);
#2949 = LINE('',#2950,#2951);
#2950 = CARTESIAN_POINT('',(-1.27,-11.684,0.));
#2951 = VECTOR('',#2952,1.);
#2952 = DIRECTION('',(0.,0.,1.));
#2953 = ORIENTED_EDGE('',*,*,#271,.F.);
#2954 = PLANE('',#2955);
#2955 = AXIS2_PLACEMENT_3D('',#2956,#2957,#2958);
#2956 = CARTESIAN_POINT('',(-1.016,-11.43,0.));
#2957 = DIRECTION('',(0.707106781187,-0.707106781187,0.));
#2958 = DIRECTION('',(-0.707106781187,-0.707106781187,0.));
#2959 = ADVANCED_FACE('',(#2960),#2971,.F.);
#2960 = FACE_BOUND('',#2961,.F.);
#2961 = EDGE_LOOP('',(#2962,#2968,#2969,#2970));
#2962 = ORIENTED_EDGE('',*,*,#2963,.T.);
#2963 = EDGE_CURVE('',#512,#1673,#2964,.T.);
#2964 = LINE('',#2965,#2966);
#2965 = CARTESIAN_POINT('',(3.556,-11.43,0.));
#2966 = VECTOR('',#2967,1.);
#2967 = DIRECTION('',(0.,0.,1.));
#2968 = ORIENTED_EDGE('',*,*,#1680,.T.);
#2969 = ORIENTED_EDGE('',*,*,#2929,.F.);
#2970 = ORIENTED_EDGE('',*,*,#519,.F.);
#2971 = PLANE('',#2972);
#2972 = AXIS2_PLACEMENT_3D('',#2973,#2974,#2975);
#2973 = CARTESIAN_POINT('',(3.556,-11.43,0.));
#2974 = DIRECTION('',(-0.707106781187,0.707106781187,0.));
#2975 = DIRECTION('',(0.707106781187,0.707106781187,0.));
#2976 = ADVANCED_FACE('',(#2977),#2988,.F.);
#2977 = FACE_BOUND('',#2978,.F.);
#2978 = EDGE_LOOP('',(#2979,#2980,#2981,#2987));
#2979 = ORIENTED_EDGE('',*,*,#2948,.T.);
#2980 = ORIENTED_EDGE('',*,*,#1440,.T.);
#2981 = ORIENTED_EDGE('',*,*,#2982,.F.);
#2982 = EDGE_CURVE('',#280,#1441,#2983,.T.);
#2983 = LINE('',#2984,#2985);
#2984 = CARTESIAN_POINT('',(-1.27,-13.716,0.));
#2985 = VECTOR('',#2986,1.);
#2986 = DIRECTION('',(0.,0.,1.));
#2987 = ORIENTED_EDGE('',*,*,#279,.F.);
#2988 = PLANE('',#2989);
#2989 = AXIS2_PLACEMENT_3D('',#2990,#2991,#2992);
#2990 = CARTESIAN_POINT('',(-1.27,-11.684,0.));
#2991 = DIRECTION('',(1.,0.,0.));
#2992 = DIRECTION('',(0.,-1.,0.));
#2993 = ADVANCED_FACE('',(#2994),#3005,.F.);
#2994 = FACE_BOUND('',#2995,.F.);
#2995 = EDGE_LOOP('',(#2996,#3002,#3003,#3004));
#2996 = ORIENTED_EDGE('',*,*,#2997,.T.);
#2997 = EDGE_CURVE('',#504,#1665,#2998,.T.);
#2998 = LINE('',#2999,#3000);
#2999 = CARTESIAN_POINT('',(3.81,-11.684,0.));
#3000 = VECTOR('',#3001,1.);
#3001 = DIRECTION('',(0.,0.,1.));
#3002 = ORIENTED_EDGE('',*,*,#1672,.T.);
#3003 = ORIENTED_EDGE('',*,*,#2963,.F.);
#3004 = ORIENTED_EDGE('',*,*,#511,.F.);
#3005 = PLANE('',#3006);
#3006 = AXIS2_PLACEMENT_3D('',#3007,#3008,#3009);
#3007 = CARTESIAN_POINT('',(3.81,-11.684,0.));
#3008 = DIRECTION('',(-0.707106781187,-0.707106781187,0.));
#3009 = DIRECTION('',(-0.707106781187,0.707106781187,0.));
#3010 = ADVANCED_FACE('',(#3011),#3022,.F.);
#3011 = FACE_BOUND('',#3012,.F.);
#3012 = EDGE_LOOP('',(#3013,#3014,#3015,#3021));
#3013 = ORIENTED_EDGE('',*,*,#2982,.T.);
#3014 = ORIENTED_EDGE('',*,*,#1448,.T.);
#3015 = ORIENTED_EDGE('',*,*,#3016,.F.);
#3016 = EDGE_CURVE('',#288,#1449,#3017,.T.);
#3017 = LINE('',#3018,#3019);
#3018 = CARTESIAN_POINT('',(-1.016,-13.97,0.));
#3019 = VECTOR('',#3020,1.);
#3020 = DIRECTION('',(0.,0.,1.));
#3021 = ORIENTED_EDGE('',*,*,#287,.F.);
#3022 = PLANE('',#3023);
#3023 = AXIS2_PLACEMENT_3D('',#3024,#3025,#3026);
#3024 = CARTESIAN_POINT('',(-1.27,-13.716,0.));
#3025 = DIRECTION('',(0.707106781187,0.707106781187,0.));
#3026 = DIRECTION('',(0.707106781187,-0.707106781187,0.));
#3027 = ADVANCED_FACE('',(#3028),#3039,.F.);
#3028 = FACE_BOUND('',#3029,.F.);
#3029 = EDGE_LOOP('',(#3030,#3036,#3037,#3038));
#3030 = ORIENTED_EDGE('',*,*,#3031,.T.);
#3031 = EDGE_CURVE('',#496,#1657,#3032,.T.);
#3032 = LINE('',#3033,#3034);
#3033 = CARTESIAN_POINT('',(3.81,-13.716,0.));
#3034 = VECTOR('',#3035,1.);
#3035 = DIRECTION('',(0.,0.,1.));
#3036 = ORIENTED_EDGE('',*,*,#1664,.T.);
#3037 = ORIENTED_EDGE('',*,*,#2997,.F.);
#3038 = ORIENTED_EDGE('',*,*,#503,.F.);
#3039 = PLANE('',#3040);
#3040 = AXIS2_PLACEMENT_3D('',#3041,#3042,#3043);
#3041 = CARTESIAN_POINT('',(3.81,-13.716,0.));
#3042 = DIRECTION('',(-1.,0.,0.));
#3043 = DIRECTION('',(0.,1.,0.));
#3044 = ADVANCED_FACE('',(#3045),#3056,.F.);
#3045 = FACE_BOUND('',#3046,.F.);
#3046 = EDGE_LOOP('',(#3047,#3048,#3049,#3055));
#3047 = ORIENTED_EDGE('',*,*,#3016,.T.);
#3048 = ORIENTED_EDGE('',*,*,#1456,.T.);
#3049 = ORIENTED_EDGE('',*,*,#3050,.F.);
#3050 = EDGE_CURVE('',#296,#1457,#3051,.T.);
#3051 = LINE('',#3052,#3053);
#3052 = CARTESIAN_POINT('',(-1.27,-14.224,0.));
#3053 = VECTOR('',#3054,1.);
#3054 = DIRECTION('',(0.,0.,1.));
#3055 = ORIENTED_EDGE('',*,*,#295,.F.);
#3056 = PLANE('',#3057);
#3057 = AXIS2_PLACEMENT_3D('',#3058,#3059,#3060);
#3058 = CARTESIAN_POINT('',(-1.016,-13.97,0.));
#3059 = DIRECTION('',(0.707106781187,-0.707106781187,0.));
#3060 = DIRECTION('',(-0.707106781187,-0.707106781187,0.));
#3061 = ADVANCED_FACE('',(#3062),#3073,.F.);
#3062 = FACE_BOUND('',#3063,.F.);
#3063 = EDGE_LOOP('',(#3064,#3070,#3071,#3072));
#3064 = ORIENTED_EDGE('',*,*,#3065,.T.);
#3065 = EDGE_CURVE('',#488,#1649,#3066,.T.);
#3066 = LINE('',#3067,#3068);
#3067 = CARTESIAN_POINT('',(3.556,-13.97,0.));
#3068 = VECTOR('',#3069,1.);
#3069 = DIRECTION('',(0.,0.,1.));
#3070 = ORIENTED_EDGE('',*,*,#1656,.T.);
#3071 = ORIENTED_EDGE('',*,*,#3031,.F.);
#3072 = ORIENTED_EDGE('',*,*,#495,.F.);
#3073 = PLANE('',#3074);
#3074 = AXIS2_PLACEMENT_3D('',#3075,#3076,#3077);
#3075 = CARTESIAN_POINT('',(3.556,-13.97,0.));
#3076 = DIRECTION('',(-0.707106781187,0.707106781187,0.));
#3077 = DIRECTION('',(0.707106781187,0.707106781187,0.));
#3078 = ADVANCED_FACE('',(#3079),#3090,.F.);
#3079 = FACE_BOUND('',#3080,.F.);
#3080 = EDGE_LOOP('',(#3081,#3082,#3083,#3089));
#3081 = ORIENTED_EDGE('',*,*,#3050,.T.);
#3082 = ORIENTED_EDGE('',*,*,#1464,.T.);
#3083 = ORIENTED_EDGE('',*,*,#3084,.F.);
#3084 = EDGE_CURVE('',#304,#1465,#3085,.T.);
#3085 = LINE('',#3086,#3087);
#3086 = CARTESIAN_POINT('',(-1.27,-16.256,0.));
#3087 = VECTOR('',#3088,1.);
#3088 = DIRECTION('',(0.,0.,1.));
#3089 = ORIENTED_EDGE('',*,*,#303,.F.);
#3090 = PLANE('',#3091);
#3091 = AXIS2_PLACEMENT_3D('',#3092,#3093,#3094);
#3092 = CARTESIAN_POINT('',(-1.27,-14.224,0.));
#3093 = DIRECTION('',(1.,0.,0.));
#3094 = DIRECTION('',(0.,-1.,0.));
#3095 = ADVANCED_FACE('',(#3096),#3107,.F.);
#3096 = FACE_BOUND('',#3097,.F.);
#3097 = EDGE_LOOP('',(#3098,#3104,#3105,#3106));
#3098 = ORIENTED_EDGE('',*,*,#3099,.T.);
#3099 = EDGE_CURVE('',#480,#1641,#3100,.T.);
#3100 = LINE('',#3101,#3102);
#3101 = CARTESIAN_POINT('',(3.81,-14.224,0.));
#3102 = VECTOR('',#3103,1.);
#3103 = DIRECTION('',(0.,0.,1.));
#3104 = ORIENTED_EDGE('',*,*,#1648,.T.);
#3105 = ORIENTED_EDGE('',*,*,#3065,.F.);
#3106 = ORIENTED_EDGE('',*,*,#487,.F.);
#3107 = PLANE('',#3108);
#3108 = AXIS2_PLACEMENT_3D('',#3109,#3110,#3111);
#3109 = CARTESIAN_POINT('',(3.81,-14.224,0.));
#3110 = DIRECTION('',(-0.707106781187,-0.707106781187,0.));
#3111 = DIRECTION('',(-0.707106781187,0.707106781187,0.));
#3112 = ADVANCED_FACE('',(#3113),#3124,.F.);
#3113 = FACE_BOUND('',#3114,.F.);
#3114 = EDGE_LOOP('',(#3115,#3116,#3117,#3123));
#3115 = ORIENTED_EDGE('',*,*,#3084,.T.);
#3116 = ORIENTED_EDGE('',*,*,#1472,.T.);
#3117 = ORIENTED_EDGE('',*,*,#3118,.F.);
#3118 = EDGE_CURVE('',#312,#1473,#3119,.T.);
#3119 = LINE('',#3120,#3121);
#3120 = CARTESIAN_POINT('',(-1.016,-16.51,0.));
#3121 = VECTOR('',#3122,1.);
#3122 = DIRECTION('',(0.,0.,1.));
#3123 = ORIENTED_EDGE('',*,*,#311,.F.);
#3124 = PLANE('',#3125);
#3125 = AXIS2_PLACEMENT_3D('',#3126,#3127,#3128);
#3126 = CARTESIAN_POINT('',(-1.27,-16.256,0.));
#3127 = DIRECTION('',(0.707106781187,0.707106781187,0.));
#3128 = DIRECTION('',(0.707106781187,-0.707106781187,0.));
#3129 = ADVANCED_FACE('',(#3130),#3141,.F.);
#3130 = FACE_BOUND('',#3131,.F.);
#3131 = EDGE_LOOP('',(#3132,#3138,#3139,#3140));
#3132 = ORIENTED_EDGE('',*,*,#3133,.T.);
#3133 = EDGE_CURVE('',#472,#1633,#3134,.T.);
#3134 = LINE('',#3135,#3136);
#3135 = CARTESIAN_POINT('',(3.81,-16.256,0.));
#3136 = VECTOR('',#3137,1.);
#3137 = DIRECTION('',(0.,0.,1.));
#3138 = ORIENTED_EDGE('',*,*,#1640,.T.);
#3139 = ORIENTED_EDGE('',*,*,#3099,.F.);
#3140 = ORIENTED_EDGE('',*,*,#479,.F.);
#3141 = PLANE('',#3142);
#3142 = AXIS2_PLACEMENT_3D('',#3143,#3144,#3145);
#3143 = CARTESIAN_POINT('',(3.81,-16.256,0.));
#3144 = DIRECTION('',(-1.,0.,0.));
#3145 = DIRECTION('',(0.,1.,0.));
#3146 = ADVANCED_FACE('',(#3147),#3158,.F.);
#3147 = FACE_BOUND('',#3148,.F.);
#3148 = EDGE_LOOP('',(#3149,#3150,#3151,#3157));
#3149 = ORIENTED_EDGE('',*,*,#3118,.T.);
#3150 = ORIENTED_EDGE('',*,*,#1480,.T.);
#3151 = ORIENTED_EDGE('',*,*,#3152,.F.);
#3152 = EDGE_CURVE('',#320,#1481,#3153,.T.);
#3153 = LINE('',#3154,#3155);
#3154 = CARTESIAN_POINT('',(-1.27,-16.764,0.));
#3155 = VECTOR('',#3156,1.);
#3156 = DIRECTION('',(0.,0.,1.));
#3157 = ORIENTED_EDGE('',*,*,#319,.F.);
#3158 = PLANE('',#3159);
#3159 = AXIS2_PLACEMENT_3D('',#3160,#3161,#3162);
#3160 = CARTESIAN_POINT('',(-1.016,-16.51,0.));
#3161 = DIRECTION('',(0.707106781187,-0.707106781187,0.));
#3162 = DIRECTION('',(-0.707106781187,-0.707106781187,0.));
#3163 = ADVANCED_FACE('',(#3164),#3175,.F.);
#3164 = FACE_BOUND('',#3165,.F.);
#3165 = EDGE_LOOP('',(#3166,#3172,#3173,#3174));
#3166 = ORIENTED_EDGE('',*,*,#3167,.T.);
#3167 = EDGE_CURVE('',#464,#1625,#3168,.T.);
#3168 = LINE('',#3169,#3170);
#3169 = CARTESIAN_POINT('',(3.556,-16.51,0.));
#3170 = VECTOR('',#3171,1.);
#3171 = DIRECTION('',(0.,0.,1.));
#3172 = ORIENTED_EDGE('',*,*,#1632,.T.);
#3173 = ORIENTED_EDGE('',*,*,#3133,.F.);
#3174 = ORIENTED_EDGE('',*,*,#471,.F.);
#3175 = PLANE('',#3176);
#3176 = AXIS2_PLACEMENT_3D('',#3177,#3178,#3179);
#3177 = CARTESIAN_POINT('',(3.556,-16.51,0.));
#3178 = DIRECTION('',(-0.707106781187,0.707106781187,0.));
#3179 = DIRECTION('',(0.707106781187,0.707106781187,0.));
#3180 = ADVANCED_FACE('',(#3181),#3192,.F.);
#3181 = FACE_BOUND('',#3182,.F.);
#3182 = EDGE_LOOP('',(#3183,#3184,#3185,#3191));
#3183 = ORIENTED_EDGE('',*,*,#3152,.T.);
#3184 = ORIENTED_EDGE('',*,*,#1488,.T.);
#3185 = ORIENTED_EDGE('',*,*,#3186,.F.);
#3186 = EDGE_CURVE('',#328,#1489,#3187,.T.);
#3187 = LINE('',#3188,#3189);
#3188 = CARTESIAN_POINT('',(-1.27,-18.796,0.));
#3189 = VECTOR('',#3190,1.);
#3190 = DIRECTION('',(0.,0.,1.));
#3191 = ORIENTED_EDGE('',*,*,#327,.F.);
#3192 = PLANE('',#3193);
#3193 = AXIS2_PLACEMENT_3D('',#3194,#3195,#3196);
#3194 = CARTESIAN_POINT('',(-1.27,-16.764,0.));
#3195 = DIRECTION('',(1.,0.,0.));
#3196 = DIRECTION('',(0.,-1.,0.));
#3197 = ADVANCED_FACE('',(#3198),#3209,.F.);
#3198 = FACE_BOUND('',#3199,.F.);
#3199 = EDGE_LOOP('',(#3200,#3206,#3207,#3208));
#3200 = ORIENTED_EDGE('',*,*,#3201,.T.);
#3201 = EDGE_CURVE('',#456,#1617,#3202,.T.);
#3202 = LINE('',#3203,#3204);
#3203 = CARTESIAN_POINT('',(3.81,-16.764,0.));
#3204 = VECTOR('',#3205,1.);
#3205 = DIRECTION('',(0.,0.,1.));
#3206 = ORIENTED_EDGE('',*,*,#1624,.T.);
#3207 = ORIENTED_EDGE('',*,*,#3167,.F.);
#3208 = ORIENTED_EDGE('',*,*,#463,.F.);
#3209 = PLANE('',#3210);
#3210 = AXIS2_PLACEMENT_3D('',#3211,#3212,#3213);
#3211 = CARTESIAN_POINT('',(3.81,-16.764,0.));
#3212 = DIRECTION('',(-0.707106781187,-0.707106781187,0.));
#3213 = DIRECTION('',(-0.707106781187,0.707106781187,0.));
#3214 = ADVANCED_FACE('',(#3215),#3226,.F.);
#3215 = FACE_BOUND('',#3216,.F.);
#3216 = EDGE_LOOP('',(#3217,#3218,#3219,#3225));
#3217 = ORIENTED_EDGE('',*,*,#3186,.T.);
#3218 = ORIENTED_EDGE('',*,*,#1496,.T.);
#3219 = ORIENTED_EDGE('',*,*,#3220,.F.);
#3220 = EDGE_CURVE('',#336,#1497,#3221,.T.);
#3221 = LINE('',#3222,#3223);
#3222 = CARTESIAN_POINT('',(-1.016,-19.05,0.));
#3223 = VECTOR('',#3224,1.);
#3224 = DIRECTION('',(0.,0.,1.));
#3225 = ORIENTED_EDGE('',*,*,#335,.F.);
#3226 = PLANE('',#3227);
#3227 = AXIS2_PLACEMENT_3D('',#3228,#3229,#3230);
#3228 = CARTESIAN_POINT('',(-1.27,-18.796,0.));
#3229 = DIRECTION('',(0.707106781187,0.707106781187,0.));
#3230 = DIRECTION('',(0.707106781187,-0.707106781187,0.));
#3231 = ADVANCED_FACE('',(#3232),#3243,.F.);
#3232 = FACE_BOUND('',#3233,.F.);
#3233 = EDGE_LOOP('',(#3234,#3240,#3241,#3242));
#3234 = ORIENTED_EDGE('',*,*,#3235,.T.);
#3235 = EDGE_CURVE('',#448,#1609,#3236,.T.);
#3236 = LINE('',#3237,#3238);
#3237 = CARTESIAN_POINT('',(3.81,-18.796,0.));
#3238 = VECTOR('',#3239,1.);
#3239 = DIRECTION('',(0.,0.,1.));
#3240 = ORIENTED_EDGE('',*,*,#1616,.T.);
#3241 = ORIENTED_EDGE('',*,*,#3201,.F.);
#3242 = ORIENTED_EDGE('',*,*,#455,.F.);
#3243 = PLANE('',#3244);
#3244 = AXIS2_PLACEMENT_3D('',#3245,#3246,#3247);
#3245 = CARTESIAN_POINT('',(3.81,-18.796,0.));
#3246 = DIRECTION('',(-1.,0.,0.));
#3247 = DIRECTION('',(0.,1.,0.));
#3248 = ADVANCED_FACE('',(#3249),#3260,.F.);
#3249 = FACE_BOUND('',#3250,.F.);
#3250 = EDGE_LOOP('',(#3251,#3252,#3253,#3259));
#3251 = ORIENTED_EDGE('',*,*,#3220,.T.);
#3252 = ORIENTED_EDGE('',*,*,#1504,.T.);
#3253 = ORIENTED_EDGE('',*,*,#3254,.F.);
#3254 = EDGE_CURVE('',#344,#1505,#3255,.T.);
#3255 = LINE('',#3256,#3257);
#3256 = CARTESIAN_POINT('',(-1.27,-19.304,0.));
#3257 = VECTOR('',#3258,1.);
#3258 = DIRECTION('',(0.,0.,1.));
#3259 = ORIENTED_EDGE('',*,*,#343,.F.);
#3260 = PLANE('',#3261);
#3261 = AXIS2_PLACEMENT_3D('',#3262,#3263,#3264);
#3262 = CARTESIAN_POINT('',(-1.016,-19.05,0.));
#3263 = DIRECTION('',(0.707106781187,-0.707106781187,0.));
#3264 = DIRECTION('',(-0.707106781187,-0.707106781187,0.));
#3265 = ADVANCED_FACE('',(#3266),#3277,.F.);
#3266 = FACE_BOUND('',#3267,.F.);
#3267 = EDGE_LOOP('',(#3268,#3274,#3275,#3276));
#3268 = ORIENTED_EDGE('',*,*,#3269,.T.);
#3269 = EDGE_CURVE('',#440,#1601,#3270,.T.);
#3270 = LINE('',#3271,#3272);
#3271 = CARTESIAN_POINT('',(3.556,-19.05,0.));
#3272 = VECTOR('',#3273,1.);
#3273 = DIRECTION('',(0.,0.,1.));
#3274 = ORIENTED_EDGE('',*,*,#1608,.T.);
#3275 = ORIENTED_EDGE('',*,*,#3235,.F.);
#3276 = ORIENTED_EDGE('',*,*,#447,.F.);
#3277 = PLANE('',#3278);
#3278 = AXIS2_PLACEMENT_3D('',#3279,#3280,#3281);
#3279 = CARTESIAN_POINT('',(3.556,-19.05,0.));
#3280 = DIRECTION('',(-0.707106781187,0.707106781187,0.));
#3281 = DIRECTION('',(0.707106781187,0.707106781187,0.));
#3282 = ADVANCED_FACE('',(#3283),#3294,.F.);
#3283 = FACE_BOUND('',#3284,.F.);
#3284 = EDGE_LOOP('',(#3285,#3286,#3287,#3293));
#3285 = ORIENTED_EDGE('',*,*,#3254,.T.);
#3286 = ORIENTED_EDGE('',*,*,#1512,.T.);
#3287 = ORIENTED_EDGE('',*,*,#3288,.F.);
#3288 = EDGE_CURVE('',#352,#1513,#3289,.T.);
#3289 = LINE('',#3290,#3291);
#3290 = CARTESIAN_POINT('',(-1.27,-21.336,0.));
#3291 = VECTOR('',#3292,1.);
#3292 = DIRECTION('',(0.,0.,1.));
#3293 = ORIENTED_EDGE('',*,*,#351,.F.);
#3294 = PLANE('',#3295);
#3295 = AXIS2_PLACEMENT_3D('',#3296,#3297,#3298);
#3296 = CARTESIAN_POINT('',(-1.27,-19.304,0.));
#3297 = DIRECTION('',(1.,0.,0.));
#3298 = DIRECTION('',(0.,-1.,0.));
#3299 = ADVANCED_FACE('',(#3300),#3311,.F.);
#3300 = FACE_BOUND('',#3301,.F.);
#3301 = EDGE_LOOP('',(#3302,#3308,#3309,#3310));
#3302 = ORIENTED_EDGE('',*,*,#3303,.T.);
#3303 = EDGE_CURVE('',#432,#1593,#3304,.T.);
#3304 = LINE('',#3305,#3306);
#3305 = CARTESIAN_POINT('',(3.81,-19.304,0.));
#3306 = VECTOR('',#3307,1.);
#3307 = DIRECTION('',(0.,0.,1.));
#3308 = ORIENTED_EDGE('',*,*,#1600,.T.);
#3309 = ORIENTED_EDGE('',*,*,#3269,.F.);
#3310 = ORIENTED_EDGE('',*,*,#439,.F.);
#3311 = PLANE('',#3312);
#3312 = AXIS2_PLACEMENT_3D('',#3313,#3314,#3315);
#3313 = CARTESIAN_POINT('',(3.81,-19.304,0.));
#3314 = DIRECTION('',(-0.707106781187,-0.707106781187,0.));
#3315 = DIRECTION('',(-0.707106781187,0.707106781187,0.));
#3316 = ADVANCED_FACE('',(#3317),#3328,.F.);
#3317 = FACE_BOUND('',#3318,.F.);
#3318 = EDGE_LOOP('',(#3319,#3320,#3321,#3327));
#3319 = ORIENTED_EDGE('',*,*,#3288,.T.);
#3320 = ORIENTED_EDGE('',*,*,#1520,.T.);
#3321 = ORIENTED_EDGE('',*,*,#3322,.F.);
#3322 = EDGE_CURVE('',#360,#1521,#3323,.T.);
#3323 = LINE('',#3324,#3325);
#3324 = CARTESIAN_POINT('',(-1.016,-21.59,0.));
#3325 = VECTOR('',#3326,1.);
#3326 = DIRECTION('',(0.,0.,1.));
#3327 = ORIENTED_EDGE('',*,*,#359,.F.);
#3328 = PLANE('',#3329);
#3329 = AXIS2_PLACEMENT_3D('',#3330,#3331,#3332);
#3330 = CARTESIAN_POINT('',(-1.27,-21.336,0.));
#3331 = DIRECTION('',(0.707106781187,0.707106781187,0.));
#3332 = DIRECTION('',(0.707106781187,-0.707106781187,0.));
#3333 = ADVANCED_FACE('',(#3334),#3345,.F.);
#3334 = FACE_BOUND('',#3335,.F.);
#3335 = EDGE_LOOP('',(#3336,#3342,#3343,#3344));
#3336 = ORIENTED_EDGE('',*,*,#3337,.T.);
#3337 = EDGE_CURVE('',#424,#1585,#3338,.T.);
#3338 = LINE('',#3339,#3340);
#3339 = CARTESIAN_POINT('',(3.81,-21.336,0.));
#3340 = VECTOR('',#3341,1.);
#3341 = DIRECTION('',(0.,0.,1.));
#3342 = ORIENTED_EDGE('',*,*,#1592,.T.);
#3343 = ORIENTED_EDGE('',*,*,#3303,.F.);
#3344 = ORIENTED_EDGE('',*,*,#431,.F.);
#3345 = PLANE('',#3346);
#3346 = AXIS2_PLACEMENT_3D('',#3347,#3348,#3349);
#3347 = CARTESIAN_POINT('',(3.81,-21.336,0.));
#3348 = DIRECTION('',(-1.,0.,0.));
#3349 = DIRECTION('',(0.,1.,0.));
#3350 = ADVANCED_FACE('',(#3351),#3362,.F.);
#3351 = FACE_BOUND('',#3352,.F.);
#3352 = EDGE_LOOP('',(#3353,#3354,#3355,#3361));
#3353 = ORIENTED_EDGE('',*,*,#3322,.T.);
#3354 = ORIENTED_EDGE('',*,*,#1528,.T.);
#3355 = ORIENTED_EDGE('',*,*,#3356,.F.);
#3356 = EDGE_CURVE('',#368,#1529,#3357,.T.);
#3357 = LINE('',#3358,#3359);
#3358 = CARTESIAN_POINT('',(-1.27,-21.844,0.));
#3359 = VECTOR('',#3360,1.);
#3360 = DIRECTION('',(0.,0.,1.));
#3361 = ORIENTED_EDGE('',*,*,#367,.F.);
#3362 = PLANE('',#3363);
#3363 = AXIS2_PLACEMENT_3D('',#3364,#3365,#3366);
#3364 = CARTESIAN_POINT('',(-1.016,-21.59,0.));
#3365 = DIRECTION('',(0.707106781187,-0.707106781187,0.));
#3366 = DIRECTION('',(-0.707106781187,-0.707106781187,0.));
#3367 = ADVANCED_FACE('',(#3368),#3379,.F.);
#3368 = FACE_BOUND('',#3369,.F.);
#3369 = EDGE_LOOP('',(#3370,#3376,#3377,#3378));
#3370 = ORIENTED_EDGE('',*,*,#3371,.T.);
#3371 = EDGE_CURVE('',#416,#1577,#3372,.T.);
#3372 = LINE('',#3373,#3374);
#3373 = CARTESIAN_POINT('',(3.556,-21.59,0.));
#3374 = VECTOR('',#3375,1.);
#3375 = DIRECTION('',(0.,0.,1.));
#3376 = ORIENTED_EDGE('',*,*,#1584,.T.);
#3377 = ORIENTED_EDGE('',*,*,#3337,.F.);
#3378 = ORIENTED_EDGE('',*,*,#423,.F.);
#3379 = PLANE('',#3380);
#3380 = AXIS2_PLACEMENT_3D('',#3381,#3382,#3383);
#3381 = CARTESIAN_POINT('',(3.556,-21.59,0.));
#3382 = DIRECTION('',(-0.707106781187,0.707106781187,0.));
#3383 = DIRECTION('',(0.707106781187,0.707106781187,0.));
#3384 = ADVANCED_FACE('',(#3385),#3396,.F.);
#3385 = FACE_BOUND('',#3386,.F.);
#3386 = EDGE_LOOP('',(#3387,#3388,#3389,#3395));
#3387 = ORIENTED_EDGE('',*,*,#3356,.T.);
#3388 = ORIENTED_EDGE('',*,*,#1536,.T.);
#3389 = ORIENTED_EDGE('',*,*,#3390,.F.);
#3390 = EDGE_CURVE('',#376,#1537,#3391,.T.);
#3391 = LINE('',#3392,#3393);
#3392 = CARTESIAN_POINT('',(-1.27,-23.876,0.));
#3393 = VECTOR('',#3394,1.);
#3394 = DIRECTION('',(0.,0.,1.));
#3395 = ORIENTED_EDGE('',*,*,#375,.F.);
#3396 = PLANE('',#3397);
#3397 = AXIS2_PLACEMENT_3D('',#3398,#3399,#3400);
#3398 = CARTESIAN_POINT('',(-1.27,-21.844,0.));
#3399 = DIRECTION('',(1.,0.,0.));
#3400 = DIRECTION('',(0.,-1.,0.));
#3401 = ADVANCED_FACE('',(#3402),#3413,.F.);
#3402 = FACE_BOUND('',#3403,.F.);
#3403 = EDGE_LOOP('',(#3404,#3410,#3411,#3412));
#3404 = ORIENTED_EDGE('',*,*,#3405,.T.);
#3405 = EDGE_CURVE('',#408,#1569,#3406,.T.);
#3406 = LINE('',#3407,#3408);
#3407 = CARTESIAN_POINT('',(3.81,-21.844,0.));
#3408 = VECTOR('',#3409,1.);
#3409 = DIRECTION('',(0.,0.,1.));
#3410 = ORIENTED_EDGE('',*,*,#1576,.T.);
#3411 = ORIENTED_EDGE('',*,*,#3371,.F.);
#3412 = ORIENTED_EDGE('',*,*,#415,.F.);
#3413 = PLANE('',#3414);
#3414 = AXIS2_PLACEMENT_3D('',#3415,#3416,#3417);
#3415 = CARTESIAN_POINT('',(3.81,-21.844,0.));
#3416 = DIRECTION('',(-0.707106781187,-0.707106781187,0.));
#3417 = DIRECTION('',(-0.707106781187,0.707106781187,0.));
#3418 = ADVANCED_FACE('',(#3419),#3430,.F.);
#3419 = FACE_BOUND('',#3420,.F.);
#3420 = EDGE_LOOP('',(#3421,#3422,#3423,#3429));
#3421 = ORIENTED_EDGE('',*,*,#3390,.T.);
#3422 = ORIENTED_EDGE('',*,*,#1544,.T.);
#3423 = ORIENTED_EDGE('',*,*,#3424,.F.);
#3424 = EDGE_CURVE('',#384,#1545,#3425,.T.);
#3425 = LINE('',#3426,#3427);
#3426 = CARTESIAN_POINT('',(-1.016,-24.13,0.));
#3427 = VECTOR('',#3428,1.);
#3428 = DIRECTION('',(0.,0.,1.));
#3429 = ORIENTED_EDGE('',*,*,#383,.F.);
#3430 = PLANE('',#3431);
#3431 = AXIS2_PLACEMENT_3D('',#3432,#3433,#3434);
#3432 = CARTESIAN_POINT('',(-1.27,-23.876,0.));
#3433 = DIRECTION('',(0.707106781187,0.707106781187,0.));
#3434 = DIRECTION('',(0.707106781187,-0.707106781187,0.));
#3435 = ADVANCED_FACE('',(#3436),#3447,.F.);
#3436 = FACE_BOUND('',#3437,.F.);
#3437 = EDGE_LOOP('',(#3438,#3444,#3445,#3446));
#3438 = ORIENTED_EDGE('',*,*,#3439,.T.);
#3439 = EDGE_CURVE('',#400,#1561,#3440,.T.);
#3440 = LINE('',#3441,#3442);
#3441 = CARTESIAN_POINT('',(3.81,-23.876,0.));
#3442 = VECTOR('',#3443,1.);
#3443 = DIRECTION('',(0.,0.,1.));
#3444 = ORIENTED_EDGE('',*,*,#1568,.T.);
#3445 = ORIENTED_EDGE('',*,*,#3405,.F.);
#3446 = ORIENTED_EDGE('',*,*,#407,.F.);
#3447 = PLANE('',#3448);
#3448 = AXIS2_PLACEMENT_3D('',#3449,#3450,#3451);
#3449 = CARTESIAN_POINT('',(3.81,-23.876,0.));
#3450 = DIRECTION('',(-1.,0.,0.));
#3451 = DIRECTION('',(0.,1.,0.));
#3452 = ADVANCED_FACE('',(#3453),#3464,.F.);
#3453 = FACE_BOUND('',#3454,.F.);
#3454 = EDGE_LOOP('',(#3455,#3456,#3457,#3463));
#3455 = ORIENTED_EDGE('',*,*,#3424,.T.);
#3456 = ORIENTED_EDGE('',*,*,#1552,.T.);
#3457 = ORIENTED_EDGE('',*,*,#3458,.F.);
#3458 = EDGE_CURVE('',#392,#1553,#3459,.T.);
#3459 = LINE('',#3460,#3461);
#3460 = CARTESIAN_POINT('',(3.556,-24.13,0.));
#3461 = VECTOR('',#3462,1.);
#3462 = DIRECTION('',(0.,0.,1.));
#3463 = ORIENTED_EDGE('',*,*,#391,.F.);
#3464 = PLANE('',#3465);
#3465 = AXIS2_PLACEMENT_3D('',#3466,#3467,#3468);
#3466 = CARTESIAN_POINT('',(-1.016,-24.13,0.));
#3467 = DIRECTION('',(0.,1.,0.));
#3468 = DIRECTION('',(1.,0.,0.));
#3469 = ADVANCED_FACE('',(#3470),#3476,.F.);
#3470 = FACE_BOUND('',#3471,.F.);
#3471 = EDGE_LOOP('',(#3472,#3473,#3474,#3475));
#3472 = ORIENTED_EDGE('',*,*,#3458,.T.);
#3473 = ORIENTED_EDGE('',*,*,#1560,.T.);
#3474 = ORIENTED_EDGE('',*,*,#3439,.F.);
#3475 = ORIENTED_EDGE('',*,*,#399,.F.);
#3476 = PLANE('',#3477);
#3477 = AXIS2_PLACEMENT_3D('',#3478,#3479,#3480);
#3478 = CARTESIAN_POINT('',(3.556,-24.13,0.));
#3479 = DIRECTION('',(-0.707106781187,0.707106781187,0.));
#3480 = DIRECTION('',(0.707106781187,0.707106781187,0.));
#3481 = ADVANCED_FACE('',(#3482),#3507,.T.);
#3482 = FACE_BOUND('',#3483,.T.);
#3483 = EDGE_LOOP('',(#3484,#3492,#3500,#3506));
#3484 = ORIENTED_EDGE('',*,*,#3485,.F.);
#3485 = EDGE_CURVE('',#3486,#641,#3488,.T.);
#3486 = VERTEX_POINT('',#3487);
#3487 = CARTESIAN_POINT('',(0.32,-17.46,-2.84));
#3488 = LINE('',#3489,#3490);
#3489 = CARTESIAN_POINT('',(0.32,-17.46,-3.));
#3490 = VECTOR('',#3491,1.);
#3491 = DIRECTION('',(0.,0.,1.));
#3492 = ORIENTED_EDGE('',*,*,#3493,.F.);
#3493 = EDGE_CURVE('',#3494,#3486,#3496,.T.);
#3494 = VERTEX_POINT('',#3495);
#3495 = CARTESIAN_POINT('',(-0.32,-17.46,-2.84));
#3496 = LINE('',#3497,#3498);
#3497 = CARTESIAN_POINT('',(-0.32,-17.46,-2.84));
#3498 = VECTOR('',#3499,1.);
#3499 = DIRECTION('',(1.,0.,0.));
#3500 = ORIENTED_EDGE('',*,*,#3501,.T.);
#3501 = EDGE_CURVE('',#3494,#643,#3502,.T.);
#3502 = LINE('',#3503,#3504);
#3503 = CARTESIAN_POINT('',(-0.32,-17.46,-3.));
#3504 = VECTOR('',#3505,1.);
#3505 = DIRECTION('',(0.,0.,1.));
#3506 = ORIENTED_EDGE('',*,*,#640,.F.);
#3507 = PLANE('',#3508);
#3508 = AXIS2_PLACEMENT_3D('',#3509,#3510,#3511);
#3509 = CARTESIAN_POINT('',(-0.32,-17.46,-3.));
#3510 = DIRECTION('',(0.,1.,0.));
#3511 = DIRECTION('',(0.,-0.,1.));
#3512 = ADVANCED_FACE('',(#3513),#3531,.F.);
#3513 = FACE_BOUND('',#3514,.F.);
#3514 = EDGE_LOOP('',(#3515,#3523,#3529,#3530));
#3515 = ORIENTED_EDGE('',*,*,#3516,.F.);
#3516 = EDGE_CURVE('',#3517,#659,#3519,.T.);
#3517 = VERTEX_POINT('',#3518);
#3518 = CARTESIAN_POINT('',(-0.32,-18.1,-2.84));
#3519 = LINE('',#3520,#3521);
#3520 = CARTESIAN_POINT('',(-0.32,-18.1,-3.));
#3521 = VECTOR('',#3522,1.);
#3522 = DIRECTION('',(0.,0.,1.));
#3523 = ORIENTED_EDGE('',*,*,#3524,.T.);
#3524 = EDGE_CURVE('',#3517,#3494,#3525,.T.);
#3525 = LINE('',#3526,#3527);
#3526 = CARTESIAN_POINT('',(-0.32,-18.1,-2.84));
#3527 = VECTOR('',#3528,1.);
#3528 = DIRECTION('',(0.,1.,0.));
#3529 = ORIENTED_EDGE('',*,*,#3501,.T.);
#3530 = ORIENTED_EDGE('',*,*,#666,.F.);
#3531 = PLANE('',#3532);
#3532 = AXIS2_PLACEMENT_3D('',#3533,#3534,#3535);
#3533 = CARTESIAN_POINT('',(-0.32,-18.1,-3.));
#3534 = DIRECTION('',(1.,0.,0.));
#3535 = DIRECTION('',(0.,0.,1.));
#3536 = ADVANCED_FACE('',(#3537),#3555,.F.);
#3537 = FACE_BOUND('',#3538,.F.);
#3538 = EDGE_LOOP('',(#3539,#3547,#3553,#3554));
#3539 = ORIENTED_EDGE('',*,*,#3540,.F.);
#3540 = EDGE_CURVE('',#3541,#651,#3543,.T.);
#3541 = VERTEX_POINT('',#3542);
#3542 = CARTESIAN_POINT('',(0.32,-18.1,-2.84));
#3543 = LINE('',#3544,#3545);
#3544 = CARTESIAN_POINT('',(0.32,-18.1,-3.));
#3545 = VECTOR('',#3546,1.);
#3546 = DIRECTION('',(0.,0.,1.));
#3547 = ORIENTED_EDGE('',*,*,#3548,.F.);
#3548 = EDGE_CURVE('',#3517,#3541,#3549,.T.);
#3549 = LINE('',#3550,#3551);
#3550 = CARTESIAN_POINT('',(-0.32,-18.1,-2.84));
#3551 = VECTOR('',#3552,1.);
#3552 = DIRECTION('',(1.,0.,0.));
#3553 = ORIENTED_EDGE('',*,*,#3516,.T.);
#3554 = ORIENTED_EDGE('',*,*,#658,.F.);
#3555 = PLANE('',#3556);
#3556 = AXIS2_PLACEMENT_3D('',#3557,#3558,#3559);
#3557 = CARTESIAN_POINT('',(-0.32,-18.1,-3.));
#3558 = DIRECTION('',(0.,1.,0.));
#3559 = DIRECTION('',(0.,-0.,1.));
#3560 = ADVANCED_FACE('',(#3561),#3572,.T.);
#3561 = FACE_BOUND('',#3562,.T.);
#3562 = EDGE_LOOP('',(#3563,#3564,#3570,#3571));
#3563 = ORIENTED_EDGE('',*,*,#3540,.F.);
#3564 = ORIENTED_EDGE('',*,*,#3565,.T.);
#3565 = EDGE_CURVE('',#3541,#3486,#3566,.T.);
#3566 = LINE('',#3567,#3568);
#3567 = CARTESIAN_POINT('',(0.32,-18.1,-2.84));
#3568 = VECTOR('',#3569,1.);
#3569 = DIRECTION('',(0.,1.,0.));
#3570 = ORIENTED_EDGE('',*,*,#3485,.T.);
#3571 = ORIENTED_EDGE('',*,*,#650,.F.);
#3572 = PLANE('',#3573);
#3573 = AXIS2_PLACEMENT_3D('',#3574,#3575,#3576);
#3574 = CARTESIAN_POINT('',(0.32,-18.1,-3.));
#3575 = DIRECTION('',(1.,0.,0.));
#3576 = DIRECTION('',(0.,0.,1.));
#3577 = ADVANCED_FACE('',(#3578),#3603,.F.);
#3578 = FACE_BOUND('',#3579,.F.);
#3579 = EDGE_LOOP('',(#3580,#3588,#3596,#3602));
#3580 = ORIENTED_EDGE('',*,*,#3581,.F.);
#3581 = EDGE_CURVE('',#3582,#675,#3584,.T.);
#3582 = VERTEX_POINT('',#3583);
#3583 = CARTESIAN_POINT('',(2.86,-18.1,-2.84));
#3584 = LINE('',#3585,#3586);
#3585 = CARTESIAN_POINT('',(2.86,-18.1,-3.));
#3586 = VECTOR('',#3587,1.);
#3587 = DIRECTION('',(0.,0.,1.));
#3588 = ORIENTED_EDGE('',*,*,#3589,.F.);
#3589 = EDGE_CURVE('',#3590,#3582,#3592,.T.);
#3590 = VERTEX_POINT('',#3591);
#3591 = CARTESIAN_POINT('',(2.22,-18.1,-2.84));
#3592 = LINE('',#3593,#3594);
#3593 = CARTESIAN_POINT('',(2.22,-18.1,-2.84));
#3594 = VECTOR('',#3595,1.);
#3595 = DIRECTION('',(1.,0.,0.));
#3596 = ORIENTED_EDGE('',*,*,#3597,.T.);
#3597 = EDGE_CURVE('',#3590,#677,#3598,.T.);
#3598 = LINE('',#3599,#3600);
#3599 = CARTESIAN_POINT('',(2.22,-18.1,-3.));
#3600 = VECTOR('',#3601,1.);
#3601 = DIRECTION('',(0.,0.,1.));
#3602 = ORIENTED_EDGE('',*,*,#674,.F.);
#3603 = PLANE('',#3604);
#3604 = AXIS2_PLACEMENT_3D('',#3605,#3606,#3607);
#3605 = CARTESIAN_POINT('',(2.22,-18.1,-3.));
#3606 = DIRECTION('',(0.,1.,0.));
#3607 = DIRECTION('',(0.,-0.,1.));
#3608 = ADVANCED_FACE('',(#3609),#3627,.T.);
#3609 = FACE_BOUND('',#3610,.T.);
#3610 = EDGE_LOOP('',(#3611,#3612,#3620,#3626));
#3611 = ORIENTED_EDGE('',*,*,#3581,.F.);
#3612 = ORIENTED_EDGE('',*,*,#3613,.T.);
#3613 = EDGE_CURVE('',#3582,#3614,#3616,.T.);
#3614 = VERTEX_POINT('',#3615);
#3615 = CARTESIAN_POINT('',(2.86,-17.46,-2.84));
#3616 = LINE('',#3617,#3618);
#3617 = CARTESIAN_POINT('',(2.86,-18.1,-2.84));
#3618 = VECTOR('',#3619,1.);
#3619 = DIRECTION('',(0.,1.,0.));
#3620 = ORIENTED_EDGE('',*,*,#3621,.T.);
#3621 = EDGE_CURVE('',#3614,#693,#3622,.T.);
#3622 = LINE('',#3623,#3624);
#3623 = CARTESIAN_POINT('',(2.86,-17.46,-3.));
#3624 = VECTOR('',#3625,1.);
#3625 = DIRECTION('',(0.,0.,1.));
#3626 = ORIENTED_EDGE('',*,*,#700,.F.);
#3627 = PLANE('',#3628);
#3628 = AXIS2_PLACEMENT_3D('',#3629,#3630,#3631);
#3629 = CARTESIAN_POINT('',(2.86,-18.1,-3.));
#3630 = DIRECTION('',(1.,0.,0.));
#3631 = DIRECTION('',(0.,0.,1.));
#3632 = ADVANCED_FACE('',(#3633),#3651,.T.);
#3633 = FACE_BOUND('',#3634,.T.);
#3634 = EDGE_LOOP('',(#3635,#3636,#3644,#3650));
#3635 = ORIENTED_EDGE('',*,*,#3621,.F.);
#3636 = ORIENTED_EDGE('',*,*,#3637,.F.);
#3637 = EDGE_CURVE('',#3638,#3614,#3640,.T.);
#3638 = VERTEX_POINT('',#3639);
#3639 = CARTESIAN_POINT('',(2.22,-17.46,-2.84));
#3640 = LINE('',#3641,#3642);
#3641 = CARTESIAN_POINT('',(2.22,-17.46,-2.84));
#3642 = VECTOR('',#3643,1.);
#3643 = DIRECTION('',(1.,0.,0.));
#3644 = ORIENTED_EDGE('',*,*,#3645,.T.);
#3645 = EDGE_CURVE('',#3638,#685,#3646,.T.);
#3646 = LINE('',#3647,#3648);
#3647 = CARTESIAN_POINT('',(2.22,-17.46,-3.));
#3648 = VECTOR('',#3649,1.);
#3649 = DIRECTION('',(0.,0.,1.));
#3650 = ORIENTED_EDGE('',*,*,#692,.F.);
#3651 = PLANE('',#3652);
#3652 = AXIS2_PLACEMENT_3D('',#3653,#3654,#3655);
#3653 = CARTESIAN_POINT('',(2.22,-17.46,-3.));
#3654 = DIRECTION('',(0.,1.,0.));
#3655 = DIRECTION('',(0.,-0.,1.));
#3656 = ADVANCED_FACE('',(#3657),#3668,.F.);
#3657 = FACE_BOUND('',#3658,.F.);
#3658 = EDGE_LOOP('',(#3659,#3660,#3666,#3667));
#3659 = ORIENTED_EDGE('',*,*,#3597,.F.);
#3660 = ORIENTED_EDGE('',*,*,#3661,.T.);
#3661 = EDGE_CURVE('',#3590,#3638,#3662,.T.);
#3662 = LINE('',#3663,#3664);
#3663 = CARTESIAN_POINT('',(2.22,-18.1,-2.84));
#3664 = VECTOR('',#3665,1.);
#3665 = DIRECTION('',(0.,1.,0.));
#3666 = ORIENTED_EDGE('',*,*,#3645,.T.);
#3667 = ORIENTED_EDGE('',*,*,#684,.F.);
#3668 = PLANE('',#3669);
#3669 = AXIS2_PLACEMENT_3D('',#3670,#3671,#3672);
#3670 = CARTESIAN_POINT('',(2.22,-18.1,-3.));
#3671 = DIRECTION('',(1.,0.,0.));
#3672 = DIRECTION('',(0.,0.,1.));
#3673 = ADVANCED_FACE('',(#3674),#3699,.T.);
#3674 = FACE_BOUND('',#3675,.T.);
#3675 = EDGE_LOOP('',(#3676,#3684,#3692,#3698));
#3676 = ORIENTED_EDGE('',*,*,#3677,.F.);
#3677 = EDGE_CURVE('',#3678,#709,#3680,.T.);
#3678 = VERTEX_POINT('',#3679);
#3679 = CARTESIAN_POINT('',(0.32,-15.56,-2.84));
#3680 = LINE('',#3681,#3682);
#3681 = CARTESIAN_POINT('',(0.32,-15.56,-3.));
#3682 = VECTOR('',#3683,1.);
#3683 = DIRECTION('',(0.,0.,1.));
#3684 = ORIENTED_EDGE('',*,*,#3685,.T.);
#3685 = EDGE_CURVE('',#3678,#3686,#3688,.T.);
#3686 = VERTEX_POINT('',#3687);
#3687 = CARTESIAN_POINT('',(0.32,-14.92,-2.84));
#3688 = LINE('',#3689,#3690);
#3689 = CARTESIAN_POINT('',(0.32,-15.56,-2.84));
#3690 = VECTOR('',#3691,1.);
#3691 = DIRECTION('',(0.,1.,0.));
#3692 = ORIENTED_EDGE('',*,*,#3693,.T.);
#3693 = EDGE_CURVE('',#3686,#711,#3694,.T.);
#3694 = LINE('',#3695,#3696);
#3695 = CARTESIAN_POINT('',(0.32,-14.92,-3.));
#3696 = VECTOR('',#3697,1.);
#3697 = DIRECTION('',(0.,0.,1.));
#3698 = ORIENTED_EDGE('',*,*,#708,.F.);
#3699 = PLANE('',#3700);
#3700 = AXIS2_PLACEMENT_3D('',#3701,#3702,#3703);
#3701 = CARTESIAN_POINT('',(0.32,-15.56,-3.));
#3702 = DIRECTION('',(1.,0.,0.));
#3703 = DIRECTION('',(0.,0.,1.));
#3704 = ADVANCED_FACE('',(#3705),#3723,.T.);
#3705 = FACE_BOUND('',#3706,.T.);
#3706 = EDGE_LOOP('',(#3707,#3708,#3716,#3722));
#3707 = ORIENTED_EDGE('',*,*,#3693,.F.);
#3708 = ORIENTED_EDGE('',*,*,#3709,.F.);
#3709 = EDGE_CURVE('',#3710,#3686,#3712,.T.);
#3710 = VERTEX_POINT('',#3711);
#3711 = CARTESIAN_POINT('',(-0.32,-14.92,-2.84));
#3712 = LINE('',#3713,#3714);
#3713 = CARTESIAN_POINT('',(-0.32,-14.92,-2.84));
#3714 = VECTOR('',#3715,1.);
#3715 = DIRECTION('',(1.,0.,0.));
#3716 = ORIENTED_EDGE('',*,*,#3717,.T.);
#3717 = EDGE_CURVE('',#3710,#727,#3718,.T.);
#3718 = LINE('',#3719,#3720);
#3719 = CARTESIAN_POINT('',(-0.32,-14.92,-3.));
#3720 = VECTOR('',#3721,1.);
#3721 = DIRECTION('',(0.,0.,1.));
#3722 = ORIENTED_EDGE('',*,*,#734,.F.);
#3723 = PLANE('',#3724);
#3724 = AXIS2_PLACEMENT_3D('',#3725,#3726,#3727);
#3725 = CARTESIAN_POINT('',(-0.32,-14.92,-3.));
#3726 = DIRECTION('',(0.,1.,0.));
#3727 = DIRECTION('',(0.,-0.,1.));
#3728 = ADVANCED_FACE('',(#3729),#3747,.F.);
#3729 = FACE_BOUND('',#3730,.F.);
#3730 = EDGE_LOOP('',(#3731,#3739,#3745,#3746));
#3731 = ORIENTED_EDGE('',*,*,#3732,.F.);
#3732 = EDGE_CURVE('',#3733,#719,#3735,.T.);
#3733 = VERTEX_POINT('',#3734);
#3734 = CARTESIAN_POINT('',(-0.32,-15.56,-2.84));
#3735 = LINE('',#3736,#3737);
#3736 = CARTESIAN_POINT('',(-0.32,-15.56,-3.));
#3737 = VECTOR('',#3738,1.);
#3738 = DIRECTION('',(0.,0.,1.));
#3739 = ORIENTED_EDGE('',*,*,#3740,.T.);
#3740 = EDGE_CURVE('',#3733,#3710,#3741,.T.);
#3741 = LINE('',#3742,#3743);
#3742 = CARTESIAN_POINT('',(-0.32,-15.56,-2.84));
#3743 = VECTOR('',#3744,1.);
#3744 = DIRECTION('',(0.,1.,0.));
#3745 = ORIENTED_EDGE('',*,*,#3717,.T.);
#3746 = ORIENTED_EDGE('',*,*,#726,.F.);
#3747 = PLANE('',#3748);
#3748 = AXIS2_PLACEMENT_3D('',#3749,#3750,#3751);
#3749 = CARTESIAN_POINT('',(-0.32,-15.56,-3.));
#3750 = DIRECTION('',(1.,0.,0.));
#3751 = DIRECTION('',(0.,0.,1.));
#3752 = ADVANCED_FACE('',(#3753),#3764,.F.);
#3753 = FACE_BOUND('',#3754,.F.);
#3754 = EDGE_LOOP('',(#3755,#3756,#3762,#3763));
#3755 = ORIENTED_EDGE('',*,*,#3677,.F.);
#3756 = ORIENTED_EDGE('',*,*,#3757,.F.);
#3757 = EDGE_CURVE('',#3733,#3678,#3758,.T.);
#3758 = LINE('',#3759,#3760);
#3759 = CARTESIAN_POINT('',(-0.32,-15.56,-2.84));
#3760 = VECTOR('',#3761,1.);
#3761 = DIRECTION('',(1.,0.,0.));
#3762 = ORIENTED_EDGE('',*,*,#3732,.T.);
#3763 = ORIENTED_EDGE('',*,*,#718,.F.);
#3764 = PLANE('',#3765);
#3765 = AXIS2_PLACEMENT_3D('',#3766,#3767,#3768);
#3766 = CARTESIAN_POINT('',(-0.32,-15.56,-3.));
#3767 = DIRECTION('',(0.,1.,0.));
#3768 = DIRECTION('',(0.,-0.,1.));
#3769 = ADVANCED_FACE('',(#3770),#3795,.F.);
#3770 = FACE_BOUND('',#3771,.F.);
#3771 = EDGE_LOOP('',(#3772,#3780,#3788,#3794));
#3772 = ORIENTED_EDGE('',*,*,#3773,.F.);
#3773 = EDGE_CURVE('',#3774,#743,#3776,.T.);
#3774 = VERTEX_POINT('',#3775);
#3775 = CARTESIAN_POINT('',(2.86,-15.56,-2.84));
#3776 = LINE('',#3777,#3778);
#3777 = CARTESIAN_POINT('',(2.86,-15.56,-3.));
#3778 = VECTOR('',#3779,1.);
#3779 = DIRECTION('',(0.,0.,1.));
#3780 = ORIENTED_EDGE('',*,*,#3781,.F.);
#3781 = EDGE_CURVE('',#3782,#3774,#3784,.T.);
#3782 = VERTEX_POINT('',#3783);
#3783 = CARTESIAN_POINT('',(2.22,-15.56,-2.84));
#3784 = LINE('',#3785,#3786);
#3785 = CARTESIAN_POINT('',(2.22,-15.56,-2.84));
#3786 = VECTOR('',#3787,1.);
#3787 = DIRECTION('',(1.,0.,0.));
#3788 = ORIENTED_EDGE('',*,*,#3789,.T.);
#3789 = EDGE_CURVE('',#3782,#745,#3790,.T.);
#3790 = LINE('',#3791,#3792);
#3791 = CARTESIAN_POINT('',(2.22,-15.56,-3.));
#3792 = VECTOR('',#3793,1.);
#3793 = DIRECTION('',(0.,0.,1.));
#3794 = ORIENTED_EDGE('',*,*,#742,.F.);
#3795 = PLANE('',#3796);
#3796 = AXIS2_PLACEMENT_3D('',#3797,#3798,#3799);
#3797 = CARTESIAN_POINT('',(2.22,-15.56,-3.));
#3798 = DIRECTION('',(0.,1.,0.));
#3799 = DIRECTION('',(0.,-0.,1.));
#3800 = ADVANCED_FACE('',(#3801),#3819,.T.);
#3801 = FACE_BOUND('',#3802,.T.);
#3802 = EDGE_LOOP('',(#3803,#3804,#3812,#3818));
#3803 = ORIENTED_EDGE('',*,*,#3773,.F.);
#3804 = ORIENTED_EDGE('',*,*,#3805,.T.);
#3805 = EDGE_CURVE('',#3774,#3806,#3808,.T.);
#3806 = VERTEX_POINT('',#3807);
#3807 = CARTESIAN_POINT('',(2.86,-14.92,-2.84));
#3808 = LINE('',#3809,#3810);
#3809 = CARTESIAN_POINT('',(2.86,-15.56,-2.84));
#3810 = VECTOR('',#3811,1.);
#3811 = DIRECTION('',(0.,1.,0.));
#3812 = ORIENTED_EDGE('',*,*,#3813,.T.);
#3813 = EDGE_CURVE('',#3806,#761,#3814,.T.);
#3814 = LINE('',#3815,#3816);
#3815 = CARTESIAN_POINT('',(2.86,-14.92,-3.));
#3816 = VECTOR('',#3817,1.);
#3817 = DIRECTION('',(0.,0.,1.));
#3818 = ORIENTED_EDGE('',*,*,#768,.F.);
#3819 = PLANE('',#3820);
#3820 = AXIS2_PLACEMENT_3D('',#3821,#3822,#3823);
#3821 = CARTESIAN_POINT('',(2.86,-15.56,-3.));
#3822 = DIRECTION('',(1.,0.,0.));
#3823 = DIRECTION('',(0.,0.,1.));
#3824 = ADVANCED_FACE('',(#3825),#3843,.T.);
#3825 = FACE_BOUND('',#3826,.T.);
#3826 = EDGE_LOOP('',(#3827,#3828,#3836,#3842));
#3827 = ORIENTED_EDGE('',*,*,#3813,.F.);
#3828 = ORIENTED_EDGE('',*,*,#3829,.F.);
#3829 = EDGE_CURVE('',#3830,#3806,#3832,.T.);
#3830 = VERTEX_POINT('',#3831);
#3831 = CARTESIAN_POINT('',(2.22,-14.92,-2.84));
#3832 = LINE('',#3833,#3834);
#3833 = CARTESIAN_POINT('',(2.22,-14.92,-2.84));
#3834 = VECTOR('',#3835,1.);
#3835 = DIRECTION('',(1.,0.,0.));
#3836 = ORIENTED_EDGE('',*,*,#3837,.T.);
#3837 = EDGE_CURVE('',#3830,#753,#3838,.T.);
#3838 = LINE('',#3839,#3840);
#3839 = CARTESIAN_POINT('',(2.22,-14.92,-3.));
#3840 = VECTOR('',#3841,1.);
#3841 = DIRECTION('',(0.,0.,1.));
#3842 = ORIENTED_EDGE('',*,*,#760,.F.);
#3843 = PLANE('',#3844);
#3844 = AXIS2_PLACEMENT_3D('',#3845,#3846,#3847);
#3845 = CARTESIAN_POINT('',(2.22,-14.92,-3.));
#3846 = DIRECTION('',(0.,1.,0.));
#3847 = DIRECTION('',(0.,-0.,1.));
#3848 = ADVANCED_FACE('',(#3849),#3860,.F.);
#3849 = FACE_BOUND('',#3850,.F.);
#3850 = EDGE_LOOP('',(#3851,#3852,#3858,#3859));
#3851 = ORIENTED_EDGE('',*,*,#3789,.F.);
#3852 = ORIENTED_EDGE('',*,*,#3853,.T.);
#3853 = EDGE_CURVE('',#3782,#3830,#3854,.T.);
#3854 = LINE('',#3855,#3856);
#3855 = CARTESIAN_POINT('',(2.22,-15.56,-2.84));
#3856 = VECTOR('',#3857,1.);
#3857 = DIRECTION('',(0.,1.,0.));
#3858 = ORIENTED_EDGE('',*,*,#3837,.T.);
#3859 = ORIENTED_EDGE('',*,*,#752,.F.);
#3860 = PLANE('',#3861);
#3861 = AXIS2_PLACEMENT_3D('',#3862,#3863,#3864);
#3862 = CARTESIAN_POINT('',(2.22,-15.56,-3.));
#3863 = DIRECTION('',(1.,0.,0.));
#3864 = DIRECTION('',(0.,0.,1.));
#3865 = ADVANCED_FACE('',(#3866),#3891,.T.);
#3866 = FACE_BOUND('',#3867,.T.);
#3867 = EDGE_LOOP('',(#3868,#3876,#3884,#3890));
#3868 = ORIENTED_EDGE('',*,*,#3869,.F.);
#3869 = EDGE_CURVE('',#3870,#777,#3872,.T.);
#3870 = VERTEX_POINT('',#3871);
#3871 = CARTESIAN_POINT('',(0.32,-9.84,-2.84));
#3872 = LINE('',#3873,#3874);
#3873 = CARTESIAN_POINT('',(0.32,-9.84,-3.));
#3874 = VECTOR('',#3875,1.);
#3875 = DIRECTION('',(0.,0.,1.));
#3876 = ORIENTED_EDGE('',*,*,#3877,.F.);
#3877 = EDGE_CURVE('',#3878,#3870,#3880,.T.);
#3878 = VERTEX_POINT('',#3879);
#3879 = CARTESIAN_POINT('',(-0.32,-9.84,-2.84));
#3880 = LINE('',#3881,#3882);
#3881 = CARTESIAN_POINT('',(-0.32,-9.84,-2.84));
#3882 = VECTOR('',#3883,1.);
#3883 = DIRECTION('',(1.,0.,0.));
#3884 = ORIENTED_EDGE('',*,*,#3885,.T.);
#3885 = EDGE_CURVE('',#3878,#779,#3886,.T.);
#3886 = LINE('',#3887,#3888);
#3887 = CARTESIAN_POINT('',(-0.32,-9.84,-3.));
#3888 = VECTOR('',#3889,1.);
#3889 = DIRECTION('',(0.,0.,1.));
#3890 = ORIENTED_EDGE('',*,*,#776,.F.);
#3891 = PLANE('',#3892);
#3892 = AXIS2_PLACEMENT_3D('',#3893,#3894,#3895);
#3893 = CARTESIAN_POINT('',(-0.32,-9.84,-3.));
#3894 = DIRECTION('',(0.,1.,0.));
#3895 = DIRECTION('',(0.,-0.,1.));
#3896 = ADVANCED_FACE('',(#3897),#3915,.F.);
#3897 = FACE_BOUND('',#3898,.F.);
#3898 = EDGE_LOOP('',(#3899,#3907,#3913,#3914));
#3899 = ORIENTED_EDGE('',*,*,#3900,.F.);
#3900 = EDGE_CURVE('',#3901,#795,#3903,.T.);
#3901 = VERTEX_POINT('',#3902);
#3902 = CARTESIAN_POINT('',(-0.32,-10.48,-2.84));
#3903 = LINE('',#3904,#3905);
#3904 = CARTESIAN_POINT('',(-0.32,-10.48,-3.));
#3905 = VECTOR('',#3906,1.);
#3906 = DIRECTION('',(0.,0.,1.));
#3907 = ORIENTED_EDGE('',*,*,#3908,.T.);
#3908 = EDGE_CURVE('',#3901,#3878,#3909,.T.);
#3909 = LINE('',#3910,#3911);
#3910 = CARTESIAN_POINT('',(-0.32,-10.48,-2.84));
#3911 = VECTOR('',#3912,1.);
#3912 = DIRECTION('',(0.,1.,0.));
#3913 = ORIENTED_EDGE('',*,*,#3885,.T.);
#3914 = ORIENTED_EDGE('',*,*,#802,.F.);
#3915 = PLANE('',#3916);
#3916 = AXIS2_PLACEMENT_3D('',#3917,#3918,#3919);
#3917 = CARTESIAN_POINT('',(-0.32,-10.48,-3.));
#3918 = DIRECTION('',(1.,0.,0.));
#3919 = DIRECTION('',(0.,0.,1.));
#3920 = ADVANCED_FACE('',(#3921),#3939,.F.);
#3921 = FACE_BOUND('',#3922,.F.);
#3922 = EDGE_LOOP('',(#3923,#3931,#3937,#3938));
#3923 = ORIENTED_EDGE('',*,*,#3924,.F.);
#3924 = EDGE_CURVE('',#3925,#787,#3927,.T.);
#3925 = VERTEX_POINT('',#3926);
#3926 = CARTESIAN_POINT('',(0.32,-10.48,-2.84));
#3927 = LINE('',#3928,#3929);
#3928 = CARTESIAN_POINT('',(0.32,-10.48,-3.));
#3929 = VECTOR('',#3930,1.);
#3930 = DIRECTION('',(0.,0.,1.));
#3931 = ORIENTED_EDGE('',*,*,#3932,.F.);
#3932 = EDGE_CURVE('',#3901,#3925,#3933,.T.);
#3933 = LINE('',#3934,#3935);
#3934 = CARTESIAN_POINT('',(-0.32,-10.48,-2.84));
#3935 = VECTOR('',#3936,1.);
#3936 = DIRECTION('',(1.,0.,0.));
#3937 = ORIENTED_EDGE('',*,*,#3900,.T.);
#3938 = ORIENTED_EDGE('',*,*,#794,.F.);
#3939 = PLANE('',#3940);
#3940 = AXIS2_PLACEMENT_3D('',#3941,#3942,#3943);
#3941 = CARTESIAN_POINT('',(-0.32,-10.48,-3.));
#3942 = DIRECTION('',(0.,1.,0.));
#3943 = DIRECTION('',(0.,-0.,1.));
#3944 = ADVANCED_FACE('',(#3945),#3956,.T.);
#3945 = FACE_BOUND('',#3946,.T.);
#3946 = EDGE_LOOP('',(#3947,#3948,#3954,#3955));
#3947 = ORIENTED_EDGE('',*,*,#3924,.F.);
#3948 = ORIENTED_EDGE('',*,*,#3949,.T.);
#3949 = EDGE_CURVE('',#3925,#3870,#3950,.T.);
#3950 = LINE('',#3951,#3952);
#3951 = CARTESIAN_POINT('',(0.32,-10.48,-2.84));
#3952 = VECTOR('',#3953,1.);
#3953 = DIRECTION('',(0.,1.,0.));
#3954 = ORIENTED_EDGE('',*,*,#3869,.T.);
#3955 = ORIENTED_EDGE('',*,*,#786,.F.);
#3956 = PLANE('',#3957);
#3957 = AXIS2_PLACEMENT_3D('',#3958,#3959,#3960);
#3958 = CARTESIAN_POINT('',(0.32,-10.48,-3.));
#3959 = DIRECTION('',(1.,0.,0.));
#3960 = DIRECTION('',(0.,0.,1.));
#3961 = ADVANCED_FACE('',(#3962),#3987,.T.);
#3962 = FACE_BOUND('',#3963,.T.);
#3963 = EDGE_LOOP('',(#3964,#3972,#3980,#3986));
#3964 = ORIENTED_EDGE('',*,*,#3965,.F.);
#3965 = EDGE_CURVE('',#3966,#811,#3968,.T.);
#3966 = VERTEX_POINT('',#3967);
#3967 = CARTESIAN_POINT('',(2.86,-9.84,-2.84));
#3968 = LINE('',#3969,#3970);
#3969 = CARTESIAN_POINT('',(2.86,-9.84,-3.));
#3970 = VECTOR('',#3971,1.);
#3971 = DIRECTION('',(0.,0.,1.));
#3972 = ORIENTED_EDGE('',*,*,#3973,.F.);
#3973 = EDGE_CURVE('',#3974,#3966,#3976,.T.);
#3974 = VERTEX_POINT('',#3975);
#3975 = CARTESIAN_POINT('',(2.22,-9.84,-2.84));
#3976 = LINE('',#3977,#3978);
#3977 = CARTESIAN_POINT('',(2.22,-9.84,-2.84));
#3978 = VECTOR('',#3979,1.);
#3979 = DIRECTION('',(1.,0.,0.));
#3980 = ORIENTED_EDGE('',*,*,#3981,.T.);
#3981 = EDGE_CURVE('',#3974,#813,#3982,.T.);
#3982 = LINE('',#3983,#3984);
#3983 = CARTESIAN_POINT('',(2.22,-9.84,-3.));
#3984 = VECTOR('',#3985,1.);
#3985 = DIRECTION('',(0.,0.,1.));
#3986 = ORIENTED_EDGE('',*,*,#810,.F.);
#3987 = PLANE('',#3988);
#3988 = AXIS2_PLACEMENT_3D('',#3989,#3990,#3991);
#3989 = CARTESIAN_POINT('',(2.22,-9.84,-3.));
#3990 = DIRECTION('',(0.,1.,0.));
#3991 = DIRECTION('',(0.,-0.,1.));
#3992 = ADVANCED_FACE('',(#3993),#4011,.F.);
#3993 = FACE_BOUND('',#3994,.F.);
#3994 = EDGE_LOOP('',(#3995,#4003,#4009,#4010));
#3995 = ORIENTED_EDGE('',*,*,#3996,.F.);
#3996 = EDGE_CURVE('',#3997,#829,#3999,.T.);
#3997 = VERTEX_POINT('',#3998);
#3998 = CARTESIAN_POINT('',(2.22,-10.48,-2.84));
#3999 = LINE('',#4000,#4001);
#4000 = CARTESIAN_POINT('',(2.22,-10.48,-3.));
#4001 = VECTOR('',#4002,1.);
#4002 = DIRECTION('',(0.,0.,1.));
#4003 = ORIENTED_EDGE('',*,*,#4004,.T.);
#4004 = EDGE_CURVE('',#3997,#3974,#4005,.T.);
#4005 = LINE('',#4006,#4007);
#4006 = CARTESIAN_POINT('',(2.22,-10.48,-2.84));
#4007 = VECTOR('',#4008,1.);
#4008 = DIRECTION('',(0.,1.,0.));
#4009 = ORIENTED_EDGE('',*,*,#3981,.T.);
#4010 = ORIENTED_EDGE('',*,*,#836,.F.);
#4011 = PLANE('',#4012);
#4012 = AXIS2_PLACEMENT_3D('',#4013,#4014,#4015);
#4013 = CARTESIAN_POINT('',(2.22,-10.48,-3.));
#4014 = DIRECTION('',(1.,0.,0.));
#4015 = DIRECTION('',(0.,0.,1.));
#4016 = ADVANCED_FACE('',(#4017),#4035,.F.);
#4017 = FACE_BOUND('',#4018,.F.);
#4018 = EDGE_LOOP('',(#4019,#4027,#4033,#4034));
#4019 = ORIENTED_EDGE('',*,*,#4020,.F.);
#4020 = EDGE_CURVE('',#4021,#821,#4023,.T.);
#4021 = VERTEX_POINT('',#4022);
#4022 = CARTESIAN_POINT('',(2.86,-10.48,-2.84));
#4023 = LINE('',#4024,#4025);
#4024 = CARTESIAN_POINT('',(2.86,-10.48,-3.));
#4025 = VECTOR('',#4026,1.);
#4026 = DIRECTION('',(0.,0.,1.));
#4027 = ORIENTED_EDGE('',*,*,#4028,.F.);
#4028 = EDGE_CURVE('',#3997,#4021,#4029,.T.);
#4029 = LINE('',#4030,#4031);
#4030 = CARTESIAN_POINT('',(2.22,-10.48,-2.84));
#4031 = VECTOR('',#4032,1.);
#4032 = DIRECTION('',(1.,0.,0.));
#4033 = ORIENTED_EDGE('',*,*,#3996,.T.);
#4034 = ORIENTED_EDGE('',*,*,#828,.F.);
#4035 = PLANE('',#4036);
#4036 = AXIS2_PLACEMENT_3D('',#4037,#4038,#4039);
#4037 = CARTESIAN_POINT('',(2.22,-10.48,-3.));
#4038 = DIRECTION('',(0.,1.,0.));
#4039 = DIRECTION('',(0.,-0.,1.));
#4040 = ADVANCED_FACE('',(#4041),#4052,.T.);
#4041 = FACE_BOUND('',#4042,.T.);
#4042 = EDGE_LOOP('',(#4043,#4044,#4050,#4051));
#4043 = ORIENTED_EDGE('',*,*,#4020,.F.);
#4044 = ORIENTED_EDGE('',*,*,#4045,.T.);
#4045 = EDGE_CURVE('',#4021,#3966,#4046,.T.);
#4046 = LINE('',#4047,#4048);
#4047 = CARTESIAN_POINT('',(2.86,-10.48,-2.84));
#4048 = VECTOR('',#4049,1.);
#4049 = DIRECTION('',(0.,1.,0.));
#4050 = ORIENTED_EDGE('',*,*,#3965,.T.);
#4051 = ORIENTED_EDGE('',*,*,#820,.F.);
#4052 = PLANE('',#4053);
#4053 = AXIS2_PLACEMENT_3D('',#4054,#4055,#4056);
#4054 = CARTESIAN_POINT('',(2.86,-10.48,-3.));
#4055 = DIRECTION('',(1.,0.,0.));
#4056 = DIRECTION('',(0.,0.,1.));
#4057 = ADVANCED_FACE('',(#4058),#4083,.T.);
#4058 = FACE_BOUND('',#4059,.T.);
#4059 = EDGE_LOOP('',(#4060,#4068,#4076,#4082));
#4060 = ORIENTED_EDGE('',*,*,#4061,.F.);
#4061 = EDGE_CURVE('',#4062,#845,#4064,.T.);
#4062 = VERTEX_POINT('',#4063);
#4063 = CARTESIAN_POINT('',(2.86,-13.02,-2.84));
#4064 = LINE('',#4065,#4066);
#4065 = CARTESIAN_POINT('',(2.86,-13.02,-3.));
#4066 = VECTOR('',#4067,1.);
#4067 = DIRECTION('',(0.,0.,1.));
#4068 = ORIENTED_EDGE('',*,*,#4069,.T.);
#4069 = EDGE_CURVE('',#4062,#4070,#4072,.T.);
#4070 = VERTEX_POINT('',#4071);
#4071 = CARTESIAN_POINT('',(2.86,-12.38,-2.84));
#4072 = LINE('',#4073,#4074);
#4073 = CARTESIAN_POINT('',(2.86,-13.02,-2.84));
#4074 = VECTOR('',#4075,1.);
#4075 = DIRECTION('',(0.,1.,0.));
#4076 = ORIENTED_EDGE('',*,*,#4077,.T.);
#4077 = EDGE_CURVE('',#4070,#847,#4078,.T.);
#4078 = LINE('',#4079,#4080);
#4079 = CARTESIAN_POINT('',(2.86,-12.38,-3.));
#4080 = VECTOR('',#4081,1.);
#4081 = DIRECTION('',(0.,0.,1.));
#4082 = ORIENTED_EDGE('',*,*,#844,.F.);
#4083 = PLANE('',#4084);
#4084 = AXIS2_PLACEMENT_3D('',#4085,#4086,#4087);
#4085 = CARTESIAN_POINT('',(2.86,-13.02,-3.));
#4086 = DIRECTION('',(1.,0.,0.));
#4087 = DIRECTION('',(0.,0.,1.));
#4088 = ADVANCED_FACE('',(#4089),#4107,.T.);
#4089 = FACE_BOUND('',#4090,.T.);
#4090 = EDGE_LOOP('',(#4091,#4092,#4100,#4106));
#4091 = ORIENTED_EDGE('',*,*,#4077,.F.);
#4092 = ORIENTED_EDGE('',*,*,#4093,.F.);
#4093 = EDGE_CURVE('',#4094,#4070,#4096,.T.);
#4094 = VERTEX_POINT('',#4095);
#4095 = CARTESIAN_POINT('',(2.22,-12.38,-2.84));
#4096 = LINE('',#4097,#4098);
#4097 = CARTESIAN_POINT('',(2.22,-12.38,-2.84));
#4098 = VECTOR('',#4099,1.);
#4099 = DIRECTION('',(1.,0.,0.));
#4100 = ORIENTED_EDGE('',*,*,#4101,.T.);
#4101 = EDGE_CURVE('',#4094,#863,#4102,.T.);
#4102 = LINE('',#4103,#4104);
#4103 = CARTESIAN_POINT('',(2.22,-12.38,-3.));
#4104 = VECTOR('',#4105,1.);
#4105 = DIRECTION('',(0.,0.,1.));
#4106 = ORIENTED_EDGE('',*,*,#870,.F.);
#4107 = PLANE('',#4108);
#4108 = AXIS2_PLACEMENT_3D('',#4109,#4110,#4111);
#4109 = CARTESIAN_POINT('',(2.22,-12.38,-3.));
#4110 = DIRECTION('',(0.,1.,0.));
#4111 = DIRECTION('',(0.,-0.,1.));
#4112 = ADVANCED_FACE('',(#4113),#4131,.F.);
#4113 = FACE_BOUND('',#4114,.F.);
#4114 = EDGE_LOOP('',(#4115,#4123,#4129,#4130));
#4115 = ORIENTED_EDGE('',*,*,#4116,.F.);
#4116 = EDGE_CURVE('',#4117,#855,#4119,.T.);
#4117 = VERTEX_POINT('',#4118);
#4118 = CARTESIAN_POINT('',(2.22,-13.02,-2.84));
#4119 = LINE('',#4120,#4121);
#4120 = CARTESIAN_POINT('',(2.22,-13.02,-3.));
#4121 = VECTOR('',#4122,1.);
#4122 = DIRECTION('',(0.,0.,1.));
#4123 = ORIENTED_EDGE('',*,*,#4124,.T.);
#4124 = EDGE_CURVE('',#4117,#4094,#4125,.T.);
#4125 = LINE('',#4126,#4127);
#4126 = CARTESIAN_POINT('',(2.22,-13.02,-2.84));
#4127 = VECTOR('',#4128,1.);
#4128 = DIRECTION('',(0.,1.,0.));
#4129 = ORIENTED_EDGE('',*,*,#4101,.T.);
#4130 = ORIENTED_EDGE('',*,*,#862,.F.);
#4131 = PLANE('',#4132);
#4132 = AXIS2_PLACEMENT_3D('',#4133,#4134,#4135);
#4133 = CARTESIAN_POINT('',(2.22,-13.02,-3.));
#4134 = DIRECTION('',(1.,0.,0.));
#4135 = DIRECTION('',(0.,0.,1.));
#4136 = ADVANCED_FACE('',(#4137),#4148,.F.);
#4137 = FACE_BOUND('',#4138,.F.);
#4138 = EDGE_LOOP('',(#4139,#4140,#4146,#4147));
#4139 = ORIENTED_EDGE('',*,*,#4061,.F.);
#4140 = ORIENTED_EDGE('',*,*,#4141,.F.);
#4141 = EDGE_CURVE('',#4117,#4062,#4142,.T.);
#4142 = LINE('',#4143,#4144);
#4143 = CARTESIAN_POINT('',(2.22,-13.02,-2.84));
#4144 = VECTOR('',#4145,1.);
#4145 = DIRECTION('',(1.,0.,0.));
#4146 = ORIENTED_EDGE('',*,*,#4116,.T.);
#4147 = ORIENTED_EDGE('',*,*,#854,.F.);
#4148 = PLANE('',#4149);
#4149 = AXIS2_PLACEMENT_3D('',#4150,#4151,#4152);
#4150 = CARTESIAN_POINT('',(2.22,-13.02,-3.));
#4151 = DIRECTION('',(0.,1.,0.));
#4152 = DIRECTION('',(0.,-0.,1.));
#4153 = ADVANCED_FACE('',(#4154),#4179,.T.);
#4154 = FACE_BOUND('',#4155,.T.);
#4155 = EDGE_LOOP('',(#4156,#4164,#4172,#4178));
#4156 = ORIENTED_EDGE('',*,*,#4157,.F.);
#4157 = EDGE_CURVE('',#4158,#879,#4160,.T.);
#4158 = VERTEX_POINT('',#4159);
#4159 = CARTESIAN_POINT('',(0.32,-13.02,-2.84));
#4160 = LINE('',#4161,#4162);
#4161 = CARTESIAN_POINT('',(0.32,-13.02,-3.));
#4162 = VECTOR('',#4163,1.);
#4163 = DIRECTION('',(0.,0.,1.));
#4164 = ORIENTED_EDGE('',*,*,#4165,.T.);
#4165 = EDGE_CURVE('',#4158,#4166,#4168,.T.);
#4166 = VERTEX_POINT('',#4167);
#4167 = CARTESIAN_POINT('',(0.32,-12.38,-2.84));
#4168 = LINE('',#4169,#4170);
#4169 = CARTESIAN_POINT('',(0.32,-13.02,-2.84));
#4170 = VECTOR('',#4171,1.);
#4171 = DIRECTION('',(0.,1.,0.));
#4172 = ORIENTED_EDGE('',*,*,#4173,.T.);
#4173 = EDGE_CURVE('',#4166,#881,#4174,.T.);
#4174 = LINE('',#4175,#4176);
#4175 = CARTESIAN_POINT('',(0.32,-12.38,-3.));
#4176 = VECTOR('',#4177,1.);
#4177 = DIRECTION('',(0.,0.,1.));
#4178 = ORIENTED_EDGE('',*,*,#878,.F.);
#4179 = PLANE('',#4180);
#4180 = AXIS2_PLACEMENT_3D('',#4181,#4182,#4183);
#4181 = CARTESIAN_POINT('',(0.32,-13.02,-3.));
#4182 = DIRECTION('',(1.,0.,0.));
#4183 = DIRECTION('',(0.,0.,1.));
#4184 = ADVANCED_FACE('',(#4185),#4203,.T.);
#4185 = FACE_BOUND('',#4186,.T.);
#4186 = EDGE_LOOP('',(#4187,#4188,#4196,#4202));
#4187 = ORIENTED_EDGE('',*,*,#4173,.F.);
#4188 = ORIENTED_EDGE('',*,*,#4189,.F.);
#4189 = EDGE_CURVE('',#4190,#4166,#4192,.T.);
#4190 = VERTEX_POINT('',#4191);
#4191 = CARTESIAN_POINT('',(-0.32,-12.38,-2.84));
#4192 = LINE('',#4193,#4194);
#4193 = CARTESIAN_POINT('',(-0.32,-12.38,-2.84));
#4194 = VECTOR('',#4195,1.);
#4195 = DIRECTION('',(1.,0.,0.));
#4196 = ORIENTED_EDGE('',*,*,#4197,.T.);
#4197 = EDGE_CURVE('',#4190,#897,#4198,.T.);
#4198 = LINE('',#4199,#4200);
#4199 = CARTESIAN_POINT('',(-0.32,-12.38,-3.));
#4200 = VECTOR('',#4201,1.);
#4201 = DIRECTION('',(0.,0.,1.));
#4202 = ORIENTED_EDGE('',*,*,#904,.F.);
#4203 = PLANE('',#4204);
#4204 = AXIS2_PLACEMENT_3D('',#4205,#4206,#4207);
#4205 = CARTESIAN_POINT('',(-0.32,-12.38,-3.));
#4206 = DIRECTION('',(0.,1.,0.));
#4207 = DIRECTION('',(0.,-0.,1.));
#4208 = ADVANCED_FACE('',(#4209),#4227,.F.);
#4209 = FACE_BOUND('',#4210,.F.);
#4210 = EDGE_LOOP('',(#4211,#4219,#4225,#4226));
#4211 = ORIENTED_EDGE('',*,*,#4212,.F.);
#4212 = EDGE_CURVE('',#4213,#889,#4215,.T.);
#4213 = VERTEX_POINT('',#4214);
#4214 = CARTESIAN_POINT('',(-0.32,-13.02,-2.84));
#4215 = LINE('',#4216,#4217);
#4216 = CARTESIAN_POINT('',(-0.32,-13.02,-3.));
#4217 = VECTOR('',#4218,1.);
#4218 = DIRECTION('',(0.,0.,1.));
#4219 = ORIENTED_EDGE('',*,*,#4220,.T.);
#4220 = EDGE_CURVE('',#4213,#4190,#4221,.T.);
#4221 = LINE('',#4222,#4223);
#4222 = CARTESIAN_POINT('',(-0.32,-13.02,-2.84));
#4223 = VECTOR('',#4224,1.);
#4224 = DIRECTION('',(0.,1.,0.));
#4225 = ORIENTED_EDGE('',*,*,#4197,.T.);
#4226 = ORIENTED_EDGE('',*,*,#896,.F.);
#4227 = PLANE('',#4228);
#4228 = AXIS2_PLACEMENT_3D('',#4229,#4230,#4231);
#4229 = CARTESIAN_POINT('',(-0.32,-13.02,-3.));
#4230 = DIRECTION('',(1.,0.,0.));
#4231 = DIRECTION('',(0.,0.,1.));
#4232 = ADVANCED_FACE('',(#4233),#4244,.F.);
#4233 = FACE_BOUND('',#4234,.F.);
#4234 = EDGE_LOOP('',(#4235,#4236,#4242,#4243));
#4235 = ORIENTED_EDGE('',*,*,#4157,.F.);
#4236 = ORIENTED_EDGE('',*,*,#4237,.F.);
#4237 = EDGE_CURVE('',#4213,#4158,#4238,.T.);
#4238 = LINE('',#4239,#4240);
#4239 = CARTESIAN_POINT('',(-0.32,-13.02,-2.84));
#4240 = VECTOR('',#4241,1.);
#4241 = DIRECTION('',(1.,0.,0.));
#4242 = ORIENTED_EDGE('',*,*,#4212,.T.);
#4243 = ORIENTED_EDGE('',*,*,#888,.F.);
#4244 = PLANE('',#4245);
#4245 = AXIS2_PLACEMENT_3D('',#4246,#4247,#4248);
#4246 = CARTESIAN_POINT('',(-0.32,-13.02,-3.));
#4247 = DIRECTION('',(0.,1.,0.));
#4248 = DIRECTION('',(0.,-0.,1.));
#4249 = ADVANCED_FACE('',(#4250),#4275,.T.);
#4250 = FACE_BOUND('',#4251,.T.);
#4251 = EDGE_LOOP('',(#4252,#4260,#4268,#4274));
#4252 = ORIENTED_EDGE('',*,*,#4253,.F.);
#4253 = EDGE_CURVE('',#4254,#913,#4256,.T.);
#4254 = VERTEX_POINT('',#4255);
#4255 = CARTESIAN_POINT('',(2.86,0.32,-2.84));
#4256 = LINE('',#4257,#4258);
#4257 = CARTESIAN_POINT('',(2.86,0.32,-3.));
#4258 = VECTOR('',#4259,1.);
#4259 = DIRECTION('',(0.,0.,1.));
#4260 = ORIENTED_EDGE('',*,*,#4261,.F.);
#4261 = EDGE_CURVE('',#4262,#4254,#4264,.T.);
#4262 = VERTEX_POINT('',#4263);
#4263 = CARTESIAN_POINT('',(2.22,0.32,-2.84));
#4264 = LINE('',#4265,#4266);
#4265 = CARTESIAN_POINT('',(2.22,0.32,-2.84));
#4266 = VECTOR('',#4267,1.);
#4267 = DIRECTION('',(1.,0.,0.));
#4268 = ORIENTED_EDGE('',*,*,#4269,.T.);
#4269 = EDGE_CURVE('',#4262,#915,#4270,.T.);
#4270 = LINE('',#4271,#4272);
#4271 = CARTESIAN_POINT('',(2.22,0.32,-3.));
#4272 = VECTOR('',#4273,1.);
#4273 = DIRECTION('',(0.,0.,1.));
#4274 = ORIENTED_EDGE('',*,*,#912,.F.);
#4275 = PLANE('',#4276);
#4276 = AXIS2_PLACEMENT_3D('',#4277,#4278,#4279);
#4277 = CARTESIAN_POINT('',(2.22,0.32,-3.));
#4278 = DIRECTION('',(0.,1.,0.));
#4279 = DIRECTION('',(0.,-0.,1.));
#4280 = ADVANCED_FACE('',(#4281),#4299,.F.);
#4281 = FACE_BOUND('',#4282,.F.);
#4282 = EDGE_LOOP('',(#4283,#4291,#4297,#4298));
#4283 = ORIENTED_EDGE('',*,*,#4284,.F.);
#4284 = EDGE_CURVE('',#4285,#931,#4287,.T.);
#4285 = VERTEX_POINT('',#4286);
#4286 = CARTESIAN_POINT('',(2.22,-0.32,-2.84));
#4287 = LINE('',#4288,#4289);
#4288 = CARTESIAN_POINT('',(2.22,-0.32,-3.));
#4289 = VECTOR('',#4290,1.);
#4290 = DIRECTION('',(0.,0.,1.));
#4291 = ORIENTED_EDGE('',*,*,#4292,.T.);
#4292 = EDGE_CURVE('',#4285,#4262,#4293,.T.);
#4293 = LINE('',#4294,#4295);
#4294 = CARTESIAN_POINT('',(2.22,-0.32,-2.84));
#4295 = VECTOR('',#4296,1.);
#4296 = DIRECTION('',(0.,1.,0.));
#4297 = ORIENTED_EDGE('',*,*,#4269,.T.);
#4298 = ORIENTED_EDGE('',*,*,#938,.F.);
#4299 = PLANE('',#4300);
#4300 = AXIS2_PLACEMENT_3D('',#4301,#4302,#4303);
#4301 = CARTESIAN_POINT('',(2.22,-0.32,-3.));
#4302 = DIRECTION('',(1.,0.,0.));
#4303 = DIRECTION('',(0.,0.,1.));
#4304 = ADVANCED_FACE('',(#4305),#4323,.F.);
#4305 = FACE_BOUND('',#4306,.F.);
#4306 = EDGE_LOOP('',(#4307,#4315,#4321,#4322));
#4307 = ORIENTED_EDGE('',*,*,#4308,.F.);
#4308 = EDGE_CURVE('',#4309,#923,#4311,.T.);
#4309 = VERTEX_POINT('',#4310);
#4310 = CARTESIAN_POINT('',(2.86,-0.32,-2.84));
#4311 = LINE('',#4312,#4313);
#4312 = CARTESIAN_POINT('',(2.86,-0.32,-3.));
#4313 = VECTOR('',#4314,1.);
#4314 = DIRECTION('',(0.,0.,1.));
#4315 = ORIENTED_EDGE('',*,*,#4316,.F.);
#4316 = EDGE_CURVE('',#4285,#4309,#4317,.T.);
#4317 = LINE('',#4318,#4319);
#4318 = CARTESIAN_POINT('',(2.22,-0.32,-2.84));
#4319 = VECTOR('',#4320,1.);
#4320 = DIRECTION('',(1.,0.,0.));
#4321 = ORIENTED_EDGE('',*,*,#4284,.T.);
#4322 = ORIENTED_EDGE('',*,*,#930,.F.);
#4323 = PLANE('',#4324);
#4324 = AXIS2_PLACEMENT_3D('',#4325,#4326,#4327);
#4325 = CARTESIAN_POINT('',(2.22,-0.32,-3.));
#4326 = DIRECTION('',(0.,1.,0.));
#4327 = DIRECTION('',(0.,-0.,1.));
#4328 = ADVANCED_FACE('',(#4329),#4340,.T.);
#4329 = FACE_BOUND('',#4330,.T.);
#4330 = EDGE_LOOP('',(#4331,#4332,#4338,#4339));
#4331 = ORIENTED_EDGE('',*,*,#4308,.F.);
#4332 = ORIENTED_EDGE('',*,*,#4333,.T.);
#4333 = EDGE_CURVE('',#4309,#4254,#4334,.T.);
#4334 = LINE('',#4335,#4336);
#4335 = CARTESIAN_POINT('',(2.86,-0.32,-2.84));
#4336 = VECTOR('',#4337,1.);
#4337 = DIRECTION('',(0.,1.,0.));
#4338 = ORIENTED_EDGE('',*,*,#4253,.T.);
#4339 = ORIENTED_EDGE('',*,*,#922,.F.);
#4340 = PLANE('',#4341);
#4341 = AXIS2_PLACEMENT_3D('',#4342,#4343,#4344);
#4342 = CARTESIAN_POINT('',(2.86,-0.32,-3.));
#4343 = DIRECTION('',(1.,0.,0.));
#4344 = DIRECTION('',(0.,0.,1.));
#4345 = ADVANCED_FACE('',(#4346),#4371,.F.);
#4346 = FACE_BOUND('',#4347,.F.);
#4347 = EDGE_LOOP('',(#4348,#4356,#4364,#4370));
#4348 = ORIENTED_EDGE('',*,*,#4349,.F.);
#4349 = EDGE_CURVE('',#4350,#947,#4352,.T.);
#4350 = VERTEX_POINT('',#4351);
#4351 = CARTESIAN_POINT('',(0.32,-0.32,-2.84));
#4352 = LINE('',#4353,#4354);
#4353 = CARTESIAN_POINT('',(0.32,-0.32,-3.));
#4354 = VECTOR('',#4355,1.);
#4355 = DIRECTION('',(0.,0.,1.));
#4356 = ORIENTED_EDGE('',*,*,#4357,.F.);
#4357 = EDGE_CURVE('',#4358,#4350,#4360,.T.);
#4358 = VERTEX_POINT('',#4359);
#4359 = CARTESIAN_POINT('',(-0.32,-0.32,-2.84));
#4360 = LINE('',#4361,#4362);
#4361 = CARTESIAN_POINT('',(-0.32,-0.32,-2.84));
#4362 = VECTOR('',#4363,1.);
#4363 = DIRECTION('',(1.,0.,0.));
#4364 = ORIENTED_EDGE('',*,*,#4365,.T.);
#4365 = EDGE_CURVE('',#4358,#949,#4366,.T.);
#4366 = LINE('',#4367,#4368);
#4367 = CARTESIAN_POINT('',(-0.32,-0.32,-3.));
#4368 = VECTOR('',#4369,1.);
#4369 = DIRECTION('',(0.,0.,1.));
#4370 = ORIENTED_EDGE('',*,*,#946,.F.);
#4371 = PLANE('',#4372);
#4372 = AXIS2_PLACEMENT_3D('',#4373,#4374,#4375);
#4373 = CARTESIAN_POINT('',(-0.32,-0.32,-3.));
#4374 = DIRECTION('',(0.,1.,0.));
#4375 = DIRECTION('',(0.,-0.,1.));
#4376 = ADVANCED_FACE('',(#4377),#4395,.T.);
#4377 = FACE_BOUND('',#4378,.T.);
#4378 = EDGE_LOOP('',(#4379,#4380,#4388,#4394));
#4379 = ORIENTED_EDGE('',*,*,#4349,.F.);
#4380 = ORIENTED_EDGE('',*,*,#4381,.T.);
#4381 = EDGE_CURVE('',#4350,#4382,#4384,.T.);
#4382 = VERTEX_POINT('',#4383);
#4383 = CARTESIAN_POINT('',(0.32,0.32,-2.84));
#4384 = LINE('',#4385,#4386);
#4385 = CARTESIAN_POINT('',(0.32,-0.32,-2.84));
#4386 = VECTOR('',#4387,1.);
#4387 = DIRECTION('',(0.,1.,0.));
#4388 = ORIENTED_EDGE('',*,*,#4389,.T.);
#4389 = EDGE_CURVE('',#4382,#965,#4390,.T.);
#4390 = LINE('',#4391,#4392);
#4391 = CARTESIAN_POINT('',(0.32,0.32,-3.));
#4392 = VECTOR('',#4393,1.);
#4393 = DIRECTION('',(0.,0.,1.));
#4394 = ORIENTED_EDGE('',*,*,#972,.F.);
#4395 = PLANE('',#4396);
#4396 = AXIS2_PLACEMENT_3D('',#4397,#4398,#4399);
#4397 = CARTESIAN_POINT('',(0.32,-0.32,-3.));
#4398 = DIRECTION('',(1.,0.,0.));
#4399 = DIRECTION('',(0.,0.,1.));
#4400 = ADVANCED_FACE('',(#4401),#4419,.T.);
#4401 = FACE_BOUND('',#4402,.T.);
#4402 = EDGE_LOOP('',(#4403,#4404,#4412,#4418));
#4403 = ORIENTED_EDGE('',*,*,#4389,.F.);
#4404 = ORIENTED_EDGE('',*,*,#4405,.F.);
#4405 = EDGE_CURVE('',#4406,#4382,#4408,.T.);
#4406 = VERTEX_POINT('',#4407);
#4407 = CARTESIAN_POINT('',(-0.32,0.32,-2.84));
#4408 = LINE('',#4409,#4410);
#4409 = CARTESIAN_POINT('',(-0.32,0.32,-2.84));
#4410 = VECTOR('',#4411,1.);
#4411 = DIRECTION('',(1.,0.,0.));
#4412 = ORIENTED_EDGE('',*,*,#4413,.T.);
#4413 = EDGE_CURVE('',#4406,#957,#4414,.T.);
#4414 = LINE('',#4415,#4416);
#4415 = CARTESIAN_POINT('',(-0.32,0.32,-3.));
#4416 = VECTOR('',#4417,1.);
#4417 = DIRECTION('',(0.,0.,1.));
#4418 = ORIENTED_EDGE('',*,*,#964,.F.);
#4419 = PLANE('',#4420);
#4420 = AXIS2_PLACEMENT_3D('',#4421,#4422,#4423);
#4421 = CARTESIAN_POINT('',(-0.32,0.32,-3.));
#4422 = DIRECTION('',(0.,1.,0.));
#4423 = DIRECTION('',(0.,-0.,1.));
#4424 = ADVANCED_FACE('',(#4425),#4436,.F.);
#4425 = FACE_BOUND('',#4426,.F.);
#4426 = EDGE_LOOP('',(#4427,#4428,#4434,#4435));
#4427 = ORIENTED_EDGE('',*,*,#4365,.F.);
#4428 = ORIENTED_EDGE('',*,*,#4429,.T.);
#4429 = EDGE_CURVE('',#4358,#4406,#4430,.T.);
#4430 = LINE('',#4431,#4432);
#4431 = CARTESIAN_POINT('',(-0.32,-0.32,-2.84));
#4432 = VECTOR('',#4433,1.);
#4433 = DIRECTION('',(0.,1.,0.));
#4434 = ORIENTED_EDGE('',*,*,#4413,.T.);
#4435 = ORIENTED_EDGE('',*,*,#956,.F.);
#4436 = PLANE('',#4437);
#4437 = AXIS2_PLACEMENT_3D('',#4438,#4439,#4440);
#4438 = CARTESIAN_POINT('',(-0.32,-0.32,-3.));
#4439 = DIRECTION('',(1.,0.,0.));
#4440 = DIRECTION('',(0.,0.,1.));
#4441 = ADVANCED_FACE('',(#4442),#4467,.T.);
#4442 = FACE_BOUND('',#4443,.T.);
#4443 = EDGE_LOOP('',(#4444,#4452,#4460,#4466));
#4444 = ORIENTED_EDGE('',*,*,#4445,.F.);
#4445 = EDGE_CURVE('',#4446,#981,#4448,.T.);
#4446 = VERTEX_POINT('',#4447);
#4447 = CARTESIAN_POINT('',(2.86,-4.76,-2.84));
#4448 = LINE('',#4449,#4450);
#4449 = CARTESIAN_POINT('',(2.86,-4.76,-3.));
#4450 = VECTOR('',#4451,1.);
#4451 = DIRECTION('',(0.,0.,1.));
#4452 = ORIENTED_EDGE('',*,*,#4453,.F.);
#4453 = EDGE_CURVE('',#4454,#4446,#4456,.T.);
#4454 = VERTEX_POINT('',#4455);
#4455 = CARTESIAN_POINT('',(2.22,-4.76,-2.84));
#4456 = LINE('',#4457,#4458);
#4457 = CARTESIAN_POINT('',(2.22,-4.76,-2.84));
#4458 = VECTOR('',#4459,1.);
#4459 = DIRECTION('',(1.,0.,0.));
#4460 = ORIENTED_EDGE('',*,*,#4461,.T.);
#4461 = EDGE_CURVE('',#4454,#983,#4462,.T.);
#4462 = LINE('',#4463,#4464);
#4463 = CARTESIAN_POINT('',(2.22,-4.76,-3.));
#4464 = VECTOR('',#4465,1.);
#4465 = DIRECTION('',(0.,0.,1.));
#4466 = ORIENTED_EDGE('',*,*,#980,.F.);
#4467 = PLANE('',#4468);
#4468 = AXIS2_PLACEMENT_3D('',#4469,#4470,#4471);
#4469 = CARTESIAN_POINT('',(2.22,-4.76,-3.));
#4470 = DIRECTION('',(0.,1.,0.));
#4471 = DIRECTION('',(0.,-0.,1.));
#4472 = ADVANCED_FACE('',(#4473),#4491,.F.);
#4473 = FACE_BOUND('',#4474,.F.);
#4474 = EDGE_LOOP('',(#4475,#4483,#4489,#4490));
#4475 = ORIENTED_EDGE('',*,*,#4476,.F.);
#4476 = EDGE_CURVE('',#4477,#999,#4479,.T.);
#4477 = VERTEX_POINT('',#4478);
#4478 = CARTESIAN_POINT('',(2.22,-5.4,-2.84));
#4479 = LINE('',#4480,#4481);
#4480 = CARTESIAN_POINT('',(2.22,-5.4,-3.));
#4481 = VECTOR('',#4482,1.);
#4482 = DIRECTION('',(0.,0.,1.));
#4483 = ORIENTED_EDGE('',*,*,#4484,.T.);
#4484 = EDGE_CURVE('',#4477,#4454,#4485,.T.);
#4485 = LINE('',#4486,#4487);
#4486 = CARTESIAN_POINT('',(2.22,-5.4,-2.84));
#4487 = VECTOR('',#4488,1.);
#4488 = DIRECTION('',(0.,1.,0.));
#4489 = ORIENTED_EDGE('',*,*,#4461,.T.);
#4490 = ORIENTED_EDGE('',*,*,#1006,.F.);
#4491 = PLANE('',#4492);
#4492 = AXIS2_PLACEMENT_3D('',#4493,#4494,#4495);
#4493 = CARTESIAN_POINT('',(2.22,-5.4,-3.));
#4494 = DIRECTION('',(1.,0.,0.));
#4495 = DIRECTION('',(0.,0.,1.));
#4496 = ADVANCED_FACE('',(#4497),#4515,.F.);
#4497 = FACE_BOUND('',#4498,.F.);
#4498 = EDGE_LOOP('',(#4499,#4507,#4513,#4514));
#4499 = ORIENTED_EDGE('',*,*,#4500,.F.);
#4500 = EDGE_CURVE('',#4501,#991,#4503,.T.);
#4501 = VERTEX_POINT('',#4502);
#4502 = CARTESIAN_POINT('',(2.86,-5.4,-2.84));
#4503 = LINE('',#4504,#4505);
#4504 = CARTESIAN_POINT('',(2.86,-5.4,-3.));
#4505 = VECTOR('',#4506,1.);
#4506 = DIRECTION('',(0.,0.,1.));
#4507 = ORIENTED_EDGE('',*,*,#4508,.F.);
#4508 = EDGE_CURVE('',#4477,#4501,#4509,.T.);
#4509 = LINE('',#4510,#4511);
#4510 = CARTESIAN_POINT('',(2.22,-5.4,-2.84));
#4511 = VECTOR('',#4512,1.);
#4512 = DIRECTION('',(1.,0.,0.));
#4513 = ORIENTED_EDGE('',*,*,#4476,.T.);
#4514 = ORIENTED_EDGE('',*,*,#998,.F.);
#4515 = PLANE('',#4516);
#4516 = AXIS2_PLACEMENT_3D('',#4517,#4518,#4519);
#4517 = CARTESIAN_POINT('',(2.22,-5.4,-3.));
#4518 = DIRECTION('',(0.,1.,0.));
#4519 = DIRECTION('',(0.,-0.,1.));
#4520 = ADVANCED_FACE('',(#4521),#4532,.T.);
#4521 = FACE_BOUND('',#4522,.T.);
#4522 = EDGE_LOOP('',(#4523,#4524,#4530,#4531));
#4523 = ORIENTED_EDGE('',*,*,#4500,.F.);
#4524 = ORIENTED_EDGE('',*,*,#4525,.T.);
#4525 = EDGE_CURVE('',#4501,#4446,#4526,.T.);
#4526 = LINE('',#4527,#4528);
#4527 = CARTESIAN_POINT('',(2.86,-5.4,-2.84));
#4528 = VECTOR('',#4529,1.);
#4529 = DIRECTION('',(0.,1.,0.));
#4530 = ORIENTED_EDGE('',*,*,#4445,.T.);
#4531 = ORIENTED_EDGE('',*,*,#990,.F.);
#4532 = PLANE('',#4533);
#4533 = AXIS2_PLACEMENT_3D('',#4534,#4535,#4536);
#4534 = CARTESIAN_POINT('',(2.86,-5.4,-3.));
#4535 = DIRECTION('',(1.,0.,0.));
#4536 = DIRECTION('',(0.,0.,1.));
#4537 = ADVANCED_FACE('',(#4538),#4563,.T.);
#4538 = FACE_BOUND('',#4539,.T.);
#4539 = EDGE_LOOP('',(#4540,#4548,#4556,#4562));
#4540 = ORIENTED_EDGE('',*,*,#4541,.F.);
#4541 = EDGE_CURVE('',#4542,#1015,#4544,.T.);
#4542 = VERTEX_POINT('',#4543);
#4543 = CARTESIAN_POINT('',(0.32,-4.76,-2.84));
#4544 = LINE('',#4545,#4546);
#4545 = CARTESIAN_POINT('',(0.32,-4.76,-3.));
#4546 = VECTOR('',#4547,1.);
#4547 = DIRECTION('',(0.,0.,1.));
#4548 = ORIENTED_EDGE('',*,*,#4549,.F.);
#4549 = EDGE_CURVE('',#4550,#4542,#4552,.T.);
#4550 = VERTEX_POINT('',#4551);
#4551 = CARTESIAN_POINT('',(-0.32,-4.76,-2.84));
#4552 = LINE('',#4553,#4554);
#4553 = CARTESIAN_POINT('',(-0.32,-4.76,-2.84));
#4554 = VECTOR('',#4555,1.);
#4555 = DIRECTION('',(1.,0.,0.));
#4556 = ORIENTED_EDGE('',*,*,#4557,.T.);
#4557 = EDGE_CURVE('',#4550,#1017,#4558,.T.);
#4558 = LINE('',#4559,#4560);
#4559 = CARTESIAN_POINT('',(-0.32,-4.76,-3.));
#4560 = VECTOR('',#4561,1.);
#4561 = DIRECTION('',(0.,0.,1.));
#4562 = ORIENTED_EDGE('',*,*,#1014,.F.);
#4563 = PLANE('',#4564);
#4564 = AXIS2_PLACEMENT_3D('',#4565,#4566,#4567);
#4565 = CARTESIAN_POINT('',(-0.32,-4.76,-3.));
#4566 = DIRECTION('',(0.,1.,0.));
#4567 = DIRECTION('',(0.,-0.,1.));
#4568 = ADVANCED_FACE('',(#4569),#4587,.F.);
#4569 = FACE_BOUND('',#4570,.F.);
#4570 = EDGE_LOOP('',(#4571,#4579,#4585,#4586));
#4571 = ORIENTED_EDGE('',*,*,#4572,.F.);
#4572 = EDGE_CURVE('',#4573,#1033,#4575,.T.);
#4573 = VERTEX_POINT('',#4574);
#4574 = CARTESIAN_POINT('',(-0.32,-5.4,-2.84));
#4575 = LINE('',#4576,#4577);
#4576 = CARTESIAN_POINT('',(-0.32,-5.4,-3.));
#4577 = VECTOR('',#4578,1.);
#4578 = DIRECTION('',(0.,0.,1.));
#4579 = ORIENTED_EDGE('',*,*,#4580,.T.);
#4580 = EDGE_CURVE('',#4573,#4550,#4581,.T.);
#4581 = LINE('',#4582,#4583);
#4582 = CARTESIAN_POINT('',(-0.32,-5.4,-2.84));
#4583 = VECTOR('',#4584,1.);
#4584 = DIRECTION('',(0.,1.,0.));
#4585 = ORIENTED_EDGE('',*,*,#4557,.T.);
#4586 = ORIENTED_EDGE('',*,*,#1040,.F.);
#4587 = PLANE('',#4588);
#4588 = AXIS2_PLACEMENT_3D('',#4589,#4590,#4591);
#4589 = CARTESIAN_POINT('',(-0.32,-5.4,-3.));
#4590 = DIRECTION('',(1.,0.,0.));
#4591 = DIRECTION('',(0.,0.,1.));
#4592 = ADVANCED_FACE('',(#4593),#4611,.F.);
#4593 = FACE_BOUND('',#4594,.F.);
#4594 = EDGE_LOOP('',(#4595,#4603,#4609,#4610));
#4595 = ORIENTED_EDGE('',*,*,#4596,.F.);
#4596 = EDGE_CURVE('',#4597,#1025,#4599,.T.);
#4597 = VERTEX_POINT('',#4598);
#4598 = CARTESIAN_POINT('',(0.32,-5.4,-2.84));
#4599 = LINE('',#4600,#4601);
#4600 = CARTESIAN_POINT('',(0.32,-5.4,-3.));
#4601 = VECTOR('',#4602,1.);
#4602 = DIRECTION('',(0.,0.,1.));
#4603 = ORIENTED_EDGE('',*,*,#4604,.F.);
#4604 = EDGE_CURVE('',#4573,#4597,#4605,.T.);
#4605 = LINE('',#4606,#4607);
#4606 = CARTESIAN_POINT('',(-0.32,-5.4,-2.84));
#4607 = VECTOR('',#4608,1.);
#4608 = DIRECTION('',(1.,0.,0.));
#4609 = ORIENTED_EDGE('',*,*,#4572,.T.);
#4610 = ORIENTED_EDGE('',*,*,#1032,.F.);
#4611 = PLANE('',#4612);
#4612 = AXIS2_PLACEMENT_3D('',#4613,#4614,#4615);
#4613 = CARTESIAN_POINT('',(-0.32,-5.4,-3.));
#4614 = DIRECTION('',(0.,1.,0.));
#4615 = DIRECTION('',(0.,-0.,1.));
#4616 = ADVANCED_FACE('',(#4617),#4628,.T.);
#4617 = FACE_BOUND('',#4618,.T.);
#4618 = EDGE_LOOP('',(#4619,#4620,#4626,#4627));
#4619 = ORIENTED_EDGE('',*,*,#4596,.F.);
#4620 = ORIENTED_EDGE('',*,*,#4621,.T.);
#4621 = EDGE_CURVE('',#4597,#4542,#4622,.T.);
#4622 = LINE('',#4623,#4624);
#4623 = CARTESIAN_POINT('',(0.32,-5.4,-2.84));
#4624 = VECTOR('',#4625,1.);
#4625 = DIRECTION('',(0.,1.,0.));
#4626 = ORIENTED_EDGE('',*,*,#4541,.T.);
#4627 = ORIENTED_EDGE('',*,*,#1024,.F.);
#4628 = PLANE('',#4629);
#4629 = AXIS2_PLACEMENT_3D('',#4630,#4631,#4632);
#4630 = CARTESIAN_POINT('',(0.32,-5.4,-3.));
#4631 = DIRECTION('',(1.,0.,0.));
#4632 = DIRECTION('',(0.,0.,1.));
#4633 = ADVANCED_FACE('',(#4634),#4659,.T.);
#4634 = FACE_BOUND('',#4635,.T.);
#4635 = EDGE_LOOP('',(#4636,#4644,#4652,#4658));
#4636 = ORIENTED_EDGE('',*,*,#4637,.F.);
#4637 = EDGE_CURVE('',#4638,#1049,#4640,.T.);
#4638 = VERTEX_POINT('',#4639);
#4639 = CARTESIAN_POINT('',(0.32,-2.22,-2.84));
#4640 = LINE('',#4641,#4642);
#4641 = CARTESIAN_POINT('',(0.32,-2.22,-3.));
#4642 = VECTOR('',#4643,1.);
#4643 = DIRECTION('',(0.,0.,1.));
#4644 = ORIENTED_EDGE('',*,*,#4645,.F.);
#4645 = EDGE_CURVE('',#4646,#4638,#4648,.T.);
#4646 = VERTEX_POINT('',#4647);
#4647 = CARTESIAN_POINT('',(-0.32,-2.22,-2.84));
#4648 = LINE('',#4649,#4650);
#4649 = CARTESIAN_POINT('',(-0.32,-2.22,-2.84));
#4650 = VECTOR('',#4651,1.);
#4651 = DIRECTION('',(1.,0.,0.));
#4652 = ORIENTED_EDGE('',*,*,#4653,.T.);
#4653 = EDGE_CURVE('',#4646,#1051,#4654,.T.);
#4654 = LINE('',#4655,#4656);
#4655 = CARTESIAN_POINT('',(-0.32,-2.22,-3.));
#4656 = VECTOR('',#4657,1.);
#4657 = DIRECTION('',(0.,0.,1.));
#4658 = ORIENTED_EDGE('',*,*,#1048,.F.);
#4659 = PLANE('',#4660);
#4660 = AXIS2_PLACEMENT_3D('',#4661,#4662,#4663);
#4661 = CARTESIAN_POINT('',(-0.32,-2.22,-3.));
#4662 = DIRECTION('',(0.,1.,0.));
#4663 = DIRECTION('',(0.,-0.,1.));
#4664 = ADVANCED_FACE('',(#4665),#4683,.F.);
#4665 = FACE_BOUND('',#4666,.F.);
#4666 = EDGE_LOOP('',(#4667,#4675,#4681,#4682));
#4667 = ORIENTED_EDGE('',*,*,#4668,.F.);
#4668 = EDGE_CURVE('',#4669,#1067,#4671,.T.);
#4669 = VERTEX_POINT('',#4670);
#4670 = CARTESIAN_POINT('',(-0.32,-2.86,-2.84));
#4671 = LINE('',#4672,#4673);
#4672 = CARTESIAN_POINT('',(-0.32,-2.86,-3.));
#4673 = VECTOR('',#4674,1.);
#4674 = DIRECTION('',(0.,0.,1.));
#4675 = ORIENTED_EDGE('',*,*,#4676,.T.);
#4676 = EDGE_CURVE('',#4669,#4646,#4677,.T.);
#4677 = LINE('',#4678,#4679);
#4678 = CARTESIAN_POINT('',(-0.32,-2.86,-2.84));
#4679 = VECTOR('',#4680,1.);
#4680 = DIRECTION('',(0.,1.,0.));
#4681 = ORIENTED_EDGE('',*,*,#4653,.T.);
#4682 = ORIENTED_EDGE('',*,*,#1074,.F.);
#4683 = PLANE('',#4684);
#4684 = AXIS2_PLACEMENT_3D('',#4685,#4686,#4687);
#4685 = CARTESIAN_POINT('',(-0.32,-2.86,-3.));
#4686 = DIRECTION('',(1.,0.,0.));
#4687 = DIRECTION('',(0.,0.,1.));
#4688 = ADVANCED_FACE('',(#4689),#4707,.F.);
#4689 = FACE_BOUND('',#4690,.F.);
#4690 = EDGE_LOOP('',(#4691,#4699,#4705,#4706));
#4691 = ORIENTED_EDGE('',*,*,#4692,.F.);
#4692 = EDGE_CURVE('',#4693,#1059,#4695,.T.);
#4693 = VERTEX_POINT('',#4694);
#4694 = CARTESIAN_POINT('',(0.32,-2.86,-2.84));
#4695 = LINE('',#4696,#4697);
#4696 = CARTESIAN_POINT('',(0.32,-2.86,-3.));
#4697 = VECTOR('',#4698,1.);
#4698 = DIRECTION('',(0.,0.,1.));
#4699 = ORIENTED_EDGE('',*,*,#4700,.F.);
#4700 = EDGE_CURVE('',#4669,#4693,#4701,.T.);
#4701 = LINE('',#4702,#4703);
#4702 = CARTESIAN_POINT('',(-0.32,-2.86,-2.84));
#4703 = VECTOR('',#4704,1.);
#4704 = DIRECTION('',(1.,0.,0.));
#4705 = ORIENTED_EDGE('',*,*,#4668,.T.);
#4706 = ORIENTED_EDGE('',*,*,#1066,.F.);
#4707 = PLANE('',#4708);
#4708 = AXIS2_PLACEMENT_3D('',#4709,#4710,#4711);
#4709 = CARTESIAN_POINT('',(-0.32,-2.86,-3.));
#4710 = DIRECTION('',(0.,1.,0.));
#4711 = DIRECTION('',(0.,-0.,1.));
#4712 = ADVANCED_FACE('',(#4713),#4724,.T.);
#4713 = FACE_BOUND('',#4714,.T.);
#4714 = EDGE_LOOP('',(#4715,#4716,#4722,#4723));
#4715 = ORIENTED_EDGE('',*,*,#4692,.F.);
#4716 = ORIENTED_EDGE('',*,*,#4717,.T.);
#4717 = EDGE_CURVE('',#4693,#4638,#4718,.T.);
#4718 = LINE('',#4719,#4720);
#4719 = CARTESIAN_POINT('',(0.32,-2.86,-2.84));
#4720 = VECTOR('',#4721,1.);
#4721 = DIRECTION('',(0.,1.,0.));
#4722 = ORIENTED_EDGE('',*,*,#4637,.T.);
#4723 = ORIENTED_EDGE('',*,*,#1058,.F.);
#4724 = PLANE('',#4725);
#4725 = AXIS2_PLACEMENT_3D('',#4726,#4727,#4728);
#4726 = CARTESIAN_POINT('',(0.32,-2.86,-3.));
#4727 = DIRECTION('',(1.,0.,0.));
#4728 = DIRECTION('',(0.,0.,1.));
#4729 = ADVANCED_FACE('',(#4730),#4755,.T.);
#4730 = FACE_BOUND('',#4731,.T.);
#4731 = EDGE_LOOP('',(#4732,#4740,#4748,#4754));
#4732 = ORIENTED_EDGE('',*,*,#4733,.F.);
#4733 = EDGE_CURVE('',#4734,#1083,#4736,.T.);
#4734 = VERTEX_POINT('',#4735);
#4735 = CARTESIAN_POINT('',(2.86,-2.86,-2.84));
#4736 = LINE('',#4737,#4738);
#4737 = CARTESIAN_POINT('',(2.86,-2.86,-3.));
#4738 = VECTOR('',#4739,1.);
#4739 = DIRECTION('',(0.,0.,1.));
#4740 = ORIENTED_EDGE('',*,*,#4741,.T.);
#4741 = EDGE_CURVE('',#4734,#4742,#4744,.T.);
#4742 = VERTEX_POINT('',#4743);
#4743 = CARTESIAN_POINT('',(2.86,-2.22,-2.84));
#4744 = LINE('',#4745,#4746);
#4745 = CARTESIAN_POINT('',(2.86,-2.86,-2.84));
#4746 = VECTOR('',#4747,1.);
#4747 = DIRECTION('',(0.,1.,0.));
#4748 = ORIENTED_EDGE('',*,*,#4749,.T.);
#4749 = EDGE_CURVE('',#4742,#1085,#4750,.T.);
#4750 = LINE('',#4751,#4752);
#4751 = CARTESIAN_POINT('',(2.86,-2.22,-3.));
#4752 = VECTOR('',#4753,1.);
#4753 = DIRECTION('',(0.,0.,1.));
#4754 = ORIENTED_EDGE('',*,*,#1082,.F.);
#4755 = PLANE('',#4756);
#4756 = AXIS2_PLACEMENT_3D('',#4757,#4758,#4759);
#4757 = CARTESIAN_POINT('',(2.86,-2.86,-3.));
#4758 = DIRECTION('',(1.,0.,0.));
#4759 = DIRECTION('',(0.,0.,1.));
#4760 = ADVANCED_FACE('',(#4761),#4779,.T.);
#4761 = FACE_BOUND('',#4762,.T.);
#4762 = EDGE_LOOP('',(#4763,#4764,#4772,#4778));
#4763 = ORIENTED_EDGE('',*,*,#4749,.F.);
#4764 = ORIENTED_EDGE('',*,*,#4765,.F.);
#4765 = EDGE_CURVE('',#4766,#4742,#4768,.T.);
#4766 = VERTEX_POINT('',#4767);
#4767 = CARTESIAN_POINT('',(2.22,-2.22,-2.84));
#4768 = LINE('',#4769,#4770);
#4769 = CARTESIAN_POINT('',(2.22,-2.22,-2.84));
#4770 = VECTOR('',#4771,1.);
#4771 = DIRECTION('',(1.,0.,0.));
#4772 = ORIENTED_EDGE('',*,*,#4773,.T.);
#4773 = EDGE_CURVE('',#4766,#1101,#4774,.T.);
#4774 = LINE('',#4775,#4776);
#4775 = CARTESIAN_POINT('',(2.22,-2.22,-3.));
#4776 = VECTOR('',#4777,1.);
#4777 = DIRECTION('',(0.,0.,1.));
#4778 = ORIENTED_EDGE('',*,*,#1108,.F.);
#4779 = PLANE('',#4780);
#4780 = AXIS2_PLACEMENT_3D('',#4781,#4782,#4783);
#4781 = CARTESIAN_POINT('',(2.22,-2.22,-3.));
#4782 = DIRECTION('',(0.,1.,0.));
#4783 = DIRECTION('',(0.,-0.,1.));
#4784 = ADVANCED_FACE('',(#4785),#4803,.F.);
#4785 = FACE_BOUND('',#4786,.F.);
#4786 = EDGE_LOOP('',(#4787,#4795,#4801,#4802));
#4787 = ORIENTED_EDGE('',*,*,#4788,.F.);
#4788 = EDGE_CURVE('',#4789,#1093,#4791,.T.);
#4789 = VERTEX_POINT('',#4790);
#4790 = CARTESIAN_POINT('',(2.22,-2.86,-2.84));
#4791 = LINE('',#4792,#4793);
#4792 = CARTESIAN_POINT('',(2.22,-2.86,-3.));
#4793 = VECTOR('',#4794,1.);
#4794 = DIRECTION('',(0.,0.,1.));
#4795 = ORIENTED_EDGE('',*,*,#4796,.T.);
#4796 = EDGE_CURVE('',#4789,#4766,#4797,.T.);
#4797 = LINE('',#4798,#4799);
#4798 = CARTESIAN_POINT('',(2.22,-2.86,-2.84));
#4799 = VECTOR('',#4800,1.);
#4800 = DIRECTION('',(0.,1.,0.));
#4801 = ORIENTED_EDGE('',*,*,#4773,.T.);
#4802 = ORIENTED_EDGE('',*,*,#1100,.F.);
#4803 = PLANE('',#4804);
#4804 = AXIS2_PLACEMENT_3D('',#4805,#4806,#4807);
#4805 = CARTESIAN_POINT('',(2.22,-2.86,-3.));
#4806 = DIRECTION('',(1.,0.,0.));
#4807 = DIRECTION('',(0.,0.,1.));
#4808 = ADVANCED_FACE('',(#4809),#4820,.F.);
#4809 = FACE_BOUND('',#4810,.F.);
#4810 = EDGE_LOOP('',(#4811,#4812,#4818,#4819));
#4811 = ORIENTED_EDGE('',*,*,#4733,.F.);
#4812 = ORIENTED_EDGE('',*,*,#4813,.F.);
#4813 = EDGE_CURVE('',#4789,#4734,#4814,.T.);
#4814 = LINE('',#4815,#4816);
#4815 = CARTESIAN_POINT('',(2.22,-2.86,-2.84));
#4816 = VECTOR('',#4817,1.);
#4817 = DIRECTION('',(1.,0.,0.));
#4818 = ORIENTED_EDGE('',*,*,#4788,.T.);
#4819 = ORIENTED_EDGE('',*,*,#1092,.F.);
#4820 = PLANE('',#4821);
#4821 = AXIS2_PLACEMENT_3D('',#4822,#4823,#4824);
#4822 = CARTESIAN_POINT('',(2.22,-2.86,-3.));
#4823 = DIRECTION('',(0.,1.,0.));
#4824 = DIRECTION('',(0.,-0.,1.));
#4825 = ADVANCED_FACE('',(#4826),#4851,.T.);
#4826 = FACE_BOUND('',#4827,.T.);
#4827 = EDGE_LOOP('',(#4828,#4836,#4844,#4850));
#4828 = ORIENTED_EDGE('',*,*,#4829,.F.);
#4829 = EDGE_CURVE('',#4830,#1117,#4832,.T.);
#4830 = VERTEX_POINT('',#4831);
#4831 = CARTESIAN_POINT('',(2.86,-7.94,-2.84));
#4832 = LINE('',#4833,#4834);
#4833 = CARTESIAN_POINT('',(2.86,-7.94,-3.));
#4834 = VECTOR('',#4835,1.);
#4835 = DIRECTION('',(0.,0.,1.));
#4836 = ORIENTED_EDGE('',*,*,#4837,.T.);
#4837 = EDGE_CURVE('',#4830,#4838,#4840,.T.);
#4838 = VERTEX_POINT('',#4839);
#4839 = CARTESIAN_POINT('',(2.86,-7.3,-2.84));
#4840 = LINE('',#4841,#4842);
#4841 = CARTESIAN_POINT('',(2.86,-7.94,-2.84));
#4842 = VECTOR('',#4843,1.);
#4843 = DIRECTION('',(0.,1.,0.));
#4844 = ORIENTED_EDGE('',*,*,#4845,.T.);
#4845 = EDGE_CURVE('',#4838,#1119,#4846,.T.);
#4846 = LINE('',#4847,#4848);
#4847 = CARTESIAN_POINT('',(2.86,-7.3,-3.));
#4848 = VECTOR('',#4849,1.);
#4849 = DIRECTION('',(0.,0.,1.));
#4850 = ORIENTED_EDGE('',*,*,#1116,.F.);
#4851 = PLANE('',#4852);
#4852 = AXIS2_PLACEMENT_3D('',#4853,#4854,#4855);
#4853 = CARTESIAN_POINT('',(2.86,-7.94,-3.));
#4854 = DIRECTION('',(1.,0.,0.));
#4855 = DIRECTION('',(0.,0.,1.));
#4856 = ADVANCED_FACE('',(#4857),#4875,.T.);
#4857 = FACE_BOUND('',#4858,.T.);
#4858 = EDGE_LOOP('',(#4859,#4860,#4868,#4874));
#4859 = ORIENTED_EDGE('',*,*,#4845,.F.);
#4860 = ORIENTED_EDGE('',*,*,#4861,.F.);
#4861 = EDGE_CURVE('',#4862,#4838,#4864,.T.);
#4862 = VERTEX_POINT('',#4863);
#4863 = CARTESIAN_POINT('',(2.22,-7.3,-2.84));
#4864 = LINE('',#4865,#4866);
#4865 = CARTESIAN_POINT('',(2.22,-7.3,-2.84));
#4866 = VECTOR('',#4867,1.);
#4867 = DIRECTION('',(1.,0.,0.));
#4868 = ORIENTED_EDGE('',*,*,#4869,.T.);
#4869 = EDGE_CURVE('',#4862,#1135,#4870,.T.);
#4870 = LINE('',#4871,#4872);
#4871 = CARTESIAN_POINT('',(2.22,-7.3,-3.));
#4872 = VECTOR('',#4873,1.);
#4873 = DIRECTION('',(0.,0.,1.));
#4874 = ORIENTED_EDGE('',*,*,#1142,.F.);
#4875 = PLANE('',#4876);
#4876 = AXIS2_PLACEMENT_3D('',#4877,#4878,#4879);
#4877 = CARTESIAN_POINT('',(2.22,-7.3,-3.));
#4878 = DIRECTION('',(0.,1.,0.));
#4879 = DIRECTION('',(0.,-0.,1.));
#4880 = ADVANCED_FACE('',(#4881),#4899,.F.);
#4881 = FACE_BOUND('',#4882,.F.);
#4882 = EDGE_LOOP('',(#4883,#4891,#4897,#4898));
#4883 = ORIENTED_EDGE('',*,*,#4884,.F.);
#4884 = EDGE_CURVE('',#4885,#1127,#4887,.T.);
#4885 = VERTEX_POINT('',#4886);
#4886 = CARTESIAN_POINT('',(2.22,-7.94,-2.84));
#4887 = LINE('',#4888,#4889);
#4888 = CARTESIAN_POINT('',(2.22,-7.94,-3.));
#4889 = VECTOR('',#4890,1.);
#4890 = DIRECTION('',(0.,0.,1.));
#4891 = ORIENTED_EDGE('',*,*,#4892,.T.);
#4892 = EDGE_CURVE('',#4885,#4862,#4893,.T.);
#4893 = LINE('',#4894,#4895);
#4894 = CARTESIAN_POINT('',(2.22,-7.94,-2.84));
#4895 = VECTOR('',#4896,1.);
#4896 = DIRECTION('',(0.,1.,0.));
#4897 = ORIENTED_EDGE('',*,*,#4869,.T.);
#4898 = ORIENTED_EDGE('',*,*,#1134,.F.);
#4899 = PLANE('',#4900);
#4900 = AXIS2_PLACEMENT_3D('',#4901,#4902,#4903);
#4901 = CARTESIAN_POINT('',(2.22,-7.94,-3.));
#4902 = DIRECTION('',(1.,0.,0.));
#4903 = DIRECTION('',(0.,0.,1.));
#4904 = ADVANCED_FACE('',(#4905),#4916,.F.);
#4905 = FACE_BOUND('',#4906,.F.);
#4906 = EDGE_LOOP('',(#4907,#4908,#4914,#4915));
#4907 = ORIENTED_EDGE('',*,*,#4829,.F.);
#4908 = ORIENTED_EDGE('',*,*,#4909,.F.);
#4909 = EDGE_CURVE('',#4885,#4830,#4910,.T.);
#4910 = LINE('',#4911,#4912);
#4911 = CARTESIAN_POINT('',(2.22,-7.94,-2.84));
#4912 = VECTOR('',#4913,1.);
#4913 = DIRECTION('',(1.,0.,0.));
#4914 = ORIENTED_EDGE('',*,*,#4884,.T.);
#4915 = ORIENTED_EDGE('',*,*,#1126,.F.);
#4916 = PLANE('',#4917);
#4917 = AXIS2_PLACEMENT_3D('',#4918,#4919,#4920);
#4918 = CARTESIAN_POINT('',(2.22,-7.94,-3.));
#4919 = DIRECTION('',(0.,1.,0.));
#4920 = DIRECTION('',(0.,-0.,1.));
#4921 = ADVANCED_FACE('',(#4922),#4947,.T.);
#4922 = FACE_BOUND('',#4923,.T.);
#4923 = EDGE_LOOP('',(#4924,#4932,#4940,#4946));
#4924 = ORIENTED_EDGE('',*,*,#4925,.F.);
#4925 = EDGE_CURVE('',#4926,#1151,#4928,.T.);
#4926 = VERTEX_POINT('',#4927);
#4927 = CARTESIAN_POINT('',(0.32,-7.94,-2.84));
#4928 = LINE('',#4929,#4930);
#4929 = CARTESIAN_POINT('',(0.32,-7.94,-3.));
#4930 = VECTOR('',#4931,1.);
#4931 = DIRECTION('',(0.,0.,1.));
#4932 = ORIENTED_EDGE('',*,*,#4933,.T.);
#4933 = EDGE_CURVE('',#4926,#4934,#4936,.T.);
#4934 = VERTEX_POINT('',#4935);
#4935 = CARTESIAN_POINT('',(0.32,-7.3,-2.84));
#4936 = LINE('',#4937,#4938);
#4937 = CARTESIAN_POINT('',(0.32,-7.94,-2.84));
#4938 = VECTOR('',#4939,1.);
#4939 = DIRECTION('',(0.,1.,0.));
#4940 = ORIENTED_EDGE('',*,*,#4941,.T.);
#4941 = EDGE_CURVE('',#4934,#1153,#4942,.T.);
#4942 = LINE('',#4943,#4944);
#4943 = CARTESIAN_POINT('',(0.32,-7.3,-3.));
#4944 = VECTOR('',#4945,1.);
#4945 = DIRECTION('',(0.,0.,1.));
#4946 = ORIENTED_EDGE('',*,*,#1150,.F.);
#4947 = PLANE('',#4948);
#4948 = AXIS2_PLACEMENT_3D('',#4949,#4950,#4951);
#4949 = CARTESIAN_POINT('',(0.32,-7.94,-3.));
#4950 = DIRECTION('',(1.,0.,0.));
#4951 = DIRECTION('',(0.,0.,1.));
#4952 = ADVANCED_FACE('',(#4953),#4971,.T.);
#4953 = FACE_BOUND('',#4954,.T.);
#4954 = EDGE_LOOP('',(#4955,#4956,#4964,#4970));
#4955 = ORIENTED_EDGE('',*,*,#4941,.F.);
#4956 = ORIENTED_EDGE('',*,*,#4957,.F.);
#4957 = EDGE_CURVE('',#4958,#4934,#4960,.T.);
#4958 = VERTEX_POINT('',#4959);
#4959 = CARTESIAN_POINT('',(-0.32,-7.3,-2.84));
#4960 = LINE('',#4961,#4962);
#4961 = CARTESIAN_POINT('',(-0.32,-7.3,-2.84));
#4962 = VECTOR('',#4963,1.);
#4963 = DIRECTION('',(1.,0.,0.));
#4964 = ORIENTED_EDGE('',*,*,#4965,.T.);
#4965 = EDGE_CURVE('',#4958,#1169,#4966,.T.);
#4966 = LINE('',#4967,#4968);
#4967 = CARTESIAN_POINT('',(-0.32,-7.3,-3.));
#4968 = VECTOR('',#4969,1.);
#4969 = DIRECTION('',(0.,0.,1.));
#4970 = ORIENTED_EDGE('',*,*,#1176,.F.);
#4971 = PLANE('',#4972);
#4972 = AXIS2_PLACEMENT_3D('',#4973,#4974,#4975);
#4973 = CARTESIAN_POINT('',(-0.32,-7.3,-3.));
#4974 = DIRECTION('',(0.,1.,0.));
#4975 = DIRECTION('',(0.,-0.,1.));
#4976 = ADVANCED_FACE('',(#4977),#4995,.F.);
#4977 = FACE_BOUND('',#4978,.F.);
#4978 = EDGE_LOOP('',(#4979,#4987,#4993,#4994));
#4979 = ORIENTED_EDGE('',*,*,#4980,.F.);
#4980 = EDGE_CURVE('',#4981,#1161,#4983,.T.);
#4981 = VERTEX_POINT('',#4982);
#4982 = CARTESIAN_POINT('',(-0.32,-7.94,-2.84));
#4983 = LINE('',#4984,#4985);
#4984 = CARTESIAN_POINT('',(-0.32,-7.94,-3.));
#4985 = VECTOR('',#4986,1.);
#4986 = DIRECTION('',(0.,0.,1.));
#4987 = ORIENTED_EDGE('',*,*,#4988,.T.);
#4988 = EDGE_CURVE('',#4981,#4958,#4989,.T.);
#4989 = LINE('',#4990,#4991);
#4990 = CARTESIAN_POINT('',(-0.32,-7.94,-2.84));
#4991 = VECTOR('',#4992,1.);
#4992 = DIRECTION('',(0.,1.,0.));
#4993 = ORIENTED_EDGE('',*,*,#4965,.T.);
#4994 = ORIENTED_EDGE('',*,*,#1168,.F.);
#4995 = PLANE('',#4996);
#4996 = AXIS2_PLACEMENT_3D('',#4997,#4998,#4999);
#4997 = CARTESIAN_POINT('',(-0.32,-7.94,-3.));
#4998 = DIRECTION('',(1.,0.,0.));
#4999 = DIRECTION('',(0.,0.,1.));
#5000 = ADVANCED_FACE('',(#5001),#5012,.F.);
#5001 = FACE_BOUND('',#5002,.F.);
#5002 = EDGE_LOOP('',(#5003,#5004,#5010,#5011));
#5003 = ORIENTED_EDGE('',*,*,#4925,.F.);
#5004 = ORIENTED_EDGE('',*,*,#5005,.F.);
#5005 = EDGE_CURVE('',#4981,#4926,#5006,.T.);
#5006 = LINE('',#5007,#5008);
#5007 = CARTESIAN_POINT('',(-0.32,-7.94,-2.84));
#5008 = VECTOR('',#5009,1.);
#5009 = DIRECTION('',(1.,0.,0.));
#5010 = ORIENTED_EDGE('',*,*,#4980,.T.);
#5011 = ORIENTED_EDGE('',*,*,#1160,.F.);
#5012 = PLANE('',#5013);
#5013 = AXIS2_PLACEMENT_3D('',#5014,#5015,#5016);
#5014 = CARTESIAN_POINT('',(-0.32,-7.94,-3.));
#5015 = DIRECTION('',(0.,1.,0.));
#5016 = DIRECTION('',(0.,-0.,1.));
#5017 = ADVANCED_FACE('',(#5018),#5043,.T.);
#5018 = FACE_BOUND('',#5019,.T.);
#5019 = EDGE_LOOP('',(#5020,#5028,#5036,#5042));
#5020 = ORIENTED_EDGE('',*,*,#5021,.F.);
#5021 = EDGE_CURVE('',#5022,#1185,#5024,.T.);
#5022 = VERTEX_POINT('',#5023);
#5023 = CARTESIAN_POINT('',(0.32,-22.54,-2.84));
#5024 = LINE('',#5025,#5026);
#5025 = CARTESIAN_POINT('',(0.32,-22.54,-3.));
#5026 = VECTOR('',#5027,1.);
#5027 = DIRECTION('',(0.,0.,1.));
#5028 = ORIENTED_EDGE('',*,*,#5029,.F.);
#5029 = EDGE_CURVE('',#5030,#5022,#5032,.T.);
#5030 = VERTEX_POINT('',#5031);
#5031 = CARTESIAN_POINT('',(-0.32,-22.54,-2.84));
#5032 = LINE('',#5033,#5034);
#5033 = CARTESIAN_POINT('',(-0.32,-22.54,-2.84));
#5034 = VECTOR('',#5035,1.);
#5035 = DIRECTION('',(1.,0.,0.));
#5036 = ORIENTED_EDGE('',*,*,#5037,.T.);
#5037 = EDGE_CURVE('',#5030,#1187,#5038,.T.);
#5038 = LINE('',#5039,#5040);
#5039 = CARTESIAN_POINT('',(-0.32,-22.54,-3.));
#5040 = VECTOR('',#5041,1.);
#5041 = DIRECTION('',(0.,0.,1.));
#5042 = ORIENTED_EDGE('',*,*,#1184,.F.);
#5043 = PLANE('',#5044);
#5044 = AXIS2_PLACEMENT_3D('',#5045,#5046,#5047);
#5045 = CARTESIAN_POINT('',(-0.32,-22.54,-3.));
#5046 = DIRECTION('',(0.,1.,0.));
#5047 = DIRECTION('',(0.,-0.,1.));
#5048 = ADVANCED_FACE('',(#5049),#5067,.F.);
#5049 = FACE_BOUND('',#5050,.F.);
#5050 = EDGE_LOOP('',(#5051,#5059,#5065,#5066));
#5051 = ORIENTED_EDGE('',*,*,#5052,.F.);
#5052 = EDGE_CURVE('',#5053,#1203,#5055,.T.);
#5053 = VERTEX_POINT('',#5054);
#5054 = CARTESIAN_POINT('',(-0.32,-23.18,-2.84));
#5055 = LINE('',#5056,#5057);
#5056 = CARTESIAN_POINT('',(-0.32,-23.18,-3.));
#5057 = VECTOR('',#5058,1.);
#5058 = DIRECTION('',(0.,0.,1.));
#5059 = ORIENTED_EDGE('',*,*,#5060,.T.);
#5060 = EDGE_CURVE('',#5053,#5030,#5061,.T.);
#5061 = LINE('',#5062,#5063);
#5062 = CARTESIAN_POINT('',(-0.32,-23.18,-2.84));
#5063 = VECTOR('',#5064,1.);
#5064 = DIRECTION('',(0.,1.,0.));
#5065 = ORIENTED_EDGE('',*,*,#5037,.T.);
#5066 = ORIENTED_EDGE('',*,*,#1210,.F.);
#5067 = PLANE('',#5068);
#5068 = AXIS2_PLACEMENT_3D('',#5069,#5070,#5071);
#5069 = CARTESIAN_POINT('',(-0.32,-23.18,-3.));
#5070 = DIRECTION('',(1.,0.,0.));
#5071 = DIRECTION('',(0.,0.,1.));
#5072 = ADVANCED_FACE('',(#5073),#5091,.F.);
#5073 = FACE_BOUND('',#5074,.F.);
#5074 = EDGE_LOOP('',(#5075,#5083,#5089,#5090));
#5075 = ORIENTED_EDGE('',*,*,#5076,.F.);
#5076 = EDGE_CURVE('',#5077,#1195,#5079,.T.);
#5077 = VERTEX_POINT('',#5078);
#5078 = CARTESIAN_POINT('',(0.32,-23.18,-2.84));
#5079 = LINE('',#5080,#5081);
#5080 = CARTESIAN_POINT('',(0.32,-23.18,-3.));
#5081 = VECTOR('',#5082,1.);
#5082 = DIRECTION('',(0.,0.,1.));
#5083 = ORIENTED_EDGE('',*,*,#5084,.F.);
#5084 = EDGE_CURVE('',#5053,#5077,#5085,.T.);
#5085 = LINE('',#5086,#5087);
#5086 = CARTESIAN_POINT('',(-0.32,-23.18,-2.84));
#5087 = VECTOR('',#5088,1.);
#5088 = DIRECTION('',(1.,0.,0.));
#5089 = ORIENTED_EDGE('',*,*,#5052,.T.);
#5090 = ORIENTED_EDGE('',*,*,#1202,.F.);
#5091 = PLANE('',#5092);
#5092 = AXIS2_PLACEMENT_3D('',#5093,#5094,#5095);
#5093 = CARTESIAN_POINT('',(-0.32,-23.18,-3.));
#5094 = DIRECTION('',(0.,1.,0.));
#5095 = DIRECTION('',(0.,-0.,1.));
#5096 = ADVANCED_FACE('',(#5097),#5108,.T.);
#5097 = FACE_BOUND('',#5098,.T.);
#5098 = EDGE_LOOP('',(#5099,#5100,#5106,#5107));
#5099 = ORIENTED_EDGE('',*,*,#5076,.F.);
#5100 = ORIENTED_EDGE('',*,*,#5101,.T.);
#5101 = EDGE_CURVE('',#5077,#5022,#5102,.T.);
#5102 = LINE('',#5103,#5104);
#5103 = CARTESIAN_POINT('',(0.32,-23.18,-2.84));
#5104 = VECTOR('',#5105,1.);
#5105 = DIRECTION('',(0.,1.,0.));
#5106 = ORIENTED_EDGE('',*,*,#5021,.T.);
#5107 = ORIENTED_EDGE('',*,*,#1194,.F.);
#5108 = PLANE('',#5109);
#5109 = AXIS2_PLACEMENT_3D('',#5110,#5111,#5112);
#5110 = CARTESIAN_POINT('',(0.32,-23.18,-3.));
#5111 = DIRECTION('',(1.,0.,0.));
#5112 = DIRECTION('',(0.,0.,1.));
#5113 = ADVANCED_FACE('',(#5114),#5139,.F.);
#5114 = FACE_BOUND('',#5115,.F.);
#5115 = EDGE_LOOP('',(#5116,#5124,#5132,#5138));
#5116 = ORIENTED_EDGE('',*,*,#5117,.F.);
#5117 = EDGE_CURVE('',#5118,#1219,#5120,.T.);
#5118 = VERTEX_POINT('',#5119);
#5119 = CARTESIAN_POINT('',(0.32,-20.64,-2.84));
#5120 = LINE('',#5121,#5122);
#5121 = CARTESIAN_POINT('',(0.32,-20.64,-3.));
#5122 = VECTOR('',#5123,1.);
#5123 = DIRECTION('',(0.,0.,1.));
#5124 = ORIENTED_EDGE('',*,*,#5125,.F.);
#5125 = EDGE_CURVE('',#5126,#5118,#5128,.T.);
#5126 = VERTEX_POINT('',#5127);
#5127 = CARTESIAN_POINT('',(-0.32,-20.64,-2.84));
#5128 = LINE('',#5129,#5130);
#5129 = CARTESIAN_POINT('',(-0.32,-20.64,-2.84));
#5130 = VECTOR('',#5131,1.);
#5131 = DIRECTION('',(1.,0.,0.));
#5132 = ORIENTED_EDGE('',*,*,#5133,.T.);
#5133 = EDGE_CURVE('',#5126,#1221,#5134,.T.);
#5134 = LINE('',#5135,#5136);
#5135 = CARTESIAN_POINT('',(-0.32,-20.64,-3.));
#5136 = VECTOR('',#5137,1.);
#5137 = DIRECTION('',(0.,0.,1.));
#5138 = ORIENTED_EDGE('',*,*,#1218,.F.);
#5139 = PLANE('',#5140);
#5140 = AXIS2_PLACEMENT_3D('',#5141,#5142,#5143);
#5141 = CARTESIAN_POINT('',(-0.32,-20.64,-3.));
#5142 = DIRECTION('',(0.,1.,0.));
#5143 = DIRECTION('',(0.,-0.,1.));
#5144 = ADVANCED_FACE('',(#5145),#5163,.T.);
#5145 = FACE_BOUND('',#5146,.T.);
#5146 = EDGE_LOOP('',(#5147,#5148,#5156,#5162));
#5147 = ORIENTED_EDGE('',*,*,#5117,.F.);
#5148 = ORIENTED_EDGE('',*,*,#5149,.T.);
#5149 = EDGE_CURVE('',#5118,#5150,#5152,.T.);
#5150 = VERTEX_POINT('',#5151);
#5151 = CARTESIAN_POINT('',(0.32,-20.,-2.84));
#5152 = LINE('',#5153,#5154);
#5153 = CARTESIAN_POINT('',(0.32,-20.64,-2.84));
#5154 = VECTOR('',#5155,1.);
#5155 = DIRECTION('',(0.,1.,0.));
#5156 = ORIENTED_EDGE('',*,*,#5157,.T.);
#5157 = EDGE_CURVE('',#5150,#1237,#5158,.T.);
#5158 = LINE('',#5159,#5160);
#5159 = CARTESIAN_POINT('',(0.32,-20.,-3.));
#5160 = VECTOR('',#5161,1.);
#5161 = DIRECTION('',(0.,0.,1.));
#5162 = ORIENTED_EDGE('',*,*,#1244,.F.);
#5163 = PLANE('',#5164);
#5164 = AXIS2_PLACEMENT_3D('',#5165,#5166,#5167);
#5165 = CARTESIAN_POINT('',(0.32,-20.64,-3.));
#5166 = DIRECTION('',(1.,0.,0.));
#5167 = DIRECTION('',(0.,0.,1.));
#5168 = ADVANCED_FACE('',(#5169),#5187,.T.);
#5169 = FACE_BOUND('',#5170,.T.);
#5170 = EDGE_LOOP('',(#5171,#5172,#5180,#5186));
#5171 = ORIENTED_EDGE('',*,*,#5157,.F.);
#5172 = ORIENTED_EDGE('',*,*,#5173,.F.);
#5173 = EDGE_CURVE('',#5174,#5150,#5176,.T.);
#5174 = VERTEX_POINT('',#5175);
#5175 = CARTESIAN_POINT('',(-0.32,-20.,-2.84));
#5176 = LINE('',#5177,#5178);
#5177 = CARTESIAN_POINT('',(-0.32,-20.,-2.84));
#5178 = VECTOR('',#5179,1.);
#5179 = DIRECTION('',(1.,0.,0.));
#5180 = ORIENTED_EDGE('',*,*,#5181,.T.);
#5181 = EDGE_CURVE('',#5174,#1229,#5182,.T.);
#5182 = LINE('',#5183,#5184);
#5183 = CARTESIAN_POINT('',(-0.32,-20.,-3.));
#5184 = VECTOR('',#5185,1.);
#5185 = DIRECTION('',(0.,0.,1.));
#5186 = ORIENTED_EDGE('',*,*,#1236,.F.);
#5187 = PLANE('',#5188);
#5188 = AXIS2_PLACEMENT_3D('',#5189,#5190,#5191);
#5189 = CARTESIAN_POINT('',(-0.32,-20.,-3.));
#5190 = DIRECTION('',(0.,1.,0.));
#5191 = DIRECTION('',(0.,-0.,1.));
#5192 = ADVANCED_FACE('',(#5193),#5204,.F.);
#5193 = FACE_BOUND('',#5194,.F.);
#5194 = EDGE_LOOP('',(#5195,#5196,#5202,#5203));
#5195 = ORIENTED_EDGE('',*,*,#5133,.F.);
#5196 = ORIENTED_EDGE('',*,*,#5197,.T.);
#5197 = EDGE_CURVE('',#5126,#5174,#5198,.T.);
#5198 = LINE('',#5199,#5200);
#5199 = CARTESIAN_POINT('',(-0.32,-20.64,-2.84));
#5200 = VECTOR('',#5201,1.);
#5201 = DIRECTION('',(0.,1.,0.));
#5202 = ORIENTED_EDGE('',*,*,#5181,.T.);
#5203 = ORIENTED_EDGE('',*,*,#1228,.F.);
#5204 = PLANE('',#5205);
#5205 = AXIS2_PLACEMENT_3D('',#5206,#5207,#5208);
#5206 = CARTESIAN_POINT('',(-0.32,-20.64,-3.));
#5207 = DIRECTION('',(1.,0.,0.));
#5208 = DIRECTION('',(0.,0.,1.));
#5209 = ADVANCED_FACE('',(#5210),#5235,.T.);
#5210 = FACE_BOUND('',#5211,.T.);
#5211 = EDGE_LOOP('',(#5212,#5220,#5228,#5234));
#5212 = ORIENTED_EDGE('',*,*,#5213,.F.);
#5213 = EDGE_CURVE('',#5214,#1253,#5216,.T.);
#5214 = VERTEX_POINT('',#5215);
#5215 = CARTESIAN_POINT('',(2.86,-20.,-2.84));
#5216 = LINE('',#5217,#5218);
#5217 = CARTESIAN_POINT('',(2.86,-20.,-3.));
#5218 = VECTOR('',#5219,1.);
#5219 = DIRECTION('',(0.,0.,1.));
#5220 = ORIENTED_EDGE('',*,*,#5221,.F.);
#5221 = EDGE_CURVE('',#5222,#5214,#5224,.T.);
#5222 = VERTEX_POINT('',#5223);
#5223 = CARTESIAN_POINT('',(2.22,-20.,-2.84));
#5224 = LINE('',#5225,#5226);
#5225 = CARTESIAN_POINT('',(2.22,-20.,-2.84));
#5226 = VECTOR('',#5227,1.);
#5227 = DIRECTION('',(1.,0.,0.));
#5228 = ORIENTED_EDGE('',*,*,#5229,.T.);
#5229 = EDGE_CURVE('',#5222,#1255,#5230,.T.);
#5230 = LINE('',#5231,#5232);
#5231 = CARTESIAN_POINT('',(2.22,-20.,-3.));
#5232 = VECTOR('',#5233,1.);
#5233 = DIRECTION('',(0.,0.,1.));
#5234 = ORIENTED_EDGE('',*,*,#1252,.F.);
#5235 = PLANE('',#5236);
#5236 = AXIS2_PLACEMENT_3D('',#5237,#5238,#5239);
#5237 = CARTESIAN_POINT('',(2.22,-20.,-3.));
#5238 = DIRECTION('',(0.,1.,0.));
#5239 = DIRECTION('',(0.,-0.,1.));
#5240 = ADVANCED_FACE('',(#5241),#5259,.F.);
#5241 = FACE_BOUND('',#5242,.F.);
#5242 = EDGE_LOOP('',(#5243,#5251,#5257,#5258));
#5243 = ORIENTED_EDGE('',*,*,#5244,.F.);
#5244 = EDGE_CURVE('',#5245,#1271,#5247,.T.);
#5245 = VERTEX_POINT('',#5246);
#5246 = CARTESIAN_POINT('',(2.22,-20.64,-2.84));
#5247 = LINE('',#5248,#5249);
#5248 = CARTESIAN_POINT('',(2.22,-20.64,-3.));
#5249 = VECTOR('',#5250,1.);
#5250 = DIRECTION('',(0.,0.,1.));
#5251 = ORIENTED_EDGE('',*,*,#5252,.T.);
#5252 = EDGE_CURVE('',#5245,#5222,#5253,.T.);
#5253 = LINE('',#5254,#5255);
#5254 = CARTESIAN_POINT('',(2.22,-20.64,-2.84));
#5255 = VECTOR('',#5256,1.);
#5256 = DIRECTION('',(0.,1.,0.));
#5257 = ORIENTED_EDGE('',*,*,#5229,.T.);
#5258 = ORIENTED_EDGE('',*,*,#1278,.F.);
#5259 = PLANE('',#5260);
#5260 = AXIS2_PLACEMENT_3D('',#5261,#5262,#5263);
#5261 = CARTESIAN_POINT('',(2.22,-20.64,-3.));
#5262 = DIRECTION('',(1.,0.,0.));
#5263 = DIRECTION('',(0.,0.,1.));
#5264 = ADVANCED_FACE('',(#5265),#5283,.F.);
#5265 = FACE_BOUND('',#5266,.F.);
#5266 = EDGE_LOOP('',(#5267,#5275,#5281,#5282));
#5267 = ORIENTED_EDGE('',*,*,#5268,.F.);
#5268 = EDGE_CURVE('',#5269,#1263,#5271,.T.);
#5269 = VERTEX_POINT('',#5270);
#5270 = CARTESIAN_POINT('',(2.86,-20.64,-2.84));
#5271 = LINE('',#5272,#5273);
#5272 = CARTESIAN_POINT('',(2.86,-20.64,-3.));
#5273 = VECTOR('',#5274,1.);
#5274 = DIRECTION('',(0.,0.,1.));
#5275 = ORIENTED_EDGE('',*,*,#5276,.F.);
#5276 = EDGE_CURVE('',#5245,#5269,#5277,.T.);
#5277 = LINE('',#5278,#5279);
#5278 = CARTESIAN_POINT('',(2.22,-20.64,-2.84));
#5279 = VECTOR('',#5280,1.);
#5280 = DIRECTION('',(1.,0.,0.));
#5281 = ORIENTED_EDGE('',*,*,#5244,.T.);
#5282 = ORIENTED_EDGE('',*,*,#1270,.F.);
#5283 = PLANE('',#5284);
#5284 = AXIS2_PLACEMENT_3D('',#5285,#5286,#5287);
#5285 = CARTESIAN_POINT('',(2.22,-20.64,-3.));
#5286 = DIRECTION('',(0.,1.,0.));
#5287 = DIRECTION('',(0.,-0.,1.));
#5288 = ADVANCED_FACE('',(#5289),#5300,.T.);
#5289 = FACE_BOUND('',#5290,.T.);
#5290 = EDGE_LOOP('',(#5291,#5292,#5298,#5299));
#5291 = ORIENTED_EDGE('',*,*,#5268,.F.);
#5292 = ORIENTED_EDGE('',*,*,#5293,.T.);
#5293 = EDGE_CURVE('',#5269,#5214,#5294,.T.);
#5294 = LINE('',#5295,#5296);
#5295 = CARTESIAN_POINT('',(2.86,-20.64,-2.84));
#5296 = VECTOR('',#5297,1.);
#5297 = DIRECTION('',(0.,1.,0.));
#5298 = ORIENTED_EDGE('',*,*,#5213,.T.);
#5299 = ORIENTED_EDGE('',*,*,#1262,.F.);
#5300 = PLANE('',#5301);
#5301 = AXIS2_PLACEMENT_3D('',#5302,#5303,#5304);
#5302 = CARTESIAN_POINT('',(2.86,-20.64,-3.));
#5303 = DIRECTION('',(1.,0.,0.));
#5304 = DIRECTION('',(0.,0.,1.));
#5305 = ADVANCED_FACE('',(#5306),#5331,.T.);
#5306 = FACE_BOUND('',#5307,.T.);
#5307 = EDGE_LOOP('',(#5308,#5316,#5324,#5330));
#5308 = ORIENTED_EDGE('',*,*,#5309,.F.);
#5309 = EDGE_CURVE('',#5310,#1287,#5312,.T.);
#5310 = VERTEX_POINT('',#5311);
#5311 = CARTESIAN_POINT('',(2.86,-23.18,-2.84));
#5312 = LINE('',#5313,#5314);
#5313 = CARTESIAN_POINT('',(2.86,-23.18,-3.));
#5314 = VECTOR('',#5315,1.);
#5315 = DIRECTION('',(0.,0.,1.));
#5316 = ORIENTED_EDGE('',*,*,#5317,.T.);
#5317 = EDGE_CURVE('',#5310,#5318,#5320,.T.);
#5318 = VERTEX_POINT('',#5319);
#5319 = CARTESIAN_POINT('',(2.86,-22.54,-2.84));
#5320 = LINE('',#5321,#5322);
#5321 = CARTESIAN_POINT('',(2.86,-23.18,-2.84));
#5322 = VECTOR('',#5323,1.);
#5323 = DIRECTION('',(0.,1.,0.));
#5324 = ORIENTED_EDGE('',*,*,#5325,.T.);
#5325 = EDGE_CURVE('',#5318,#1289,#5326,.T.);
#5326 = LINE('',#5327,#5328);
#5327 = CARTESIAN_POINT('',(2.86,-22.54,-3.));
#5328 = VECTOR('',#5329,1.);
#5329 = DIRECTION('',(0.,0.,1.));
#5330 = ORIENTED_EDGE('',*,*,#1286,.F.);
#5331 = PLANE('',#5332);
#5332 = AXIS2_PLACEMENT_3D('',#5333,#5334,#5335);
#5333 = CARTESIAN_POINT('',(2.86,-23.18,-3.));
#5334 = DIRECTION('',(1.,0.,0.));
#5335 = DIRECTION('',(0.,0.,1.));
#5336 = ADVANCED_FACE('',(#5337),#5355,.T.);
#5337 = FACE_BOUND('',#5338,.T.);
#5338 = EDGE_LOOP('',(#5339,#5340,#5348,#5354));
#5339 = ORIENTED_EDGE('',*,*,#5325,.F.);
#5340 = ORIENTED_EDGE('',*,*,#5341,.F.);
#5341 = EDGE_CURVE('',#5342,#5318,#5344,.T.);
#5342 = VERTEX_POINT('',#5343);
#5343 = CARTESIAN_POINT('',(2.22,-22.54,-2.84));
#5344 = LINE('',#5345,#5346);
#5345 = CARTESIAN_POINT('',(2.22,-22.54,-2.84));
#5346 = VECTOR('',#5347,1.);
#5347 = DIRECTION('',(1.,0.,0.));
#5348 = ORIENTED_EDGE('',*,*,#5349,.T.);
#5349 = EDGE_CURVE('',#5342,#1305,#5350,.T.);
#5350 = LINE('',#5351,#5352);
#5351 = CARTESIAN_POINT('',(2.22,-22.54,-3.));
#5352 = VECTOR('',#5353,1.);
#5353 = DIRECTION('',(0.,0.,1.));
#5354 = ORIENTED_EDGE('',*,*,#1312,.F.);
#5355 = PLANE('',#5356);
#5356 = AXIS2_PLACEMENT_3D('',#5357,#5358,#5359);
#5357 = CARTESIAN_POINT('',(2.22,-22.54,-3.));
#5358 = DIRECTION('',(0.,1.,0.));
#5359 = DIRECTION('',(0.,-0.,1.));
#5360 = ADVANCED_FACE('',(#5361),#5379,.F.);
#5361 = FACE_BOUND('',#5362,.F.);
#5362 = EDGE_LOOP('',(#5363,#5371,#5377,#5378));
#5363 = ORIENTED_EDGE('',*,*,#5364,.F.);
#5364 = EDGE_CURVE('',#5365,#1297,#5367,.T.);
#5365 = VERTEX_POINT('',#5366);
#5366 = CARTESIAN_POINT('',(2.22,-23.18,-2.84));
#5367 = LINE('',#5368,#5369);
#5368 = CARTESIAN_POINT('',(2.22,-23.18,-3.));
#5369 = VECTOR('',#5370,1.);
#5370 = DIRECTION('',(0.,0.,1.));
#5371 = ORIENTED_EDGE('',*,*,#5372,.T.);
#5372 = EDGE_CURVE('',#5365,#5342,#5373,.T.);
#5373 = LINE('',#5374,#5375);
#5374 = CARTESIAN_POINT('',(2.22,-23.18,-2.84));
#5375 = VECTOR('',#5376,1.);
#5376 = DIRECTION('',(0.,1.,0.));
#5377 = ORIENTED_EDGE('',*,*,#5349,.T.);
#5378 = ORIENTED_EDGE('',*,*,#1304,.F.);
#5379 = PLANE('',#5380);
#5380 = AXIS2_PLACEMENT_3D('',#5381,#5382,#5383);
#5381 = CARTESIAN_POINT('',(2.22,-23.18,-3.));
#5382 = DIRECTION('',(1.,0.,0.));
#5383 = DIRECTION('',(0.,0.,1.));
#5384 = ADVANCED_FACE('',(#5385),#5396,.F.);
#5385 = FACE_BOUND('',#5386,.F.);
#5386 = EDGE_LOOP('',(#5387,#5388,#5394,#5395));
#5387 = ORIENTED_EDGE('',*,*,#5309,.F.);
#5388 = ORIENTED_EDGE('',*,*,#5389,.F.);
#5389 = EDGE_CURVE('',#5365,#5310,#5390,.T.);
#5390 = LINE('',#5391,#5392);
#5391 = CARTESIAN_POINT('',(2.22,-23.18,-2.84));
#5392 = VECTOR('',#5393,1.);
#5393 = DIRECTION('',(1.,0.,0.));
#5394 = ORIENTED_EDGE('',*,*,#5364,.T.);
#5395 = ORIENTED_EDGE('',*,*,#1296,.F.);
#5396 = PLANE('',#5397);
#5397 = AXIS2_PLACEMENT_3D('',#5398,#5399,#5400);
#5398 = CARTESIAN_POINT('',(2.22,-23.18,-3.));
#5399 = DIRECTION('',(0.,1.,0.));
#5400 = DIRECTION('',(0.,-0.,1.));
#5401 = ADVANCED_FACE('',(#5402),#5427,.T.);
#5402 = FACE_BOUND('',#5403,.T.);
#5403 = EDGE_LOOP('',(#5404,#5412,#5413,#5421));
#5404 = ORIENTED_EDGE('',*,*,#5405,.F.);
#5405 = EDGE_CURVE('',#1802,#5406,#5408,.T.);
#5406 = VERTEX_POINT('',#5407);
#5407 = CARTESIAN_POINT('',(0.32,-17.46,8.38));
#5408 = LINE('',#5409,#5410);
#5409 = CARTESIAN_POINT('',(0.32,-17.46,-3.));
#5410 = VECTOR('',#5411,1.);
#5411 = DIRECTION('',(0.,0.,1.));
#5412 = ORIENTED_EDGE('',*,*,#1801,.T.);
#5413 = ORIENTED_EDGE('',*,*,#5414,.T.);
#5414 = EDGE_CURVE('',#1804,#5415,#5417,.T.);
#5415 = VERTEX_POINT('',#5416);
#5416 = CARTESIAN_POINT('',(-0.32,-17.46,8.38));
#5417 = LINE('',#5418,#5419);
#5418 = CARTESIAN_POINT('',(-0.32,-17.46,-3.));
#5419 = VECTOR('',#5420,1.);
#5420 = DIRECTION('',(0.,0.,1.));
#5421 = ORIENTED_EDGE('',*,*,#5422,.T.);
#5422 = EDGE_CURVE('',#5415,#5406,#5423,.T.);
#5423 = LINE('',#5424,#5425);
#5424 = CARTESIAN_POINT('',(-0.32,-17.46,8.38));
#5425 = VECTOR('',#5426,1.);
#5426 = DIRECTION('',(1.,0.,0.));
#5427 = PLANE('',#5428);
#5428 = AXIS2_PLACEMENT_3D('',#5429,#5430,#5431);
#5429 = CARTESIAN_POINT('',(-0.32,-17.46,-3.));
#5430 = DIRECTION('',(0.,1.,0.));
#5431 = DIRECTION('',(0.,-0.,1.));
#5432 = ADVANCED_FACE('',(#5433),#5451,.F.);
#5433 = FACE_BOUND('',#5434,.F.);
#5434 = EDGE_LOOP('',(#5435,#5443,#5444,#5445));
#5435 = ORIENTED_EDGE('',*,*,#5436,.F.);
#5436 = EDGE_CURVE('',#1820,#5437,#5439,.T.);
#5437 = VERTEX_POINT('',#5438);
#5438 = CARTESIAN_POINT('',(-0.32,-18.1,8.38));
#5439 = LINE('',#5440,#5441);
#5440 = CARTESIAN_POINT('',(-0.32,-18.1,-3.));
#5441 = VECTOR('',#5442,1.);
#5442 = DIRECTION('',(0.,0.,1.));
#5443 = ORIENTED_EDGE('',*,*,#1827,.T.);
#5444 = ORIENTED_EDGE('',*,*,#5414,.T.);
#5445 = ORIENTED_EDGE('',*,*,#5446,.F.);
#5446 = EDGE_CURVE('',#5437,#5415,#5447,.T.);
#5447 = LINE('',#5448,#5449);
#5448 = CARTESIAN_POINT('',(-0.32,-18.1,8.38));
#5449 = VECTOR('',#5450,1.);
#5450 = DIRECTION('',(0.,1.,0.));
#5451 = PLANE('',#5452);
#5452 = AXIS2_PLACEMENT_3D('',#5453,#5454,#5455);
#5453 = CARTESIAN_POINT('',(-0.32,-18.1,-3.));
#5454 = DIRECTION('',(1.,0.,0.));
#5455 = DIRECTION('',(0.,0.,1.));
#5456 = ADVANCED_FACE('',(#5457),#5475,.F.);
#5457 = FACE_BOUND('',#5458,.F.);
#5458 = EDGE_LOOP('',(#5459,#5467,#5468,#5469));
#5459 = ORIENTED_EDGE('',*,*,#5460,.F.);
#5460 = EDGE_CURVE('',#1812,#5461,#5463,.T.);
#5461 = VERTEX_POINT('',#5462);
#5462 = CARTESIAN_POINT('',(0.32,-18.1,8.38));
#5463 = LINE('',#5464,#5465);
#5464 = CARTESIAN_POINT('',(0.32,-18.1,-3.));
#5465 = VECTOR('',#5466,1.);
#5466 = DIRECTION('',(0.,0.,1.));
#5467 = ORIENTED_EDGE('',*,*,#1819,.T.);
#5468 = ORIENTED_EDGE('',*,*,#5436,.T.);
#5469 = ORIENTED_EDGE('',*,*,#5470,.T.);
#5470 = EDGE_CURVE('',#5437,#5461,#5471,.T.);
#5471 = LINE('',#5472,#5473);
#5472 = CARTESIAN_POINT('',(-0.32,-18.1,8.38));
#5473 = VECTOR('',#5474,1.);
#5474 = DIRECTION('',(1.,0.,0.));
#5475 = PLANE('',#5476);
#5476 = AXIS2_PLACEMENT_3D('',#5477,#5478,#5479);
#5477 = CARTESIAN_POINT('',(-0.32,-18.1,-3.));
#5478 = DIRECTION('',(0.,1.,0.));
#5479 = DIRECTION('',(0.,-0.,1.));
#5480 = ADVANCED_FACE('',(#5481),#5492,.T.);
#5481 = FACE_BOUND('',#5482,.T.);
#5482 = EDGE_LOOP('',(#5483,#5484,#5485,#5486));
#5483 = ORIENTED_EDGE('',*,*,#5460,.F.);
#5484 = ORIENTED_EDGE('',*,*,#1811,.T.);
#5485 = ORIENTED_EDGE('',*,*,#5405,.T.);
#5486 = ORIENTED_EDGE('',*,*,#5487,.F.);
#5487 = EDGE_CURVE('',#5461,#5406,#5488,.T.);
#5488 = LINE('',#5489,#5490);
#5489 = CARTESIAN_POINT('',(0.32,-18.1,8.38));
#5490 = VECTOR('',#5491,1.);
#5491 = DIRECTION('',(0.,1.,0.));
#5492 = PLANE('',#5493);
#5493 = AXIS2_PLACEMENT_3D('',#5494,#5495,#5496);
#5494 = CARTESIAN_POINT('',(0.32,-18.1,-3.));
#5495 = DIRECTION('',(1.,0.,0.));
#5496 = DIRECTION('',(0.,0.,1.));
#5497 = ADVANCED_FACE('',(#5498),#5523,.F.);
#5498 = FACE_BOUND('',#5499,.F.);
#5499 = EDGE_LOOP('',(#5500,#5508,#5509,#5517));
#5500 = ORIENTED_EDGE('',*,*,#5501,.F.);
#5501 = EDGE_CURVE('',#1836,#5502,#5504,.T.);
#5502 = VERTEX_POINT('',#5503);
#5503 = CARTESIAN_POINT('',(2.86,-18.1,8.38));
#5504 = LINE('',#5505,#5506);
#5505 = CARTESIAN_POINT('',(2.86,-18.1,-3.));
#5506 = VECTOR('',#5507,1.);
#5507 = DIRECTION('',(0.,0.,1.));
#5508 = ORIENTED_EDGE('',*,*,#1835,.T.);
#5509 = ORIENTED_EDGE('',*,*,#5510,.T.);
#5510 = EDGE_CURVE('',#1838,#5511,#5513,.T.);
#5511 = VERTEX_POINT('',#5512);
#5512 = CARTESIAN_POINT('',(2.22,-18.1,8.38));
#5513 = LINE('',#5514,#5515);
#5514 = CARTESIAN_POINT('',(2.22,-18.1,-3.));
#5515 = VECTOR('',#5516,1.);
#5516 = DIRECTION('',(0.,0.,1.));
#5517 = ORIENTED_EDGE('',*,*,#5518,.T.);
#5518 = EDGE_CURVE('',#5511,#5502,#5519,.T.);
#5519 = LINE('',#5520,#5521);
#5520 = CARTESIAN_POINT('',(2.22,-18.1,8.38));
#5521 = VECTOR('',#5522,1.);
#5522 = DIRECTION('',(1.,0.,0.));
#5523 = PLANE('',#5524);
#5524 = AXIS2_PLACEMENT_3D('',#5525,#5526,#5527);
#5525 = CARTESIAN_POINT('',(2.22,-18.1,-3.));
#5526 = DIRECTION('',(0.,1.,0.));
#5527 = DIRECTION('',(0.,-0.,1.));
#5528 = ADVANCED_FACE('',(#5529),#5547,.T.);
#5529 = FACE_BOUND('',#5530,.T.);
#5530 = EDGE_LOOP('',(#5531,#5532,#5533,#5541));
#5531 = ORIENTED_EDGE('',*,*,#5501,.F.);
#5532 = ORIENTED_EDGE('',*,*,#1861,.T.);
#5533 = ORIENTED_EDGE('',*,*,#5534,.T.);
#5534 = EDGE_CURVE('',#1854,#5535,#5537,.T.);
#5535 = VERTEX_POINT('',#5536);
#5536 = CARTESIAN_POINT('',(2.86,-17.46,8.38));
#5537 = LINE('',#5538,#5539);
#5538 = CARTESIAN_POINT('',(2.86,-17.46,-3.));
#5539 = VECTOR('',#5540,1.);
#5540 = DIRECTION('',(0.,0.,1.));
#5541 = ORIENTED_EDGE('',*,*,#5542,.F.);
#5542 = EDGE_CURVE('',#5502,#5535,#5543,.T.);
#5543 = LINE('',#5544,#5545);
#5544 = CARTESIAN_POINT('',(2.86,-18.1,8.38));
#5545 = VECTOR('',#5546,1.);
#5546 = DIRECTION('',(0.,1.,0.));
#5547 = PLANE('',#5548);
#5548 = AXIS2_PLACEMENT_3D('',#5549,#5550,#5551);
#5549 = CARTESIAN_POINT('',(2.86,-18.1,-3.));
#5550 = DIRECTION('',(1.,0.,0.));
#5551 = DIRECTION('',(0.,0.,1.));
#5552 = ADVANCED_FACE('',(#5553),#5571,.T.);
#5553 = FACE_BOUND('',#5554,.T.);
#5554 = EDGE_LOOP('',(#5555,#5556,#5557,#5565));
#5555 = ORIENTED_EDGE('',*,*,#5534,.F.);
#5556 = ORIENTED_EDGE('',*,*,#1853,.T.);
#5557 = ORIENTED_EDGE('',*,*,#5558,.T.);
#5558 = EDGE_CURVE('',#1846,#5559,#5561,.T.);
#5559 = VERTEX_POINT('',#5560);
#5560 = CARTESIAN_POINT('',(2.22,-17.46,8.38));
#5561 = LINE('',#5562,#5563);
#5562 = CARTESIAN_POINT('',(2.22,-17.46,-3.));
#5563 = VECTOR('',#5564,1.);
#5564 = DIRECTION('',(0.,0.,1.));
#5565 = ORIENTED_EDGE('',*,*,#5566,.T.);
#5566 = EDGE_CURVE('',#5559,#5535,#5567,.T.);
#5567 = LINE('',#5568,#5569);
#5568 = CARTESIAN_POINT('',(2.22,-17.46,8.38));
#5569 = VECTOR('',#5570,1.);
#5570 = DIRECTION('',(1.,0.,0.));
#5571 = PLANE('',#5572);
#5572 = AXIS2_PLACEMENT_3D('',#5573,#5574,#5575);
#5573 = CARTESIAN_POINT('',(2.22,-17.46,-3.));
#5574 = DIRECTION('',(0.,1.,0.));
#5575 = DIRECTION('',(0.,-0.,1.));
#5576 = ADVANCED_FACE('',(#5577),#5588,.F.);
#5577 = FACE_BOUND('',#5578,.F.);
#5578 = EDGE_LOOP('',(#5579,#5580,#5581,#5582));
#5579 = ORIENTED_EDGE('',*,*,#5510,.F.);
#5580 = ORIENTED_EDGE('',*,*,#1845,.T.);
#5581 = ORIENTED_EDGE('',*,*,#5558,.T.);
#5582 = ORIENTED_EDGE('',*,*,#5583,.F.);
#5583 = EDGE_CURVE('',#5511,#5559,#5584,.T.);
#5584 = LINE('',#5585,#5586);
#5585 = CARTESIAN_POINT('',(2.22,-18.1,8.38));
#5586 = VECTOR('',#5587,1.);
#5587 = DIRECTION('',(0.,1.,0.));
#5588 = PLANE('',#5589);
#5589 = AXIS2_PLACEMENT_3D('',#5590,#5591,#5592);
#5590 = CARTESIAN_POINT('',(2.22,-18.1,-3.));
#5591 = DIRECTION('',(1.,0.,0.));
#5592 = DIRECTION('',(0.,0.,1.));
#5593 = ADVANCED_FACE('',(#5594),#5619,.T.);
#5594 = FACE_BOUND('',#5595,.T.);
#5595 = EDGE_LOOP('',(#5596,#5604,#5605,#5613));
#5596 = ORIENTED_EDGE('',*,*,#5597,.F.);
#5597 = EDGE_CURVE('',#1870,#5598,#5600,.T.);
#5598 = VERTEX_POINT('',#5599);
#5599 = CARTESIAN_POINT('',(0.32,-15.56,8.38));
#5600 = LINE('',#5601,#5602);
#5601 = CARTESIAN_POINT('',(0.32,-15.56,-3.));
#5602 = VECTOR('',#5603,1.);
#5603 = DIRECTION('',(0.,0.,1.));
#5604 = ORIENTED_EDGE('',*,*,#1869,.T.);
#5605 = ORIENTED_EDGE('',*,*,#5606,.T.);
#5606 = EDGE_CURVE('',#1872,#5607,#5609,.T.);
#5607 = VERTEX_POINT('',#5608);
#5608 = CARTESIAN_POINT('',(0.32,-14.92,8.38));
#5609 = LINE('',#5610,#5611);
#5610 = CARTESIAN_POINT('',(0.32,-14.92,-3.));
#5611 = VECTOR('',#5612,1.);
#5612 = DIRECTION('',(0.,0.,1.));
#5613 = ORIENTED_EDGE('',*,*,#5614,.F.);
#5614 = EDGE_CURVE('',#5598,#5607,#5615,.T.);
#5615 = LINE('',#5616,#5617);
#5616 = CARTESIAN_POINT('',(0.32,-15.56,8.38));
#5617 = VECTOR('',#5618,1.);
#5618 = DIRECTION('',(0.,1.,0.));
#5619 = PLANE('',#5620);
#5620 = AXIS2_PLACEMENT_3D('',#5621,#5622,#5623);
#5621 = CARTESIAN_POINT('',(0.32,-15.56,-3.));
#5622 = DIRECTION('',(1.,0.,0.));
#5623 = DIRECTION('',(0.,0.,1.));
#5624 = ADVANCED_FACE('',(#5625),#5643,.T.);
#5625 = FACE_BOUND('',#5626,.T.);
#5626 = EDGE_LOOP('',(#5627,#5628,#5629,#5637));
#5627 = ORIENTED_EDGE('',*,*,#5606,.F.);
#5628 = ORIENTED_EDGE('',*,*,#1895,.T.);
#5629 = ORIENTED_EDGE('',*,*,#5630,.T.);
#5630 = EDGE_CURVE('',#1888,#5631,#5633,.T.);
#5631 = VERTEX_POINT('',#5632);
#5632 = CARTESIAN_POINT('',(-0.32,-14.92,8.38));
#5633 = LINE('',#5634,#5635);
#5634 = CARTESIAN_POINT('',(-0.32,-14.92,-3.));
#5635 = VECTOR('',#5636,1.);
#5636 = DIRECTION('',(0.,0.,1.));
#5637 = ORIENTED_EDGE('',*,*,#5638,.T.);
#5638 = EDGE_CURVE('',#5631,#5607,#5639,.T.);
#5639 = LINE('',#5640,#5641);
#5640 = CARTESIAN_POINT('',(-0.32,-14.92,8.38));
#5641 = VECTOR('',#5642,1.);
#5642 = DIRECTION('',(1.,0.,0.));
#5643 = PLANE('',#5644);
#5644 = AXIS2_PLACEMENT_3D('',#5645,#5646,#5647);
#5645 = CARTESIAN_POINT('',(-0.32,-14.92,-3.));
#5646 = DIRECTION('',(0.,1.,0.));
#5647 = DIRECTION('',(0.,-0.,1.));
#5648 = ADVANCED_FACE('',(#5649),#5667,.F.);
#5649 = FACE_BOUND('',#5650,.F.);
#5650 = EDGE_LOOP('',(#5651,#5659,#5660,#5661));
#5651 = ORIENTED_EDGE('',*,*,#5652,.F.);
#5652 = EDGE_CURVE('',#1880,#5653,#5655,.T.);
#5653 = VERTEX_POINT('',#5654);
#5654 = CARTESIAN_POINT('',(-0.32,-15.56,8.38));
#5655 = LINE('',#5656,#5657);
#5656 = CARTESIAN_POINT('',(-0.32,-15.56,-3.));
#5657 = VECTOR('',#5658,1.);
#5658 = DIRECTION('',(0.,0.,1.));
#5659 = ORIENTED_EDGE('',*,*,#1887,.T.);
#5660 = ORIENTED_EDGE('',*,*,#5630,.T.);
#5661 = ORIENTED_EDGE('',*,*,#5662,.F.);
#5662 = EDGE_CURVE('',#5653,#5631,#5663,.T.);
#5663 = LINE('',#5664,#5665);
#5664 = CARTESIAN_POINT('',(-0.32,-15.56,8.38));
#5665 = VECTOR('',#5666,1.);
#5666 = DIRECTION('',(0.,1.,0.));
#5667 = PLANE('',#5668);
#5668 = AXIS2_PLACEMENT_3D('',#5669,#5670,#5671);
#5669 = CARTESIAN_POINT('',(-0.32,-15.56,-3.));
#5670 = DIRECTION('',(1.,0.,0.));
#5671 = DIRECTION('',(0.,0.,1.));
#5672 = ADVANCED_FACE('',(#5673),#5684,.F.);
#5673 = FACE_BOUND('',#5674,.F.);
#5674 = EDGE_LOOP('',(#5675,#5676,#5677,#5678));
#5675 = ORIENTED_EDGE('',*,*,#5597,.F.);
#5676 = ORIENTED_EDGE('',*,*,#1879,.T.);
#5677 = ORIENTED_EDGE('',*,*,#5652,.T.);
#5678 = ORIENTED_EDGE('',*,*,#5679,.T.);
#5679 = EDGE_CURVE('',#5653,#5598,#5680,.T.);
#5680 = LINE('',#5681,#5682);
#5681 = CARTESIAN_POINT('',(-0.32,-15.56,8.38));
#5682 = VECTOR('',#5683,1.);
#5683 = DIRECTION('',(1.,0.,0.));
#5684 = PLANE('',#5685);
#5685 = AXIS2_PLACEMENT_3D('',#5686,#5687,#5688);
#5686 = CARTESIAN_POINT('',(-0.32,-15.56,-3.));
#5687 = DIRECTION('',(0.,1.,0.));
#5688 = DIRECTION('',(0.,-0.,1.));
#5689 = ADVANCED_FACE('',(#5690),#5715,.F.);
#5690 = FACE_BOUND('',#5691,.F.);
#5691 = EDGE_LOOP('',(#5692,#5700,#5701,#5709));
#5692 = ORIENTED_EDGE('',*,*,#5693,.F.);
#5693 = EDGE_CURVE('',#1904,#5694,#5696,.T.);
#5694 = VERTEX_POINT('',#5695);
#5695 = CARTESIAN_POINT('',(2.86,-15.56,8.38));
#5696 = LINE('',#5697,#5698);
#5697 = CARTESIAN_POINT('',(2.86,-15.56,-3.));
#5698 = VECTOR('',#5699,1.);
#5699 = DIRECTION('',(0.,0.,1.));
#5700 = ORIENTED_EDGE('',*,*,#1903,.T.);
#5701 = ORIENTED_EDGE('',*,*,#5702,.T.);
#5702 = EDGE_CURVE('',#1906,#5703,#5705,.T.);
#5703 = VERTEX_POINT('',#5704);
#5704 = CARTESIAN_POINT('',(2.22,-15.56,8.38));
#5705 = LINE('',#5706,#5707);
#5706 = CARTESIAN_POINT('',(2.22,-15.56,-3.));
#5707 = VECTOR('',#5708,1.);
#5708 = DIRECTION('',(0.,0.,1.));
#5709 = ORIENTED_EDGE('',*,*,#5710,.T.);
#5710 = EDGE_CURVE('',#5703,#5694,#5711,.T.);
#5711 = LINE('',#5712,#5713);
#5712 = CARTESIAN_POINT('',(2.22,-15.56,8.38));
#5713 = VECTOR('',#5714,1.);
#5714 = DIRECTION('',(1.,0.,0.));
#5715 = PLANE('',#5716);
#5716 = AXIS2_PLACEMENT_3D('',#5717,#5718,#5719);
#5717 = CARTESIAN_POINT('',(2.22,-15.56,-3.));
#5718 = DIRECTION('',(0.,1.,0.));
#5719 = DIRECTION('',(0.,-0.,1.));
#5720 = ADVANCED_FACE('',(#5721),#5739,.T.);
#5721 = FACE_BOUND('',#5722,.T.);
#5722 = EDGE_LOOP('',(#5723,#5724,#5725,#5733));
#5723 = ORIENTED_EDGE('',*,*,#5693,.F.);
#5724 = ORIENTED_EDGE('',*,*,#1929,.T.);
#5725 = ORIENTED_EDGE('',*,*,#5726,.T.);
#5726 = EDGE_CURVE('',#1922,#5727,#5729,.T.);
#5727 = VERTEX_POINT('',#5728);
#5728 = CARTESIAN_POINT('',(2.86,-14.92,8.38));
#5729 = LINE('',#5730,#5731);
#5730 = CARTESIAN_POINT('',(2.86,-14.92,-3.));
#5731 = VECTOR('',#5732,1.);
#5732 = DIRECTION('',(0.,0.,1.));
#5733 = ORIENTED_EDGE('',*,*,#5734,.F.);
#5734 = EDGE_CURVE('',#5694,#5727,#5735,.T.);
#5735 = LINE('',#5736,#5737);
#5736 = CARTESIAN_POINT('',(2.86,-15.56,8.38));
#5737 = VECTOR('',#5738,1.);
#5738 = DIRECTION('',(0.,1.,0.));
#5739 = PLANE('',#5740);
#5740 = AXIS2_PLACEMENT_3D('',#5741,#5742,#5743);
#5741 = CARTESIAN_POINT('',(2.86,-15.56,-3.));
#5742 = DIRECTION('',(1.,0.,0.));
#5743 = DIRECTION('',(0.,0.,1.));
#5744 = ADVANCED_FACE('',(#5745),#5763,.T.);
#5745 = FACE_BOUND('',#5746,.T.);
#5746 = EDGE_LOOP('',(#5747,#5748,#5749,#5757));
#5747 = ORIENTED_EDGE('',*,*,#5726,.F.);
#5748 = ORIENTED_EDGE('',*,*,#1921,.T.);
#5749 = ORIENTED_EDGE('',*,*,#5750,.T.);
#5750 = EDGE_CURVE('',#1914,#5751,#5753,.T.);
#5751 = VERTEX_POINT('',#5752);
#5752 = CARTESIAN_POINT('',(2.22,-14.92,8.38));
#5753 = LINE('',#5754,#5755);
#5754 = CARTESIAN_POINT('',(2.22,-14.92,-3.));
#5755 = VECTOR('',#5756,1.);
#5756 = DIRECTION('',(0.,0.,1.));
#5757 = ORIENTED_EDGE('',*,*,#5758,.T.);
#5758 = EDGE_CURVE('',#5751,#5727,#5759,.T.);
#5759 = LINE('',#5760,#5761);
#5760 = CARTESIAN_POINT('',(2.22,-14.92,8.38));
#5761 = VECTOR('',#5762,1.);
#5762 = DIRECTION('',(1.,0.,0.));
#5763 = PLANE('',#5764);
#5764 = AXIS2_PLACEMENT_3D('',#5765,#5766,#5767);
#5765 = CARTESIAN_POINT('',(2.22,-14.92,-3.));
#5766 = DIRECTION('',(0.,1.,0.));
#5767 = DIRECTION('',(0.,-0.,1.));
#5768 = ADVANCED_FACE('',(#5769),#5780,.F.);
#5769 = FACE_BOUND('',#5770,.F.);
#5770 = EDGE_LOOP('',(#5771,#5772,#5773,#5774));
#5771 = ORIENTED_EDGE('',*,*,#5702,.F.);
#5772 = ORIENTED_EDGE('',*,*,#1913,.T.);
#5773 = ORIENTED_EDGE('',*,*,#5750,.T.);
#5774 = ORIENTED_EDGE('',*,*,#5775,.F.);
#5775 = EDGE_CURVE('',#5703,#5751,#5776,.T.);
#5776 = LINE('',#5777,#5778);
#5777 = CARTESIAN_POINT('',(2.22,-15.56,8.38));
#5778 = VECTOR('',#5779,1.);
#5779 = DIRECTION('',(0.,1.,0.));
#5780 = PLANE('',#5781);
#5781 = AXIS2_PLACEMENT_3D('',#5782,#5783,#5784);
#5782 = CARTESIAN_POINT('',(2.22,-15.56,-3.));
#5783 = DIRECTION('',(1.,0.,0.));
#5784 = DIRECTION('',(0.,0.,1.));
#5785 = ADVANCED_FACE('',(#5786),#5811,.T.);
#5786 = FACE_BOUND('',#5787,.T.);
#5787 = EDGE_LOOP('',(#5788,#5796,#5797,#5805));
#5788 = ORIENTED_EDGE('',*,*,#5789,.F.);
#5789 = EDGE_CURVE('',#1938,#5790,#5792,.T.);
#5790 = VERTEX_POINT('',#5791);
#5791 = CARTESIAN_POINT('',(0.32,-9.84,8.38));
#5792 = LINE('',#5793,#5794);
#5793 = CARTESIAN_POINT('',(0.32,-9.84,-3.));
#5794 = VECTOR('',#5795,1.);
#5795 = DIRECTION('',(0.,0.,1.));
#5796 = ORIENTED_EDGE('',*,*,#1937,.T.);
#5797 = ORIENTED_EDGE('',*,*,#5798,.T.);
#5798 = EDGE_CURVE('',#1940,#5799,#5801,.T.);
#5799 = VERTEX_POINT('',#5800);
#5800 = CARTESIAN_POINT('',(-0.32,-9.84,8.38));
#5801 = LINE('',#5802,#5803);
#5802 = CARTESIAN_POINT('',(-0.32,-9.84,-3.));
#5803 = VECTOR('',#5804,1.);
#5804 = DIRECTION('',(0.,0.,1.));
#5805 = ORIENTED_EDGE('',*,*,#5806,.T.);
#5806 = EDGE_CURVE('',#5799,#5790,#5807,.T.);
#5807 = LINE('',#5808,#5809);
#5808 = CARTESIAN_POINT('',(-0.32,-9.84,8.38));
#5809 = VECTOR('',#5810,1.);
#5810 = DIRECTION('',(1.,0.,0.));
#5811 = PLANE('',#5812);
#5812 = AXIS2_PLACEMENT_3D('',#5813,#5814,#5815);
#5813 = CARTESIAN_POINT('',(-0.32,-9.84,-3.));
#5814 = DIRECTION('',(0.,1.,0.));
#5815 = DIRECTION('',(0.,-0.,1.));
#5816 = ADVANCED_FACE('',(#5817),#5835,.F.);
#5817 = FACE_BOUND('',#5818,.F.);
#5818 = EDGE_LOOP('',(#5819,#5827,#5828,#5829));
#5819 = ORIENTED_EDGE('',*,*,#5820,.F.);
#5820 = EDGE_CURVE('',#1956,#5821,#5823,.T.);
#5821 = VERTEX_POINT('',#5822);
#5822 = CARTESIAN_POINT('',(-0.32,-10.48,8.38));
#5823 = LINE('',#5824,#5825);
#5824 = CARTESIAN_POINT('',(-0.32,-10.48,-3.));
#5825 = VECTOR('',#5826,1.);
#5826 = DIRECTION('',(0.,0.,1.));
#5827 = ORIENTED_EDGE('',*,*,#1963,.T.);
#5828 = ORIENTED_EDGE('',*,*,#5798,.T.);
#5829 = ORIENTED_EDGE('',*,*,#5830,.F.);
#5830 = EDGE_CURVE('',#5821,#5799,#5831,.T.);
#5831 = LINE('',#5832,#5833);
#5832 = CARTESIAN_POINT('',(-0.32,-10.48,8.38));
#5833 = VECTOR('',#5834,1.);
#5834 = DIRECTION('',(0.,1.,0.));
#5835 = PLANE('',#5836);
#5836 = AXIS2_PLACEMENT_3D('',#5837,#5838,#5839);
#5837 = CARTESIAN_POINT('',(-0.32,-10.48,-3.));
#5838 = DIRECTION('',(1.,0.,0.));
#5839 = DIRECTION('',(0.,0.,1.));
#5840 = ADVANCED_FACE('',(#5841),#5859,.F.);
#5841 = FACE_BOUND('',#5842,.F.);
#5842 = EDGE_LOOP('',(#5843,#5851,#5852,#5853));
#5843 = ORIENTED_EDGE('',*,*,#5844,.F.);
#5844 = EDGE_CURVE('',#1948,#5845,#5847,.T.);
#5845 = VERTEX_POINT('',#5846);
#5846 = CARTESIAN_POINT('',(0.32,-10.48,8.38));
#5847 = LINE('',#5848,#5849);
#5848 = CARTESIAN_POINT('',(0.32,-10.48,-3.));
#5849 = VECTOR('',#5850,1.);
#5850 = DIRECTION('',(0.,0.,1.));
#5851 = ORIENTED_EDGE('',*,*,#1955,.T.);
#5852 = ORIENTED_EDGE('',*,*,#5820,.T.);
#5853 = ORIENTED_EDGE('',*,*,#5854,.T.);
#5854 = EDGE_CURVE('',#5821,#5845,#5855,.T.);
#5855 = LINE('',#5856,#5857);
#5856 = CARTESIAN_POINT('',(-0.32,-10.48,8.38));
#5857 = VECTOR('',#5858,1.);
#5858 = DIRECTION('',(1.,0.,0.));
#5859 = PLANE('',#5860);
#5860 = AXIS2_PLACEMENT_3D('',#5861,#5862,#5863);
#5861 = CARTESIAN_POINT('',(-0.32,-10.48,-3.));
#5862 = DIRECTION('',(0.,1.,0.));
#5863 = DIRECTION('',(0.,-0.,1.));
#5864 = ADVANCED_FACE('',(#5865),#5876,.T.);
#5865 = FACE_BOUND('',#5866,.T.);
#5866 = EDGE_LOOP('',(#5867,#5868,#5869,#5870));
#5867 = ORIENTED_EDGE('',*,*,#5844,.F.);
#5868 = ORIENTED_EDGE('',*,*,#1947,.T.);
#5869 = ORIENTED_EDGE('',*,*,#5789,.T.);
#5870 = ORIENTED_EDGE('',*,*,#5871,.F.);
#5871 = EDGE_CURVE('',#5845,#5790,#5872,.T.);
#5872 = LINE('',#5873,#5874);
#5873 = CARTESIAN_POINT('',(0.32,-10.48,8.38));
#5874 = VECTOR('',#5875,1.);
#5875 = DIRECTION('',(0.,1.,0.));
#5876 = PLANE('',#5877);
#5877 = AXIS2_PLACEMENT_3D('',#5878,#5879,#5880);
#5878 = CARTESIAN_POINT('',(0.32,-10.48,-3.));
#5879 = DIRECTION('',(1.,0.,0.));
#5880 = DIRECTION('',(0.,0.,1.));
#5881 = ADVANCED_FACE('',(#5882),#5907,.T.);
#5882 = FACE_BOUND('',#5883,.T.);
#5883 = EDGE_LOOP('',(#5884,#5892,#5893,#5901));
#5884 = ORIENTED_EDGE('',*,*,#5885,.F.);
#5885 = EDGE_CURVE('',#1972,#5886,#5888,.T.);
#5886 = VERTEX_POINT('',#5887);
#5887 = CARTESIAN_POINT('',(2.86,-9.84,8.38));
#5888 = LINE('',#5889,#5890);
#5889 = CARTESIAN_POINT('',(2.86,-9.84,-3.));
#5890 = VECTOR('',#5891,1.);
#5891 = DIRECTION('',(0.,0.,1.));
#5892 = ORIENTED_EDGE('',*,*,#1971,.T.);
#5893 = ORIENTED_EDGE('',*,*,#5894,.T.);
#5894 = EDGE_CURVE('',#1974,#5895,#5897,.T.);
#5895 = VERTEX_POINT('',#5896);
#5896 = CARTESIAN_POINT('',(2.22,-9.84,8.38));
#5897 = LINE('',#5898,#5899);
#5898 = CARTESIAN_POINT('',(2.22,-9.84,-3.));
#5899 = VECTOR('',#5900,1.);
#5900 = DIRECTION('',(0.,0.,1.));
#5901 = ORIENTED_EDGE('',*,*,#5902,.T.);
#5902 = EDGE_CURVE('',#5895,#5886,#5903,.T.);
#5903 = LINE('',#5904,#5905);
#5904 = CARTESIAN_POINT('',(2.22,-9.84,8.38));
#5905 = VECTOR('',#5906,1.);
#5906 = DIRECTION('',(1.,0.,0.));
#5907 = PLANE('',#5908);
#5908 = AXIS2_PLACEMENT_3D('',#5909,#5910,#5911);
#5909 = CARTESIAN_POINT('',(2.22,-9.84,-3.));
#5910 = DIRECTION('',(0.,1.,0.));
#5911 = DIRECTION('',(0.,-0.,1.));
#5912 = ADVANCED_FACE('',(#5913),#5931,.F.);
#5913 = FACE_BOUND('',#5914,.F.);
#5914 = EDGE_LOOP('',(#5915,#5923,#5924,#5925));
#5915 = ORIENTED_EDGE('',*,*,#5916,.F.);
#5916 = EDGE_CURVE('',#1990,#5917,#5919,.T.);
#5917 = VERTEX_POINT('',#5918);
#5918 = CARTESIAN_POINT('',(2.22,-10.48,8.38));
#5919 = LINE('',#5920,#5921);
#5920 = CARTESIAN_POINT('',(2.22,-10.48,-3.));
#5921 = VECTOR('',#5922,1.);
#5922 = DIRECTION('',(0.,0.,1.));
#5923 = ORIENTED_EDGE('',*,*,#1997,.T.);
#5924 = ORIENTED_EDGE('',*,*,#5894,.T.);
#5925 = ORIENTED_EDGE('',*,*,#5926,.F.);
#5926 = EDGE_CURVE('',#5917,#5895,#5927,.T.);
#5927 = LINE('',#5928,#5929);
#5928 = CARTESIAN_POINT('',(2.22,-10.48,8.38));
#5929 = VECTOR('',#5930,1.);
#5930 = DIRECTION('',(0.,1.,0.));
#5931 = PLANE('',#5932);
#5932 = AXIS2_PLACEMENT_3D('',#5933,#5934,#5935);
#5933 = CARTESIAN_POINT('',(2.22,-10.48,-3.));
#5934 = DIRECTION('',(1.,0.,0.));
#5935 = DIRECTION('',(0.,0.,1.));
#5936 = ADVANCED_FACE('',(#5937),#5955,.F.);
#5937 = FACE_BOUND('',#5938,.F.);
#5938 = EDGE_LOOP('',(#5939,#5947,#5948,#5949));
#5939 = ORIENTED_EDGE('',*,*,#5940,.F.);
#5940 = EDGE_CURVE('',#1982,#5941,#5943,.T.);
#5941 = VERTEX_POINT('',#5942);
#5942 = CARTESIAN_POINT('',(2.86,-10.48,8.38));
#5943 = LINE('',#5944,#5945);
#5944 = CARTESIAN_POINT('',(2.86,-10.48,-3.));
#5945 = VECTOR('',#5946,1.);
#5946 = DIRECTION('',(0.,0.,1.));
#5947 = ORIENTED_EDGE('',*,*,#1989,.T.);
#5948 = ORIENTED_EDGE('',*,*,#5916,.T.);
#5949 = ORIENTED_EDGE('',*,*,#5950,.T.);
#5950 = EDGE_CURVE('',#5917,#5941,#5951,.T.);
#5951 = LINE('',#5952,#5953);
#5952 = CARTESIAN_POINT('',(2.22,-10.48,8.38));
#5953 = VECTOR('',#5954,1.);
#5954 = DIRECTION('',(1.,0.,0.));
#5955 = PLANE('',#5956);
#5956 = AXIS2_PLACEMENT_3D('',#5957,#5958,#5959);
#5957 = CARTESIAN_POINT('',(2.22,-10.48,-3.));
#5958 = DIRECTION('',(0.,1.,0.));
#5959 = DIRECTION('',(0.,-0.,1.));
#5960 = ADVANCED_FACE('',(#5961),#5972,.T.);
#5961 = FACE_BOUND('',#5962,.T.);
#5962 = EDGE_LOOP('',(#5963,#5964,#5965,#5966));
#5963 = ORIENTED_EDGE('',*,*,#5940,.F.);
#5964 = ORIENTED_EDGE('',*,*,#1981,.T.);
#5965 = ORIENTED_EDGE('',*,*,#5885,.T.);
#5966 = ORIENTED_EDGE('',*,*,#5967,.F.);
#5967 = EDGE_CURVE('',#5941,#5886,#5968,.T.);
#5968 = LINE('',#5969,#5970);
#5969 = CARTESIAN_POINT('',(2.86,-10.48,8.38));
#5970 = VECTOR('',#5971,1.);
#5971 = DIRECTION('',(0.,1.,0.));
#5972 = PLANE('',#5973);
#5973 = AXIS2_PLACEMENT_3D('',#5974,#5975,#5976);
#5974 = CARTESIAN_POINT('',(2.86,-10.48,-3.));
#5975 = DIRECTION('',(1.,0.,0.));
#5976 = DIRECTION('',(0.,0.,1.));
#5977 = ADVANCED_FACE('',(#5978),#6003,.T.);
#5978 = FACE_BOUND('',#5979,.T.);
#5979 = EDGE_LOOP('',(#5980,#5988,#5989,#5997));
#5980 = ORIENTED_EDGE('',*,*,#5981,.F.);
#5981 = EDGE_CURVE('',#2006,#5982,#5984,.T.);
#5982 = VERTEX_POINT('',#5983);
#5983 = CARTESIAN_POINT('',(2.86,-13.02,8.38));
#5984 = LINE('',#5985,#5986);
#5985 = CARTESIAN_POINT('',(2.86,-13.02,-3.));
#5986 = VECTOR('',#5987,1.);
#5987 = DIRECTION('',(0.,0.,1.));
#5988 = ORIENTED_EDGE('',*,*,#2005,.T.);
#5989 = ORIENTED_EDGE('',*,*,#5990,.T.);
#5990 = EDGE_CURVE('',#2008,#5991,#5993,.T.);
#5991 = VERTEX_POINT('',#5992);
#5992 = CARTESIAN_POINT('',(2.86,-12.38,8.38));
#5993 = LINE('',#5994,#5995);
#5994 = CARTESIAN_POINT('',(2.86,-12.38,-3.));
#5995 = VECTOR('',#5996,1.);
#5996 = DIRECTION('',(0.,0.,1.));
#5997 = ORIENTED_EDGE('',*,*,#5998,.F.);
#5998 = EDGE_CURVE('',#5982,#5991,#5999,.T.);
#5999 = LINE('',#6000,#6001);
#6000 = CARTESIAN_POINT('',(2.86,-13.02,8.38));
#6001 = VECTOR('',#6002,1.);
#6002 = DIRECTION('',(0.,1.,0.));
#6003 = PLANE('',#6004);
#6004 = AXIS2_PLACEMENT_3D('',#6005,#6006,#6007);
#6005 = CARTESIAN_POINT('',(2.86,-13.02,-3.));
#6006 = DIRECTION('',(1.,0.,0.));
#6007 = DIRECTION('',(0.,0.,1.));
#6008 = ADVANCED_FACE('',(#6009),#6027,.T.);
#6009 = FACE_BOUND('',#6010,.T.);
#6010 = EDGE_LOOP('',(#6011,#6012,#6013,#6021));
#6011 = ORIENTED_EDGE('',*,*,#5990,.F.);
#6012 = ORIENTED_EDGE('',*,*,#2031,.T.);
#6013 = ORIENTED_EDGE('',*,*,#6014,.T.);
#6014 = EDGE_CURVE('',#2024,#6015,#6017,.T.);
#6015 = VERTEX_POINT('',#6016);
#6016 = CARTESIAN_POINT('',(2.22,-12.38,8.38));
#6017 = LINE('',#6018,#6019);
#6018 = CARTESIAN_POINT('',(2.22,-12.38,-3.));
#6019 = VECTOR('',#6020,1.);
#6020 = DIRECTION('',(0.,0.,1.));
#6021 = ORIENTED_EDGE('',*,*,#6022,.T.);
#6022 = EDGE_CURVE('',#6015,#5991,#6023,.T.);
#6023 = LINE('',#6024,#6025);
#6024 = CARTESIAN_POINT('',(2.22,-12.38,8.38));
#6025 = VECTOR('',#6026,1.);
#6026 = DIRECTION('',(1.,0.,0.));
#6027 = PLANE('',#6028);
#6028 = AXIS2_PLACEMENT_3D('',#6029,#6030,#6031);
#6029 = CARTESIAN_POINT('',(2.22,-12.38,-3.));
#6030 = DIRECTION('',(0.,1.,0.));
#6031 = DIRECTION('',(0.,-0.,1.));
#6032 = ADVANCED_FACE('',(#6033),#6051,.F.);
#6033 = FACE_BOUND('',#6034,.F.);
#6034 = EDGE_LOOP('',(#6035,#6043,#6044,#6045));
#6035 = ORIENTED_EDGE('',*,*,#6036,.F.);
#6036 = EDGE_CURVE('',#2016,#6037,#6039,.T.);
#6037 = VERTEX_POINT('',#6038);
#6038 = CARTESIAN_POINT('',(2.22,-13.02,8.38));
#6039 = LINE('',#6040,#6041);
#6040 = CARTESIAN_POINT('',(2.22,-13.02,-3.));
#6041 = VECTOR('',#6042,1.);
#6042 = DIRECTION('',(0.,0.,1.));
#6043 = ORIENTED_EDGE('',*,*,#2023,.T.);
#6044 = ORIENTED_EDGE('',*,*,#6014,.T.);
#6045 = ORIENTED_EDGE('',*,*,#6046,.F.);
#6046 = EDGE_CURVE('',#6037,#6015,#6047,.T.);
#6047 = LINE('',#6048,#6049);
#6048 = CARTESIAN_POINT('',(2.22,-13.02,8.38));
#6049 = VECTOR('',#6050,1.);
#6050 = DIRECTION('',(0.,1.,0.));
#6051 = PLANE('',#6052);
#6052 = AXIS2_PLACEMENT_3D('',#6053,#6054,#6055);
#6053 = CARTESIAN_POINT('',(2.22,-13.02,-3.));
#6054 = DIRECTION('',(1.,0.,0.));
#6055 = DIRECTION('',(0.,0.,1.));
#6056 = ADVANCED_FACE('',(#6057),#6068,.F.);
#6057 = FACE_BOUND('',#6058,.F.);
#6058 = EDGE_LOOP('',(#6059,#6060,#6061,#6062));
#6059 = ORIENTED_EDGE('',*,*,#5981,.F.);
#6060 = ORIENTED_EDGE('',*,*,#2015,.T.);
#6061 = ORIENTED_EDGE('',*,*,#6036,.T.);
#6062 = ORIENTED_EDGE('',*,*,#6063,.T.);
#6063 = EDGE_CURVE('',#6037,#5982,#6064,.T.);
#6064 = LINE('',#6065,#6066);
#6065 = CARTESIAN_POINT('',(2.22,-13.02,8.38));
#6066 = VECTOR('',#6067,1.);
#6067 = DIRECTION('',(1.,0.,0.));
#6068 = PLANE('',#6069);
#6069 = AXIS2_PLACEMENT_3D('',#6070,#6071,#6072);
#6070 = CARTESIAN_POINT('',(2.22,-13.02,-3.));
#6071 = DIRECTION('',(0.,1.,0.));
#6072 = DIRECTION('',(0.,-0.,1.));
#6073 = ADVANCED_FACE('',(#6074),#6099,.T.);
#6074 = FACE_BOUND('',#6075,.T.);
#6075 = EDGE_LOOP('',(#6076,#6084,#6085,#6093));
#6076 = ORIENTED_EDGE('',*,*,#6077,.F.);
#6077 = EDGE_CURVE('',#2040,#6078,#6080,.T.);
#6078 = VERTEX_POINT('',#6079);
#6079 = CARTESIAN_POINT('',(0.32,-13.02,8.38));
#6080 = LINE('',#6081,#6082);
#6081 = CARTESIAN_POINT('',(0.32,-13.02,-3.));
#6082 = VECTOR('',#6083,1.);
#6083 = DIRECTION('',(0.,0.,1.));
#6084 = ORIENTED_EDGE('',*,*,#2039,.T.);
#6085 = ORIENTED_EDGE('',*,*,#6086,.T.);
#6086 = EDGE_CURVE('',#2042,#6087,#6089,.T.);
#6087 = VERTEX_POINT('',#6088);
#6088 = CARTESIAN_POINT('',(0.32,-12.38,8.38));
#6089 = LINE('',#6090,#6091);
#6090 = CARTESIAN_POINT('',(0.32,-12.38,-3.));
#6091 = VECTOR('',#6092,1.);
#6092 = DIRECTION('',(0.,0.,1.));
#6093 = ORIENTED_EDGE('',*,*,#6094,.F.);
#6094 = EDGE_CURVE('',#6078,#6087,#6095,.T.);
#6095 = LINE('',#6096,#6097);
#6096 = CARTESIAN_POINT('',(0.32,-13.02,8.38));
#6097 = VECTOR('',#6098,1.);
#6098 = DIRECTION('',(0.,1.,0.));
#6099 = PLANE('',#6100);
#6100 = AXIS2_PLACEMENT_3D('',#6101,#6102,#6103);
#6101 = CARTESIAN_POINT('',(0.32,-13.02,-3.));
#6102 = DIRECTION('',(1.,0.,0.));
#6103 = DIRECTION('',(0.,0.,1.));
#6104 = ADVANCED_FACE('',(#6105),#6123,.T.);
#6105 = FACE_BOUND('',#6106,.T.);
#6106 = EDGE_LOOP('',(#6107,#6108,#6109,#6117));
#6107 = ORIENTED_EDGE('',*,*,#6086,.F.);
#6108 = ORIENTED_EDGE('',*,*,#2065,.T.);
#6109 = ORIENTED_EDGE('',*,*,#6110,.T.);
#6110 = EDGE_CURVE('',#2058,#6111,#6113,.T.);
#6111 = VERTEX_POINT('',#6112);
#6112 = CARTESIAN_POINT('',(-0.32,-12.38,8.38));
#6113 = LINE('',#6114,#6115);
#6114 = CARTESIAN_POINT('',(-0.32,-12.38,-3.));
#6115 = VECTOR('',#6116,1.);
#6116 = DIRECTION('',(0.,0.,1.));
#6117 = ORIENTED_EDGE('',*,*,#6118,.T.);
#6118 = EDGE_CURVE('',#6111,#6087,#6119,.T.);
#6119 = LINE('',#6120,#6121);
#6120 = CARTESIAN_POINT('',(-0.32,-12.38,8.38));
#6121 = VECTOR('',#6122,1.);
#6122 = DIRECTION('',(1.,0.,0.));
#6123 = PLANE('',#6124);
#6124 = AXIS2_PLACEMENT_3D('',#6125,#6126,#6127);
#6125 = CARTESIAN_POINT('',(-0.32,-12.38,-3.));
#6126 = DIRECTION('',(0.,1.,0.));
#6127 = DIRECTION('',(0.,-0.,1.));
#6128 = ADVANCED_FACE('',(#6129),#6147,.F.);
#6129 = FACE_BOUND('',#6130,.F.);
#6130 = EDGE_LOOP('',(#6131,#6139,#6140,#6141));
#6131 = ORIENTED_EDGE('',*,*,#6132,.F.);
#6132 = EDGE_CURVE('',#2050,#6133,#6135,.T.);
#6133 = VERTEX_POINT('',#6134);
#6134 = CARTESIAN_POINT('',(-0.32,-13.02,8.38));
#6135 = LINE('',#6136,#6137);
#6136 = CARTESIAN_POINT('',(-0.32,-13.02,-3.));
#6137 = VECTOR('',#6138,1.);
#6138 = DIRECTION('',(0.,0.,1.));
#6139 = ORIENTED_EDGE('',*,*,#2057,.T.);
#6140 = ORIENTED_EDGE('',*,*,#6110,.T.);
#6141 = ORIENTED_EDGE('',*,*,#6142,.F.);
#6142 = EDGE_CURVE('',#6133,#6111,#6143,.T.);
#6143 = LINE('',#6144,#6145);
#6144 = CARTESIAN_POINT('',(-0.32,-13.02,8.38));
#6145 = VECTOR('',#6146,1.);
#6146 = DIRECTION('',(0.,1.,0.));
#6147 = PLANE('',#6148);
#6148 = AXIS2_PLACEMENT_3D('',#6149,#6150,#6151);
#6149 = CARTESIAN_POINT('',(-0.32,-13.02,-3.));
#6150 = DIRECTION('',(1.,0.,0.));
#6151 = DIRECTION('',(0.,0.,1.));
#6152 = ADVANCED_FACE('',(#6153),#6164,.F.);
#6153 = FACE_BOUND('',#6154,.F.);
#6154 = EDGE_LOOP('',(#6155,#6156,#6157,#6158));
#6155 = ORIENTED_EDGE('',*,*,#6077,.F.);
#6156 = ORIENTED_EDGE('',*,*,#2049,.T.);
#6157 = ORIENTED_EDGE('',*,*,#6132,.T.);
#6158 = ORIENTED_EDGE('',*,*,#6159,.T.);
#6159 = EDGE_CURVE('',#6133,#6078,#6160,.T.);
#6160 = LINE('',#6161,#6162);
#6161 = CARTESIAN_POINT('',(-0.32,-13.02,8.38));
#6162 = VECTOR('',#6163,1.);
#6163 = DIRECTION('',(1.,0.,0.));
#6164 = PLANE('',#6165);
#6165 = AXIS2_PLACEMENT_3D('',#6166,#6167,#6168);
#6166 = CARTESIAN_POINT('',(-0.32,-13.02,-3.));
#6167 = DIRECTION('',(0.,1.,0.));
#6168 = DIRECTION('',(0.,-0.,1.));
#6169 = ADVANCED_FACE('',(#6170),#6195,.T.);
#6170 = FACE_BOUND('',#6171,.T.);
#6171 = EDGE_LOOP('',(#6172,#6180,#6181,#6189));
#6172 = ORIENTED_EDGE('',*,*,#6173,.F.);
#6173 = EDGE_CURVE('',#2074,#6174,#6176,.T.);
#6174 = VERTEX_POINT('',#6175);
#6175 = CARTESIAN_POINT('',(2.86,0.32,8.38));
#6176 = LINE('',#6177,#6178);
#6177 = CARTESIAN_POINT('',(2.86,0.32,-3.));
#6178 = VECTOR('',#6179,1.);
#6179 = DIRECTION('',(0.,0.,1.));
#6180 = ORIENTED_EDGE('',*,*,#2073,.T.);
#6181 = ORIENTED_EDGE('',*,*,#6182,.T.);
#6182 = EDGE_CURVE('',#2076,#6183,#6185,.T.);
#6183 = VERTEX_POINT('',#6184);
#6184 = CARTESIAN_POINT('',(2.22,0.32,8.38));
#6185 = LINE('',#6186,#6187);
#6186 = CARTESIAN_POINT('',(2.22,0.32,-3.));
#6187 = VECTOR('',#6188,1.);
#6188 = DIRECTION('',(0.,0.,1.));
#6189 = ORIENTED_EDGE('',*,*,#6190,.T.);
#6190 = EDGE_CURVE('',#6183,#6174,#6191,.T.);
#6191 = LINE('',#6192,#6193);
#6192 = CARTESIAN_POINT('',(2.22,0.32,8.38));
#6193 = VECTOR('',#6194,1.);
#6194 = DIRECTION('',(1.,0.,0.));
#6195 = PLANE('',#6196);
#6196 = AXIS2_PLACEMENT_3D('',#6197,#6198,#6199);
#6197 = CARTESIAN_POINT('',(2.22,0.32,-3.));
#6198 = DIRECTION('',(0.,1.,0.));
#6199 = DIRECTION('',(0.,-0.,1.));
#6200 = ADVANCED_FACE('',(#6201),#6219,.F.);
#6201 = FACE_BOUND('',#6202,.F.);
#6202 = EDGE_LOOP('',(#6203,#6211,#6212,#6213));
#6203 = ORIENTED_EDGE('',*,*,#6204,.F.);
#6204 = EDGE_CURVE('',#2092,#6205,#6207,.T.);
#6205 = VERTEX_POINT('',#6206);
#6206 = CARTESIAN_POINT('',(2.22,-0.32,8.38));
#6207 = LINE('',#6208,#6209);
#6208 = CARTESIAN_POINT('',(2.22,-0.32,-3.));
#6209 = VECTOR('',#6210,1.);
#6210 = DIRECTION('',(0.,0.,1.));
#6211 = ORIENTED_EDGE('',*,*,#2099,.T.);
#6212 = ORIENTED_EDGE('',*,*,#6182,.T.);
#6213 = ORIENTED_EDGE('',*,*,#6214,.F.);
#6214 = EDGE_CURVE('',#6205,#6183,#6215,.T.);
#6215 = LINE('',#6216,#6217);
#6216 = CARTESIAN_POINT('',(2.22,-0.32,8.38));
#6217 = VECTOR('',#6218,1.);
#6218 = DIRECTION('',(0.,1.,0.));
#6219 = PLANE('',#6220);
#6220 = AXIS2_PLACEMENT_3D('',#6221,#6222,#6223);
#6221 = CARTESIAN_POINT('',(2.22,-0.32,-3.));
#6222 = DIRECTION('',(1.,0.,0.));
#6223 = DIRECTION('',(0.,0.,1.));
#6224 = ADVANCED_FACE('',(#6225),#6243,.F.);
#6225 = FACE_BOUND('',#6226,.F.);
#6226 = EDGE_LOOP('',(#6227,#6235,#6236,#6237));
#6227 = ORIENTED_EDGE('',*,*,#6228,.F.);
#6228 = EDGE_CURVE('',#2084,#6229,#6231,.T.);
#6229 = VERTEX_POINT('',#6230);
#6230 = CARTESIAN_POINT('',(2.86,-0.32,8.38));
#6231 = LINE('',#6232,#6233);
#6232 = CARTESIAN_POINT('',(2.86,-0.32,-3.));
#6233 = VECTOR('',#6234,1.);
#6234 = DIRECTION('',(0.,0.,1.));
#6235 = ORIENTED_EDGE('',*,*,#2091,.T.);
#6236 = ORIENTED_EDGE('',*,*,#6204,.T.);
#6237 = ORIENTED_EDGE('',*,*,#6238,.T.);
#6238 = EDGE_CURVE('',#6205,#6229,#6239,.T.);
#6239 = LINE('',#6240,#6241);
#6240 = CARTESIAN_POINT('',(2.22,-0.32,8.38));
#6241 = VECTOR('',#6242,1.);
#6242 = DIRECTION('',(1.,0.,0.));
#6243 = PLANE('',#6244);
#6244 = AXIS2_PLACEMENT_3D('',#6245,#6246,#6247);
#6245 = CARTESIAN_POINT('',(2.22,-0.32,-3.));
#6246 = DIRECTION('',(0.,1.,0.));
#6247 = DIRECTION('',(0.,-0.,1.));
#6248 = ADVANCED_FACE('',(#6249),#6260,.T.);
#6249 = FACE_BOUND('',#6250,.T.);
#6250 = EDGE_LOOP('',(#6251,#6252,#6253,#6254));
#6251 = ORIENTED_EDGE('',*,*,#6228,.F.);
#6252 = ORIENTED_EDGE('',*,*,#2083,.T.);
#6253 = ORIENTED_EDGE('',*,*,#6173,.T.);
#6254 = ORIENTED_EDGE('',*,*,#6255,.F.);
#6255 = EDGE_CURVE('',#6229,#6174,#6256,.T.);
#6256 = LINE('',#6257,#6258);
#6257 = CARTESIAN_POINT('',(2.86,-0.32,8.38));
#6258 = VECTOR('',#6259,1.);
#6259 = DIRECTION('',(0.,1.,0.));
#6260 = PLANE('',#6261);
#6261 = AXIS2_PLACEMENT_3D('',#6262,#6263,#6264);
#6262 = CARTESIAN_POINT('',(2.86,-0.32,-3.));
#6263 = DIRECTION('',(1.,0.,0.));
#6264 = DIRECTION('',(0.,0.,1.));
#6265 = ADVANCED_FACE('',(#6266),#6291,.F.);
#6266 = FACE_BOUND('',#6267,.F.);
#6267 = EDGE_LOOP('',(#6268,#6276,#6277,#6285));
#6268 = ORIENTED_EDGE('',*,*,#6269,.F.);
#6269 = EDGE_CURVE('',#2108,#6270,#6272,.T.);
#6270 = VERTEX_POINT('',#6271);
#6271 = CARTESIAN_POINT('',(0.32,-0.32,8.38));
#6272 = LINE('',#6273,#6274);
#6273 = CARTESIAN_POINT('',(0.32,-0.32,-3.));
#6274 = VECTOR('',#6275,1.);
#6275 = DIRECTION('',(0.,0.,1.));
#6276 = ORIENTED_EDGE('',*,*,#2107,.T.);
#6277 = ORIENTED_EDGE('',*,*,#6278,.T.);
#6278 = EDGE_CURVE('',#2110,#6279,#6281,.T.);
#6279 = VERTEX_POINT('',#6280);
#6280 = CARTESIAN_POINT('',(-0.32,-0.32,8.38));
#6281 = LINE('',#6282,#6283);
#6282 = CARTESIAN_POINT('',(-0.32,-0.32,-3.));
#6283 = VECTOR('',#6284,1.);
#6284 = DIRECTION('',(0.,0.,1.));
#6285 = ORIENTED_EDGE('',*,*,#6286,.T.);
#6286 = EDGE_CURVE('',#6279,#6270,#6287,.T.);
#6287 = LINE('',#6288,#6289);
#6288 = CARTESIAN_POINT('',(-0.32,-0.32,8.38));
#6289 = VECTOR('',#6290,1.);
#6290 = DIRECTION('',(1.,0.,0.));
#6291 = PLANE('',#6292);
#6292 = AXIS2_PLACEMENT_3D('',#6293,#6294,#6295);
#6293 = CARTESIAN_POINT('',(-0.32,-0.32,-3.));
#6294 = DIRECTION('',(0.,1.,0.));
#6295 = DIRECTION('',(0.,-0.,1.));
#6296 = ADVANCED_FACE('',(#6297),#6315,.T.);
#6297 = FACE_BOUND('',#6298,.T.);
#6298 = EDGE_LOOP('',(#6299,#6300,#6301,#6309));
#6299 = ORIENTED_EDGE('',*,*,#6269,.F.);
#6300 = ORIENTED_EDGE('',*,*,#2133,.T.);
#6301 = ORIENTED_EDGE('',*,*,#6302,.T.);
#6302 = EDGE_CURVE('',#2126,#6303,#6305,.T.);
#6303 = VERTEX_POINT('',#6304);
#6304 = CARTESIAN_POINT('',(0.32,0.32,8.38));
#6305 = LINE('',#6306,#6307);
#6306 = CARTESIAN_POINT('',(0.32,0.32,-3.));
#6307 = VECTOR('',#6308,1.);
#6308 = DIRECTION('',(0.,0.,1.));
#6309 = ORIENTED_EDGE('',*,*,#6310,.F.);
#6310 = EDGE_CURVE('',#6270,#6303,#6311,.T.);
#6311 = LINE('',#6312,#6313);
#6312 = CARTESIAN_POINT('',(0.32,-0.32,8.38));
#6313 = VECTOR('',#6314,1.);
#6314 = DIRECTION('',(0.,1.,0.));
#6315 = PLANE('',#6316);
#6316 = AXIS2_PLACEMENT_3D('',#6317,#6318,#6319);
#6317 = CARTESIAN_POINT('',(0.32,-0.32,-3.));
#6318 = DIRECTION('',(1.,0.,0.));
#6319 = DIRECTION('',(0.,0.,1.));
#6320 = ADVANCED_FACE('',(#6321),#6339,.T.);
#6321 = FACE_BOUND('',#6322,.T.);
#6322 = EDGE_LOOP('',(#6323,#6324,#6325,#6333));
#6323 = ORIENTED_EDGE('',*,*,#6302,.F.);
#6324 = ORIENTED_EDGE('',*,*,#2125,.T.);
#6325 = ORIENTED_EDGE('',*,*,#6326,.T.);
#6326 = EDGE_CURVE('',#2118,#6327,#6329,.T.);
#6327 = VERTEX_POINT('',#6328);
#6328 = CARTESIAN_POINT('',(-0.32,0.32,8.38));
#6329 = LINE('',#6330,#6331);
#6330 = CARTESIAN_POINT('',(-0.32,0.32,-3.));
#6331 = VECTOR('',#6332,1.);
#6332 = DIRECTION('',(0.,0.,1.));
#6333 = ORIENTED_EDGE('',*,*,#6334,.T.);
#6334 = EDGE_CURVE('',#6327,#6303,#6335,.T.);
#6335 = LINE('',#6336,#6337);
#6336 = CARTESIAN_POINT('',(-0.32,0.32,8.38));
#6337 = VECTOR('',#6338,1.);
#6338 = DIRECTION('',(1.,0.,0.));
#6339 = PLANE('',#6340);
#6340 = AXIS2_PLACEMENT_3D('',#6341,#6342,#6343);
#6341 = CARTESIAN_POINT('',(-0.32,0.32,-3.));
#6342 = DIRECTION('',(0.,1.,0.));
#6343 = DIRECTION('',(0.,-0.,1.));
#6344 = ADVANCED_FACE('',(#6345),#6356,.F.);
#6345 = FACE_BOUND('',#6346,.F.);
#6346 = EDGE_LOOP('',(#6347,#6348,#6349,#6350));
#6347 = ORIENTED_EDGE('',*,*,#6278,.F.);
#6348 = ORIENTED_EDGE('',*,*,#2117,.T.);
#6349 = ORIENTED_EDGE('',*,*,#6326,.T.);
#6350 = ORIENTED_EDGE('',*,*,#6351,.F.);
#6351 = EDGE_CURVE('',#6279,#6327,#6352,.T.);
#6352 = LINE('',#6353,#6354);
#6353 = CARTESIAN_POINT('',(-0.32,-0.32,8.38));
#6354 = VECTOR('',#6355,1.);
#6355 = DIRECTION('',(0.,1.,0.));
#6356 = PLANE('',#6357);
#6357 = AXIS2_PLACEMENT_3D('',#6358,#6359,#6360);
#6358 = CARTESIAN_POINT('',(-0.32,-0.32,-3.));
#6359 = DIRECTION('',(1.,0.,0.));
#6360 = DIRECTION('',(0.,0.,1.));
#6361 = ADVANCED_FACE('',(#6362),#6387,.T.);
#6362 = FACE_BOUND('',#6363,.T.);
#6363 = EDGE_LOOP('',(#6364,#6372,#6373,#6381));
#6364 = ORIENTED_EDGE('',*,*,#6365,.F.);
#6365 = EDGE_CURVE('',#2142,#6366,#6368,.T.);
#6366 = VERTEX_POINT('',#6367);
#6367 = CARTESIAN_POINT('',(2.86,-4.76,8.38));
#6368 = LINE('',#6369,#6370);
#6369 = CARTESIAN_POINT('',(2.86,-4.76,-3.));
#6370 = VECTOR('',#6371,1.);
#6371 = DIRECTION('',(0.,0.,1.));
#6372 = ORIENTED_EDGE('',*,*,#2141,.T.);
#6373 = ORIENTED_EDGE('',*,*,#6374,.T.);
#6374 = EDGE_CURVE('',#2144,#6375,#6377,.T.);
#6375 = VERTEX_POINT('',#6376);
#6376 = CARTESIAN_POINT('',(2.22,-4.76,8.38));
#6377 = LINE('',#6378,#6379);
#6378 = CARTESIAN_POINT('',(2.22,-4.76,-3.));
#6379 = VECTOR('',#6380,1.);
#6380 = DIRECTION('',(0.,0.,1.));
#6381 = ORIENTED_EDGE('',*,*,#6382,.T.);
#6382 = EDGE_CURVE('',#6375,#6366,#6383,.T.);
#6383 = LINE('',#6384,#6385);
#6384 = CARTESIAN_POINT('',(2.22,-4.76,8.38));
#6385 = VECTOR('',#6386,1.);
#6386 = DIRECTION('',(1.,0.,0.));
#6387 = PLANE('',#6388);
#6388 = AXIS2_PLACEMENT_3D('',#6389,#6390,#6391);
#6389 = CARTESIAN_POINT('',(2.22,-4.76,-3.));
#6390 = DIRECTION('',(0.,1.,0.));
#6391 = DIRECTION('',(0.,-0.,1.));
#6392 = ADVANCED_FACE('',(#6393),#6411,.F.);
#6393 = FACE_BOUND('',#6394,.F.);
#6394 = EDGE_LOOP('',(#6395,#6403,#6404,#6405));
#6395 = ORIENTED_EDGE('',*,*,#6396,.F.);
#6396 = EDGE_CURVE('',#2160,#6397,#6399,.T.);
#6397 = VERTEX_POINT('',#6398);
#6398 = CARTESIAN_POINT('',(2.22,-5.4,8.38));
#6399 = LINE('',#6400,#6401);
#6400 = CARTESIAN_POINT('',(2.22,-5.4,-3.));
#6401 = VECTOR('',#6402,1.);
#6402 = DIRECTION('',(0.,0.,1.));
#6403 = ORIENTED_EDGE('',*,*,#2167,.T.);
#6404 = ORIENTED_EDGE('',*,*,#6374,.T.);
#6405 = ORIENTED_EDGE('',*,*,#6406,.F.);
#6406 = EDGE_CURVE('',#6397,#6375,#6407,.T.);
#6407 = LINE('',#6408,#6409);
#6408 = CARTESIAN_POINT('',(2.22,-5.4,8.38));
#6409 = VECTOR('',#6410,1.);
#6410 = DIRECTION('',(0.,1.,0.));
#6411 = PLANE('',#6412);
#6412 = AXIS2_PLACEMENT_3D('',#6413,#6414,#6415);
#6413 = CARTESIAN_POINT('',(2.22,-5.4,-3.));
#6414 = DIRECTION('',(1.,0.,0.));
#6415 = DIRECTION('',(0.,0.,1.));
#6416 = ADVANCED_FACE('',(#6417),#6435,.F.);
#6417 = FACE_BOUND('',#6418,.F.);
#6418 = EDGE_LOOP('',(#6419,#6427,#6428,#6429));
#6419 = ORIENTED_EDGE('',*,*,#6420,.F.);
#6420 = EDGE_CURVE('',#2152,#6421,#6423,.T.);
#6421 = VERTEX_POINT('',#6422);
#6422 = CARTESIAN_POINT('',(2.86,-5.4,8.38));
#6423 = LINE('',#6424,#6425);
#6424 = CARTESIAN_POINT('',(2.86,-5.4,-3.));
#6425 = VECTOR('',#6426,1.);
#6426 = DIRECTION('',(0.,0.,1.));
#6427 = ORIENTED_EDGE('',*,*,#2159,.T.);
#6428 = ORIENTED_EDGE('',*,*,#6396,.T.);
#6429 = ORIENTED_EDGE('',*,*,#6430,.T.);
#6430 = EDGE_CURVE('',#6397,#6421,#6431,.T.);
#6431 = LINE('',#6432,#6433);
#6432 = CARTESIAN_POINT('',(2.22,-5.4,8.38));
#6433 = VECTOR('',#6434,1.);
#6434 = DIRECTION('',(1.,0.,0.));
#6435 = PLANE('',#6436);
#6436 = AXIS2_PLACEMENT_3D('',#6437,#6438,#6439);
#6437 = CARTESIAN_POINT('',(2.22,-5.4,-3.));
#6438 = DIRECTION('',(0.,1.,0.));
#6439 = DIRECTION('',(0.,-0.,1.));
#6440 = ADVANCED_FACE('',(#6441),#6452,.T.);
#6441 = FACE_BOUND('',#6442,.T.);
#6442 = EDGE_LOOP('',(#6443,#6444,#6445,#6446));
#6443 = ORIENTED_EDGE('',*,*,#6420,.F.);
#6444 = ORIENTED_EDGE('',*,*,#2151,.T.);
#6445 = ORIENTED_EDGE('',*,*,#6365,.T.);
#6446 = ORIENTED_EDGE('',*,*,#6447,.F.);
#6447 = EDGE_CURVE('',#6421,#6366,#6448,.T.);
#6448 = LINE('',#6449,#6450);
#6449 = CARTESIAN_POINT('',(2.86,-5.4,8.38));
#6450 = VECTOR('',#6451,1.);
#6451 = DIRECTION('',(0.,1.,0.));
#6452 = PLANE('',#6453);
#6453 = AXIS2_PLACEMENT_3D('',#6454,#6455,#6456);
#6454 = CARTESIAN_POINT('',(2.86,-5.4,-3.));
#6455 = DIRECTION('',(1.,0.,0.));
#6456 = DIRECTION('',(0.,0.,1.));
#6457 = ADVANCED_FACE('',(#6458),#6483,.T.);
#6458 = FACE_BOUND('',#6459,.T.);
#6459 = EDGE_LOOP('',(#6460,#6468,#6469,#6477));
#6460 = ORIENTED_EDGE('',*,*,#6461,.F.);
#6461 = EDGE_CURVE('',#2176,#6462,#6464,.T.);
#6462 = VERTEX_POINT('',#6463);
#6463 = CARTESIAN_POINT('',(0.32,-4.76,8.38));
#6464 = LINE('',#6465,#6466);
#6465 = CARTESIAN_POINT('',(0.32,-4.76,-3.));
#6466 = VECTOR('',#6467,1.);
#6467 = DIRECTION('',(0.,0.,1.));
#6468 = ORIENTED_EDGE('',*,*,#2175,.T.);
#6469 = ORIENTED_EDGE('',*,*,#6470,.T.);
#6470 = EDGE_CURVE('',#2178,#6471,#6473,.T.);
#6471 = VERTEX_POINT('',#6472);
#6472 = CARTESIAN_POINT('',(-0.32,-4.76,8.38));
#6473 = LINE('',#6474,#6475);
#6474 = CARTESIAN_POINT('',(-0.32,-4.76,-3.));
#6475 = VECTOR('',#6476,1.);
#6476 = DIRECTION('',(0.,0.,1.));
#6477 = ORIENTED_EDGE('',*,*,#6478,.T.);
#6478 = EDGE_CURVE('',#6471,#6462,#6479,.T.);
#6479 = LINE('',#6480,#6481);
#6480 = CARTESIAN_POINT('',(-0.32,-4.76,8.38));
#6481 = VECTOR('',#6482,1.);
#6482 = DIRECTION('',(1.,0.,0.));
#6483 = PLANE('',#6484);
#6484 = AXIS2_PLACEMENT_3D('',#6485,#6486,#6487);
#6485 = CARTESIAN_POINT('',(-0.32,-4.76,-3.));
#6486 = DIRECTION('',(0.,1.,0.));
#6487 = DIRECTION('',(0.,-0.,1.));
#6488 = ADVANCED_FACE('',(#6489),#6507,.F.);
#6489 = FACE_BOUND('',#6490,.F.);
#6490 = EDGE_LOOP('',(#6491,#6499,#6500,#6501));
#6491 = ORIENTED_EDGE('',*,*,#6492,.F.);
#6492 = EDGE_CURVE('',#2194,#6493,#6495,.T.);
#6493 = VERTEX_POINT('',#6494);
#6494 = CARTESIAN_POINT('',(-0.32,-5.4,8.38));
#6495 = LINE('',#6496,#6497);
#6496 = CARTESIAN_POINT('',(-0.32,-5.4,-3.));
#6497 = VECTOR('',#6498,1.);
#6498 = DIRECTION('',(0.,0.,1.));
#6499 = ORIENTED_EDGE('',*,*,#2201,.T.);
#6500 = ORIENTED_EDGE('',*,*,#6470,.T.);
#6501 = ORIENTED_EDGE('',*,*,#6502,.F.);
#6502 = EDGE_CURVE('',#6493,#6471,#6503,.T.);
#6503 = LINE('',#6504,#6505);
#6504 = CARTESIAN_POINT('',(-0.32,-5.4,8.38));
#6505 = VECTOR('',#6506,1.);
#6506 = DIRECTION('',(0.,1.,0.));
#6507 = PLANE('',#6508);
#6508 = AXIS2_PLACEMENT_3D('',#6509,#6510,#6511);
#6509 = CARTESIAN_POINT('',(-0.32,-5.4,-3.));
#6510 = DIRECTION('',(1.,0.,0.));
#6511 = DIRECTION('',(0.,0.,1.));
#6512 = ADVANCED_FACE('',(#6513),#6531,.F.);
#6513 = FACE_BOUND('',#6514,.F.);
#6514 = EDGE_LOOP('',(#6515,#6523,#6524,#6525));
#6515 = ORIENTED_EDGE('',*,*,#6516,.F.);
#6516 = EDGE_CURVE('',#2186,#6517,#6519,.T.);
#6517 = VERTEX_POINT('',#6518);
#6518 = CARTESIAN_POINT('',(0.32,-5.4,8.38));
#6519 = LINE('',#6520,#6521);
#6520 = CARTESIAN_POINT('',(0.32,-5.4,-3.));
#6521 = VECTOR('',#6522,1.);
#6522 = DIRECTION('',(0.,0.,1.));
#6523 = ORIENTED_EDGE('',*,*,#2193,.T.);
#6524 = ORIENTED_EDGE('',*,*,#6492,.T.);
#6525 = ORIENTED_EDGE('',*,*,#6526,.T.);
#6526 = EDGE_CURVE('',#6493,#6517,#6527,.T.);
#6527 = LINE('',#6528,#6529);
#6528 = CARTESIAN_POINT('',(-0.32,-5.4,8.38));
#6529 = VECTOR('',#6530,1.);
#6530 = DIRECTION('',(1.,0.,0.));
#6531 = PLANE('',#6532);
#6532 = AXIS2_PLACEMENT_3D('',#6533,#6534,#6535);
#6533 = CARTESIAN_POINT('',(-0.32,-5.4,-3.));
#6534 = DIRECTION('',(0.,1.,0.));
#6535 = DIRECTION('',(0.,-0.,1.));
#6536 = ADVANCED_FACE('',(#6537),#6548,.T.);
#6537 = FACE_BOUND('',#6538,.T.);
#6538 = EDGE_LOOP('',(#6539,#6540,#6541,#6542));
#6539 = ORIENTED_EDGE('',*,*,#6516,.F.);
#6540 = ORIENTED_EDGE('',*,*,#2185,.T.);
#6541 = ORIENTED_EDGE('',*,*,#6461,.T.);
#6542 = ORIENTED_EDGE('',*,*,#6543,.F.);
#6543 = EDGE_CURVE('',#6517,#6462,#6544,.T.);
#6544 = LINE('',#6545,#6546);
#6545 = CARTESIAN_POINT('',(0.32,-5.4,8.38));
#6546 = VECTOR('',#6547,1.);
#6547 = DIRECTION('',(0.,1.,0.));
#6548 = PLANE('',#6549);
#6549 = AXIS2_PLACEMENT_3D('',#6550,#6551,#6552);
#6550 = CARTESIAN_POINT('',(0.32,-5.4,-3.));
#6551 = DIRECTION('',(1.,0.,0.));
#6552 = DIRECTION('',(0.,0.,1.));
#6553 = ADVANCED_FACE('',(#6554),#6579,.T.);
#6554 = FACE_BOUND('',#6555,.T.);
#6555 = EDGE_LOOP('',(#6556,#6564,#6565,#6573));
#6556 = ORIENTED_EDGE('',*,*,#6557,.F.);
#6557 = EDGE_CURVE('',#2210,#6558,#6560,.T.);
#6558 = VERTEX_POINT('',#6559);
#6559 = CARTESIAN_POINT('',(0.32,-2.22,8.38));
#6560 = LINE('',#6561,#6562);
#6561 = CARTESIAN_POINT('',(0.32,-2.22,-3.));
#6562 = VECTOR('',#6563,1.);
#6563 = DIRECTION('',(0.,0.,1.));
#6564 = ORIENTED_EDGE('',*,*,#2209,.T.);
#6565 = ORIENTED_EDGE('',*,*,#6566,.T.);
#6566 = EDGE_CURVE('',#2212,#6567,#6569,.T.);
#6567 = VERTEX_POINT('',#6568);
#6568 = CARTESIAN_POINT('',(-0.32,-2.22,8.38));
#6569 = LINE('',#6570,#6571);
#6570 = CARTESIAN_POINT('',(-0.32,-2.22,-3.));
#6571 = VECTOR('',#6572,1.);
#6572 = DIRECTION('',(0.,0.,1.));
#6573 = ORIENTED_EDGE('',*,*,#6574,.T.);
#6574 = EDGE_CURVE('',#6567,#6558,#6575,.T.);
#6575 = LINE('',#6576,#6577);
#6576 = CARTESIAN_POINT('',(-0.32,-2.22,8.38));
#6577 = VECTOR('',#6578,1.);
#6578 = DIRECTION('',(1.,0.,0.));
#6579 = PLANE('',#6580);
#6580 = AXIS2_PLACEMENT_3D('',#6581,#6582,#6583);
#6581 = CARTESIAN_POINT('',(-0.32,-2.22,-3.));
#6582 = DIRECTION('',(0.,1.,0.));
#6583 = DIRECTION('',(0.,-0.,1.));
#6584 = ADVANCED_FACE('',(#6585),#6603,.F.);
#6585 = FACE_BOUND('',#6586,.F.);
#6586 = EDGE_LOOP('',(#6587,#6595,#6596,#6597));
#6587 = ORIENTED_EDGE('',*,*,#6588,.F.);
#6588 = EDGE_CURVE('',#2228,#6589,#6591,.T.);
#6589 = VERTEX_POINT('',#6590);
#6590 = CARTESIAN_POINT('',(-0.32,-2.86,8.38));
#6591 = LINE('',#6592,#6593);
#6592 = CARTESIAN_POINT('',(-0.32,-2.86,-3.));
#6593 = VECTOR('',#6594,1.);
#6594 = DIRECTION('',(0.,0.,1.));
#6595 = ORIENTED_EDGE('',*,*,#2235,.T.);
#6596 = ORIENTED_EDGE('',*,*,#6566,.T.);
#6597 = ORIENTED_EDGE('',*,*,#6598,.F.);
#6598 = EDGE_CURVE('',#6589,#6567,#6599,.T.);
#6599 = LINE('',#6600,#6601);
#6600 = CARTESIAN_POINT('',(-0.32,-2.86,8.38));
#6601 = VECTOR('',#6602,1.);
#6602 = DIRECTION('',(0.,1.,0.));
#6603 = PLANE('',#6604);
#6604 = AXIS2_PLACEMENT_3D('',#6605,#6606,#6607);
#6605 = CARTESIAN_POINT('',(-0.32,-2.86,-3.));
#6606 = DIRECTION('',(1.,0.,0.));
#6607 = DIRECTION('',(0.,0.,1.));
#6608 = ADVANCED_FACE('',(#6609),#6627,.F.);
#6609 = FACE_BOUND('',#6610,.F.);
#6610 = EDGE_LOOP('',(#6611,#6619,#6620,#6621));
#6611 = ORIENTED_EDGE('',*,*,#6612,.F.);
#6612 = EDGE_CURVE('',#2220,#6613,#6615,.T.);
#6613 = VERTEX_POINT('',#6614);
#6614 = CARTESIAN_POINT('',(0.32,-2.86,8.38));
#6615 = LINE('',#6616,#6617);
#6616 = CARTESIAN_POINT('',(0.32,-2.86,-3.));
#6617 = VECTOR('',#6618,1.);
#6618 = DIRECTION('',(0.,0.,1.));
#6619 = ORIENTED_EDGE('',*,*,#2227,.T.);
#6620 = ORIENTED_EDGE('',*,*,#6588,.T.);
#6621 = ORIENTED_EDGE('',*,*,#6622,.T.);
#6622 = EDGE_CURVE('',#6589,#6613,#6623,.T.);
#6623 = LINE('',#6624,#6625);
#6624 = CARTESIAN_POINT('',(-0.32,-2.86,8.38));
#6625 = VECTOR('',#6626,1.);
#6626 = DIRECTION('',(1.,0.,0.));
#6627 = PLANE('',#6628);
#6628 = AXIS2_PLACEMENT_3D('',#6629,#6630,#6631);
#6629 = CARTESIAN_POINT('',(-0.32,-2.86,-3.));
#6630 = DIRECTION('',(0.,1.,0.));
#6631 = DIRECTION('',(0.,-0.,1.));
#6632 = ADVANCED_FACE('',(#6633),#6644,.T.);
#6633 = FACE_BOUND('',#6634,.T.);
#6634 = EDGE_LOOP('',(#6635,#6636,#6637,#6638));
#6635 = ORIENTED_EDGE('',*,*,#6612,.F.);
#6636 = ORIENTED_EDGE('',*,*,#2219,.T.);
#6637 = ORIENTED_EDGE('',*,*,#6557,.T.);
#6638 = ORIENTED_EDGE('',*,*,#6639,.F.);
#6639 = EDGE_CURVE('',#6613,#6558,#6640,.T.);
#6640 = LINE('',#6641,#6642);
#6641 = CARTESIAN_POINT('',(0.32,-2.86,8.38));
#6642 = VECTOR('',#6643,1.);
#6643 = DIRECTION('',(0.,1.,0.));
#6644 = PLANE('',#6645);
#6645 = AXIS2_PLACEMENT_3D('',#6646,#6647,#6648);
#6646 = CARTESIAN_POINT('',(0.32,-2.86,-3.));
#6647 = DIRECTION('',(1.,0.,0.));
#6648 = DIRECTION('',(0.,0.,1.));
#6649 = ADVANCED_FACE('',(#6650),#6675,.T.);
#6650 = FACE_BOUND('',#6651,.T.);
#6651 = EDGE_LOOP('',(#6652,#6660,#6661,#6669));
#6652 = ORIENTED_EDGE('',*,*,#6653,.F.);
#6653 = EDGE_CURVE('',#2244,#6654,#6656,.T.);
#6654 = VERTEX_POINT('',#6655);
#6655 = CARTESIAN_POINT('',(2.86,-2.86,8.38));
#6656 = LINE('',#6657,#6658);
#6657 = CARTESIAN_POINT('',(2.86,-2.86,-3.));
#6658 = VECTOR('',#6659,1.);
#6659 = DIRECTION('',(0.,0.,1.));
#6660 = ORIENTED_EDGE('',*,*,#2243,.T.);
#6661 = ORIENTED_EDGE('',*,*,#6662,.T.);
#6662 = EDGE_CURVE('',#2246,#6663,#6665,.T.);
#6663 = VERTEX_POINT('',#6664);
#6664 = CARTESIAN_POINT('',(2.86,-2.22,8.38));
#6665 = LINE('',#6666,#6667);
#6666 = CARTESIAN_POINT('',(2.86,-2.22,-3.));
#6667 = VECTOR('',#6668,1.);
#6668 = DIRECTION('',(0.,0.,1.));
#6669 = ORIENTED_EDGE('',*,*,#6670,.F.);
#6670 = EDGE_CURVE('',#6654,#6663,#6671,.T.);
#6671 = LINE('',#6672,#6673);
#6672 = CARTESIAN_POINT('',(2.86,-2.86,8.38));
#6673 = VECTOR('',#6674,1.);
#6674 = DIRECTION('',(0.,1.,0.));
#6675 = PLANE('',#6676);
#6676 = AXIS2_PLACEMENT_3D('',#6677,#6678,#6679);
#6677 = CARTESIAN_POINT('',(2.86,-2.86,-3.));
#6678 = DIRECTION('',(1.,0.,0.));
#6679 = DIRECTION('',(0.,0.,1.));
#6680 = ADVANCED_FACE('',(#6681),#6699,.T.);
#6681 = FACE_BOUND('',#6682,.T.);
#6682 = EDGE_LOOP('',(#6683,#6684,#6685,#6693));
#6683 = ORIENTED_EDGE('',*,*,#6662,.F.);
#6684 = ORIENTED_EDGE('',*,*,#2269,.T.);
#6685 = ORIENTED_EDGE('',*,*,#6686,.T.);
#6686 = EDGE_CURVE('',#2262,#6687,#6689,.T.);
#6687 = VERTEX_POINT('',#6688);
#6688 = CARTESIAN_POINT('',(2.22,-2.22,8.38));
#6689 = LINE('',#6690,#6691);
#6690 = CARTESIAN_POINT('',(2.22,-2.22,-3.));
#6691 = VECTOR('',#6692,1.);
#6692 = DIRECTION('',(0.,0.,1.));
#6693 = ORIENTED_EDGE('',*,*,#6694,.T.);
#6694 = EDGE_CURVE('',#6687,#6663,#6695,.T.);
#6695 = LINE('',#6696,#6697);
#6696 = CARTESIAN_POINT('',(2.22,-2.22,8.38));
#6697 = VECTOR('',#6698,1.);
#6698 = DIRECTION('',(1.,0.,0.));
#6699 = PLANE('',#6700);
#6700 = AXIS2_PLACEMENT_3D('',#6701,#6702,#6703);
#6701 = CARTESIAN_POINT('',(2.22,-2.22,-3.));
#6702 = DIRECTION('',(0.,1.,0.));
#6703 = DIRECTION('',(0.,-0.,1.));
#6704 = ADVANCED_FACE('',(#6705),#6723,.F.);
#6705 = FACE_BOUND('',#6706,.F.);
#6706 = EDGE_LOOP('',(#6707,#6715,#6716,#6717));
#6707 = ORIENTED_EDGE('',*,*,#6708,.F.);
#6708 = EDGE_CURVE('',#2254,#6709,#6711,.T.);
#6709 = VERTEX_POINT('',#6710);
#6710 = CARTESIAN_POINT('',(2.22,-2.86,8.38));
#6711 = LINE('',#6712,#6713);
#6712 = CARTESIAN_POINT('',(2.22,-2.86,-3.));
#6713 = VECTOR('',#6714,1.);
#6714 = DIRECTION('',(0.,0.,1.));
#6715 = ORIENTED_EDGE('',*,*,#2261,.T.);
#6716 = ORIENTED_EDGE('',*,*,#6686,.T.);
#6717 = ORIENTED_EDGE('',*,*,#6718,.F.);
#6718 = EDGE_CURVE('',#6709,#6687,#6719,.T.);
#6719 = LINE('',#6720,#6721);
#6720 = CARTESIAN_POINT('',(2.22,-2.86,8.38));
#6721 = VECTOR('',#6722,1.);
#6722 = DIRECTION('',(0.,1.,0.));
#6723 = PLANE('',#6724);
#6724 = AXIS2_PLACEMENT_3D('',#6725,#6726,#6727);
#6725 = CARTESIAN_POINT('',(2.22,-2.86,-3.));
#6726 = DIRECTION('',(1.,0.,0.));
#6727 = DIRECTION('',(0.,0.,1.));
#6728 = ADVANCED_FACE('',(#6729),#6740,.F.);
#6729 = FACE_BOUND('',#6730,.F.);
#6730 = EDGE_LOOP('',(#6731,#6732,#6733,#6734));
#6731 = ORIENTED_EDGE('',*,*,#6653,.F.);
#6732 = ORIENTED_EDGE('',*,*,#2253,.T.);
#6733 = ORIENTED_EDGE('',*,*,#6708,.T.);
#6734 = ORIENTED_EDGE('',*,*,#6735,.T.);
#6735 = EDGE_CURVE('',#6709,#6654,#6736,.T.);
#6736 = LINE('',#6737,#6738);
#6737 = CARTESIAN_POINT('',(2.22,-2.86,8.38));
#6738 = VECTOR('',#6739,1.);
#6739 = DIRECTION('',(1.,0.,0.));
#6740 = PLANE('',#6741);
#6741 = AXIS2_PLACEMENT_3D('',#6742,#6743,#6744);
#6742 = CARTESIAN_POINT('',(2.22,-2.86,-3.));
#6743 = DIRECTION('',(0.,1.,0.));
#6744 = DIRECTION('',(0.,-0.,1.));
#6745 = ADVANCED_FACE('',(#6746),#6771,.T.);
#6746 = FACE_BOUND('',#6747,.T.);
#6747 = EDGE_LOOP('',(#6748,#6756,#6757,#6765));
#6748 = ORIENTED_EDGE('',*,*,#6749,.F.);
#6749 = EDGE_CURVE('',#2278,#6750,#6752,.T.);
#6750 = VERTEX_POINT('',#6751);
#6751 = CARTESIAN_POINT('',(2.86,-7.94,8.38));
#6752 = LINE('',#6753,#6754);
#6753 = CARTESIAN_POINT('',(2.86,-7.94,-3.));
#6754 = VECTOR('',#6755,1.);
#6755 = DIRECTION('',(0.,0.,1.));
#6756 = ORIENTED_EDGE('',*,*,#2277,.T.);
#6757 = ORIENTED_EDGE('',*,*,#6758,.T.);
#6758 = EDGE_CURVE('',#2280,#6759,#6761,.T.);
#6759 = VERTEX_POINT('',#6760);
#6760 = CARTESIAN_POINT('',(2.86,-7.3,8.38));
#6761 = LINE('',#6762,#6763);
#6762 = CARTESIAN_POINT('',(2.86,-7.3,-3.));
#6763 = VECTOR('',#6764,1.);
#6764 = DIRECTION('',(0.,0.,1.));
#6765 = ORIENTED_EDGE('',*,*,#6766,.F.);
#6766 = EDGE_CURVE('',#6750,#6759,#6767,.T.);
#6767 = LINE('',#6768,#6769);
#6768 = CARTESIAN_POINT('',(2.86,-7.94,8.38));
#6769 = VECTOR('',#6770,1.);
#6770 = DIRECTION('',(0.,1.,0.));
#6771 = PLANE('',#6772);
#6772 = AXIS2_PLACEMENT_3D('',#6773,#6774,#6775);
#6773 = CARTESIAN_POINT('',(2.86,-7.94,-3.));
#6774 = DIRECTION('',(1.,0.,0.));
#6775 = DIRECTION('',(0.,0.,1.));
#6776 = ADVANCED_FACE('',(#6777),#6795,.T.);
#6777 = FACE_BOUND('',#6778,.T.);
#6778 = EDGE_LOOP('',(#6779,#6780,#6781,#6789));
#6779 = ORIENTED_EDGE('',*,*,#6758,.F.);
#6780 = ORIENTED_EDGE('',*,*,#2303,.T.);
#6781 = ORIENTED_EDGE('',*,*,#6782,.T.);
#6782 = EDGE_CURVE('',#2296,#6783,#6785,.T.);
#6783 = VERTEX_POINT('',#6784);
#6784 = CARTESIAN_POINT('',(2.22,-7.3,8.38));
#6785 = LINE('',#6786,#6787);
#6786 = CARTESIAN_POINT('',(2.22,-7.3,-3.));
#6787 = VECTOR('',#6788,1.);
#6788 = DIRECTION('',(0.,0.,1.));
#6789 = ORIENTED_EDGE('',*,*,#6790,.T.);
#6790 = EDGE_CURVE('',#6783,#6759,#6791,.T.);
#6791 = LINE('',#6792,#6793);
#6792 = CARTESIAN_POINT('',(2.22,-7.3,8.38));
#6793 = VECTOR('',#6794,1.);
#6794 = DIRECTION('',(1.,0.,0.));
#6795 = PLANE('',#6796);
#6796 = AXIS2_PLACEMENT_3D('',#6797,#6798,#6799);
#6797 = CARTESIAN_POINT('',(2.22,-7.3,-3.));
#6798 = DIRECTION('',(0.,1.,0.));
#6799 = DIRECTION('',(0.,-0.,1.));
#6800 = ADVANCED_FACE('',(#6801),#6819,.F.);
#6801 = FACE_BOUND('',#6802,.F.);
#6802 = EDGE_LOOP('',(#6803,#6811,#6812,#6813));
#6803 = ORIENTED_EDGE('',*,*,#6804,.F.);
#6804 = EDGE_CURVE('',#2288,#6805,#6807,.T.);
#6805 = VERTEX_POINT('',#6806);
#6806 = CARTESIAN_POINT('',(2.22,-7.94,8.38));
#6807 = LINE('',#6808,#6809);
#6808 = CARTESIAN_POINT('',(2.22,-7.94,-3.));
#6809 = VECTOR('',#6810,1.);
#6810 = DIRECTION('',(0.,0.,1.));
#6811 = ORIENTED_EDGE('',*,*,#2295,.T.);
#6812 = ORIENTED_EDGE('',*,*,#6782,.T.);
#6813 = ORIENTED_EDGE('',*,*,#6814,.F.);
#6814 = EDGE_CURVE('',#6805,#6783,#6815,.T.);
#6815 = LINE('',#6816,#6817);
#6816 = CARTESIAN_POINT('',(2.22,-7.94,8.38));
#6817 = VECTOR('',#6818,1.);
#6818 = DIRECTION('',(0.,1.,0.));
#6819 = PLANE('',#6820);
#6820 = AXIS2_PLACEMENT_3D('',#6821,#6822,#6823);
#6821 = CARTESIAN_POINT('',(2.22,-7.94,-3.));
#6822 = DIRECTION('',(1.,0.,0.));
#6823 = DIRECTION('',(0.,0.,1.));
#6824 = ADVANCED_FACE('',(#6825),#6836,.F.);
#6825 = FACE_BOUND('',#6826,.F.);
#6826 = EDGE_LOOP('',(#6827,#6828,#6829,#6830));
#6827 = ORIENTED_EDGE('',*,*,#6749,.F.);
#6828 = ORIENTED_EDGE('',*,*,#2287,.T.);
#6829 = ORIENTED_EDGE('',*,*,#6804,.T.);
#6830 = ORIENTED_EDGE('',*,*,#6831,.T.);
#6831 = EDGE_CURVE('',#6805,#6750,#6832,.T.);
#6832 = LINE('',#6833,#6834);
#6833 = CARTESIAN_POINT('',(2.22,-7.94,8.38));
#6834 = VECTOR('',#6835,1.);
#6835 = DIRECTION('',(1.,0.,0.));
#6836 = PLANE('',#6837);
#6837 = AXIS2_PLACEMENT_3D('',#6838,#6839,#6840);
#6838 = CARTESIAN_POINT('',(2.22,-7.94,-3.));
#6839 = DIRECTION('',(0.,1.,0.));
#6840 = DIRECTION('',(0.,-0.,1.));
#6841 = ADVANCED_FACE('',(#6842),#6867,.T.);
#6842 = FACE_BOUND('',#6843,.T.);
#6843 = EDGE_LOOP('',(#6844,#6852,#6853,#6861));
#6844 = ORIENTED_EDGE('',*,*,#6845,.F.);
#6845 = EDGE_CURVE('',#2312,#6846,#6848,.T.);
#6846 = VERTEX_POINT('',#6847);
#6847 = CARTESIAN_POINT('',(0.32,-7.94,8.38));
#6848 = LINE('',#6849,#6850);
#6849 = CARTESIAN_POINT('',(0.32,-7.94,-3.));
#6850 = VECTOR('',#6851,1.);
#6851 = DIRECTION('',(0.,0.,1.));
#6852 = ORIENTED_EDGE('',*,*,#2311,.T.);
#6853 = ORIENTED_EDGE('',*,*,#6854,.T.);
#6854 = EDGE_CURVE('',#2314,#6855,#6857,.T.);
#6855 = VERTEX_POINT('',#6856);
#6856 = CARTESIAN_POINT('',(0.32,-7.3,8.38));
#6857 = LINE('',#6858,#6859);
#6858 = CARTESIAN_POINT('',(0.32,-7.3,-3.));
#6859 = VECTOR('',#6860,1.);
#6860 = DIRECTION('',(0.,0.,1.));
#6861 = ORIENTED_EDGE('',*,*,#6862,.F.);
#6862 = EDGE_CURVE('',#6846,#6855,#6863,.T.);
#6863 = LINE('',#6864,#6865);
#6864 = CARTESIAN_POINT('',(0.32,-7.94,8.38));
#6865 = VECTOR('',#6866,1.);
#6866 = DIRECTION('',(0.,1.,0.));
#6867 = PLANE('',#6868);
#6868 = AXIS2_PLACEMENT_3D('',#6869,#6870,#6871);
#6869 = CARTESIAN_POINT('',(0.32,-7.94,-3.));
#6870 = DIRECTION('',(1.,0.,0.));
#6871 = DIRECTION('',(0.,0.,1.));
#6872 = ADVANCED_FACE('',(#6873),#6891,.T.);
#6873 = FACE_BOUND('',#6874,.T.);
#6874 = EDGE_LOOP('',(#6875,#6876,#6877,#6885));
#6875 = ORIENTED_EDGE('',*,*,#6854,.F.);
#6876 = ORIENTED_EDGE('',*,*,#2337,.T.);
#6877 = ORIENTED_EDGE('',*,*,#6878,.T.);
#6878 = EDGE_CURVE('',#2330,#6879,#6881,.T.);
#6879 = VERTEX_POINT('',#6880);
#6880 = CARTESIAN_POINT('',(-0.32,-7.3,8.38));
#6881 = LINE('',#6882,#6883);
#6882 = CARTESIAN_POINT('',(-0.32,-7.3,-3.));
#6883 = VECTOR('',#6884,1.);
#6884 = DIRECTION('',(0.,0.,1.));
#6885 = ORIENTED_EDGE('',*,*,#6886,.T.);
#6886 = EDGE_CURVE('',#6879,#6855,#6887,.T.);
#6887 = LINE('',#6888,#6889);
#6888 = CARTESIAN_POINT('',(-0.32,-7.3,8.38));
#6889 = VECTOR('',#6890,1.);
#6890 = DIRECTION('',(1.,0.,0.));
#6891 = PLANE('',#6892);
#6892 = AXIS2_PLACEMENT_3D('',#6893,#6894,#6895);
#6893 = CARTESIAN_POINT('',(-0.32,-7.3,-3.));
#6894 = DIRECTION('',(0.,1.,0.));
#6895 = DIRECTION('',(0.,-0.,1.));
#6896 = ADVANCED_FACE('',(#6897),#6915,.F.);
#6897 = FACE_BOUND('',#6898,.F.);
#6898 = EDGE_LOOP('',(#6899,#6907,#6908,#6909));
#6899 = ORIENTED_EDGE('',*,*,#6900,.F.);
#6900 = EDGE_CURVE('',#2322,#6901,#6903,.T.);
#6901 = VERTEX_POINT('',#6902);
#6902 = CARTESIAN_POINT('',(-0.32,-7.94,8.38));
#6903 = LINE('',#6904,#6905);
#6904 = CARTESIAN_POINT('',(-0.32,-7.94,-3.));
#6905 = VECTOR('',#6906,1.);
#6906 = DIRECTION('',(0.,0.,1.));
#6907 = ORIENTED_EDGE('',*,*,#2329,.T.);
#6908 = ORIENTED_EDGE('',*,*,#6878,.T.);
#6909 = ORIENTED_EDGE('',*,*,#6910,.F.);
#6910 = EDGE_CURVE('',#6901,#6879,#6911,.T.);
#6911 = LINE('',#6912,#6913);
#6912 = CARTESIAN_POINT('',(-0.32,-7.94,8.38));
#6913 = VECTOR('',#6914,1.);
#6914 = DIRECTION('',(0.,1.,0.));
#6915 = PLANE('',#6916);
#6916 = AXIS2_PLACEMENT_3D('',#6917,#6918,#6919);
#6917 = CARTESIAN_POINT('',(-0.32,-7.94,-3.));
#6918 = DIRECTION('',(1.,0.,0.));
#6919 = DIRECTION('',(0.,0.,1.));
#6920 = ADVANCED_FACE('',(#6921),#6932,.F.);
#6921 = FACE_BOUND('',#6922,.F.);
#6922 = EDGE_LOOP('',(#6923,#6924,#6925,#6926));
#6923 = ORIENTED_EDGE('',*,*,#6845,.F.);
#6924 = ORIENTED_EDGE('',*,*,#2321,.T.);
#6925 = ORIENTED_EDGE('',*,*,#6900,.T.);
#6926 = ORIENTED_EDGE('',*,*,#6927,.T.);
#6927 = EDGE_CURVE('',#6901,#6846,#6928,.T.);
#6928 = LINE('',#6929,#6930);
#6929 = CARTESIAN_POINT('',(-0.32,-7.94,8.38));
#6930 = VECTOR('',#6931,1.);
#6931 = DIRECTION('',(1.,0.,0.));
#6932 = PLANE('',#6933);
#6933 = AXIS2_PLACEMENT_3D('',#6934,#6935,#6936);
#6934 = CARTESIAN_POINT('',(-0.32,-7.94,-3.));
#6935 = DIRECTION('',(0.,1.,0.));
#6936 = DIRECTION('',(0.,-0.,1.));
#6937 = ADVANCED_FACE('',(#6938),#6963,.T.);
#6938 = FACE_BOUND('',#6939,.T.);
#6939 = EDGE_LOOP('',(#6940,#6948,#6949,#6957));
#6940 = ORIENTED_EDGE('',*,*,#6941,.F.);
#6941 = EDGE_CURVE('',#2346,#6942,#6944,.T.);
#6942 = VERTEX_POINT('',#6943);
#6943 = CARTESIAN_POINT('',(0.32,-22.54,8.38));
#6944 = LINE('',#6945,#6946);
#6945 = CARTESIAN_POINT('',(0.32,-22.54,-3.));
#6946 = VECTOR('',#6947,1.);
#6947 = DIRECTION('',(0.,0.,1.));
#6948 = ORIENTED_EDGE('',*,*,#2345,.T.);
#6949 = ORIENTED_EDGE('',*,*,#6950,.T.);
#6950 = EDGE_CURVE('',#2348,#6951,#6953,.T.);
#6951 = VERTEX_POINT('',#6952);
#6952 = CARTESIAN_POINT('',(-0.32,-22.54,8.38));
#6953 = LINE('',#6954,#6955);
#6954 = CARTESIAN_POINT('',(-0.32,-22.54,-3.));
#6955 = VECTOR('',#6956,1.);
#6956 = DIRECTION('',(0.,0.,1.));
#6957 = ORIENTED_EDGE('',*,*,#6958,.T.);
#6958 = EDGE_CURVE('',#6951,#6942,#6959,.T.);
#6959 = LINE('',#6960,#6961);
#6960 = CARTESIAN_POINT('',(-0.32,-22.54,8.38));
#6961 = VECTOR('',#6962,1.);
#6962 = DIRECTION('',(1.,0.,0.));
#6963 = PLANE('',#6964);
#6964 = AXIS2_PLACEMENT_3D('',#6965,#6966,#6967);
#6965 = CARTESIAN_POINT('',(-0.32,-22.54,-3.));
#6966 = DIRECTION('',(0.,1.,0.));
#6967 = DIRECTION('',(0.,-0.,1.));
#6968 = ADVANCED_FACE('',(#6969),#6987,.F.);
#6969 = FACE_BOUND('',#6970,.F.);
#6970 = EDGE_LOOP('',(#6971,#6979,#6980,#6981));
#6971 = ORIENTED_EDGE('',*,*,#6972,.F.);
#6972 = EDGE_CURVE('',#2364,#6973,#6975,.T.);
#6973 = VERTEX_POINT('',#6974);
#6974 = CARTESIAN_POINT('',(-0.32,-23.18,8.38));
#6975 = LINE('',#6976,#6977);
#6976 = CARTESIAN_POINT('',(-0.32,-23.18,-3.));
#6977 = VECTOR('',#6978,1.);
#6978 = DIRECTION('',(0.,0.,1.));
#6979 = ORIENTED_EDGE('',*,*,#2371,.T.);
#6980 = ORIENTED_EDGE('',*,*,#6950,.T.);
#6981 = ORIENTED_EDGE('',*,*,#6982,.F.);
#6982 = EDGE_CURVE('',#6973,#6951,#6983,.T.);
#6983 = LINE('',#6984,#6985);
#6984 = CARTESIAN_POINT('',(-0.32,-23.18,8.38));
#6985 = VECTOR('',#6986,1.);
#6986 = DIRECTION('',(0.,1.,0.));
#6987 = PLANE('',#6988);
#6988 = AXIS2_PLACEMENT_3D('',#6989,#6990,#6991);
#6989 = CARTESIAN_POINT('',(-0.32,-23.18,-3.));
#6990 = DIRECTION('',(1.,0.,0.));
#6991 = DIRECTION('',(0.,0.,1.));
#6992 = ADVANCED_FACE('',(#6993),#7011,.F.);
#6993 = FACE_BOUND('',#6994,.F.);
#6994 = EDGE_LOOP('',(#6995,#7003,#7004,#7005));
#6995 = ORIENTED_EDGE('',*,*,#6996,.F.);
#6996 = EDGE_CURVE('',#2356,#6997,#6999,.T.);
#6997 = VERTEX_POINT('',#6998);
#6998 = CARTESIAN_POINT('',(0.32,-23.18,8.38));
#6999 = LINE('',#7000,#7001);
#7000 = CARTESIAN_POINT('',(0.32,-23.18,-3.));
#7001 = VECTOR('',#7002,1.);
#7002 = DIRECTION('',(0.,0.,1.));
#7003 = ORIENTED_EDGE('',*,*,#2363,.T.);
#7004 = ORIENTED_EDGE('',*,*,#6972,.T.);
#7005 = ORIENTED_EDGE('',*,*,#7006,.T.);
#7006 = EDGE_CURVE('',#6973,#6997,#7007,.T.);
#7007 = LINE('',#7008,#7009);
#7008 = CARTESIAN_POINT('',(-0.32,-23.18,8.38));
#7009 = VECTOR('',#7010,1.);
#7010 = DIRECTION('',(1.,0.,0.));
#7011 = PLANE('',#7012);
#7012 = AXIS2_PLACEMENT_3D('',#7013,#7014,#7015);
#7013 = CARTESIAN_POINT('',(-0.32,-23.18,-3.));
#7014 = DIRECTION('',(0.,1.,0.));
#7015 = DIRECTION('',(0.,-0.,1.));
#7016 = ADVANCED_FACE('',(#7017),#7028,.T.);
#7017 = FACE_BOUND('',#7018,.T.);
#7018 = EDGE_LOOP('',(#7019,#7020,#7021,#7022));
#7019 = ORIENTED_EDGE('',*,*,#6996,.F.);
#7020 = ORIENTED_EDGE('',*,*,#2355,.T.);
#7021 = ORIENTED_EDGE('',*,*,#6941,.T.);
#7022 = ORIENTED_EDGE('',*,*,#7023,.F.);
#7023 = EDGE_CURVE('',#6997,#6942,#7024,.T.);
#7024 = LINE('',#7025,#7026);
#7025 = CARTESIAN_POINT('',(0.32,-23.18,8.38));
#7026 = VECTOR('',#7027,1.);
#7027 = DIRECTION('',(0.,1.,0.));
#7028 = PLANE('',#7029);
#7029 = AXIS2_PLACEMENT_3D('',#7030,#7031,#7032);
#7030 = CARTESIAN_POINT('',(0.32,-23.18,-3.));
#7031 = DIRECTION('',(1.,0.,0.));
#7032 = DIRECTION('',(0.,0.,1.));
#7033 = ADVANCED_FACE('',(#7034),#7059,.F.);
#7034 = FACE_BOUND('',#7035,.F.);
#7035 = EDGE_LOOP('',(#7036,#7044,#7045,#7053));
#7036 = ORIENTED_EDGE('',*,*,#7037,.F.);
#7037 = EDGE_CURVE('',#2380,#7038,#7040,.T.);
#7038 = VERTEX_POINT('',#7039);
#7039 = CARTESIAN_POINT('',(0.32,-20.64,8.38));
#7040 = LINE('',#7041,#7042);
#7041 = CARTESIAN_POINT('',(0.32,-20.64,-3.));
#7042 = VECTOR('',#7043,1.);
#7043 = DIRECTION('',(0.,0.,1.));
#7044 = ORIENTED_EDGE('',*,*,#2379,.T.);
#7045 = ORIENTED_EDGE('',*,*,#7046,.T.);
#7046 = EDGE_CURVE('',#2382,#7047,#7049,.T.);
#7047 = VERTEX_POINT('',#7048);
#7048 = CARTESIAN_POINT('',(-0.32,-20.64,8.38));
#7049 = LINE('',#7050,#7051);
#7050 = CARTESIAN_POINT('',(-0.32,-20.64,-3.));
#7051 = VECTOR('',#7052,1.);
#7052 = DIRECTION('',(0.,0.,1.));
#7053 = ORIENTED_EDGE('',*,*,#7054,.T.);
#7054 = EDGE_CURVE('',#7047,#7038,#7055,.T.);
#7055 = LINE('',#7056,#7057);
#7056 = CARTESIAN_POINT('',(-0.32,-20.64,8.38));
#7057 = VECTOR('',#7058,1.);
#7058 = DIRECTION('',(1.,0.,0.));
#7059 = PLANE('',#7060);
#7060 = AXIS2_PLACEMENT_3D('',#7061,#7062,#7063);
#7061 = CARTESIAN_POINT('',(-0.32,-20.64,-3.));
#7062 = DIRECTION('',(0.,1.,0.));
#7063 = DIRECTION('',(0.,-0.,1.));
#7064 = ADVANCED_FACE('',(#7065),#7083,.T.);
#7065 = FACE_BOUND('',#7066,.T.);
#7066 = EDGE_LOOP('',(#7067,#7068,#7069,#7077));
#7067 = ORIENTED_EDGE('',*,*,#7037,.F.);
#7068 = ORIENTED_EDGE('',*,*,#2405,.T.);
#7069 = ORIENTED_EDGE('',*,*,#7070,.T.);
#7070 = EDGE_CURVE('',#2398,#7071,#7073,.T.);
#7071 = VERTEX_POINT('',#7072);
#7072 = CARTESIAN_POINT('',(0.32,-20.,8.38));
#7073 = LINE('',#7074,#7075);
#7074 = CARTESIAN_POINT('',(0.32,-20.,-3.));
#7075 = VECTOR('',#7076,1.);
#7076 = DIRECTION('',(0.,0.,1.));
#7077 = ORIENTED_EDGE('',*,*,#7078,.F.);
#7078 = EDGE_CURVE('',#7038,#7071,#7079,.T.);
#7079 = LINE('',#7080,#7081);
#7080 = CARTESIAN_POINT('',(0.32,-20.64,8.38));
#7081 = VECTOR('',#7082,1.);
#7082 = DIRECTION('',(0.,1.,0.));
#7083 = PLANE('',#7084);
#7084 = AXIS2_PLACEMENT_3D('',#7085,#7086,#7087);
#7085 = CARTESIAN_POINT('',(0.32,-20.64,-3.));
#7086 = DIRECTION('',(1.,0.,0.));
#7087 = DIRECTION('',(0.,0.,1.));
#7088 = ADVANCED_FACE('',(#7089),#7107,.T.);
#7089 = FACE_BOUND('',#7090,.T.);
#7090 = EDGE_LOOP('',(#7091,#7092,#7093,#7101));
#7091 = ORIENTED_EDGE('',*,*,#7070,.F.);
#7092 = ORIENTED_EDGE('',*,*,#2397,.T.);
#7093 = ORIENTED_EDGE('',*,*,#7094,.T.);
#7094 = EDGE_CURVE('',#2390,#7095,#7097,.T.);
#7095 = VERTEX_POINT('',#7096);
#7096 = CARTESIAN_POINT('',(-0.32,-20.,8.38));
#7097 = LINE('',#7098,#7099);
#7098 = CARTESIAN_POINT('',(-0.32,-20.,-3.));
#7099 = VECTOR('',#7100,1.);
#7100 = DIRECTION('',(0.,0.,1.));
#7101 = ORIENTED_EDGE('',*,*,#7102,.T.);
#7102 = EDGE_CURVE('',#7095,#7071,#7103,.T.);
#7103 = LINE('',#7104,#7105);
#7104 = CARTESIAN_POINT('',(-0.32,-20.,8.38));
#7105 = VECTOR('',#7106,1.);
#7106 = DIRECTION('',(1.,0.,0.));
#7107 = PLANE('',#7108);
#7108 = AXIS2_PLACEMENT_3D('',#7109,#7110,#7111);
#7109 = CARTESIAN_POINT('',(-0.32,-20.,-3.));
#7110 = DIRECTION('',(0.,1.,0.));
#7111 = DIRECTION('',(0.,-0.,1.));
#7112 = ADVANCED_FACE('',(#7113),#7124,.F.);
#7113 = FACE_BOUND('',#7114,.F.);
#7114 = EDGE_LOOP('',(#7115,#7116,#7117,#7118));
#7115 = ORIENTED_EDGE('',*,*,#7046,.F.);
#7116 = ORIENTED_EDGE('',*,*,#2389,.T.);
#7117 = ORIENTED_EDGE('',*,*,#7094,.T.);
#7118 = ORIENTED_EDGE('',*,*,#7119,.F.);
#7119 = EDGE_CURVE('',#7047,#7095,#7120,.T.);
#7120 = LINE('',#7121,#7122);
#7121 = CARTESIAN_POINT('',(-0.32,-20.64,8.38));
#7122 = VECTOR('',#7123,1.);
#7123 = DIRECTION('',(0.,1.,0.));
#7124 = PLANE('',#7125);
#7125 = AXIS2_PLACEMENT_3D('',#7126,#7127,#7128);
#7126 = CARTESIAN_POINT('',(-0.32,-20.64,-3.));
#7127 = DIRECTION('',(1.,0.,0.));
#7128 = DIRECTION('',(0.,0.,1.));
#7129 = ADVANCED_FACE('',(#7130),#7155,.T.);
#7130 = FACE_BOUND('',#7131,.T.);
#7131 = EDGE_LOOP('',(#7132,#7140,#7141,#7149));
#7132 = ORIENTED_EDGE('',*,*,#7133,.F.);
#7133 = EDGE_CURVE('',#2414,#7134,#7136,.T.);
#7134 = VERTEX_POINT('',#7135);
#7135 = CARTESIAN_POINT('',(2.86,-20.,8.38));
#7136 = LINE('',#7137,#7138);
#7137 = CARTESIAN_POINT('',(2.86,-20.,-3.));
#7138 = VECTOR('',#7139,1.);
#7139 = DIRECTION('',(0.,0.,1.));
#7140 = ORIENTED_EDGE('',*,*,#2413,.T.);
#7141 = ORIENTED_EDGE('',*,*,#7142,.T.);
#7142 = EDGE_CURVE('',#2416,#7143,#7145,.T.);
#7143 = VERTEX_POINT('',#7144);
#7144 = CARTESIAN_POINT('',(2.22,-20.,8.38));
#7145 = LINE('',#7146,#7147);
#7146 = CARTESIAN_POINT('',(2.22,-20.,-3.));
#7147 = VECTOR('',#7148,1.);
#7148 = DIRECTION('',(0.,0.,1.));
#7149 = ORIENTED_EDGE('',*,*,#7150,.T.);
#7150 = EDGE_CURVE('',#7143,#7134,#7151,.T.);
#7151 = LINE('',#7152,#7153);
#7152 = CARTESIAN_POINT('',(2.22,-20.,8.38));
#7153 = VECTOR('',#7154,1.);
#7154 = DIRECTION('',(1.,0.,0.));
#7155 = PLANE('',#7156);
#7156 = AXIS2_PLACEMENT_3D('',#7157,#7158,#7159);
#7157 = CARTESIAN_POINT('',(2.22,-20.,-3.));
#7158 = DIRECTION('',(0.,1.,0.));
#7159 = DIRECTION('',(0.,-0.,1.));
#7160 = ADVANCED_FACE('',(#7161),#7179,.F.);
#7161 = FACE_BOUND('',#7162,.F.);
#7162 = EDGE_LOOP('',(#7163,#7171,#7172,#7173));
#7163 = ORIENTED_EDGE('',*,*,#7164,.F.);
#7164 = EDGE_CURVE('',#2432,#7165,#7167,.T.);
#7165 = VERTEX_POINT('',#7166);
#7166 = CARTESIAN_POINT('',(2.22,-20.64,8.38));
#7167 = LINE('',#7168,#7169);
#7168 = CARTESIAN_POINT('',(2.22,-20.64,-3.));
#7169 = VECTOR('',#7170,1.);
#7170 = DIRECTION('',(0.,0.,1.));
#7171 = ORIENTED_EDGE('',*,*,#2439,.T.);
#7172 = ORIENTED_EDGE('',*,*,#7142,.T.);
#7173 = ORIENTED_EDGE('',*,*,#7174,.F.);
#7174 = EDGE_CURVE('',#7165,#7143,#7175,.T.);
#7175 = LINE('',#7176,#7177);
#7176 = CARTESIAN_POINT('',(2.22,-20.64,8.38));
#7177 = VECTOR('',#7178,1.);
#7178 = DIRECTION('',(0.,1.,0.));
#7179 = PLANE('',#7180);
#7180 = AXIS2_PLACEMENT_3D('',#7181,#7182,#7183);
#7181 = CARTESIAN_POINT('',(2.22,-20.64,-3.));
#7182 = DIRECTION('',(1.,0.,0.));
#7183 = DIRECTION('',(0.,0.,1.));
#7184 = ADVANCED_FACE('',(#7185),#7203,.F.);
#7185 = FACE_BOUND('',#7186,.F.);
#7186 = EDGE_LOOP('',(#7187,#7195,#7196,#7197));
#7187 = ORIENTED_EDGE('',*,*,#7188,.F.);
#7188 = EDGE_CURVE('',#2424,#7189,#7191,.T.);
#7189 = VERTEX_POINT('',#7190);
#7190 = CARTESIAN_POINT('',(2.86,-20.64,8.38));
#7191 = LINE('',#7192,#7193);
#7192 = CARTESIAN_POINT('',(2.86,-20.64,-3.));
#7193 = VECTOR('',#7194,1.);
#7194 = DIRECTION('',(0.,0.,1.));
#7195 = ORIENTED_EDGE('',*,*,#2431,.T.);
#7196 = ORIENTED_EDGE('',*,*,#7164,.T.);
#7197 = ORIENTED_EDGE('',*,*,#7198,.T.);
#7198 = EDGE_CURVE('',#7165,#7189,#7199,.T.);
#7199 = LINE('',#7200,#7201);
#7200 = CARTESIAN_POINT('',(2.22,-20.64,8.38));
#7201 = VECTOR('',#7202,1.);
#7202 = DIRECTION('',(1.,0.,0.));
#7203 = PLANE('',#7204);
#7204 = AXIS2_PLACEMENT_3D('',#7205,#7206,#7207);
#7205 = CARTESIAN_POINT('',(2.22,-20.64,-3.));
#7206 = DIRECTION('',(0.,1.,0.));
#7207 = DIRECTION('',(0.,-0.,1.));
#7208 = ADVANCED_FACE('',(#7209),#7220,.T.);
#7209 = FACE_BOUND('',#7210,.T.);
#7210 = EDGE_LOOP('',(#7211,#7212,#7213,#7214));
#7211 = ORIENTED_EDGE('',*,*,#7188,.F.);
#7212 = ORIENTED_EDGE('',*,*,#2423,.T.);
#7213 = ORIENTED_EDGE('',*,*,#7133,.T.);
#7214 = ORIENTED_EDGE('',*,*,#7215,.F.);
#7215 = EDGE_CURVE('',#7189,#7134,#7216,.T.);
#7216 = LINE('',#7217,#7218);
#7217 = CARTESIAN_POINT('',(2.86,-20.64,8.38));
#7218 = VECTOR('',#7219,1.);
#7219 = DIRECTION('',(0.,1.,0.));
#7220 = PLANE('',#7221);
#7221 = AXIS2_PLACEMENT_3D('',#7222,#7223,#7224);
#7222 = CARTESIAN_POINT('',(2.86,-20.64,-3.));
#7223 = DIRECTION('',(1.,0.,0.));
#7224 = DIRECTION('',(0.,0.,1.));
#7225 = ADVANCED_FACE('',(#7226),#7251,.T.);
#7226 = FACE_BOUND('',#7227,.T.);
#7227 = EDGE_LOOP('',(#7228,#7236,#7237,#7245));
#7228 = ORIENTED_EDGE('',*,*,#7229,.F.);
#7229 = EDGE_CURVE('',#2448,#7230,#7232,.T.);
#7230 = VERTEX_POINT('',#7231);
#7231 = CARTESIAN_POINT('',(2.86,-23.18,8.38));
#7232 = LINE('',#7233,#7234);
#7233 = CARTESIAN_POINT('',(2.86,-23.18,-3.));
#7234 = VECTOR('',#7235,1.);
#7235 = DIRECTION('',(0.,0.,1.));
#7236 = ORIENTED_EDGE('',*,*,#2447,.T.);
#7237 = ORIENTED_EDGE('',*,*,#7238,.T.);
#7238 = EDGE_CURVE('',#2450,#7239,#7241,.T.);
#7239 = VERTEX_POINT('',#7240);
#7240 = CARTESIAN_POINT('',(2.86,-22.54,8.38));
#7241 = LINE('',#7242,#7243);
#7242 = CARTESIAN_POINT('',(2.86,-22.54,-3.));
#7243 = VECTOR('',#7244,1.);
#7244 = DIRECTION('',(0.,0.,1.));
#7245 = ORIENTED_EDGE('',*,*,#7246,.F.);
#7246 = EDGE_CURVE('',#7230,#7239,#7247,.T.);
#7247 = LINE('',#7248,#7249);
#7248 = CARTESIAN_POINT('',(2.86,-23.18,8.38));
#7249 = VECTOR('',#7250,1.);
#7250 = DIRECTION('',(0.,1.,0.));
#7251 = PLANE('',#7252);
#7252 = AXIS2_PLACEMENT_3D('',#7253,#7254,#7255);
#7253 = CARTESIAN_POINT('',(2.86,-23.18,-3.));
#7254 = DIRECTION('',(1.,0.,0.));
#7255 = DIRECTION('',(0.,0.,1.));
#7256 = ADVANCED_FACE('',(#7257),#7275,.T.);
#7257 = FACE_BOUND('',#7258,.T.);
#7258 = EDGE_LOOP('',(#7259,#7260,#7261,#7269));
#7259 = ORIENTED_EDGE('',*,*,#7238,.F.);
#7260 = ORIENTED_EDGE('',*,*,#2473,.T.);
#7261 = ORIENTED_EDGE('',*,*,#7262,.T.);
#7262 = EDGE_CURVE('',#2466,#7263,#7265,.T.);
#7263 = VERTEX_POINT('',#7264);
#7264 = CARTESIAN_POINT('',(2.22,-22.54,8.38));
#7265 = LINE('',#7266,#7267);
#7266 = CARTESIAN_POINT('',(2.22,-22.54,-3.));
#7267 = VECTOR('',#7268,1.);
#7268 = DIRECTION('',(0.,0.,1.));
#7269 = ORIENTED_EDGE('',*,*,#7270,.T.);
#7270 = EDGE_CURVE('',#7263,#7239,#7271,.T.);
#7271 = LINE('',#7272,#7273);
#7272 = CARTESIAN_POINT('',(2.22,-22.54,8.38));
#7273 = VECTOR('',#7274,1.);
#7274 = DIRECTION('',(1.,0.,0.));
#7275 = PLANE('',#7276);
#7276 = AXIS2_PLACEMENT_3D('',#7277,#7278,#7279);
#7277 = CARTESIAN_POINT('',(2.22,-22.54,-3.));
#7278 = DIRECTION('',(0.,1.,0.));
#7279 = DIRECTION('',(0.,-0.,1.));
#7280 = ADVANCED_FACE('',(#7281),#7299,.F.);
#7281 = FACE_BOUND('',#7282,.F.);
#7282 = EDGE_LOOP('',(#7283,#7291,#7292,#7293));
#7283 = ORIENTED_EDGE('',*,*,#7284,.F.);
#7284 = EDGE_CURVE('',#2458,#7285,#7287,.T.);
#7285 = VERTEX_POINT('',#7286);
#7286 = CARTESIAN_POINT('',(2.22,-23.18,8.38));
#7287 = LINE('',#7288,#7289);
#7288 = CARTESIAN_POINT('',(2.22,-23.18,-3.));
#7289 = VECTOR('',#7290,1.);
#7290 = DIRECTION('',(0.,0.,1.));
#7291 = ORIENTED_EDGE('',*,*,#2465,.T.);
#7292 = ORIENTED_EDGE('',*,*,#7262,.T.);
#7293 = ORIENTED_EDGE('',*,*,#7294,.F.);
#7294 = EDGE_CURVE('',#7285,#7263,#7295,.T.);
#7295 = LINE('',#7296,#7297);
#7296 = CARTESIAN_POINT('',(2.22,-23.18,8.38));
#7297 = VECTOR('',#7298,1.);
#7298 = DIRECTION('',(0.,1.,0.));
#7299 = PLANE('',#7300);
#7300 = AXIS2_PLACEMENT_3D('',#7301,#7302,#7303);
#7301 = CARTESIAN_POINT('',(2.22,-23.18,-3.));
#7302 = DIRECTION('',(1.,0.,0.));
#7303 = DIRECTION('',(0.,0.,1.));
#7304 = ADVANCED_FACE('',(#7305),#7316,.F.);
#7305 = FACE_BOUND('',#7306,.F.);
#7306 = EDGE_LOOP('',(#7307,#7308,#7309,#7310));
#7307 = ORIENTED_EDGE('',*,*,#7229,.F.);
#7308 = ORIENTED_EDGE('',*,*,#2457,.T.);
#7309 = ORIENTED_EDGE('',*,*,#7284,.T.);
#7310 = ORIENTED_EDGE('',*,*,#7311,.T.);
#7311 = EDGE_CURVE('',#7285,#7230,#7312,.T.);
#7312 = LINE('',#7313,#7314);
#7313 = CARTESIAN_POINT('',(2.22,-23.18,8.38));
#7314 = VECTOR('',#7315,1.);
#7315 = DIRECTION('',(1.,0.,0.));
#7316 = PLANE('',#7317);
#7317 = AXIS2_PLACEMENT_3D('',#7318,#7319,#7320);
#7318 = CARTESIAN_POINT('',(2.22,-23.18,-3.));
#7319 = DIRECTION('',(0.,1.,0.));
#7320 = DIRECTION('',(0.,-0.,1.));
#7321 = ADVANCED_FACE('',(#7322),#7347,.F.);
#7322 = FACE_BOUND('',#7323,.T.);
#7323 = EDGE_LOOP('',(#7324,#7332,#7333,#7341));
#7324 = ORIENTED_EDGE('',*,*,#7325,.F.);
#7325 = EDGE_CURVE('',#3494,#7326,#7328,.T.);
#7326 = VERTEX_POINT('',#7327);
#7327 = CARTESIAN_POINT('',(-0.16,-17.62,-3.));
#7328 = LINE('',#7329,#7330);
#7329 = CARTESIAN_POINT('',(-0.16,-17.62,-3.));
#7330 = VECTOR('',#7331,1.);
#7331 = DIRECTION('',(0.57735026919,-0.57735026919,-0.57735026919));
#7332 = ORIENTED_EDGE('',*,*,#3493,.T.);
#7333 = ORIENTED_EDGE('',*,*,#7334,.T.);
#7334 = EDGE_CURVE('',#3486,#7335,#7337,.T.);
#7335 = VERTEX_POINT('',#7336);
#7336 = CARTESIAN_POINT('',(0.16,-17.62,-3.));
#7337 = LINE('',#7338,#7339);
#7338 = CARTESIAN_POINT('',(5.333333333333E-02,-17.72666666666,
    -3.106666666667));
#7339 = VECTOR('',#7340,1.);
#7340 = DIRECTION('',(-0.57735026919,-0.57735026919,-0.57735026919));
#7341 = ORIENTED_EDGE('',*,*,#7342,.F.);
#7342 = EDGE_CURVE('',#7326,#7335,#7343,.T.);
#7343 = LINE('',#7344,#7345);
#7344 = CARTESIAN_POINT('',(-0.32,-17.62,-3.));
#7345 = VECTOR('',#7346,1.);
#7346 = DIRECTION('',(1.,0.,0.));
#7347 = PLANE('',#7348);
#7348 = AXIS2_PLACEMENT_3D('',#7349,#7350,#7351);
#7349 = CARTESIAN_POINT('',(-0.32,-17.54,-2.92));
#7350 = DIRECTION('',(-1.735167508357E-18,-0.707106781187,0.707106781187
    ));
#7351 = DIRECTION('',(-1.,1.226948711654E-18,-1.226948711654E-18));
#7352 = ADVANCED_FACE('',(#7353),#7371,.T.);
#7353 = FACE_BOUND('',#7354,.T.);
#7354 = EDGE_LOOP('',(#7355,#7363,#7364,#7365));
#7355 = ORIENTED_EDGE('',*,*,#7356,.F.);
#7356 = EDGE_CURVE('',#3517,#7357,#7359,.T.);
#7357 = VERTEX_POINT('',#7358);
#7358 = CARTESIAN_POINT('',(-0.16,-17.94,-3.));
#7359 = LINE('',#7360,#7361);
#7360 = CARTESIAN_POINT('',(-0.266666666667,-18.04666666666,
    -2.893333333333));
#7361 = VECTOR('',#7362,1.);
#7362 = DIRECTION('',(0.57735026919,0.57735026919,-0.57735026919));
#7363 = ORIENTED_EDGE('',*,*,#3524,.T.);
#7364 = ORIENTED_EDGE('',*,*,#7325,.T.);
#7365 = ORIENTED_EDGE('',*,*,#7366,.F.);
#7366 = EDGE_CURVE('',#7357,#7326,#7367,.T.);
#7367 = LINE('',#7368,#7369);
#7368 = CARTESIAN_POINT('',(-0.16,-18.1,-3.));
#7369 = VECTOR('',#7370,1.);
#7370 = DIRECTION('',(0.,1.,0.));
#7371 = PLANE('',#7372);
#7372 = AXIS2_PLACEMENT_3D('',#7373,#7374,#7375);
#7373 = CARTESIAN_POINT('',(-0.24,-18.1,-2.92));
#7374 = DIRECTION('',(-0.707106781187,-1.735167508357E-18,
    -0.707106781187));
#7375 = DIRECTION('',(-1.226948711654E-18,1.,-1.226948711654E-18));
#7376 = ADVANCED_FACE('',(#7377),#7395,.T.);
#7377 = FACE_BOUND('',#7378,.F.);
#7378 = EDGE_LOOP('',(#7379,#7380,#7381,#7389));
#7379 = ORIENTED_EDGE('',*,*,#7356,.F.);
#7380 = ORIENTED_EDGE('',*,*,#3548,.T.);
#7381 = ORIENTED_EDGE('',*,*,#7382,.T.);
#7382 = EDGE_CURVE('',#3541,#7383,#7385,.T.);
#7383 = VERTEX_POINT('',#7384);
#7384 = CARTESIAN_POINT('',(0.16,-17.94,-3.));
#7385 = LINE('',#7386,#7387);
#7386 = CARTESIAN_POINT('',(0.16,-17.94,-3.));
#7387 = VECTOR('',#7388,1.);
#7388 = DIRECTION('',(-0.57735026919,0.57735026919,-0.57735026919));
#7389 = ORIENTED_EDGE('',*,*,#7390,.F.);
#7390 = EDGE_CURVE('',#7357,#7383,#7391,.T.);
#7391 = LINE('',#7392,#7393);
#7392 = CARTESIAN_POINT('',(-0.32,-17.94,-3.));
#7393 = VECTOR('',#7394,1.);
#7394 = DIRECTION('',(1.,0.,0.));
#7395 = PLANE('',#7396);
#7396 = AXIS2_PLACEMENT_3D('',#7397,#7398,#7399);
#7397 = CARTESIAN_POINT('',(-0.32,-18.02,-2.92));
#7398 = DIRECTION('',(1.735167508357E-18,-0.707106781187,-0.707106781187
    ));
#7399 = DIRECTION('',(-1.,-1.226948711654E-18,-1.226948711654E-18));
#7400 = ADVANCED_FACE('',(#7401),#7412,.F.);
#7401 = FACE_BOUND('',#7402,.F.);
#7402 = EDGE_LOOP('',(#7403,#7404,#7405,#7406));
#7403 = ORIENTED_EDGE('',*,*,#7382,.F.);
#7404 = ORIENTED_EDGE('',*,*,#3565,.T.);
#7405 = ORIENTED_EDGE('',*,*,#7334,.T.);
#7406 = ORIENTED_EDGE('',*,*,#7407,.F.);
#7407 = EDGE_CURVE('',#7383,#7335,#7408,.T.);
#7408 = LINE('',#7409,#7410);
#7409 = CARTESIAN_POINT('',(0.16,-18.1,-3.));
#7410 = VECTOR('',#7411,1.);
#7411 = DIRECTION('',(0.,1.,0.));
#7412 = PLANE('',#7413);
#7413 = AXIS2_PLACEMENT_3D('',#7414,#7415,#7416);
#7414 = CARTESIAN_POINT('',(0.24,-18.1,-2.92));
#7415 = DIRECTION('',(-0.707106781187,1.735167508357E-18,0.707106781187)
  );
#7416 = DIRECTION('',(1.226948711654E-18,1.,-1.226948711654E-18));
#7417 = ADVANCED_FACE('',(#7418),#7443,.T.);
#7418 = FACE_BOUND('',#7419,.F.);
#7419 = EDGE_LOOP('',(#7420,#7428,#7429,#7437));
#7420 = ORIENTED_EDGE('',*,*,#7421,.F.);
#7421 = EDGE_CURVE('',#3590,#7422,#7424,.T.);
#7422 = VERTEX_POINT('',#7423);
#7423 = CARTESIAN_POINT('',(2.38,-17.94,-3.));
#7424 = LINE('',#7425,#7426);
#7425 = CARTESIAN_POINT('',(2.273333333333,-18.04666666666,
    -2.893333333333));
#7426 = VECTOR('',#7427,1.);
#7427 = DIRECTION('',(0.57735026919,0.57735026919,-0.57735026919));
#7428 = ORIENTED_EDGE('',*,*,#3589,.T.);
#7429 = ORIENTED_EDGE('',*,*,#7430,.T.);
#7430 = EDGE_CURVE('',#3582,#7431,#7433,.T.);
#7431 = VERTEX_POINT('',#7432);
#7432 = CARTESIAN_POINT('',(2.7,-17.94,-3.));
#7433 = LINE('',#7434,#7435);
#7434 = CARTESIAN_POINT('',(2.7,-17.94,-3.));
#7435 = VECTOR('',#7436,1.);
#7436 = DIRECTION('',(-0.57735026919,0.57735026919,-0.57735026919));
#7437 = ORIENTED_EDGE('',*,*,#7438,.F.);
#7438 = EDGE_CURVE('',#7422,#7431,#7439,.T.);
#7439 = LINE('',#7440,#7441);
#7440 = CARTESIAN_POINT('',(2.22,-17.94,-3.));
#7441 = VECTOR('',#7442,1.);
#7442 = DIRECTION('',(1.,0.,0.));
#7443 = PLANE('',#7444);
#7444 = AXIS2_PLACEMENT_3D('',#7445,#7446,#7447);
#7445 = CARTESIAN_POINT('',(2.22,-18.02,-2.92));
#7446 = DIRECTION('',(1.735167508357E-18,-0.707106781187,-0.707106781187
    ));
#7447 = DIRECTION('',(-1.,-1.226948711654E-18,-1.226948711654E-18));
#7448 = ADVANCED_FACE('',(#7449),#7467,.F.);
#7449 = FACE_BOUND('',#7450,.F.);
#7450 = EDGE_LOOP('',(#7451,#7452,#7453,#7461));
#7451 = ORIENTED_EDGE('',*,*,#7430,.F.);
#7452 = ORIENTED_EDGE('',*,*,#3613,.T.);
#7453 = ORIENTED_EDGE('',*,*,#7454,.T.);
#7454 = EDGE_CURVE('',#3614,#7455,#7457,.T.);
#7455 = VERTEX_POINT('',#7456);
#7456 = CARTESIAN_POINT('',(2.7,-17.62,-3.));
#7457 = LINE('',#7458,#7459);
#7458 = CARTESIAN_POINT('',(2.593333333333,-17.72666666666,
    -3.106666666667));
#7459 = VECTOR('',#7460,1.);
#7460 = DIRECTION('',(-0.57735026919,-0.57735026919,-0.57735026919));
#7461 = ORIENTED_EDGE('',*,*,#7462,.F.);
#7462 = EDGE_CURVE('',#7431,#7455,#7463,.T.);
#7463 = LINE('',#7464,#7465);
#7464 = CARTESIAN_POINT('',(2.7,-18.1,-3.));
#7465 = VECTOR('',#7466,1.);
#7466 = DIRECTION('',(0.,1.,0.));
#7467 = PLANE('',#7468);
#7468 = AXIS2_PLACEMENT_3D('',#7469,#7470,#7471);
#7469 = CARTESIAN_POINT('',(2.78,-18.1,-2.92));
#7470 = DIRECTION('',(-0.707106781187,1.735167508357E-18,0.707106781187)
  );
#7471 = DIRECTION('',(1.226948711654E-18,1.,-1.226948711654E-18));
#7472 = ADVANCED_FACE('',(#7473),#7491,.F.);
#7473 = FACE_BOUND('',#7474,.T.);
#7474 = EDGE_LOOP('',(#7475,#7483,#7484,#7485));
#7475 = ORIENTED_EDGE('',*,*,#7476,.F.);
#7476 = EDGE_CURVE('',#3638,#7477,#7479,.T.);
#7477 = VERTEX_POINT('',#7478);
#7478 = CARTESIAN_POINT('',(2.38,-17.62,-3.));
#7479 = LINE('',#7480,#7481);
#7480 = CARTESIAN_POINT('',(2.38,-17.62,-3.));
#7481 = VECTOR('',#7482,1.);
#7482 = DIRECTION('',(0.57735026919,-0.57735026919,-0.57735026919));
#7483 = ORIENTED_EDGE('',*,*,#3637,.T.);
#7484 = ORIENTED_EDGE('',*,*,#7454,.T.);
#7485 = ORIENTED_EDGE('',*,*,#7486,.F.);
#7486 = EDGE_CURVE('',#7477,#7455,#7487,.T.);
#7487 = LINE('',#7488,#7489);
#7488 = CARTESIAN_POINT('',(2.22,-17.62,-3.));
#7489 = VECTOR('',#7490,1.);
#7490 = DIRECTION('',(1.,0.,0.));
#7491 = PLANE('',#7492);
#7492 = AXIS2_PLACEMENT_3D('',#7493,#7494,#7495);
#7493 = CARTESIAN_POINT('',(2.22,-17.54,-2.92));
#7494 = DIRECTION('',(-1.735167508357E-18,-0.707106781187,0.707106781187
    ));
#7495 = DIRECTION('',(-1.,1.226948711654E-18,-1.226948711654E-18));
#7496 = ADVANCED_FACE('',(#7497),#7508,.T.);
#7497 = FACE_BOUND('',#7498,.T.);
#7498 = EDGE_LOOP('',(#7499,#7500,#7501,#7502));
#7499 = ORIENTED_EDGE('',*,*,#7421,.F.);
#7500 = ORIENTED_EDGE('',*,*,#3661,.T.);
#7501 = ORIENTED_EDGE('',*,*,#7476,.T.);
#7502 = ORIENTED_EDGE('',*,*,#7503,.F.);
#7503 = EDGE_CURVE('',#7422,#7477,#7504,.T.);
#7504 = LINE('',#7505,#7506);
#7505 = CARTESIAN_POINT('',(2.38,-18.1,-3.));
#7506 = VECTOR('',#7507,1.);
#7507 = DIRECTION('',(0.,1.,0.));
#7508 = PLANE('',#7509);
#7509 = AXIS2_PLACEMENT_3D('',#7510,#7511,#7512);
#7510 = CARTESIAN_POINT('',(2.3,-18.1,-2.92));
#7511 = DIRECTION('',(-0.707106781187,-1.735167508357E-18,
    -0.707106781187));
#7512 = DIRECTION('',(-1.226948711654E-18,1.,-1.226948711654E-18));
#7513 = ADVANCED_FACE('',(#7514),#7539,.F.);
#7514 = FACE_BOUND('',#7515,.F.);
#7515 = EDGE_LOOP('',(#7516,#7524,#7525,#7533));
#7516 = ORIENTED_EDGE('',*,*,#7517,.F.);
#7517 = EDGE_CURVE('',#3678,#7518,#7520,.T.);
#7518 = VERTEX_POINT('',#7519);
#7519 = CARTESIAN_POINT('',(0.16,-15.4,-3.));
#7520 = LINE('',#7521,#7522);
#7521 = CARTESIAN_POINT('',(0.16,-15.4,-3.));
#7522 = VECTOR('',#7523,1.);
#7523 = DIRECTION('',(-0.57735026919,0.57735026919,-0.57735026919));
#7524 = ORIENTED_EDGE('',*,*,#3685,.T.);
#7525 = ORIENTED_EDGE('',*,*,#7526,.T.);
#7526 = EDGE_CURVE('',#3686,#7527,#7529,.T.);
#7527 = VERTEX_POINT('',#7528);
#7528 = CARTESIAN_POINT('',(0.16,-15.08,-3.));
#7529 = LINE('',#7530,#7531);
#7530 = CARTESIAN_POINT('',(5.333333333333E-02,-15.18666666666,
    -3.106666666667));
#7531 = VECTOR('',#7532,1.);
#7532 = DIRECTION('',(-0.57735026919,-0.57735026919,-0.57735026919));
#7533 = ORIENTED_EDGE('',*,*,#7534,.F.);
#7534 = EDGE_CURVE('',#7518,#7527,#7535,.T.);
#7535 = LINE('',#7536,#7537);
#7536 = CARTESIAN_POINT('',(0.16,-15.56,-3.));
#7537 = VECTOR('',#7538,1.);
#7538 = DIRECTION('',(0.,1.,0.));
#7539 = PLANE('',#7540);
#7540 = AXIS2_PLACEMENT_3D('',#7541,#7542,#7543);
#7541 = CARTESIAN_POINT('',(0.24,-15.56,-2.92));
#7542 = DIRECTION('',(-0.707106781187,1.735167508357E-18,0.707106781187)
  );
#7543 = DIRECTION('',(1.226948711654E-18,1.,-1.226948711654E-18));
#7544 = ADVANCED_FACE('',(#7545),#7563,.F.);
#7545 = FACE_BOUND('',#7546,.T.);
#7546 = EDGE_LOOP('',(#7547,#7555,#7556,#7557));
#7547 = ORIENTED_EDGE('',*,*,#7548,.F.);
#7548 = EDGE_CURVE('',#3710,#7549,#7551,.T.);
#7549 = VERTEX_POINT('',#7550);
#7550 = CARTESIAN_POINT('',(-0.16,-15.08,-3.));
#7551 = LINE('',#7552,#7553);
#7552 = CARTESIAN_POINT('',(-0.16,-15.08,-3.));
#7553 = VECTOR('',#7554,1.);
#7554 = DIRECTION('',(0.57735026919,-0.57735026919,-0.57735026919));
#7555 = ORIENTED_EDGE('',*,*,#3709,.T.);
#7556 = ORIENTED_EDGE('',*,*,#7526,.T.);
#7557 = ORIENTED_EDGE('',*,*,#7558,.F.);
#7558 = EDGE_CURVE('',#7549,#7527,#7559,.T.);
#7559 = LINE('',#7560,#7561);
#7560 = CARTESIAN_POINT('',(-0.32,-15.08,-3.));
#7561 = VECTOR('',#7562,1.);
#7562 = DIRECTION('',(1.,0.,0.));
#7563 = PLANE('',#7564);
#7564 = AXIS2_PLACEMENT_3D('',#7565,#7566,#7567);
#7565 = CARTESIAN_POINT('',(-0.32,-15.,-2.92));
#7566 = DIRECTION('',(-1.735167508357E-18,-0.707106781187,0.707106781187
    ));
#7567 = DIRECTION('',(-1.,1.226948711654E-18,-1.226948711654E-18));
#7568 = ADVANCED_FACE('',(#7569),#7587,.T.);
#7569 = FACE_BOUND('',#7570,.T.);
#7570 = EDGE_LOOP('',(#7571,#7579,#7580,#7581));
#7571 = ORIENTED_EDGE('',*,*,#7572,.F.);
#7572 = EDGE_CURVE('',#3733,#7573,#7575,.T.);
#7573 = VERTEX_POINT('',#7574);
#7574 = CARTESIAN_POINT('',(-0.16,-15.4,-3.));
#7575 = LINE('',#7576,#7577);
#7576 = CARTESIAN_POINT('',(-0.266666666667,-15.50666666666,
    -2.893333333333));
#7577 = VECTOR('',#7578,1.);
#7578 = DIRECTION('',(0.57735026919,0.57735026919,-0.57735026919));
#7579 = ORIENTED_EDGE('',*,*,#3740,.T.);
#7580 = ORIENTED_EDGE('',*,*,#7548,.T.);
#7581 = ORIENTED_EDGE('',*,*,#7582,.F.);
#7582 = EDGE_CURVE('',#7573,#7549,#7583,.T.);
#7583 = LINE('',#7584,#7585);
#7584 = CARTESIAN_POINT('',(-0.16,-15.56,-3.));
#7585 = VECTOR('',#7586,1.);
#7586 = DIRECTION('',(0.,1.,0.));
#7587 = PLANE('',#7588);
#7588 = AXIS2_PLACEMENT_3D('',#7589,#7590,#7591);
#7589 = CARTESIAN_POINT('',(-0.24,-15.56,-2.92));
#7590 = DIRECTION('',(-0.707106781187,-1.735167508357E-18,
    -0.707106781187));
#7591 = DIRECTION('',(-1.226948711654E-18,1.,-1.226948711654E-18));
#7592 = ADVANCED_FACE('',(#7593),#7604,.T.);
#7593 = FACE_BOUND('',#7594,.F.);
#7594 = EDGE_LOOP('',(#7595,#7596,#7597,#7598));
#7595 = ORIENTED_EDGE('',*,*,#7572,.F.);
#7596 = ORIENTED_EDGE('',*,*,#3757,.T.);
#7597 = ORIENTED_EDGE('',*,*,#7517,.T.);
#7598 = ORIENTED_EDGE('',*,*,#7599,.F.);
#7599 = EDGE_CURVE('',#7573,#7518,#7600,.T.);
#7600 = LINE('',#7601,#7602);
#7601 = CARTESIAN_POINT('',(-0.32,-15.4,-3.));
#7602 = VECTOR('',#7603,1.);
#7603 = DIRECTION('',(1.,0.,0.));
#7604 = PLANE('',#7605);
#7605 = AXIS2_PLACEMENT_3D('',#7606,#7607,#7608);
#7606 = CARTESIAN_POINT('',(-0.32,-15.48,-2.92));
#7607 = DIRECTION('',(1.735167508357E-18,-0.707106781187,-0.707106781187
    ));
#7608 = DIRECTION('',(-1.,-1.226948711654E-18,-1.226948711654E-18));
#7609 = ADVANCED_FACE('',(#7610),#7635,.T.);
#7610 = FACE_BOUND('',#7611,.F.);
#7611 = EDGE_LOOP('',(#7612,#7620,#7621,#7629));
#7612 = ORIENTED_EDGE('',*,*,#7613,.F.);
#7613 = EDGE_CURVE('',#3782,#7614,#7616,.T.);
#7614 = VERTEX_POINT('',#7615);
#7615 = CARTESIAN_POINT('',(2.38,-15.4,-3.));
#7616 = LINE('',#7617,#7618);
#7617 = CARTESIAN_POINT('',(2.273333333333,-15.50666666666,
    -2.893333333333));
#7618 = VECTOR('',#7619,1.);
#7619 = DIRECTION('',(0.57735026919,0.57735026919,-0.57735026919));
#7620 = ORIENTED_EDGE('',*,*,#3781,.T.);
#7621 = ORIENTED_EDGE('',*,*,#7622,.T.);
#7622 = EDGE_CURVE('',#3774,#7623,#7625,.T.);
#7623 = VERTEX_POINT('',#7624);
#7624 = CARTESIAN_POINT('',(2.7,-15.4,-3.));
#7625 = LINE('',#7626,#7627);
#7626 = CARTESIAN_POINT('',(2.7,-15.4,-3.));
#7627 = VECTOR('',#7628,1.);
#7628 = DIRECTION('',(-0.57735026919,0.57735026919,-0.57735026919));
#7629 = ORIENTED_EDGE('',*,*,#7630,.F.);
#7630 = EDGE_CURVE('',#7614,#7623,#7631,.T.);
#7631 = LINE('',#7632,#7633);
#7632 = CARTESIAN_POINT('',(2.22,-15.4,-3.));
#7633 = VECTOR('',#7634,1.);
#7634 = DIRECTION('',(1.,0.,0.));
#7635 = PLANE('',#7636);
#7636 = AXIS2_PLACEMENT_3D('',#7637,#7638,#7639);
#7637 = CARTESIAN_POINT('',(2.22,-15.48,-2.92));
#7638 = DIRECTION('',(1.735167508357E-18,-0.707106781187,-0.707106781187
    ));
#7639 = DIRECTION('',(-1.,-1.226948711654E-18,-1.226948711654E-18));
#7640 = ADVANCED_FACE('',(#7641),#7659,.F.);
#7641 = FACE_BOUND('',#7642,.F.);
#7642 = EDGE_LOOP('',(#7643,#7644,#7645,#7653));
#7643 = ORIENTED_EDGE('',*,*,#7622,.F.);
#7644 = ORIENTED_EDGE('',*,*,#3805,.T.);
#7645 = ORIENTED_EDGE('',*,*,#7646,.T.);
#7646 = EDGE_CURVE('',#3806,#7647,#7649,.T.);
#7647 = VERTEX_POINT('',#7648);
#7648 = CARTESIAN_POINT('',(2.7,-15.08,-3.));
#7649 = LINE('',#7650,#7651);
#7650 = CARTESIAN_POINT('',(2.593333333333,-15.18666666666,
    -3.106666666667));
#7651 = VECTOR('',#7652,1.);
#7652 = DIRECTION('',(-0.57735026919,-0.57735026919,-0.57735026919));
#7653 = ORIENTED_EDGE('',*,*,#7654,.F.);
#7654 = EDGE_CURVE('',#7623,#7647,#7655,.T.);
#7655 = LINE('',#7656,#7657);
#7656 = CARTESIAN_POINT('',(2.7,-15.56,-3.));
#7657 = VECTOR('',#7658,1.);
#7658 = DIRECTION('',(0.,1.,0.));
#7659 = PLANE('',#7660);
#7660 = AXIS2_PLACEMENT_3D('',#7661,#7662,#7663);
#7661 = CARTESIAN_POINT('',(2.78,-15.56,-2.92));
#7662 = DIRECTION('',(-0.707106781187,1.735167508357E-18,0.707106781187)
  );
#7663 = DIRECTION('',(1.226948711654E-18,1.,-1.226948711654E-18));
#7664 = ADVANCED_FACE('',(#7665),#7683,.F.);
#7665 = FACE_BOUND('',#7666,.T.);
#7666 = EDGE_LOOP('',(#7667,#7675,#7676,#7677));
#7667 = ORIENTED_EDGE('',*,*,#7668,.F.);
#7668 = EDGE_CURVE('',#3830,#7669,#7671,.T.);
#7669 = VERTEX_POINT('',#7670);
#7670 = CARTESIAN_POINT('',(2.38,-15.08,-3.));
#7671 = LINE('',#7672,#7673);
#7672 = CARTESIAN_POINT('',(2.38,-15.08,-3.));
#7673 = VECTOR('',#7674,1.);
#7674 = DIRECTION('',(0.57735026919,-0.57735026919,-0.57735026919));
#7675 = ORIENTED_EDGE('',*,*,#3829,.T.);
#7676 = ORIENTED_EDGE('',*,*,#7646,.T.);
#7677 = ORIENTED_EDGE('',*,*,#7678,.F.);
#7678 = EDGE_CURVE('',#7669,#7647,#7679,.T.);
#7679 = LINE('',#7680,#7681);
#7680 = CARTESIAN_POINT('',(2.22,-15.08,-3.));
#7681 = VECTOR('',#7682,1.);
#7682 = DIRECTION('',(1.,0.,0.));
#7683 = PLANE('',#7684);
#7684 = AXIS2_PLACEMENT_3D('',#7685,#7686,#7687);
#7685 = CARTESIAN_POINT('',(2.22,-15.,-2.92));
#7686 = DIRECTION('',(-1.735167508357E-18,-0.707106781187,0.707106781187
    ));
#7687 = DIRECTION('',(-1.,1.226948711654E-18,-1.226948711654E-18));
#7688 = ADVANCED_FACE('',(#7689),#7700,.T.);
#7689 = FACE_BOUND('',#7690,.T.);
#7690 = EDGE_LOOP('',(#7691,#7692,#7693,#7694));
#7691 = ORIENTED_EDGE('',*,*,#7613,.F.);
#7692 = ORIENTED_EDGE('',*,*,#3853,.T.);
#7693 = ORIENTED_EDGE('',*,*,#7668,.T.);
#7694 = ORIENTED_EDGE('',*,*,#7695,.F.);
#7695 = EDGE_CURVE('',#7614,#7669,#7696,.T.);
#7696 = LINE('',#7697,#7698);
#7697 = CARTESIAN_POINT('',(2.38,-15.56,-3.));
#7698 = VECTOR('',#7699,1.);
#7699 = DIRECTION('',(0.,1.,0.));
#7700 = PLANE('',#7701);
#7701 = AXIS2_PLACEMENT_3D('',#7702,#7703,#7704);
#7702 = CARTESIAN_POINT('',(2.3,-15.56,-2.92));
#7703 = DIRECTION('',(-0.707106781187,-1.735167508357E-18,
    -0.707106781187));
#7704 = DIRECTION('',(-1.226948711654E-18,1.,-1.226948711654E-18));
#7705 = ADVANCED_FACE('',(#7706),#7731,.F.);
#7706 = FACE_BOUND('',#7707,.T.);
#7707 = EDGE_LOOP('',(#7708,#7716,#7717,#7725));
#7708 = ORIENTED_EDGE('',*,*,#7709,.F.);
#7709 = EDGE_CURVE('',#3878,#7710,#7712,.T.);
#7710 = VERTEX_POINT('',#7711);
#7711 = CARTESIAN_POINT('',(-0.16,-10.,-3.));
#7712 = LINE('',#7713,#7714);
#7713 = CARTESIAN_POINT('',(-0.16,-10.,-3.));
#7714 = VECTOR('',#7715,1.);
#7715 = DIRECTION('',(0.57735026919,-0.57735026919,-0.57735026919));
#7716 = ORIENTED_EDGE('',*,*,#3877,.T.);
#7717 = ORIENTED_EDGE('',*,*,#7718,.T.);
#7718 = EDGE_CURVE('',#3870,#7719,#7721,.T.);
#7719 = VERTEX_POINT('',#7720);
#7720 = CARTESIAN_POINT('',(0.16,-10.,-3.));
#7721 = LINE('',#7722,#7723);
#7722 = CARTESIAN_POINT('',(5.333333333333E-02,-10.10666666666,
    -3.106666666667));
#7723 = VECTOR('',#7724,1.);
#7724 = DIRECTION('',(-0.57735026919,-0.57735026919,-0.57735026919));
#7725 = ORIENTED_EDGE('',*,*,#7726,.F.);
#7726 = EDGE_CURVE('',#7710,#7719,#7727,.T.);
#7727 = LINE('',#7728,#7729);
#7728 = CARTESIAN_POINT('',(-0.32,-10.,-3.));
#7729 = VECTOR('',#7730,1.);
#7730 = DIRECTION('',(1.,0.,0.));
#7731 = PLANE('',#7732);
#7732 = AXIS2_PLACEMENT_3D('',#7733,#7734,#7735);
#7733 = CARTESIAN_POINT('',(-0.32,-9.92,-2.92));
#7734 = DIRECTION('',(-1.735167508357E-18,-0.707106781187,0.707106781187
    ));
#7735 = DIRECTION('',(-1.,1.226948711654E-18,-1.226948711654E-18));
#7736 = ADVANCED_FACE('',(#7737),#7755,.T.);
#7737 = FACE_BOUND('',#7738,.T.);
#7738 = EDGE_LOOP('',(#7739,#7747,#7748,#7749));
#7739 = ORIENTED_EDGE('',*,*,#7740,.F.);
#7740 = EDGE_CURVE('',#3901,#7741,#7743,.T.);
#7741 = VERTEX_POINT('',#7742);
#7742 = CARTESIAN_POINT('',(-0.16,-10.32,-3.));
#7743 = LINE('',#7744,#7745);
#7744 = CARTESIAN_POINT('',(-0.266666666667,-10.42666666666,
    -2.893333333333));
#7745 = VECTOR('',#7746,1.);
#7746 = DIRECTION('',(0.57735026919,0.57735026919,-0.57735026919));
#7747 = ORIENTED_EDGE('',*,*,#3908,.T.);
#7748 = ORIENTED_EDGE('',*,*,#7709,.T.);
#7749 = ORIENTED_EDGE('',*,*,#7750,.F.);
#7750 = EDGE_CURVE('',#7741,#7710,#7751,.T.);
#7751 = LINE('',#7752,#7753);
#7752 = CARTESIAN_POINT('',(-0.16,-10.48,-3.));
#7753 = VECTOR('',#7754,1.);
#7754 = DIRECTION('',(0.,1.,0.));
#7755 = PLANE('',#7756);
#7756 = AXIS2_PLACEMENT_3D('',#7757,#7758,#7759);
#7757 = CARTESIAN_POINT('',(-0.24,-10.48,-2.92));
#7758 = DIRECTION('',(-0.707106781187,-1.735167508357E-18,
    -0.707106781187));
#7759 = DIRECTION('',(-1.226948711654E-18,1.,-1.226948711654E-18));
#7760 = ADVANCED_FACE('',(#7761),#7779,.T.);
#7761 = FACE_BOUND('',#7762,.F.);
#7762 = EDGE_LOOP('',(#7763,#7764,#7765,#7773));
#7763 = ORIENTED_EDGE('',*,*,#7740,.F.);
#7764 = ORIENTED_EDGE('',*,*,#3932,.T.);
#7765 = ORIENTED_EDGE('',*,*,#7766,.T.);
#7766 = EDGE_CURVE('',#3925,#7767,#7769,.T.);
#7767 = VERTEX_POINT('',#7768);
#7768 = CARTESIAN_POINT('',(0.16,-10.32,-3.));
#7769 = LINE('',#7770,#7771);
#7770 = CARTESIAN_POINT('',(0.16,-10.32,-3.));
#7771 = VECTOR('',#7772,1.);
#7772 = DIRECTION('',(-0.57735026919,0.57735026919,-0.57735026919));
#7773 = ORIENTED_EDGE('',*,*,#7774,.F.);
#7774 = EDGE_CURVE('',#7741,#7767,#7775,.T.);
#7775 = LINE('',#7776,#7777);
#7776 = CARTESIAN_POINT('',(-0.32,-10.32,-3.));
#7777 = VECTOR('',#7778,1.);
#7778 = DIRECTION('',(1.,0.,0.));
#7779 = PLANE('',#7780);
#7780 = AXIS2_PLACEMENT_3D('',#7781,#7782,#7783);
#7781 = CARTESIAN_POINT('',(-0.32,-10.4,-2.92));
#7782 = DIRECTION('',(1.735167508357E-18,-0.707106781187,-0.707106781187
    ));
#7783 = DIRECTION('',(-1.,-1.226948711654E-18,-1.226948711654E-18));
#7784 = ADVANCED_FACE('',(#7785),#7796,.F.);
#7785 = FACE_BOUND('',#7786,.F.);
#7786 = EDGE_LOOP('',(#7787,#7788,#7789,#7790));
#7787 = ORIENTED_EDGE('',*,*,#7766,.F.);
#7788 = ORIENTED_EDGE('',*,*,#3949,.T.);
#7789 = ORIENTED_EDGE('',*,*,#7718,.T.);
#7790 = ORIENTED_EDGE('',*,*,#7791,.F.);
#7791 = EDGE_CURVE('',#7767,#7719,#7792,.T.);
#7792 = LINE('',#7793,#7794);
#7793 = CARTESIAN_POINT('',(0.16,-10.48,-3.));
#7794 = VECTOR('',#7795,1.);
#7795 = DIRECTION('',(0.,1.,0.));
#7796 = PLANE('',#7797);
#7797 = AXIS2_PLACEMENT_3D('',#7798,#7799,#7800);
#7798 = CARTESIAN_POINT('',(0.24,-10.48,-2.92));
#7799 = DIRECTION('',(-0.707106781187,1.735167508357E-18,0.707106781187)
  );
#7800 = DIRECTION('',(1.226948711654E-18,1.,-1.226948711654E-18));
#7801 = ADVANCED_FACE('',(#7802),#7827,.F.);
#7802 = FACE_BOUND('',#7803,.T.);
#7803 = EDGE_LOOP('',(#7804,#7812,#7813,#7821));
#7804 = ORIENTED_EDGE('',*,*,#7805,.F.);
#7805 = EDGE_CURVE('',#3974,#7806,#7808,.T.);
#7806 = VERTEX_POINT('',#7807);
#7807 = CARTESIAN_POINT('',(2.38,-10.,-3.));
#7808 = LINE('',#7809,#7810);
#7809 = CARTESIAN_POINT('',(2.38,-10.,-3.));
#7810 = VECTOR('',#7811,1.);
#7811 = DIRECTION('',(0.57735026919,-0.57735026919,-0.57735026919));
#7812 = ORIENTED_EDGE('',*,*,#3973,.T.);
#7813 = ORIENTED_EDGE('',*,*,#7814,.T.);
#7814 = EDGE_CURVE('',#3966,#7815,#7817,.T.);
#7815 = VERTEX_POINT('',#7816);
#7816 = CARTESIAN_POINT('',(2.7,-10.,-3.));
#7817 = LINE('',#7818,#7819);
#7818 = CARTESIAN_POINT('',(2.593333333333,-10.10666666666,
    -3.106666666667));
#7819 = VECTOR('',#7820,1.);
#7820 = DIRECTION('',(-0.57735026919,-0.57735026919,-0.57735026919));
#7821 = ORIENTED_EDGE('',*,*,#7822,.F.);
#7822 = EDGE_CURVE('',#7806,#7815,#7823,.T.);
#7823 = LINE('',#7824,#7825);
#7824 = CARTESIAN_POINT('',(2.22,-10.,-3.));
#7825 = VECTOR('',#7826,1.);
#7826 = DIRECTION('',(1.,0.,0.));
#7827 = PLANE('',#7828);
#7828 = AXIS2_PLACEMENT_3D('',#7829,#7830,#7831);
#7829 = CARTESIAN_POINT('',(2.22,-9.92,-2.92));
#7830 = DIRECTION('',(-1.735167508357E-18,-0.707106781187,0.707106781187
    ));
#7831 = DIRECTION('',(-1.,1.226948711654E-18,-1.226948711654E-18));
#7832 = ADVANCED_FACE('',(#7833),#7851,.T.);
#7833 = FACE_BOUND('',#7834,.T.);
#7834 = EDGE_LOOP('',(#7835,#7843,#7844,#7845));
#7835 = ORIENTED_EDGE('',*,*,#7836,.F.);
#7836 = EDGE_CURVE('',#3997,#7837,#7839,.T.);
#7837 = VERTEX_POINT('',#7838);
#7838 = CARTESIAN_POINT('',(2.38,-10.32,-3.));
#7839 = LINE('',#7840,#7841);
#7840 = CARTESIAN_POINT('',(2.273333333333,-10.42666666666,
    -2.893333333333));
#7841 = VECTOR('',#7842,1.);
#7842 = DIRECTION('',(0.57735026919,0.57735026919,-0.57735026919));
#7843 = ORIENTED_EDGE('',*,*,#4004,.T.);
#7844 = ORIENTED_EDGE('',*,*,#7805,.T.);
#7845 = ORIENTED_EDGE('',*,*,#7846,.F.);
#7846 = EDGE_CURVE('',#7837,#7806,#7847,.T.);
#7847 = LINE('',#7848,#7849);
#7848 = CARTESIAN_POINT('',(2.38,-10.48,-3.));
#7849 = VECTOR('',#7850,1.);
#7850 = DIRECTION('',(0.,1.,0.));
#7851 = PLANE('',#7852);
#7852 = AXIS2_PLACEMENT_3D('',#7853,#7854,#7855);
#7853 = CARTESIAN_POINT('',(2.3,-10.48,-2.92));
#7854 = DIRECTION('',(-0.707106781187,-1.735167508357E-18,
    -0.707106781187));
#7855 = DIRECTION('',(-1.226948711654E-18,1.,-1.226948711654E-18));
#7856 = ADVANCED_FACE('',(#7857),#7875,.T.);
#7857 = FACE_BOUND('',#7858,.F.);
#7858 = EDGE_LOOP('',(#7859,#7860,#7861,#7869));
#7859 = ORIENTED_EDGE('',*,*,#7836,.F.);
#7860 = ORIENTED_EDGE('',*,*,#4028,.T.);
#7861 = ORIENTED_EDGE('',*,*,#7862,.T.);
#7862 = EDGE_CURVE('',#4021,#7863,#7865,.T.);
#7863 = VERTEX_POINT('',#7864);
#7864 = CARTESIAN_POINT('',(2.7,-10.32,-3.));
#7865 = LINE('',#7866,#7867);
#7866 = CARTESIAN_POINT('',(2.7,-10.32,-3.));
#7867 = VECTOR('',#7868,1.);
#7868 = DIRECTION('',(-0.57735026919,0.57735026919,-0.57735026919));
#7869 = ORIENTED_EDGE('',*,*,#7870,.F.);
#7870 = EDGE_CURVE('',#7837,#7863,#7871,.T.);
#7871 = LINE('',#7872,#7873);
#7872 = CARTESIAN_POINT('',(2.22,-10.32,-3.));
#7873 = VECTOR('',#7874,1.);
#7874 = DIRECTION('',(1.,0.,0.));
#7875 = PLANE('',#7876);
#7876 = AXIS2_PLACEMENT_3D('',#7877,#7878,#7879);
#7877 = CARTESIAN_POINT('',(2.22,-10.4,-2.92));
#7878 = DIRECTION('',(1.735167508357E-18,-0.707106781187,-0.707106781187
    ));
#7879 = DIRECTION('',(-1.,-1.226948711654E-18,-1.226948711654E-18));
#7880 = ADVANCED_FACE('',(#7881),#7892,.F.);
#7881 = FACE_BOUND('',#7882,.F.);
#7882 = EDGE_LOOP('',(#7883,#7884,#7885,#7886));
#7883 = ORIENTED_EDGE('',*,*,#7862,.F.);
#7884 = ORIENTED_EDGE('',*,*,#4045,.T.);
#7885 = ORIENTED_EDGE('',*,*,#7814,.T.);
#7886 = ORIENTED_EDGE('',*,*,#7887,.F.);
#7887 = EDGE_CURVE('',#7863,#7815,#7888,.T.);
#7888 = LINE('',#7889,#7890);
#7889 = CARTESIAN_POINT('',(2.7,-10.48,-3.));
#7890 = VECTOR('',#7891,1.);
#7891 = DIRECTION('',(0.,1.,0.));
#7892 = PLANE('',#7893);
#7893 = AXIS2_PLACEMENT_3D('',#7894,#7895,#7896);
#7894 = CARTESIAN_POINT('',(2.78,-10.48,-2.92));
#7895 = DIRECTION('',(-0.707106781187,1.735167508357E-18,0.707106781187)
  );
#7896 = DIRECTION('',(1.226948711654E-18,1.,-1.226948711654E-18));
#7897 = ADVANCED_FACE('',(#7898),#7923,.F.);
#7898 = FACE_BOUND('',#7899,.F.);
#7899 = EDGE_LOOP('',(#7900,#7908,#7909,#7917));
#7900 = ORIENTED_EDGE('',*,*,#7901,.F.);
#7901 = EDGE_CURVE('',#4062,#7902,#7904,.T.);
#7902 = VERTEX_POINT('',#7903);
#7903 = CARTESIAN_POINT('',(2.7,-12.86,-3.));
#7904 = LINE('',#7905,#7906);
#7905 = CARTESIAN_POINT('',(2.7,-12.86,-3.));
#7906 = VECTOR('',#7907,1.);
#7907 = DIRECTION('',(-0.57735026919,0.57735026919,-0.57735026919));
#7908 = ORIENTED_EDGE('',*,*,#4069,.T.);
#7909 = ORIENTED_EDGE('',*,*,#7910,.T.);
#7910 = EDGE_CURVE('',#4070,#7911,#7913,.T.);
#7911 = VERTEX_POINT('',#7912);
#7912 = CARTESIAN_POINT('',(2.7,-12.54,-3.));
#7913 = LINE('',#7914,#7915);
#7914 = CARTESIAN_POINT('',(2.593333333333,-12.64666666666,
    -3.106666666667));
#7915 = VECTOR('',#7916,1.);
#7916 = DIRECTION('',(-0.57735026919,-0.57735026919,-0.57735026919));
#7917 = ORIENTED_EDGE('',*,*,#7918,.F.);
#7918 = EDGE_CURVE('',#7902,#7911,#7919,.T.);
#7919 = LINE('',#7920,#7921);
#7920 = CARTESIAN_POINT('',(2.7,-13.02,-3.));
#7921 = VECTOR('',#7922,1.);
#7922 = DIRECTION('',(0.,1.,0.));
#7923 = PLANE('',#7924);
#7924 = AXIS2_PLACEMENT_3D('',#7925,#7926,#7927);
#7925 = CARTESIAN_POINT('',(2.78,-13.02,-2.92));
#7926 = DIRECTION('',(-0.707106781187,1.735167508357E-18,0.707106781187)
  );
#7927 = DIRECTION('',(1.226948711654E-18,1.,-1.226948711654E-18));
#7928 = ADVANCED_FACE('',(#7929),#7947,.F.);
#7929 = FACE_BOUND('',#7930,.T.);
#7930 = EDGE_LOOP('',(#7931,#7939,#7940,#7941));
#7931 = ORIENTED_EDGE('',*,*,#7932,.F.);
#7932 = EDGE_CURVE('',#4094,#7933,#7935,.T.);
#7933 = VERTEX_POINT('',#7934);
#7934 = CARTESIAN_POINT('',(2.38,-12.54,-3.));
#7935 = LINE('',#7936,#7937);
#7936 = CARTESIAN_POINT('',(2.38,-12.54,-3.));
#7937 = VECTOR('',#7938,1.);
#7938 = DIRECTION('',(0.57735026919,-0.57735026919,-0.57735026919));
#7939 = ORIENTED_EDGE('',*,*,#4093,.T.);
#7940 = ORIENTED_EDGE('',*,*,#7910,.T.);
#7941 = ORIENTED_EDGE('',*,*,#7942,.F.);
#7942 = EDGE_CURVE('',#7933,#7911,#7943,.T.);
#7943 = LINE('',#7944,#7945);
#7944 = CARTESIAN_POINT('',(2.22,-12.54,-3.));
#7945 = VECTOR('',#7946,1.);
#7946 = DIRECTION('',(1.,0.,0.));
#7947 = PLANE('',#7948);
#7948 = AXIS2_PLACEMENT_3D('',#7949,#7950,#7951);
#7949 = CARTESIAN_POINT('',(2.22,-12.46,-2.92));
#7950 = DIRECTION('',(-1.735167508357E-18,-0.707106781187,0.707106781187
    ));
#7951 = DIRECTION('',(-1.,1.226948711654E-18,-1.226948711654E-18));
#7952 = ADVANCED_FACE('',(#7953),#7971,.T.);
#7953 = FACE_BOUND('',#7954,.T.);
#7954 = EDGE_LOOP('',(#7955,#7963,#7964,#7965));
#7955 = ORIENTED_EDGE('',*,*,#7956,.F.);
#7956 = EDGE_CURVE('',#4117,#7957,#7959,.T.);
#7957 = VERTEX_POINT('',#7958);
#7958 = CARTESIAN_POINT('',(2.38,-12.86,-3.));
#7959 = LINE('',#7960,#7961);
#7960 = CARTESIAN_POINT('',(2.273333333333,-12.96666666666,
    -2.893333333333));
#7961 = VECTOR('',#7962,1.);
#7962 = DIRECTION('',(0.57735026919,0.57735026919,-0.57735026919));
#7963 = ORIENTED_EDGE('',*,*,#4124,.T.);
#7964 = ORIENTED_EDGE('',*,*,#7932,.T.);
#7965 = ORIENTED_EDGE('',*,*,#7966,.F.);
#7966 = EDGE_CURVE('',#7957,#7933,#7967,.T.);
#7967 = LINE('',#7968,#7969);
#7968 = CARTESIAN_POINT('',(2.38,-13.02,-3.));
#7969 = VECTOR('',#7970,1.);
#7970 = DIRECTION('',(0.,1.,0.));
#7971 = PLANE('',#7972);
#7972 = AXIS2_PLACEMENT_3D('',#7973,#7974,#7975);
#7973 = CARTESIAN_POINT('',(2.3,-13.02,-2.92));
#7974 = DIRECTION('',(-0.707106781187,-1.735167508357E-18,
    -0.707106781187));
#7975 = DIRECTION('',(-1.226948711654E-18,1.,-1.226948711654E-18));
#7976 = ADVANCED_FACE('',(#7977),#7988,.T.);
#7977 = FACE_BOUND('',#7978,.F.);
#7978 = EDGE_LOOP('',(#7979,#7980,#7981,#7982));
#7979 = ORIENTED_EDGE('',*,*,#7956,.F.);
#7980 = ORIENTED_EDGE('',*,*,#4141,.T.);
#7981 = ORIENTED_EDGE('',*,*,#7901,.T.);
#7982 = ORIENTED_EDGE('',*,*,#7983,.F.);
#7983 = EDGE_CURVE('',#7957,#7902,#7984,.T.);
#7984 = LINE('',#7985,#7986);
#7985 = CARTESIAN_POINT('',(2.22,-12.86,-3.));
#7986 = VECTOR('',#7987,1.);
#7987 = DIRECTION('',(1.,0.,0.));
#7988 = PLANE('',#7989);
#7989 = AXIS2_PLACEMENT_3D('',#7990,#7991,#7992);
#7990 = CARTESIAN_POINT('',(2.22,-12.94,-2.92));
#7991 = DIRECTION('',(1.735167508357E-18,-0.707106781187,-0.707106781187
    ));
#7992 = DIRECTION('',(-1.,-1.226948711654E-18,-1.226948711654E-18));
#7993 = ADVANCED_FACE('',(#7994),#8019,.F.);
#7994 = FACE_BOUND('',#7995,.F.);
#7995 = EDGE_LOOP('',(#7996,#8004,#8005,#8013));
#7996 = ORIENTED_EDGE('',*,*,#7997,.F.);
#7997 = EDGE_CURVE('',#4158,#7998,#8000,.T.);
#7998 = VERTEX_POINT('',#7999);
#7999 = CARTESIAN_POINT('',(0.16,-12.86,-3.));
#8000 = LINE('',#8001,#8002);
#8001 = CARTESIAN_POINT('',(0.16,-12.86,-3.));
#8002 = VECTOR('',#8003,1.);
#8003 = DIRECTION('',(-0.57735026919,0.57735026919,-0.57735026919));
#8004 = ORIENTED_EDGE('',*,*,#4165,.T.);
#8005 = ORIENTED_EDGE('',*,*,#8006,.T.);
#8006 = EDGE_CURVE('',#4166,#8007,#8009,.T.);
#8007 = VERTEX_POINT('',#8008);
#8008 = CARTESIAN_POINT('',(0.16,-12.54,-3.));
#8009 = LINE('',#8010,#8011);
#8010 = CARTESIAN_POINT('',(5.333333333333E-02,-12.64666666666,
    -3.106666666667));
#8011 = VECTOR('',#8012,1.);
#8012 = DIRECTION('',(-0.57735026919,-0.57735026919,-0.57735026919));
#8013 = ORIENTED_EDGE('',*,*,#8014,.F.);
#8014 = EDGE_CURVE('',#7998,#8007,#8015,.T.);
#8015 = LINE('',#8016,#8017);
#8016 = CARTESIAN_POINT('',(0.16,-13.02,-3.));
#8017 = VECTOR('',#8018,1.);
#8018 = DIRECTION('',(0.,1.,0.));
#8019 = PLANE('',#8020);
#8020 = AXIS2_PLACEMENT_3D('',#8021,#8022,#8023);
#8021 = CARTESIAN_POINT('',(0.24,-13.02,-2.92));
#8022 = DIRECTION('',(-0.707106781187,1.735167508357E-18,0.707106781187)
  );
#8023 = DIRECTION('',(1.226948711654E-18,1.,-1.226948711654E-18));
#8024 = ADVANCED_FACE('',(#8025),#8043,.F.);
#8025 = FACE_BOUND('',#8026,.T.);
#8026 = EDGE_LOOP('',(#8027,#8035,#8036,#8037));
#8027 = ORIENTED_EDGE('',*,*,#8028,.F.);
#8028 = EDGE_CURVE('',#4190,#8029,#8031,.T.);
#8029 = VERTEX_POINT('',#8030);
#8030 = CARTESIAN_POINT('',(-0.16,-12.54,-3.));
#8031 = LINE('',#8032,#8033);
#8032 = CARTESIAN_POINT('',(-0.16,-12.54,-3.));
#8033 = VECTOR('',#8034,1.);
#8034 = DIRECTION('',(0.57735026919,-0.57735026919,-0.57735026919));
#8035 = ORIENTED_EDGE('',*,*,#4189,.T.);
#8036 = ORIENTED_EDGE('',*,*,#8006,.T.);
#8037 = ORIENTED_EDGE('',*,*,#8038,.F.);
#8038 = EDGE_CURVE('',#8029,#8007,#8039,.T.);
#8039 = LINE('',#8040,#8041);
#8040 = CARTESIAN_POINT('',(-0.32,-12.54,-3.));
#8041 = VECTOR('',#8042,1.);
#8042 = DIRECTION('',(1.,0.,0.));
#8043 = PLANE('',#8044);
#8044 = AXIS2_PLACEMENT_3D('',#8045,#8046,#8047);
#8045 = CARTESIAN_POINT('',(-0.32,-12.46,-2.92));
#8046 = DIRECTION('',(-1.735167508357E-18,-0.707106781187,0.707106781187
    ));
#8047 = DIRECTION('',(-1.,1.226948711654E-18,-1.226948711654E-18));
#8048 = ADVANCED_FACE('',(#8049),#8067,.T.);
#8049 = FACE_BOUND('',#8050,.T.);
#8050 = EDGE_LOOP('',(#8051,#8059,#8060,#8061));
#8051 = ORIENTED_EDGE('',*,*,#8052,.F.);
#8052 = EDGE_CURVE('',#4213,#8053,#8055,.T.);
#8053 = VERTEX_POINT('',#8054);
#8054 = CARTESIAN_POINT('',(-0.16,-12.86,-3.));
#8055 = LINE('',#8056,#8057);
#8056 = CARTESIAN_POINT('',(-0.266666666667,-12.96666666666,
    -2.893333333333));
#8057 = VECTOR('',#8058,1.);
#8058 = DIRECTION('',(0.57735026919,0.57735026919,-0.57735026919));
#8059 = ORIENTED_EDGE('',*,*,#4220,.T.);
#8060 = ORIENTED_EDGE('',*,*,#8028,.T.);
#8061 = ORIENTED_EDGE('',*,*,#8062,.F.);
#8062 = EDGE_CURVE('',#8053,#8029,#8063,.T.);
#8063 = LINE('',#8064,#8065);
#8064 = CARTESIAN_POINT('',(-0.16,-13.02,-3.));
#8065 = VECTOR('',#8066,1.);
#8066 = DIRECTION('',(0.,1.,0.));
#8067 = PLANE('',#8068);
#8068 = AXIS2_PLACEMENT_3D('',#8069,#8070,#8071);
#8069 = CARTESIAN_POINT('',(-0.24,-13.02,-2.92));
#8070 = DIRECTION('',(-0.707106781187,-1.735167508357E-18,
    -0.707106781187));
#8071 = DIRECTION('',(-1.226948711654E-18,1.,-1.226948711654E-18));
#8072 = ADVANCED_FACE('',(#8073),#8084,.T.);
#8073 = FACE_BOUND('',#8074,.F.);
#8074 = EDGE_LOOP('',(#8075,#8076,#8077,#8078));
#8075 = ORIENTED_EDGE('',*,*,#8052,.F.);
#8076 = ORIENTED_EDGE('',*,*,#4237,.T.);
#8077 = ORIENTED_EDGE('',*,*,#7997,.T.);
#8078 = ORIENTED_EDGE('',*,*,#8079,.F.);
#8079 = EDGE_CURVE('',#8053,#7998,#8080,.T.);
#8080 = LINE('',#8081,#8082);
#8081 = CARTESIAN_POINT('',(-0.32,-12.86,-3.));
#8082 = VECTOR('',#8083,1.);
#8083 = DIRECTION('',(1.,0.,0.));
#8084 = PLANE('',#8085);
#8085 = AXIS2_PLACEMENT_3D('',#8086,#8087,#8088);
#8086 = CARTESIAN_POINT('',(-0.32,-12.94,-2.92));
#8087 = DIRECTION('',(1.735167508357E-18,-0.707106781187,-0.707106781187
    ));
#8088 = DIRECTION('',(-1.,-1.226948711654E-18,-1.226948711654E-18));
#8089 = ADVANCED_FACE('',(#8090),#8115,.F.);
#8090 = FACE_BOUND('',#8091,.T.);
#8091 = EDGE_LOOP('',(#8092,#8100,#8101,#8109));
#8092 = ORIENTED_EDGE('',*,*,#8093,.F.);
#8093 = EDGE_CURVE('',#4262,#8094,#8096,.T.);
#8094 = VERTEX_POINT('',#8095);
#8095 = CARTESIAN_POINT('',(2.38,0.16,-3.));
#8096 = LINE('',#8097,#8098);
#8097 = CARTESIAN_POINT('',(2.38,0.16,-3.));
#8098 = VECTOR('',#8099,1.);
#8099 = DIRECTION('',(0.57735026919,-0.57735026919,-0.57735026919));
#8100 = ORIENTED_EDGE('',*,*,#4261,.T.);
#8101 = ORIENTED_EDGE('',*,*,#8102,.T.);
#8102 = EDGE_CURVE('',#4254,#8103,#8105,.T.);
#8103 = VERTEX_POINT('',#8104);
#8104 = CARTESIAN_POINT('',(2.7,0.16,-3.));
#8105 = LINE('',#8106,#8107);
#8106 = CARTESIAN_POINT('',(2.593333333333,5.333333333333E-02,
    -3.106666666667));
#8107 = VECTOR('',#8108,1.);
#8108 = DIRECTION('',(-0.57735026919,-0.57735026919,-0.57735026919));
#8109 = ORIENTED_EDGE('',*,*,#8110,.F.);
#8110 = EDGE_CURVE('',#8094,#8103,#8111,.T.);
#8111 = LINE('',#8112,#8113);
#8112 = CARTESIAN_POINT('',(2.22,0.16,-3.));
#8113 = VECTOR('',#8114,1.);
#8114 = DIRECTION('',(1.,0.,0.));
#8115 = PLANE('',#8116);
#8116 = AXIS2_PLACEMENT_3D('',#8117,#8118,#8119);
#8117 = CARTESIAN_POINT('',(2.22,0.24,-2.92));
#8118 = DIRECTION('',(-1.735167508357E-18,-0.707106781187,0.707106781187
    ));
#8119 = DIRECTION('',(-1.,1.226948711654E-18,-1.226948711654E-18));
#8120 = ADVANCED_FACE('',(#8121),#8139,.T.);
#8121 = FACE_BOUND('',#8122,.T.);
#8122 = EDGE_LOOP('',(#8123,#8131,#8132,#8133));
#8123 = ORIENTED_EDGE('',*,*,#8124,.F.);
#8124 = EDGE_CURVE('',#4285,#8125,#8127,.T.);
#8125 = VERTEX_POINT('',#8126);
#8126 = CARTESIAN_POINT('',(2.38,-0.16,-3.));
#8127 = LINE('',#8128,#8129);
#8128 = CARTESIAN_POINT('',(2.273333333333,-0.266666666667,
    -2.893333333333));
#8129 = VECTOR('',#8130,1.);
#8130 = DIRECTION('',(0.57735026919,0.57735026919,-0.57735026919));
#8131 = ORIENTED_EDGE('',*,*,#4292,.T.);
#8132 = ORIENTED_EDGE('',*,*,#8093,.T.);
#8133 = ORIENTED_EDGE('',*,*,#8134,.F.);
#8134 = EDGE_CURVE('',#8125,#8094,#8135,.T.);
#8135 = LINE('',#8136,#8137);
#8136 = CARTESIAN_POINT('',(2.38,-0.32,-3.));
#8137 = VECTOR('',#8138,1.);
#8138 = DIRECTION('',(0.,1.,0.));
#8139 = PLANE('',#8140);
#8140 = AXIS2_PLACEMENT_3D('',#8141,#8142,#8143);
#8141 = CARTESIAN_POINT('',(2.3,-0.32,-2.92));
#8142 = DIRECTION('',(-0.707106781187,-1.735167508357E-18,
    -0.707106781187));
#8143 = DIRECTION('',(-1.226948711654E-18,1.,-1.226948711654E-18));
#8144 = ADVANCED_FACE('',(#8145),#8163,.T.);
#8145 = FACE_BOUND('',#8146,.F.);
#8146 = EDGE_LOOP('',(#8147,#8148,#8149,#8157));
#8147 = ORIENTED_EDGE('',*,*,#8124,.F.);
#8148 = ORIENTED_EDGE('',*,*,#4316,.T.);
#8149 = ORIENTED_EDGE('',*,*,#8150,.T.);
#8150 = EDGE_CURVE('',#4309,#8151,#8153,.T.);
#8151 = VERTEX_POINT('',#8152);
#8152 = CARTESIAN_POINT('',(2.7,-0.16,-3.));
#8153 = LINE('',#8154,#8155);
#8154 = CARTESIAN_POINT('',(2.7,-0.16,-3.));
#8155 = VECTOR('',#8156,1.);
#8156 = DIRECTION('',(-0.57735026919,0.57735026919,-0.57735026919));
#8157 = ORIENTED_EDGE('',*,*,#8158,.F.);
#8158 = EDGE_CURVE('',#8125,#8151,#8159,.T.);
#8159 = LINE('',#8160,#8161);
#8160 = CARTESIAN_POINT('',(2.22,-0.16,-3.));
#8161 = VECTOR('',#8162,1.);
#8162 = DIRECTION('',(1.,0.,0.));
#8163 = PLANE('',#8164);
#8164 = AXIS2_PLACEMENT_3D('',#8165,#8166,#8167);
#8165 = CARTESIAN_POINT('',(2.22,-0.24,-2.92));
#8166 = DIRECTION('',(1.735167508357E-18,-0.707106781187,-0.707106781187
    ));
#8167 = DIRECTION('',(-1.,-1.226948711654E-18,-1.226948711654E-18));
#8168 = ADVANCED_FACE('',(#8169),#8180,.F.);
#8169 = FACE_BOUND('',#8170,.F.);
#8170 = EDGE_LOOP('',(#8171,#8172,#8173,#8174));
#8171 = ORIENTED_EDGE('',*,*,#8150,.F.);
#8172 = ORIENTED_EDGE('',*,*,#4333,.T.);
#8173 = ORIENTED_EDGE('',*,*,#8102,.T.);
#8174 = ORIENTED_EDGE('',*,*,#8175,.F.);
#8175 = EDGE_CURVE('',#8151,#8103,#8176,.T.);
#8176 = LINE('',#8177,#8178);
#8177 = CARTESIAN_POINT('',(2.7,-0.32,-3.));
#8178 = VECTOR('',#8179,1.);
#8179 = DIRECTION('',(0.,1.,0.));
#8180 = PLANE('',#8181);
#8181 = AXIS2_PLACEMENT_3D('',#8182,#8183,#8184);
#8182 = CARTESIAN_POINT('',(2.78,-0.32,-2.92));
#8183 = DIRECTION('',(-0.707106781187,1.735167508357E-18,0.707106781187)
  );
#8184 = DIRECTION('',(1.226948711654E-18,1.,-1.226948711654E-18));
#8185 = ADVANCED_FACE('',(#8186),#8211,.T.);
#8186 = FACE_BOUND('',#8187,.F.);
#8187 = EDGE_LOOP('',(#8188,#8196,#8197,#8205));
#8188 = ORIENTED_EDGE('',*,*,#8189,.F.);
#8189 = EDGE_CURVE('',#4358,#8190,#8192,.T.);
#8190 = VERTEX_POINT('',#8191);
#8191 = CARTESIAN_POINT('',(-0.16,-0.16,-3.));
#8192 = LINE('',#8193,#8194);
#8193 = CARTESIAN_POINT('',(-0.266666666667,-0.266666666667,
    -2.893333333333));
#8194 = VECTOR('',#8195,1.);
#8195 = DIRECTION('',(0.57735026919,0.57735026919,-0.57735026919));
#8196 = ORIENTED_EDGE('',*,*,#4357,.T.);
#8197 = ORIENTED_EDGE('',*,*,#8198,.T.);
#8198 = EDGE_CURVE('',#4350,#8199,#8201,.T.);
#8199 = VERTEX_POINT('',#8200);
#8200 = CARTESIAN_POINT('',(0.16,-0.16,-3.));
#8201 = LINE('',#8202,#8203);
#8202 = CARTESIAN_POINT('',(0.16,-0.16,-3.));
#8203 = VECTOR('',#8204,1.);
#8204 = DIRECTION('',(-0.57735026919,0.57735026919,-0.57735026919));
#8205 = ORIENTED_EDGE('',*,*,#8206,.F.);
#8206 = EDGE_CURVE('',#8190,#8199,#8207,.T.);
#8207 = LINE('',#8208,#8209);
#8208 = CARTESIAN_POINT('',(-0.32,-0.16,-3.));
#8209 = VECTOR('',#8210,1.);
#8210 = DIRECTION('',(1.,0.,0.));
#8211 = PLANE('',#8212);
#8212 = AXIS2_PLACEMENT_3D('',#8213,#8214,#8215);
#8213 = CARTESIAN_POINT('',(-0.32,-0.24,-2.92));
#8214 = DIRECTION('',(1.735167508357E-18,-0.707106781187,-0.707106781187
    ));
#8215 = DIRECTION('',(-1.,-1.226948711654E-18,-1.226948711654E-18));
#8216 = ADVANCED_FACE('',(#8217),#8235,.F.);
#8217 = FACE_BOUND('',#8218,.F.);
#8218 = EDGE_LOOP('',(#8219,#8220,#8221,#8229));
#8219 = ORIENTED_EDGE('',*,*,#8198,.F.);
#8220 = ORIENTED_EDGE('',*,*,#4381,.T.);
#8221 = ORIENTED_EDGE('',*,*,#8222,.T.);
#8222 = EDGE_CURVE('',#4382,#8223,#8225,.T.);
#8223 = VERTEX_POINT('',#8224);
#8224 = CARTESIAN_POINT('',(0.16,0.16,-3.));
#8225 = LINE('',#8226,#8227);
#8226 = CARTESIAN_POINT('',(5.333333333333E-02,5.333333333333E-02,
    -3.106666666667));
#8227 = VECTOR('',#8228,1.);
#8228 = DIRECTION('',(-0.57735026919,-0.57735026919,-0.57735026919));
#8229 = ORIENTED_EDGE('',*,*,#8230,.F.);
#8230 = EDGE_CURVE('',#8199,#8223,#8231,.T.);
#8231 = LINE('',#8232,#8233);
#8232 = CARTESIAN_POINT('',(0.16,-0.32,-3.));
#8233 = VECTOR('',#8234,1.);
#8234 = DIRECTION('',(0.,1.,0.));
#8235 = PLANE('',#8236);
#8236 = AXIS2_PLACEMENT_3D('',#8237,#8238,#8239);
#8237 = CARTESIAN_POINT('',(0.24,-0.32,-2.92));
#8238 = DIRECTION('',(-0.707106781187,1.735167508357E-18,0.707106781187)
  );
#8239 = DIRECTION('',(1.226948711654E-18,1.,-1.226948711654E-18));
#8240 = ADVANCED_FACE('',(#8241),#8259,.F.);
#8241 = FACE_BOUND('',#8242,.T.);
#8242 = EDGE_LOOP('',(#8243,#8251,#8252,#8253));
#8243 = ORIENTED_EDGE('',*,*,#8244,.F.);
#8244 = EDGE_CURVE('',#4406,#8245,#8247,.T.);
#8245 = VERTEX_POINT('',#8246);
#8246 = CARTESIAN_POINT('',(-0.16,0.16,-3.));
#8247 = LINE('',#8248,#8249);
#8248 = CARTESIAN_POINT('',(-0.16,0.16,-3.));
#8249 = VECTOR('',#8250,1.);
#8250 = DIRECTION('',(0.57735026919,-0.57735026919,-0.57735026919));
#8251 = ORIENTED_EDGE('',*,*,#4405,.T.);
#8252 = ORIENTED_EDGE('',*,*,#8222,.T.);
#8253 = ORIENTED_EDGE('',*,*,#8254,.F.);
#8254 = EDGE_CURVE('',#8245,#8223,#8255,.T.);
#8255 = LINE('',#8256,#8257);
#8256 = CARTESIAN_POINT('',(-0.32,0.16,-3.));
#8257 = VECTOR('',#8258,1.);
#8258 = DIRECTION('',(1.,0.,0.));
#8259 = PLANE('',#8260);
#8260 = AXIS2_PLACEMENT_3D('',#8261,#8262,#8263);
#8261 = CARTESIAN_POINT('',(-0.32,0.24,-2.92));
#8262 = DIRECTION('',(-1.735167508357E-18,-0.707106781187,0.707106781187
    ));
#8263 = DIRECTION('',(-1.,1.226948711654E-18,-1.226948711654E-18));
#8264 = ADVANCED_FACE('',(#8265),#8276,.T.);
#8265 = FACE_BOUND('',#8266,.T.);
#8266 = EDGE_LOOP('',(#8267,#8268,#8269,#8270));
#8267 = ORIENTED_EDGE('',*,*,#8189,.F.);
#8268 = ORIENTED_EDGE('',*,*,#4429,.T.);
#8269 = ORIENTED_EDGE('',*,*,#8244,.T.);
#8270 = ORIENTED_EDGE('',*,*,#8271,.F.);
#8271 = EDGE_CURVE('',#8190,#8245,#8272,.T.);
#8272 = LINE('',#8273,#8274);
#8273 = CARTESIAN_POINT('',(-0.16,-0.32,-3.));
#8274 = VECTOR('',#8275,1.);
#8275 = DIRECTION('',(0.,1.,0.));
#8276 = PLANE('',#8277);
#8277 = AXIS2_PLACEMENT_3D('',#8278,#8279,#8280);
#8278 = CARTESIAN_POINT('',(-0.24,-0.32,-2.92));
#8279 = DIRECTION('',(-0.707106781187,-1.735167508357E-18,
    -0.707106781187));
#8280 = DIRECTION('',(-1.226948711654E-18,1.,-1.226948711654E-18));
#8281 = ADVANCED_FACE('',(#8282),#8307,.F.);
#8282 = FACE_BOUND('',#8283,.T.);
#8283 = EDGE_LOOP('',(#8284,#8292,#8293,#8301));
#8284 = ORIENTED_EDGE('',*,*,#8285,.F.);
#8285 = EDGE_CURVE('',#4454,#8286,#8288,.T.);
#8286 = VERTEX_POINT('',#8287);
#8287 = CARTESIAN_POINT('',(2.38,-4.92,-3.));
#8288 = LINE('',#8289,#8290);
#8289 = CARTESIAN_POINT('',(2.38,-4.92,-3.));
#8290 = VECTOR('',#8291,1.);
#8291 = DIRECTION('',(0.57735026919,-0.57735026919,-0.57735026919));
#8292 = ORIENTED_EDGE('',*,*,#4453,.T.);
#8293 = ORIENTED_EDGE('',*,*,#8294,.T.);
#8294 = EDGE_CURVE('',#4446,#8295,#8297,.T.);
#8295 = VERTEX_POINT('',#8296);
#8296 = CARTESIAN_POINT('',(2.7,-4.92,-3.));
#8297 = LINE('',#8298,#8299);
#8298 = CARTESIAN_POINT('',(2.593333333333,-5.026666666667,
    -3.106666666667));
#8299 = VECTOR('',#8300,1.);
#8300 = DIRECTION('',(-0.57735026919,-0.57735026919,-0.57735026919));
#8301 = ORIENTED_EDGE('',*,*,#8302,.F.);
#8302 = EDGE_CURVE('',#8286,#8295,#8303,.T.);
#8303 = LINE('',#8304,#8305);
#8304 = CARTESIAN_POINT('',(2.22,-4.92,-3.));
#8305 = VECTOR('',#8306,1.);
#8306 = DIRECTION('',(1.,0.,0.));
#8307 = PLANE('',#8308);
#8308 = AXIS2_PLACEMENT_3D('',#8309,#8310,#8311);
#8309 = CARTESIAN_POINT('',(2.22,-4.84,-2.92));
#8310 = DIRECTION('',(-1.735167508357E-18,-0.707106781187,0.707106781187
    ));
#8311 = DIRECTION('',(-1.,1.226948711654E-18,-1.226948711654E-18));
#8312 = ADVANCED_FACE('',(#8313),#8331,.T.);
#8313 = FACE_BOUND('',#8314,.T.);
#8314 = EDGE_LOOP('',(#8315,#8323,#8324,#8325));
#8315 = ORIENTED_EDGE('',*,*,#8316,.F.);
#8316 = EDGE_CURVE('',#4477,#8317,#8319,.T.);
#8317 = VERTEX_POINT('',#8318);
#8318 = CARTESIAN_POINT('',(2.38,-5.24,-3.));
#8319 = LINE('',#8320,#8321);
#8320 = CARTESIAN_POINT('',(2.273333333333,-5.346666666667,
    -2.893333333333));
#8321 = VECTOR('',#8322,1.);
#8322 = DIRECTION('',(0.57735026919,0.57735026919,-0.57735026919));
#8323 = ORIENTED_EDGE('',*,*,#4484,.T.);
#8324 = ORIENTED_EDGE('',*,*,#8285,.T.);
#8325 = ORIENTED_EDGE('',*,*,#8326,.F.);
#8326 = EDGE_CURVE('',#8317,#8286,#8327,.T.);
#8327 = LINE('',#8328,#8329);
#8328 = CARTESIAN_POINT('',(2.38,-5.4,-3.));
#8329 = VECTOR('',#8330,1.);
#8330 = DIRECTION('',(0.,1.,0.));
#8331 = PLANE('',#8332);
#8332 = AXIS2_PLACEMENT_3D('',#8333,#8334,#8335);
#8333 = CARTESIAN_POINT('',(2.3,-5.4,-2.92));
#8334 = DIRECTION('',(-0.707106781187,-1.735167508357E-18,
    -0.707106781187));
#8335 = DIRECTION('',(-1.226948711654E-18,1.,-1.226948711654E-18));
#8336 = ADVANCED_FACE('',(#8337),#8355,.T.);
#8337 = FACE_BOUND('',#8338,.F.);
#8338 = EDGE_LOOP('',(#8339,#8340,#8341,#8349));
#8339 = ORIENTED_EDGE('',*,*,#8316,.F.);
#8340 = ORIENTED_EDGE('',*,*,#4508,.T.);
#8341 = ORIENTED_EDGE('',*,*,#8342,.T.);
#8342 = EDGE_CURVE('',#4501,#8343,#8345,.T.);
#8343 = VERTEX_POINT('',#8344);
#8344 = CARTESIAN_POINT('',(2.7,-5.24,-3.));
#8345 = LINE('',#8346,#8347);
#8346 = CARTESIAN_POINT('',(2.7,-5.24,-3.));
#8347 = VECTOR('',#8348,1.);
#8348 = DIRECTION('',(-0.57735026919,0.57735026919,-0.57735026919));
#8349 = ORIENTED_EDGE('',*,*,#8350,.F.);
#8350 = EDGE_CURVE('',#8317,#8343,#8351,.T.);
#8351 = LINE('',#8352,#8353);
#8352 = CARTESIAN_POINT('',(2.22,-5.24,-3.));
#8353 = VECTOR('',#8354,1.);
#8354 = DIRECTION('',(1.,0.,0.));
#8355 = PLANE('',#8356);
#8356 = AXIS2_PLACEMENT_3D('',#8357,#8358,#8359);
#8357 = CARTESIAN_POINT('',(2.22,-5.32,-2.92));
#8358 = DIRECTION('',(1.735167508357E-18,-0.707106781187,-0.707106781187
    ));
#8359 = DIRECTION('',(-1.,-1.226948711654E-18,-1.226948711654E-18));
#8360 = ADVANCED_FACE('',(#8361),#8372,.F.);
#8361 = FACE_BOUND('',#8362,.F.);
#8362 = EDGE_LOOP('',(#8363,#8364,#8365,#8366));
#8363 = ORIENTED_EDGE('',*,*,#8342,.F.);
#8364 = ORIENTED_EDGE('',*,*,#4525,.T.);
#8365 = ORIENTED_EDGE('',*,*,#8294,.T.);
#8366 = ORIENTED_EDGE('',*,*,#8367,.F.);
#8367 = EDGE_CURVE('',#8343,#8295,#8368,.T.);
#8368 = LINE('',#8369,#8370);
#8369 = CARTESIAN_POINT('',(2.7,-5.4,-3.));
#8370 = VECTOR('',#8371,1.);
#8371 = DIRECTION('',(0.,1.,0.));
#8372 = PLANE('',#8373);
#8373 = AXIS2_PLACEMENT_3D('',#8374,#8375,#8376);
#8374 = CARTESIAN_POINT('',(2.78,-5.4,-2.92));
#8375 = DIRECTION('',(-0.707106781187,1.735167508357E-18,0.707106781187)
  );
#8376 = DIRECTION('',(1.226948711654E-18,1.,-1.226948711654E-18));
#8377 = ADVANCED_FACE('',(#8378),#8403,.F.);
#8378 = FACE_BOUND('',#8379,.T.);
#8379 = EDGE_LOOP('',(#8380,#8388,#8389,#8397));
#8380 = ORIENTED_EDGE('',*,*,#8381,.F.);
#8381 = EDGE_CURVE('',#4550,#8382,#8384,.T.);
#8382 = VERTEX_POINT('',#8383);
#8383 = CARTESIAN_POINT('',(-0.16,-4.92,-3.));
#8384 = LINE('',#8385,#8386);
#8385 = CARTESIAN_POINT('',(-0.16,-4.92,-3.));
#8386 = VECTOR('',#8387,1.);
#8387 = DIRECTION('',(0.57735026919,-0.57735026919,-0.57735026919));
#8388 = ORIENTED_EDGE('',*,*,#4549,.T.);
#8389 = ORIENTED_EDGE('',*,*,#8390,.T.);
#8390 = EDGE_CURVE('',#4542,#8391,#8393,.T.);
#8391 = VERTEX_POINT('',#8392);
#8392 = CARTESIAN_POINT('',(0.16,-4.92,-3.));
#8393 = LINE('',#8394,#8395);
#8394 = CARTESIAN_POINT('',(5.333333333333E-02,-5.026666666667,
    -3.106666666667));
#8395 = VECTOR('',#8396,1.);
#8396 = DIRECTION('',(-0.57735026919,-0.57735026919,-0.57735026919));
#8397 = ORIENTED_EDGE('',*,*,#8398,.F.);
#8398 = EDGE_CURVE('',#8382,#8391,#8399,.T.);
#8399 = LINE('',#8400,#8401);
#8400 = CARTESIAN_POINT('',(-0.32,-4.92,-3.));
#8401 = VECTOR('',#8402,1.);
#8402 = DIRECTION('',(1.,0.,0.));
#8403 = PLANE('',#8404);
#8404 = AXIS2_PLACEMENT_3D('',#8405,#8406,#8407);
#8405 = CARTESIAN_POINT('',(-0.32,-4.84,-2.92));
#8406 = DIRECTION('',(-1.735167508357E-18,-0.707106781187,0.707106781187
    ));
#8407 = DIRECTION('',(-1.,1.226948711654E-18,-1.226948711654E-18));
#8408 = ADVANCED_FACE('',(#8409),#8427,.T.);
#8409 = FACE_BOUND('',#8410,.T.);
#8410 = EDGE_LOOP('',(#8411,#8419,#8420,#8421));
#8411 = ORIENTED_EDGE('',*,*,#8412,.F.);
#8412 = EDGE_CURVE('',#4573,#8413,#8415,.T.);
#8413 = VERTEX_POINT('',#8414);
#8414 = CARTESIAN_POINT('',(-0.16,-5.24,-3.));
#8415 = LINE('',#8416,#8417);
#8416 = CARTESIAN_POINT('',(-0.266666666667,-5.346666666667,
    -2.893333333333));
#8417 = VECTOR('',#8418,1.);
#8418 = DIRECTION('',(0.57735026919,0.57735026919,-0.57735026919));
#8419 = ORIENTED_EDGE('',*,*,#4580,.T.);
#8420 = ORIENTED_EDGE('',*,*,#8381,.T.);
#8421 = ORIENTED_EDGE('',*,*,#8422,.F.);
#8422 = EDGE_CURVE('',#8413,#8382,#8423,.T.);
#8423 = LINE('',#8424,#8425);
#8424 = CARTESIAN_POINT('',(-0.16,-5.4,-3.));
#8425 = VECTOR('',#8426,1.);
#8426 = DIRECTION('',(0.,1.,0.));
#8427 = PLANE('',#8428);
#8428 = AXIS2_PLACEMENT_3D('',#8429,#8430,#8431);
#8429 = CARTESIAN_POINT('',(-0.24,-5.4,-2.92));
#8430 = DIRECTION('',(-0.707106781187,-1.735167508357E-18,
    -0.707106781187));
#8431 = DIRECTION('',(-1.226948711654E-18,1.,-1.226948711654E-18));
#8432 = ADVANCED_FACE('',(#8433),#8451,.T.);
#8433 = FACE_BOUND('',#8434,.F.);
#8434 = EDGE_LOOP('',(#8435,#8436,#8437,#8445));
#8435 = ORIENTED_EDGE('',*,*,#8412,.F.);
#8436 = ORIENTED_EDGE('',*,*,#4604,.T.);
#8437 = ORIENTED_EDGE('',*,*,#8438,.T.);
#8438 = EDGE_CURVE('',#4597,#8439,#8441,.T.);
#8439 = VERTEX_POINT('',#8440);
#8440 = CARTESIAN_POINT('',(0.16,-5.24,-3.));
#8441 = LINE('',#8442,#8443);
#8442 = CARTESIAN_POINT('',(0.16,-5.24,-3.));
#8443 = VECTOR('',#8444,1.);
#8444 = DIRECTION('',(-0.57735026919,0.57735026919,-0.57735026919));
#8445 = ORIENTED_EDGE('',*,*,#8446,.F.);
#8446 = EDGE_CURVE('',#8413,#8439,#8447,.T.);
#8447 = LINE('',#8448,#8449);
#8448 = CARTESIAN_POINT('',(-0.32,-5.24,-3.));
#8449 = VECTOR('',#8450,1.);
#8450 = DIRECTION('',(1.,0.,0.));
#8451 = PLANE('',#8452);
#8452 = AXIS2_PLACEMENT_3D('',#8453,#8454,#8455);
#8453 = CARTESIAN_POINT('',(-0.32,-5.32,-2.92));
#8454 = DIRECTION('',(1.735167508357E-18,-0.707106781187,-0.707106781187
    ));
#8455 = DIRECTION('',(-1.,-1.226948711654E-18,-1.226948711654E-18));
#8456 = ADVANCED_FACE('',(#8457),#8468,.F.);
#8457 = FACE_BOUND('',#8458,.F.);
#8458 = EDGE_LOOP('',(#8459,#8460,#8461,#8462));
#8459 = ORIENTED_EDGE('',*,*,#8438,.F.);
#8460 = ORIENTED_EDGE('',*,*,#4621,.T.);
#8461 = ORIENTED_EDGE('',*,*,#8390,.T.);
#8462 = ORIENTED_EDGE('',*,*,#8463,.F.);
#8463 = EDGE_CURVE('',#8439,#8391,#8464,.T.);
#8464 = LINE('',#8465,#8466);
#8465 = CARTESIAN_POINT('',(0.16,-5.4,-3.));
#8466 = VECTOR('',#8467,1.);
#8467 = DIRECTION('',(0.,1.,0.));
#8468 = PLANE('',#8469);
#8469 = AXIS2_PLACEMENT_3D('',#8470,#8471,#8472);
#8470 = CARTESIAN_POINT('',(0.24,-5.4,-2.92));
#8471 = DIRECTION('',(-0.707106781187,1.735167508357E-18,0.707106781187)
  );
#8472 = DIRECTION('',(1.226948711654E-18,1.,-1.226948711654E-18));
#8473 = ADVANCED_FACE('',(#8474),#8499,.F.);
#8474 = FACE_BOUND('',#8475,.T.);
#8475 = EDGE_LOOP('',(#8476,#8484,#8485,#8493));
#8476 = ORIENTED_EDGE('',*,*,#8477,.F.);
#8477 = EDGE_CURVE('',#4646,#8478,#8480,.T.);
#8478 = VERTEX_POINT('',#8479);
#8479 = CARTESIAN_POINT('',(-0.16,-2.38,-3.));
#8480 = LINE('',#8481,#8482);
#8481 = CARTESIAN_POINT('',(-0.16,-2.38,-3.));
#8482 = VECTOR('',#8483,1.);
#8483 = DIRECTION('',(0.57735026919,-0.57735026919,-0.57735026919));
#8484 = ORIENTED_EDGE('',*,*,#4645,.T.);
#8485 = ORIENTED_EDGE('',*,*,#8486,.T.);
#8486 = EDGE_CURVE('',#4638,#8487,#8489,.T.);
#8487 = VERTEX_POINT('',#8488);
#8488 = CARTESIAN_POINT('',(0.16,-2.38,-3.));
#8489 = LINE('',#8490,#8491);
#8490 = CARTESIAN_POINT('',(5.333333333333E-02,-2.486666666667,
    -3.106666666667));
#8491 = VECTOR('',#8492,1.);
#8492 = DIRECTION('',(-0.57735026919,-0.57735026919,-0.57735026919));
#8493 = ORIENTED_EDGE('',*,*,#8494,.F.);
#8494 = EDGE_CURVE('',#8478,#8487,#8495,.T.);
#8495 = LINE('',#8496,#8497);
#8496 = CARTESIAN_POINT('',(-0.32,-2.38,-3.));
#8497 = VECTOR('',#8498,1.);
#8498 = DIRECTION('',(1.,0.,0.));
#8499 = PLANE('',#8500);
#8500 = AXIS2_PLACEMENT_3D('',#8501,#8502,#8503);
#8501 = CARTESIAN_POINT('',(-0.32,-2.3,-2.92));
#8502 = DIRECTION('',(-1.735167508357E-18,-0.707106781187,0.707106781187
    ));
#8503 = DIRECTION('',(-1.,1.226948711654E-18,-1.226948711654E-18));
#8504 = ADVANCED_FACE('',(#8505),#8523,.T.);
#8505 = FACE_BOUND('',#8506,.T.);
#8506 = EDGE_LOOP('',(#8507,#8515,#8516,#8517));
#8507 = ORIENTED_EDGE('',*,*,#8508,.F.);
#8508 = EDGE_CURVE('',#4669,#8509,#8511,.T.);
#8509 = VERTEX_POINT('',#8510);
#8510 = CARTESIAN_POINT('',(-0.16,-2.7,-3.));
#8511 = LINE('',#8512,#8513);
#8512 = CARTESIAN_POINT('',(-0.266666666667,-2.806666666667,
    -2.893333333333));
#8513 = VECTOR('',#8514,1.);
#8514 = DIRECTION('',(0.57735026919,0.57735026919,-0.57735026919));
#8515 = ORIENTED_EDGE('',*,*,#4676,.T.);
#8516 = ORIENTED_EDGE('',*,*,#8477,.T.);
#8517 = ORIENTED_EDGE('',*,*,#8518,.F.);
#8518 = EDGE_CURVE('',#8509,#8478,#8519,.T.);
#8519 = LINE('',#8520,#8521);
#8520 = CARTESIAN_POINT('',(-0.16,-2.86,-3.));
#8521 = VECTOR('',#8522,1.);
#8522 = DIRECTION('',(0.,1.,0.));
#8523 = PLANE('',#8524);
#8524 = AXIS2_PLACEMENT_3D('',#8525,#8526,#8527);
#8525 = CARTESIAN_POINT('',(-0.24,-2.86,-2.92));
#8526 = DIRECTION('',(-0.707106781187,-1.735167508357E-18,
    -0.707106781187));
#8527 = DIRECTION('',(-1.226948711654E-18,1.,-1.226948711654E-18));
#8528 = ADVANCED_FACE('',(#8529),#8547,.T.);
#8529 = FACE_BOUND('',#8530,.F.);
#8530 = EDGE_LOOP('',(#8531,#8532,#8533,#8541));
#8531 = ORIENTED_EDGE('',*,*,#8508,.F.);
#8532 = ORIENTED_EDGE('',*,*,#4700,.T.);
#8533 = ORIENTED_EDGE('',*,*,#8534,.T.);
#8534 = EDGE_CURVE('',#4693,#8535,#8537,.T.);
#8535 = VERTEX_POINT('',#8536);
#8536 = CARTESIAN_POINT('',(0.16,-2.7,-3.));
#8537 = LINE('',#8538,#8539);
#8538 = CARTESIAN_POINT('',(0.16,-2.7,-3.));
#8539 = VECTOR('',#8540,1.);
#8540 = DIRECTION('',(-0.57735026919,0.57735026919,-0.57735026919));
#8541 = ORIENTED_EDGE('',*,*,#8542,.F.);
#8542 = EDGE_CURVE('',#8509,#8535,#8543,.T.);
#8543 = LINE('',#8544,#8545);
#8544 = CARTESIAN_POINT('',(-0.32,-2.7,-3.));
#8545 = VECTOR('',#8546,1.);
#8546 = DIRECTION('',(1.,0.,0.));
#8547 = PLANE('',#8548);
#8548 = AXIS2_PLACEMENT_3D('',#8549,#8550,#8551);
#8549 = CARTESIAN_POINT('',(-0.32,-2.78,-2.92));
#8550 = DIRECTION('',(1.735167508357E-18,-0.707106781187,-0.707106781187
    ));
#8551 = DIRECTION('',(-1.,-1.226948711654E-18,-1.226948711654E-18));
#8552 = ADVANCED_FACE('',(#8553),#8564,.F.);
#8553 = FACE_BOUND('',#8554,.F.);
#8554 = EDGE_LOOP('',(#8555,#8556,#8557,#8558));
#8555 = ORIENTED_EDGE('',*,*,#8534,.F.);
#8556 = ORIENTED_EDGE('',*,*,#4717,.T.);
#8557 = ORIENTED_EDGE('',*,*,#8486,.T.);
#8558 = ORIENTED_EDGE('',*,*,#8559,.F.);
#8559 = EDGE_CURVE('',#8535,#8487,#8560,.T.);
#8560 = LINE('',#8561,#8562);
#8561 = CARTESIAN_POINT('',(0.16,-2.86,-3.));
#8562 = VECTOR('',#8563,1.);
#8563 = DIRECTION('',(0.,1.,0.));
#8564 = PLANE('',#8565);
#8565 = AXIS2_PLACEMENT_3D('',#8566,#8567,#8568);
#8566 = CARTESIAN_POINT('',(0.24,-2.86,-2.92));
#8567 = DIRECTION('',(-0.707106781187,1.735167508357E-18,0.707106781187)
  );
#8568 = DIRECTION('',(1.226948711654E-18,1.,-1.226948711654E-18));
#8569 = ADVANCED_FACE('',(#8570),#8595,.F.);
#8570 = FACE_BOUND('',#8571,.F.);
#8571 = EDGE_LOOP('',(#8572,#8580,#8581,#8589));
#8572 = ORIENTED_EDGE('',*,*,#8573,.F.);
#8573 = EDGE_CURVE('',#4734,#8574,#8576,.T.);
#8574 = VERTEX_POINT('',#8575);
#8575 = CARTESIAN_POINT('',(2.7,-2.7,-3.));
#8576 = LINE('',#8577,#8578);
#8577 = CARTESIAN_POINT('',(2.7,-2.7,-3.));
#8578 = VECTOR('',#8579,1.);
#8579 = DIRECTION('',(-0.57735026919,0.57735026919,-0.57735026919));
#8580 = ORIENTED_EDGE('',*,*,#4741,.T.);
#8581 = ORIENTED_EDGE('',*,*,#8582,.T.);
#8582 = EDGE_CURVE('',#4742,#8583,#8585,.T.);
#8583 = VERTEX_POINT('',#8584);
#8584 = CARTESIAN_POINT('',(2.7,-2.38,-3.));
#8585 = LINE('',#8586,#8587);
#8586 = CARTESIAN_POINT('',(2.593333333333,-2.486666666667,
    -3.106666666667));
#8587 = VECTOR('',#8588,1.);
#8588 = DIRECTION('',(-0.57735026919,-0.57735026919,-0.57735026919));
#8589 = ORIENTED_EDGE('',*,*,#8590,.F.);
#8590 = EDGE_CURVE('',#8574,#8583,#8591,.T.);
#8591 = LINE('',#8592,#8593);
#8592 = CARTESIAN_POINT('',(2.7,-2.86,-3.));
#8593 = VECTOR('',#8594,1.);
#8594 = DIRECTION('',(0.,1.,0.));
#8595 = PLANE('',#8596);
#8596 = AXIS2_PLACEMENT_3D('',#8597,#8598,#8599);
#8597 = CARTESIAN_POINT('',(2.78,-2.86,-2.92));
#8598 = DIRECTION('',(-0.707106781187,1.735167508357E-18,0.707106781187)
  );
#8599 = DIRECTION('',(1.226948711654E-18,1.,-1.226948711654E-18));
#8600 = ADVANCED_FACE('',(#8601),#8619,.F.);
#8601 = FACE_BOUND('',#8602,.T.);
#8602 = EDGE_LOOP('',(#8603,#8611,#8612,#8613));
#8603 = ORIENTED_EDGE('',*,*,#8604,.F.);
#8604 = EDGE_CURVE('',#4766,#8605,#8607,.T.);
#8605 = VERTEX_POINT('',#8606);
#8606 = CARTESIAN_POINT('',(2.38,-2.38,-3.));
#8607 = LINE('',#8608,#8609);
#8608 = CARTESIAN_POINT('',(2.38,-2.38,-3.));
#8609 = VECTOR('',#8610,1.);
#8610 = DIRECTION('',(0.57735026919,-0.57735026919,-0.57735026919));
#8611 = ORIENTED_EDGE('',*,*,#4765,.T.);
#8612 = ORIENTED_EDGE('',*,*,#8582,.T.);
#8613 = ORIENTED_EDGE('',*,*,#8614,.F.);
#8614 = EDGE_CURVE('',#8605,#8583,#8615,.T.);
#8615 = LINE('',#8616,#8617);
#8616 = CARTESIAN_POINT('',(2.22,-2.38,-3.));
#8617 = VECTOR('',#8618,1.);
#8618 = DIRECTION('',(1.,0.,0.));
#8619 = PLANE('',#8620);
#8620 = AXIS2_PLACEMENT_3D('',#8621,#8622,#8623);
#8621 = CARTESIAN_POINT('',(2.22,-2.3,-2.92));
#8622 = DIRECTION('',(-1.735167508357E-18,-0.707106781187,0.707106781187
    ));
#8623 = DIRECTION('',(-1.,1.226948711654E-18,-1.226948711654E-18));
#8624 = ADVANCED_FACE('',(#8625),#8643,.T.);
#8625 = FACE_BOUND('',#8626,.T.);
#8626 = EDGE_LOOP('',(#8627,#8635,#8636,#8637));
#8627 = ORIENTED_EDGE('',*,*,#8628,.F.);
#8628 = EDGE_CURVE('',#4789,#8629,#8631,.T.);
#8629 = VERTEX_POINT('',#8630);
#8630 = CARTESIAN_POINT('',(2.38,-2.7,-3.));
#8631 = LINE('',#8632,#8633);
#8632 = CARTESIAN_POINT('',(2.273333333333,-2.806666666667,
    -2.893333333333));
#8633 = VECTOR('',#8634,1.);
#8634 = DIRECTION('',(0.57735026919,0.57735026919,-0.57735026919));
#8635 = ORIENTED_EDGE('',*,*,#4796,.T.);
#8636 = ORIENTED_EDGE('',*,*,#8604,.T.);
#8637 = ORIENTED_EDGE('',*,*,#8638,.F.);
#8638 = EDGE_CURVE('',#8629,#8605,#8639,.T.);
#8639 = LINE('',#8640,#8641);
#8640 = CARTESIAN_POINT('',(2.38,-2.86,-3.));
#8641 = VECTOR('',#8642,1.);
#8642 = DIRECTION('',(0.,1.,0.));
#8643 = PLANE('',#8644);
#8644 = AXIS2_PLACEMENT_3D('',#8645,#8646,#8647);
#8645 = CARTESIAN_POINT('',(2.3,-2.86,-2.92));
#8646 = DIRECTION('',(-0.707106781187,-1.735167508357E-18,
    -0.707106781187));
#8647 = DIRECTION('',(-1.226948711654E-18,1.,-1.226948711654E-18));
#8648 = ADVANCED_FACE('',(#8649),#8660,.T.);
#8649 = FACE_BOUND('',#8650,.F.);
#8650 = EDGE_LOOP('',(#8651,#8652,#8653,#8654));
#8651 = ORIENTED_EDGE('',*,*,#8628,.F.);
#8652 = ORIENTED_EDGE('',*,*,#4813,.T.);
#8653 = ORIENTED_EDGE('',*,*,#8573,.T.);
#8654 = ORIENTED_EDGE('',*,*,#8655,.F.);
#8655 = EDGE_CURVE('',#8629,#8574,#8656,.T.);
#8656 = LINE('',#8657,#8658);
#8657 = CARTESIAN_POINT('',(2.22,-2.7,-3.));
#8658 = VECTOR('',#8659,1.);
#8659 = DIRECTION('',(1.,0.,0.));
#8660 = PLANE('',#8661);
#8661 = AXIS2_PLACEMENT_3D('',#8662,#8663,#8664);
#8662 = CARTESIAN_POINT('',(2.22,-2.78,-2.92));
#8663 = DIRECTION('',(1.735167508357E-18,-0.707106781187,-0.707106781187
    ));
#8664 = DIRECTION('',(-1.,-1.226948711654E-18,-1.226948711654E-18));
#8665 = ADVANCED_FACE('',(#8666),#8691,.F.);
#8666 = FACE_BOUND('',#8667,.F.);
#8667 = EDGE_LOOP('',(#8668,#8676,#8677,#8685));
#8668 = ORIENTED_EDGE('',*,*,#8669,.F.);
#8669 = EDGE_CURVE('',#4830,#8670,#8672,.T.);
#8670 = VERTEX_POINT('',#8671);
#8671 = CARTESIAN_POINT('',(2.7,-7.78,-3.));
#8672 = LINE('',#8673,#8674);
#8673 = CARTESIAN_POINT('',(2.7,-7.78,-3.));
#8674 = VECTOR('',#8675,1.);
#8675 = DIRECTION('',(-0.57735026919,0.57735026919,-0.57735026919));
#8676 = ORIENTED_EDGE('',*,*,#4837,.T.);
#8677 = ORIENTED_EDGE('',*,*,#8678,.T.);
#8678 = EDGE_CURVE('',#4838,#8679,#8681,.T.);
#8679 = VERTEX_POINT('',#8680);
#8680 = CARTESIAN_POINT('',(2.7,-7.46,-3.));
#8681 = LINE('',#8682,#8683);
#8682 = CARTESIAN_POINT('',(2.593333333333,-7.566666666667,
    -3.106666666667));
#8683 = VECTOR('',#8684,1.);
#8684 = DIRECTION('',(-0.57735026919,-0.57735026919,-0.57735026919));
#8685 = ORIENTED_EDGE('',*,*,#8686,.F.);
#8686 = EDGE_CURVE('',#8670,#8679,#8687,.T.);
#8687 = LINE('',#8688,#8689);
#8688 = CARTESIAN_POINT('',(2.7,-7.94,-3.));
#8689 = VECTOR('',#8690,1.);
#8690 = DIRECTION('',(0.,1.,0.));
#8691 = PLANE('',#8692);
#8692 = AXIS2_PLACEMENT_3D('',#8693,#8694,#8695);
#8693 = CARTESIAN_POINT('',(2.78,-7.94,-2.92));
#8694 = DIRECTION('',(-0.707106781187,1.735167508357E-18,0.707106781187)
  );
#8695 = DIRECTION('',(1.226948711654E-18,1.,-1.226948711654E-18));
#8696 = ADVANCED_FACE('',(#8697),#8715,.F.);
#8697 = FACE_BOUND('',#8698,.T.);
#8698 = EDGE_LOOP('',(#8699,#8707,#8708,#8709));
#8699 = ORIENTED_EDGE('',*,*,#8700,.F.);
#8700 = EDGE_CURVE('',#4862,#8701,#8703,.T.);
#8701 = VERTEX_POINT('',#8702);
#8702 = CARTESIAN_POINT('',(2.38,-7.46,-3.));
#8703 = LINE('',#8704,#8705);
#8704 = CARTESIAN_POINT('',(2.38,-7.46,-3.));
#8705 = VECTOR('',#8706,1.);
#8706 = DIRECTION('',(0.57735026919,-0.57735026919,-0.57735026919));
#8707 = ORIENTED_EDGE('',*,*,#4861,.T.);
#8708 = ORIENTED_EDGE('',*,*,#8678,.T.);
#8709 = ORIENTED_EDGE('',*,*,#8710,.F.);
#8710 = EDGE_CURVE('',#8701,#8679,#8711,.T.);
#8711 = LINE('',#8712,#8713);
#8712 = CARTESIAN_POINT('',(2.22,-7.46,-3.));
#8713 = VECTOR('',#8714,1.);
#8714 = DIRECTION('',(1.,0.,0.));
#8715 = PLANE('',#8716);
#8716 = AXIS2_PLACEMENT_3D('',#8717,#8718,#8719);
#8717 = CARTESIAN_POINT('',(2.22,-7.38,-2.92));
#8718 = DIRECTION('',(-1.735167508357E-18,-0.707106781187,0.707106781187
    ));
#8719 = DIRECTION('',(-1.,1.226948711654E-18,-1.226948711654E-18));
#8720 = ADVANCED_FACE('',(#8721),#8739,.T.);
#8721 = FACE_BOUND('',#8722,.T.);
#8722 = EDGE_LOOP('',(#8723,#8731,#8732,#8733));
#8723 = ORIENTED_EDGE('',*,*,#8724,.F.);
#8724 = EDGE_CURVE('',#4885,#8725,#8727,.T.);
#8725 = VERTEX_POINT('',#8726);
#8726 = CARTESIAN_POINT('',(2.38,-7.78,-3.));
#8727 = LINE('',#8728,#8729);
#8728 = CARTESIAN_POINT('',(2.273333333333,-7.886666666667,
    -2.893333333333));
#8729 = VECTOR('',#8730,1.);
#8730 = DIRECTION('',(0.57735026919,0.57735026919,-0.57735026919));
#8731 = ORIENTED_EDGE('',*,*,#4892,.T.);
#8732 = ORIENTED_EDGE('',*,*,#8700,.T.);
#8733 = ORIENTED_EDGE('',*,*,#8734,.F.);
#8734 = EDGE_CURVE('',#8725,#8701,#8735,.T.);
#8735 = LINE('',#8736,#8737);
#8736 = CARTESIAN_POINT('',(2.38,-7.94,-3.));
#8737 = VECTOR('',#8738,1.);
#8738 = DIRECTION('',(0.,1.,0.));
#8739 = PLANE('',#8740);
#8740 = AXIS2_PLACEMENT_3D('',#8741,#8742,#8743);
#8741 = CARTESIAN_POINT('',(2.3,-7.94,-2.92));
#8742 = DIRECTION('',(-0.707106781187,-1.735167508357E-18,
    -0.707106781187));
#8743 = DIRECTION('',(-1.226948711654E-18,1.,-1.226948711654E-18));
#8744 = ADVANCED_FACE('',(#8745),#8756,.T.);
#8745 = FACE_BOUND('',#8746,.F.);
#8746 = EDGE_LOOP('',(#8747,#8748,#8749,#8750));
#8747 = ORIENTED_EDGE('',*,*,#8724,.F.);
#8748 = ORIENTED_EDGE('',*,*,#4909,.T.);
#8749 = ORIENTED_EDGE('',*,*,#8669,.T.);
#8750 = ORIENTED_EDGE('',*,*,#8751,.F.);
#8751 = EDGE_CURVE('',#8725,#8670,#8752,.T.);
#8752 = LINE('',#8753,#8754);
#8753 = CARTESIAN_POINT('',(2.22,-7.78,-3.));
#8754 = VECTOR('',#8755,1.);
#8755 = DIRECTION('',(1.,0.,0.));
#8756 = PLANE('',#8757);
#8757 = AXIS2_PLACEMENT_3D('',#8758,#8759,#8760);
#8758 = CARTESIAN_POINT('',(2.22,-7.86,-2.92));
#8759 = DIRECTION('',(1.735167508357E-18,-0.707106781187,-0.707106781187
    ));
#8760 = DIRECTION('',(-1.,-1.226948711654E-18,-1.226948711654E-18));
#8761 = ADVANCED_FACE('',(#8762),#8787,.F.);
#8762 = FACE_BOUND('',#8763,.F.);
#8763 = EDGE_LOOP('',(#8764,#8772,#8773,#8781));
#8764 = ORIENTED_EDGE('',*,*,#8765,.F.);
#8765 = EDGE_CURVE('',#4926,#8766,#8768,.T.);
#8766 = VERTEX_POINT('',#8767);
#8767 = CARTESIAN_POINT('',(0.16,-7.78,-3.));
#8768 = LINE('',#8769,#8770);
#8769 = CARTESIAN_POINT('',(0.16,-7.78,-3.));
#8770 = VECTOR('',#8771,1.);
#8771 = DIRECTION('',(-0.57735026919,0.57735026919,-0.57735026919));
#8772 = ORIENTED_EDGE('',*,*,#4933,.T.);
#8773 = ORIENTED_EDGE('',*,*,#8774,.T.);
#8774 = EDGE_CURVE('',#4934,#8775,#8777,.T.);
#8775 = VERTEX_POINT('',#8776);
#8776 = CARTESIAN_POINT('',(0.16,-7.46,-3.));
#8777 = LINE('',#8778,#8779);
#8778 = CARTESIAN_POINT('',(5.333333333333E-02,-7.566666666667,
    -3.106666666667));
#8779 = VECTOR('',#8780,1.);
#8780 = DIRECTION('',(-0.57735026919,-0.57735026919,-0.57735026919));
#8781 = ORIENTED_EDGE('',*,*,#8782,.F.);
#8782 = EDGE_CURVE('',#8766,#8775,#8783,.T.);
#8783 = LINE('',#8784,#8785);
#8784 = CARTESIAN_POINT('',(0.16,-7.94,-3.));
#8785 = VECTOR('',#8786,1.);
#8786 = DIRECTION('',(0.,1.,0.));
#8787 = PLANE('',#8788);
#8788 = AXIS2_PLACEMENT_3D('',#8789,#8790,#8791);
#8789 = CARTESIAN_POINT('',(0.24,-7.94,-2.92));
#8790 = DIRECTION('',(-0.707106781187,1.735167508357E-18,0.707106781187)
  );
#8791 = DIRECTION('',(1.226948711654E-18,1.,-1.226948711654E-18));
#8792 = ADVANCED_FACE('',(#8793),#8811,.F.);
#8793 = FACE_BOUND('',#8794,.T.);
#8794 = EDGE_LOOP('',(#8795,#8803,#8804,#8805));
#8795 = ORIENTED_EDGE('',*,*,#8796,.F.);
#8796 = EDGE_CURVE('',#4958,#8797,#8799,.T.);
#8797 = VERTEX_POINT('',#8798);
#8798 = CARTESIAN_POINT('',(-0.16,-7.46,-3.));
#8799 = LINE('',#8800,#8801);
#8800 = CARTESIAN_POINT('',(-0.16,-7.46,-3.));
#8801 = VECTOR('',#8802,1.);
#8802 = DIRECTION('',(0.57735026919,-0.57735026919,-0.57735026919));
#8803 = ORIENTED_EDGE('',*,*,#4957,.T.);
#8804 = ORIENTED_EDGE('',*,*,#8774,.T.);
#8805 = ORIENTED_EDGE('',*,*,#8806,.F.);
#8806 = EDGE_CURVE('',#8797,#8775,#8807,.T.);
#8807 = LINE('',#8808,#8809);
#8808 = CARTESIAN_POINT('',(-0.32,-7.46,-3.));
#8809 = VECTOR('',#8810,1.);
#8810 = DIRECTION('',(1.,0.,0.));
#8811 = PLANE('',#8812);
#8812 = AXIS2_PLACEMENT_3D('',#8813,#8814,#8815);
#8813 = CARTESIAN_POINT('',(-0.32,-7.38,-2.92));
#8814 = DIRECTION('',(-1.735167508357E-18,-0.707106781187,0.707106781187
    ));
#8815 = DIRECTION('',(-1.,1.226948711654E-18,-1.226948711654E-18));
#8816 = ADVANCED_FACE('',(#8817),#8835,.T.);
#8817 = FACE_BOUND('',#8818,.T.);
#8818 = EDGE_LOOP('',(#8819,#8827,#8828,#8829));
#8819 = ORIENTED_EDGE('',*,*,#8820,.F.);
#8820 = EDGE_CURVE('',#4981,#8821,#8823,.T.);
#8821 = VERTEX_POINT('',#8822);
#8822 = CARTESIAN_POINT('',(-0.16,-7.78,-3.));
#8823 = LINE('',#8824,#8825);
#8824 = CARTESIAN_POINT('',(-0.266666666667,-7.886666666667,
    -2.893333333333));
#8825 = VECTOR('',#8826,1.);
#8826 = DIRECTION('',(0.57735026919,0.57735026919,-0.57735026919));
#8827 = ORIENTED_EDGE('',*,*,#4988,.T.);
#8828 = ORIENTED_EDGE('',*,*,#8796,.T.);
#8829 = ORIENTED_EDGE('',*,*,#8830,.F.);
#8830 = EDGE_CURVE('',#8821,#8797,#8831,.T.);
#8831 = LINE('',#8832,#8833);
#8832 = CARTESIAN_POINT('',(-0.16,-7.94,-3.));
#8833 = VECTOR('',#8834,1.);
#8834 = DIRECTION('',(0.,1.,0.));
#8835 = PLANE('',#8836);
#8836 = AXIS2_PLACEMENT_3D('',#8837,#8838,#8839);
#8837 = CARTESIAN_POINT('',(-0.24,-7.94,-2.92));
#8838 = DIRECTION('',(-0.707106781187,-1.735167508357E-18,
    -0.707106781187));
#8839 = DIRECTION('',(-1.226948711654E-18,1.,-1.226948711654E-18));
#8840 = ADVANCED_FACE('',(#8841),#8852,.T.);
#8841 = FACE_BOUND('',#8842,.F.);
#8842 = EDGE_LOOP('',(#8843,#8844,#8845,#8846));
#8843 = ORIENTED_EDGE('',*,*,#8820,.F.);
#8844 = ORIENTED_EDGE('',*,*,#5005,.T.);
#8845 = ORIENTED_EDGE('',*,*,#8765,.T.);
#8846 = ORIENTED_EDGE('',*,*,#8847,.F.);
#8847 = EDGE_CURVE('',#8821,#8766,#8848,.T.);
#8848 = LINE('',#8849,#8850);
#8849 = CARTESIAN_POINT('',(-0.32,-7.78,-3.));
#8850 = VECTOR('',#8851,1.);
#8851 = DIRECTION('',(1.,0.,0.));
#8852 = PLANE('',#8853);
#8853 = AXIS2_PLACEMENT_3D('',#8854,#8855,#8856);
#8854 = CARTESIAN_POINT('',(-0.32,-7.86,-2.92));
#8855 = DIRECTION('',(1.735167508357E-18,-0.707106781187,-0.707106781187
    ));
#8856 = DIRECTION('',(-1.,-1.226948711654E-18,-1.226948711654E-18));
#8857 = ADVANCED_FACE('',(#8858),#8883,.F.);
#8858 = FACE_BOUND('',#8859,.T.);
#8859 = EDGE_LOOP('',(#8860,#8868,#8869,#8877));
#8860 = ORIENTED_EDGE('',*,*,#8861,.F.);
#8861 = EDGE_CURVE('',#5030,#8862,#8864,.T.);
#8862 = VERTEX_POINT('',#8863);
#8863 = CARTESIAN_POINT('',(-0.16,-22.7,-3.));
#8864 = LINE('',#8865,#8866);
#8865 = CARTESIAN_POINT('',(-0.16,-22.7,-3.));
#8866 = VECTOR('',#8867,1.);
#8867 = DIRECTION('',(0.57735026919,-0.57735026919,-0.57735026919));
#8868 = ORIENTED_EDGE('',*,*,#5029,.T.);
#8869 = ORIENTED_EDGE('',*,*,#8870,.T.);
#8870 = EDGE_CURVE('',#5022,#8871,#8873,.T.);
#8871 = VERTEX_POINT('',#8872);
#8872 = CARTESIAN_POINT('',(0.16,-22.7,-3.));
#8873 = LINE('',#8874,#8875);
#8874 = CARTESIAN_POINT('',(5.333333333333E-02,-22.80666666666,
    -3.106666666667));
#8875 = VECTOR('',#8876,1.);
#8876 = DIRECTION('',(-0.57735026919,-0.57735026919,-0.57735026919));
#8877 = ORIENTED_EDGE('',*,*,#8878,.F.);
#8878 = EDGE_CURVE('',#8862,#8871,#8879,.T.);
#8879 = LINE('',#8880,#8881);
#8880 = CARTESIAN_POINT('',(-0.32,-22.7,-3.));
#8881 = VECTOR('',#8882,1.);
#8882 = DIRECTION('',(1.,0.,0.));
#8883 = PLANE('',#8884);
#8884 = AXIS2_PLACEMENT_3D('',#8885,#8886,#8887);
#8885 = CARTESIAN_POINT('',(-0.32,-22.62,-2.92));
#8886 = DIRECTION('',(-1.735167508357E-18,-0.707106781187,0.707106781187
    ));
#8887 = DIRECTION('',(-1.,1.226948711654E-18,-1.226948711654E-18));
#8888 = ADVANCED_FACE('',(#8889),#8907,.T.);
#8889 = FACE_BOUND('',#8890,.T.);
#8890 = EDGE_LOOP('',(#8891,#8899,#8900,#8901));
#8891 = ORIENTED_EDGE('',*,*,#8892,.F.);
#8892 = EDGE_CURVE('',#5053,#8893,#8895,.T.);
#8893 = VERTEX_POINT('',#8894);
#8894 = CARTESIAN_POINT('',(-0.16,-23.02,-3.));
#8895 = LINE('',#8896,#8897);
#8896 = CARTESIAN_POINT('',(-0.266666666667,-23.12666666666,
    -2.893333333333));
#8897 = VECTOR('',#8898,1.);
#8898 = DIRECTION('',(0.57735026919,0.57735026919,-0.57735026919));
#8899 = ORIENTED_EDGE('',*,*,#5060,.T.);
#8900 = ORIENTED_EDGE('',*,*,#8861,.T.);
#8901 = ORIENTED_EDGE('',*,*,#8902,.F.);
#8902 = EDGE_CURVE('',#8893,#8862,#8903,.T.);
#8903 = LINE('',#8904,#8905);
#8904 = CARTESIAN_POINT('',(-0.16,-23.18,-3.));
#8905 = VECTOR('',#8906,1.);
#8906 = DIRECTION('',(0.,1.,0.));
#8907 = PLANE('',#8908);
#8908 = AXIS2_PLACEMENT_3D('',#8909,#8910,#8911);
#8909 = CARTESIAN_POINT('',(-0.24,-23.18,-2.92));
#8910 = DIRECTION('',(-0.707106781187,-1.735167508357E-18,
    -0.707106781187));
#8911 = DIRECTION('',(-1.226948711654E-18,1.,-1.226948711654E-18));
#8912 = ADVANCED_FACE('',(#8913),#8931,.T.);
#8913 = FACE_BOUND('',#8914,.F.);
#8914 = EDGE_LOOP('',(#8915,#8916,#8917,#8925));
#8915 = ORIENTED_EDGE('',*,*,#8892,.F.);
#8916 = ORIENTED_EDGE('',*,*,#5084,.T.);
#8917 = ORIENTED_EDGE('',*,*,#8918,.T.);
#8918 = EDGE_CURVE('',#5077,#8919,#8921,.T.);
#8919 = VERTEX_POINT('',#8920);
#8920 = CARTESIAN_POINT('',(0.16,-23.02,-3.));
#8921 = LINE('',#8922,#8923);
#8922 = CARTESIAN_POINT('',(0.16,-23.02,-3.));
#8923 = VECTOR('',#8924,1.);
#8924 = DIRECTION('',(-0.57735026919,0.57735026919,-0.57735026919));
#8925 = ORIENTED_EDGE('',*,*,#8926,.F.);
#8926 = EDGE_CURVE('',#8893,#8919,#8927,.T.);
#8927 = LINE('',#8928,#8929);
#8928 = CARTESIAN_POINT('',(-0.32,-23.02,-3.));
#8929 = VECTOR('',#8930,1.);
#8930 = DIRECTION('',(1.,0.,0.));
#8931 = PLANE('',#8932);
#8932 = AXIS2_PLACEMENT_3D('',#8933,#8934,#8935);
#8933 = CARTESIAN_POINT('',(-0.32,-23.1,-2.92));
#8934 = DIRECTION('',(1.735167508357E-18,-0.707106781187,-0.707106781187
    ));
#8935 = DIRECTION('',(-1.,-1.226948711654E-18,-1.226948711654E-18));
#8936 = ADVANCED_FACE('',(#8937),#8948,.F.);
#8937 = FACE_BOUND('',#8938,.F.);
#8938 = EDGE_LOOP('',(#8939,#8940,#8941,#8942));
#8939 = ORIENTED_EDGE('',*,*,#8918,.F.);
#8940 = ORIENTED_EDGE('',*,*,#5101,.T.);
#8941 = ORIENTED_EDGE('',*,*,#8870,.T.);
#8942 = ORIENTED_EDGE('',*,*,#8943,.F.);
#8943 = EDGE_CURVE('',#8919,#8871,#8944,.T.);
#8944 = LINE('',#8945,#8946);
#8945 = CARTESIAN_POINT('',(0.16,-23.18,-3.));
#8946 = VECTOR('',#8947,1.);
#8947 = DIRECTION('',(0.,1.,0.));
#8948 = PLANE('',#8949);
#8949 = AXIS2_PLACEMENT_3D('',#8950,#8951,#8952);
#8950 = CARTESIAN_POINT('',(0.24,-23.18,-2.92));
#8951 = DIRECTION('',(-0.707106781187,1.735167508357E-18,0.707106781187)
  );
#8952 = DIRECTION('',(1.226948711654E-18,1.,-1.226948711654E-18));
#8953 = ADVANCED_FACE('',(#8954),#8979,.T.);
#8954 = FACE_BOUND('',#8955,.F.);
#8955 = EDGE_LOOP('',(#8956,#8964,#8965,#8973));
#8956 = ORIENTED_EDGE('',*,*,#8957,.F.);
#8957 = EDGE_CURVE('',#5126,#8958,#8960,.T.);
#8958 = VERTEX_POINT('',#8959);
#8959 = CARTESIAN_POINT('',(-0.16,-20.48,-3.));
#8960 = LINE('',#8961,#8962);
#8961 = CARTESIAN_POINT('',(-0.266666666667,-20.58666666666,
    -2.893333333333));
#8962 = VECTOR('',#8963,1.);
#8963 = DIRECTION('',(0.57735026919,0.57735026919,-0.57735026919));
#8964 = ORIENTED_EDGE('',*,*,#5125,.T.);
#8965 = ORIENTED_EDGE('',*,*,#8966,.T.);
#8966 = EDGE_CURVE('',#5118,#8967,#8969,.T.);
#8967 = VERTEX_POINT('',#8968);
#8968 = CARTESIAN_POINT('',(0.16,-20.48,-3.));
#8969 = LINE('',#8970,#8971);
#8970 = CARTESIAN_POINT('',(0.16,-20.48,-3.));
#8971 = VECTOR('',#8972,1.);
#8972 = DIRECTION('',(-0.57735026919,0.57735026919,-0.57735026919));
#8973 = ORIENTED_EDGE('',*,*,#8974,.F.);
#8974 = EDGE_CURVE('',#8958,#8967,#8975,.T.);
#8975 = LINE('',#8976,#8977);
#8976 = CARTESIAN_POINT('',(-0.32,-20.48,-3.));
#8977 = VECTOR('',#8978,1.);
#8978 = DIRECTION('',(1.,0.,0.));
#8979 = PLANE('',#8980);
#8980 = AXIS2_PLACEMENT_3D('',#8981,#8982,#8983);
#8981 = CARTESIAN_POINT('',(-0.32,-20.56,-2.92));
#8982 = DIRECTION('',(1.735167508357E-18,-0.707106781187,-0.707106781187
    ));
#8983 = DIRECTION('',(-1.,-1.226948711654E-18,-1.226948711654E-18));
#8984 = ADVANCED_FACE('',(#8985),#9003,.F.);
#8985 = FACE_BOUND('',#8986,.F.);
#8986 = EDGE_LOOP('',(#8987,#8988,#8989,#8997));
#8987 = ORIENTED_EDGE('',*,*,#8966,.F.);
#8988 = ORIENTED_EDGE('',*,*,#5149,.T.);
#8989 = ORIENTED_EDGE('',*,*,#8990,.T.);
#8990 = EDGE_CURVE('',#5150,#8991,#8993,.T.);
#8991 = VERTEX_POINT('',#8992);
#8992 = CARTESIAN_POINT('',(0.16,-20.16,-3.));
#8993 = LINE('',#8994,#8995);
#8994 = CARTESIAN_POINT('',(5.333333333333E-02,-20.26666666666,
    -3.106666666667));
#8995 = VECTOR('',#8996,1.);
#8996 = DIRECTION('',(-0.57735026919,-0.57735026919,-0.57735026919));
#8997 = ORIENTED_EDGE('',*,*,#8998,.F.);
#8998 = EDGE_CURVE('',#8967,#8991,#8999,.T.);
#8999 = LINE('',#9000,#9001);
#9000 = CARTESIAN_POINT('',(0.16,-20.64,-3.));
#9001 = VECTOR('',#9002,1.);
#9002 = DIRECTION('',(0.,1.,0.));
#9003 = PLANE('',#9004);
#9004 = AXIS2_PLACEMENT_3D('',#9005,#9006,#9007);
#9005 = CARTESIAN_POINT('',(0.24,-20.64,-2.92));
#9006 = DIRECTION('',(-0.707106781187,1.735167508357E-18,0.707106781187)
  );
#9007 = DIRECTION('',(1.226948711654E-18,1.,-1.226948711654E-18));
#9008 = ADVANCED_FACE('',(#9009),#9027,.F.);
#9009 = FACE_BOUND('',#9010,.T.);
#9010 = EDGE_LOOP('',(#9011,#9019,#9020,#9021));
#9011 = ORIENTED_EDGE('',*,*,#9012,.F.);
#9012 = EDGE_CURVE('',#5174,#9013,#9015,.T.);
#9013 = VERTEX_POINT('',#9014);
#9014 = CARTESIAN_POINT('',(-0.16,-20.16,-3.));
#9015 = LINE('',#9016,#9017);
#9016 = CARTESIAN_POINT('',(-0.16,-20.16,-3.));
#9017 = VECTOR('',#9018,1.);
#9018 = DIRECTION('',(0.57735026919,-0.57735026919,-0.57735026919));
#9019 = ORIENTED_EDGE('',*,*,#5173,.T.);
#9020 = ORIENTED_EDGE('',*,*,#8990,.T.);
#9021 = ORIENTED_EDGE('',*,*,#9022,.F.);
#9022 = EDGE_CURVE('',#9013,#8991,#9023,.T.);
#9023 = LINE('',#9024,#9025);
#9024 = CARTESIAN_POINT('',(-0.32,-20.16,-3.));
#9025 = VECTOR('',#9026,1.);
#9026 = DIRECTION('',(1.,0.,0.));
#9027 = PLANE('',#9028);
#9028 = AXIS2_PLACEMENT_3D('',#9029,#9030,#9031);
#9029 = CARTESIAN_POINT('',(-0.32,-20.08,-2.92));
#9030 = DIRECTION('',(-1.735167508357E-18,-0.707106781187,0.707106781187
    ));
#9031 = DIRECTION('',(-1.,1.226948711654E-18,-1.226948711654E-18));
#9032 = ADVANCED_FACE('',(#9033),#9044,.T.);
#9033 = FACE_BOUND('',#9034,.T.);
#9034 = EDGE_LOOP('',(#9035,#9036,#9037,#9038));
#9035 = ORIENTED_EDGE('',*,*,#8957,.F.);
#9036 = ORIENTED_EDGE('',*,*,#5197,.T.);
#9037 = ORIENTED_EDGE('',*,*,#9012,.T.);
#9038 = ORIENTED_EDGE('',*,*,#9039,.F.);
#9039 = EDGE_CURVE('',#8958,#9013,#9040,.T.);
#9040 = LINE('',#9041,#9042);
#9041 = CARTESIAN_POINT('',(-0.16,-20.64,-3.));
#9042 = VECTOR('',#9043,1.);
#9043 = DIRECTION('',(0.,1.,0.));
#9044 = PLANE('',#9045);
#9045 = AXIS2_PLACEMENT_3D('',#9046,#9047,#9048);
#9046 = CARTESIAN_POINT('',(-0.24,-20.64,-2.92));
#9047 = DIRECTION('',(-0.707106781187,-1.735167508357E-18,
    -0.707106781187));
#9048 = DIRECTION('',(-1.226948711654E-18,1.,-1.226948711654E-18));
#9049 = ADVANCED_FACE('',(#9050),#9075,.F.);
#9050 = FACE_BOUND('',#9051,.T.);
#9051 = EDGE_LOOP('',(#9052,#9060,#9061,#9069));
#9052 = ORIENTED_EDGE('',*,*,#9053,.F.);
#9053 = EDGE_CURVE('',#5222,#9054,#9056,.T.);
#9054 = VERTEX_POINT('',#9055);
#9055 = CARTESIAN_POINT('',(2.38,-20.16,-3.));
#9056 = LINE('',#9057,#9058);
#9057 = CARTESIAN_POINT('',(2.38,-20.16,-3.));
#9058 = VECTOR('',#9059,1.);
#9059 = DIRECTION('',(0.57735026919,-0.57735026919,-0.57735026919));
#9060 = ORIENTED_EDGE('',*,*,#5221,.T.);
#9061 = ORIENTED_EDGE('',*,*,#9062,.T.);
#9062 = EDGE_CURVE('',#5214,#9063,#9065,.T.);
#9063 = VERTEX_POINT('',#9064);
#9064 = CARTESIAN_POINT('',(2.7,-20.16,-3.));
#9065 = LINE('',#9066,#9067);
#9066 = CARTESIAN_POINT('',(2.593333333333,-20.26666666666,
    -3.106666666667));
#9067 = VECTOR('',#9068,1.);
#9068 = DIRECTION('',(-0.57735026919,-0.57735026919,-0.57735026919));
#9069 = ORIENTED_EDGE('',*,*,#9070,.F.);
#9070 = EDGE_CURVE('',#9054,#9063,#9071,.T.);
#9071 = LINE('',#9072,#9073);
#9072 = CARTESIAN_POINT('',(2.22,-20.16,-3.));
#9073 = VECTOR('',#9074,1.);
#9074 = DIRECTION('',(1.,0.,0.));
#9075 = PLANE('',#9076);
#9076 = AXIS2_PLACEMENT_3D('',#9077,#9078,#9079);
#9077 = CARTESIAN_POINT('',(2.22,-20.08,-2.92));
#9078 = DIRECTION('',(-1.735167508357E-18,-0.707106781187,0.707106781187
    ));
#9079 = DIRECTION('',(-1.,1.226948711654E-18,-1.226948711654E-18));
#9080 = ADVANCED_FACE('',(#9081),#9099,.T.);
#9081 = FACE_BOUND('',#9082,.T.);
#9082 = EDGE_LOOP('',(#9083,#9091,#9092,#9093));
#9083 = ORIENTED_EDGE('',*,*,#9084,.F.);
#9084 = EDGE_CURVE('',#5245,#9085,#9087,.T.);
#9085 = VERTEX_POINT('',#9086);
#9086 = CARTESIAN_POINT('',(2.38,-20.48,-3.));
#9087 = LINE('',#9088,#9089);
#9088 = CARTESIAN_POINT('',(2.273333333333,-20.58666666666,
    -2.893333333333));
#9089 = VECTOR('',#9090,1.);
#9090 = DIRECTION('',(0.57735026919,0.57735026919,-0.57735026919));
#9091 = ORIENTED_EDGE('',*,*,#5252,.T.);
#9092 = ORIENTED_EDGE('',*,*,#9053,.T.);
#9093 = ORIENTED_EDGE('',*,*,#9094,.F.);
#9094 = EDGE_CURVE('',#9085,#9054,#9095,.T.);
#9095 = LINE('',#9096,#9097);
#9096 = CARTESIAN_POINT('',(2.38,-20.64,-3.));
#9097 = VECTOR('',#9098,1.);
#9098 = DIRECTION('',(0.,1.,0.));
#9099 = PLANE('',#9100);
#9100 = AXIS2_PLACEMENT_3D('',#9101,#9102,#9103);
#9101 = CARTESIAN_POINT('',(2.3,-20.64,-2.92));
#9102 = DIRECTION('',(-0.707106781187,-1.735167508357E-18,
    -0.707106781187));
#9103 = DIRECTION('',(-1.226948711654E-18,1.,-1.226948711654E-18));
#9104 = ADVANCED_FACE('',(#9105),#9123,.T.);
#9105 = FACE_BOUND('',#9106,.F.);
#9106 = EDGE_LOOP('',(#9107,#9108,#9109,#9117));
#9107 = ORIENTED_EDGE('',*,*,#9084,.F.);
#9108 = ORIENTED_EDGE('',*,*,#5276,.T.);
#9109 = ORIENTED_EDGE('',*,*,#9110,.T.);
#9110 = EDGE_CURVE('',#5269,#9111,#9113,.T.);
#9111 = VERTEX_POINT('',#9112);
#9112 = CARTESIAN_POINT('',(2.7,-20.48,-3.));
#9113 = LINE('',#9114,#9115);
#9114 = CARTESIAN_POINT('',(2.7,-20.48,-3.));
#9115 = VECTOR('',#9116,1.);
#9116 = DIRECTION('',(-0.57735026919,0.57735026919,-0.57735026919));
#9117 = ORIENTED_EDGE('',*,*,#9118,.F.);
#9118 = EDGE_CURVE('',#9085,#9111,#9119,.T.);
#9119 = LINE('',#9120,#9121);
#9120 = CARTESIAN_POINT('',(2.22,-20.48,-3.));
#9121 = VECTOR('',#9122,1.);
#9122 = DIRECTION('',(1.,0.,0.));
#9123 = PLANE('',#9124);
#9124 = AXIS2_PLACEMENT_3D('',#9125,#9126,#9127);
#9125 = CARTESIAN_POINT('',(2.22,-20.56,-2.92));
#9126 = DIRECTION('',(1.735167508357E-18,-0.707106781187,-0.707106781187
    ));
#9127 = DIRECTION('',(-1.,-1.226948711654E-18,-1.226948711654E-18));
#9128 = ADVANCED_FACE('',(#9129),#9140,.F.);
#9129 = FACE_BOUND('',#9130,.F.);
#9130 = EDGE_LOOP('',(#9131,#9132,#9133,#9134));
#9131 = ORIENTED_EDGE('',*,*,#9110,.F.);
#9132 = ORIENTED_EDGE('',*,*,#5293,.T.);
#9133 = ORIENTED_EDGE('',*,*,#9062,.T.);
#9134 = ORIENTED_EDGE('',*,*,#9135,.F.);
#9135 = EDGE_CURVE('',#9111,#9063,#9136,.T.);
#9136 = LINE('',#9137,#9138);
#9137 = CARTESIAN_POINT('',(2.7,-20.64,-3.));
#9138 = VECTOR('',#9139,1.);
#9139 = DIRECTION('',(0.,1.,0.));
#9140 = PLANE('',#9141);
#9141 = AXIS2_PLACEMENT_3D('',#9142,#9143,#9144);
#9142 = CARTESIAN_POINT('',(2.78,-20.64,-2.92));
#9143 = DIRECTION('',(-0.707106781187,1.735167508357E-18,0.707106781187)
  );
#9144 = DIRECTION('',(1.226948711654E-18,1.,-1.226948711654E-18));
#9145 = ADVANCED_FACE('',(#9146),#9171,.F.);
#9146 = FACE_BOUND('',#9147,.F.);
#9147 = EDGE_LOOP('',(#9148,#9156,#9157,#9165));
#9148 = ORIENTED_EDGE('',*,*,#9149,.F.);
#9149 = EDGE_CURVE('',#5310,#9150,#9152,.T.);
#9150 = VERTEX_POINT('',#9151);
#9151 = CARTESIAN_POINT('',(2.7,-23.02,-3.));
#9152 = LINE('',#9153,#9154);
#9153 = CARTESIAN_POINT('',(2.7,-23.02,-3.));
#9154 = VECTOR('',#9155,1.);
#9155 = DIRECTION('',(-0.57735026919,0.57735026919,-0.57735026919));
#9156 = ORIENTED_EDGE('',*,*,#5317,.T.);
#9157 = ORIENTED_EDGE('',*,*,#9158,.T.);
#9158 = EDGE_CURVE('',#5318,#9159,#9161,.T.);
#9159 = VERTEX_POINT('',#9160);
#9160 = CARTESIAN_POINT('',(2.7,-22.7,-3.));
#9161 = LINE('',#9162,#9163);
#9162 = CARTESIAN_POINT('',(2.593333333333,-22.80666666666,
    -3.106666666667));
#9163 = VECTOR('',#9164,1.);
#9164 = DIRECTION('',(-0.57735026919,-0.57735026919,-0.57735026919));
#9165 = ORIENTED_EDGE('',*,*,#9166,.F.);
#9166 = EDGE_CURVE('',#9150,#9159,#9167,.T.);
#9167 = LINE('',#9168,#9169);
#9168 = CARTESIAN_POINT('',(2.7,-23.18,-3.));
#9169 = VECTOR('',#9170,1.);
#9170 = DIRECTION('',(0.,1.,0.));
#9171 = PLANE('',#9172);
#9172 = AXIS2_PLACEMENT_3D('',#9173,#9174,#9175);
#9173 = CARTESIAN_POINT('',(2.78,-23.18,-2.92));
#9174 = DIRECTION('',(-0.707106781187,1.735167508357E-18,0.707106781187)
  );
#9175 = DIRECTION('',(1.226948711654E-18,1.,-1.226948711654E-18));
#9176 = ADVANCED_FACE('',(#9177),#9195,.F.);
#9177 = FACE_BOUND('',#9178,.T.);
#9178 = EDGE_LOOP('',(#9179,#9187,#9188,#9189));
#9179 = ORIENTED_EDGE('',*,*,#9180,.F.);
#9180 = EDGE_CURVE('',#5342,#9181,#9183,.T.);
#9181 = VERTEX_POINT('',#9182);
#9182 = CARTESIAN_POINT('',(2.38,-22.7,-3.));
#9183 = LINE('',#9184,#9185);
#9184 = CARTESIAN_POINT('',(2.38,-22.7,-3.));
#9185 = VECTOR('',#9186,1.);
#9186 = DIRECTION('',(0.57735026919,-0.57735026919,-0.57735026919));
#9187 = ORIENTED_EDGE('',*,*,#5341,.T.);
#9188 = ORIENTED_EDGE('',*,*,#9158,.T.);
#9189 = ORIENTED_EDGE('',*,*,#9190,.F.);
#9190 = EDGE_CURVE('',#9181,#9159,#9191,.T.);
#9191 = LINE('',#9192,#9193);
#9192 = CARTESIAN_POINT('',(2.22,-22.7,-3.));
#9193 = VECTOR('',#9194,1.);
#9194 = DIRECTION('',(1.,0.,0.));
#9195 = PLANE('',#9196);
#9196 = AXIS2_PLACEMENT_3D('',#9197,#9198,#9199);
#9197 = CARTESIAN_POINT('',(2.22,-22.62,-2.92));
#9198 = DIRECTION('',(-1.735167508357E-18,-0.707106781187,0.707106781187
    ));
#9199 = DIRECTION('',(-1.,1.226948711654E-18,-1.226948711654E-18));
#9200 = ADVANCED_FACE('',(#9201),#9219,.T.);
#9201 = FACE_BOUND('',#9202,.T.);
#9202 = EDGE_LOOP('',(#9203,#9211,#9212,#9213));
#9203 = ORIENTED_EDGE('',*,*,#9204,.F.);
#9204 = EDGE_CURVE('',#5365,#9205,#9207,.T.);
#9205 = VERTEX_POINT('',#9206);
#9206 = CARTESIAN_POINT('',(2.38,-23.02,-3.));
#9207 = LINE('',#9208,#9209);
#9208 = CARTESIAN_POINT('',(2.273333333333,-23.12666666666,
    -2.893333333333));
#9209 = VECTOR('',#9210,1.);
#9210 = DIRECTION('',(0.57735026919,0.57735026919,-0.57735026919));
#9211 = ORIENTED_EDGE('',*,*,#5372,.T.);
#9212 = ORIENTED_EDGE('',*,*,#9180,.T.);
#9213 = ORIENTED_EDGE('',*,*,#9214,.F.);
#9214 = EDGE_CURVE('',#9205,#9181,#9215,.T.);
#9215 = LINE('',#9216,#9217);
#9216 = CARTESIAN_POINT('',(2.38,-23.18,-3.));
#9217 = VECTOR('',#9218,1.);
#9218 = DIRECTION('',(0.,1.,0.));
#9219 = PLANE('',#9220);
#9220 = AXIS2_PLACEMENT_3D('',#9221,#9222,#9223);
#9221 = CARTESIAN_POINT('',(2.3,-23.18,-2.92));
#9222 = DIRECTION('',(-0.707106781187,-1.735167508357E-18,
    -0.707106781187));
#9223 = DIRECTION('',(-1.226948711654E-18,1.,-1.226948711654E-18));
#9224 = ADVANCED_FACE('',(#9225),#9236,.T.);
#9225 = FACE_BOUND('',#9226,.F.);
#9226 = EDGE_LOOP('',(#9227,#9228,#9229,#9230));
#9227 = ORIENTED_EDGE('',*,*,#9204,.F.);
#9228 = ORIENTED_EDGE('',*,*,#5389,.T.);
#9229 = ORIENTED_EDGE('',*,*,#9149,.T.);
#9230 = ORIENTED_EDGE('',*,*,#9231,.F.);
#9231 = EDGE_CURVE('',#9205,#9150,#9232,.T.);
#9232 = LINE('',#9233,#9234);
#9233 = CARTESIAN_POINT('',(2.22,-23.02,-3.));
#9234 = VECTOR('',#9235,1.);
#9235 = DIRECTION('',(1.,0.,0.));
#9236 = PLANE('',#9237);
#9237 = AXIS2_PLACEMENT_3D('',#9238,#9239,#9240);
#9238 = CARTESIAN_POINT('',(2.22,-23.1,-2.92));
#9239 = DIRECTION('',(1.735167508357E-18,-0.707106781187,-0.707106781187
    ));
#9240 = DIRECTION('',(-1.,-1.226948711654E-18,-1.226948711654E-18));
#9241 = ADVANCED_FACE('',(#9242),#9267,.T.);
#9242 = FACE_BOUND('',#9243,.F.);
#9243 = EDGE_LOOP('',(#9244,#9252,#9253,#9261));
#9244 = ORIENTED_EDGE('',*,*,#9245,.F.);
#9245 = EDGE_CURVE('',#5415,#9246,#9248,.T.);
#9246 = VERTEX_POINT('',#9247);
#9247 = CARTESIAN_POINT('',(-0.16,-17.62,8.54));
#9248 = LINE('',#9249,#9250);
#9249 = CARTESIAN_POINT('',(-0.16,-17.62,8.54));
#9250 = VECTOR('',#9251,1.);
#9251 = DIRECTION('',(0.57735026919,-0.57735026919,0.57735026919));
#9252 = ORIENTED_EDGE('',*,*,#5422,.T.);
#9253 = ORIENTED_EDGE('',*,*,#9254,.T.);
#9254 = EDGE_CURVE('',#5406,#9255,#9257,.T.);
#9255 = VERTEX_POINT('',#9256);
#9256 = CARTESIAN_POINT('',(0.16,-17.62,8.54));
#9257 = LINE('',#9258,#9259);
#9258 = CARTESIAN_POINT('',(5.333333333333E-02,-17.72666666666,
    8.646666666667));
#9259 = VECTOR('',#9260,1.);
#9260 = DIRECTION('',(-0.57735026919,-0.57735026919,0.57735026919));
#9261 = ORIENTED_EDGE('',*,*,#9262,.F.);
#9262 = EDGE_CURVE('',#9246,#9255,#9263,.T.);
#9263 = LINE('',#9264,#9265);
#9264 = CARTESIAN_POINT('',(-0.32,-17.62,8.54));
#9265 = VECTOR('',#9266,1.);
#9266 = DIRECTION('',(1.,0.,0.));
#9267 = PLANE('',#9268);
#9268 = AXIS2_PLACEMENT_3D('',#9269,#9270,#9271);
#9269 = CARTESIAN_POINT('',(-0.32,-17.54,8.46));
#9270 = DIRECTION('',(1.735167508357E-18,0.707106781187,0.707106781187)
  );
#9271 = DIRECTION('',(-1.,1.226948711654E-18,1.226948711654E-18));
#9272 = ADVANCED_FACE('',(#9273),#9291,.F.);
#9273 = FACE_BOUND('',#9274,.F.);
#9274 = EDGE_LOOP('',(#9275,#9283,#9284,#9285));
#9275 = ORIENTED_EDGE('',*,*,#9276,.F.);
#9276 = EDGE_CURVE('',#5437,#9277,#9279,.T.);
#9277 = VERTEX_POINT('',#9278);
#9278 = CARTESIAN_POINT('',(-0.16,-17.94,8.54));
#9279 = LINE('',#9280,#9281);
#9280 = CARTESIAN_POINT('',(-0.266666666667,-18.04666666666,
    8.433333333333));
#9281 = VECTOR('',#9282,1.);
#9282 = DIRECTION('',(0.57735026919,0.57735026919,0.57735026919));
#9283 = ORIENTED_EDGE('',*,*,#5446,.T.);
#9284 = ORIENTED_EDGE('',*,*,#9245,.T.);
#9285 = ORIENTED_EDGE('',*,*,#9286,.F.);
#9286 = EDGE_CURVE('',#9277,#9246,#9287,.T.);
#9287 = LINE('',#9288,#9289);
#9288 = CARTESIAN_POINT('',(-0.16,-18.1,8.54));
#9289 = VECTOR('',#9290,1.);
#9290 = DIRECTION('',(0.,1.,0.));
#9291 = PLANE('',#9292);
#9292 = AXIS2_PLACEMENT_3D('',#9293,#9294,#9295);
#9293 = CARTESIAN_POINT('',(-0.24,-18.1,8.46));
#9294 = DIRECTION('',(0.707106781187,1.735167508357E-18,-0.707106781187)
  );
#9295 = DIRECTION('',(-1.226948711654E-18,1.,1.226948711654E-18));
#9296 = ADVANCED_FACE('',(#9297),#9315,.F.);
#9297 = FACE_BOUND('',#9298,.T.);
#9298 = EDGE_LOOP('',(#9299,#9300,#9301,#9309));
#9299 = ORIENTED_EDGE('',*,*,#9276,.F.);
#9300 = ORIENTED_EDGE('',*,*,#5470,.T.);
#9301 = ORIENTED_EDGE('',*,*,#9302,.T.);
#9302 = EDGE_CURVE('',#5461,#9303,#9305,.T.);
#9303 = VERTEX_POINT('',#9304);
#9304 = CARTESIAN_POINT('',(0.16,-17.94,8.54));
#9305 = LINE('',#9306,#9307);
#9306 = CARTESIAN_POINT('',(0.16,-17.94,8.54));
#9307 = VECTOR('',#9308,1.);
#9308 = DIRECTION('',(-0.57735026919,0.57735026919,0.57735026919));
#9309 = ORIENTED_EDGE('',*,*,#9310,.F.);
#9310 = EDGE_CURVE('',#9277,#9303,#9311,.T.);
#9311 = LINE('',#9312,#9313);
#9312 = CARTESIAN_POINT('',(-0.32,-17.94,8.54));
#9313 = VECTOR('',#9314,1.);
#9314 = DIRECTION('',(1.,0.,0.));
#9315 = PLANE('',#9316);
#9316 = AXIS2_PLACEMENT_3D('',#9317,#9318,#9319);
#9317 = CARTESIAN_POINT('',(-0.32,-18.02,8.46));
#9318 = DIRECTION('',(-1.735167508357E-18,0.707106781187,-0.707106781187
    ));
#9319 = DIRECTION('',(-1.,-1.226948711654E-18,1.226948711654E-18));
#9320 = ADVANCED_FACE('',(#9321),#9332,.T.);
#9321 = FACE_BOUND('',#9322,.T.);
#9322 = EDGE_LOOP('',(#9323,#9324,#9325,#9326));
#9323 = ORIENTED_EDGE('',*,*,#9302,.F.);
#9324 = ORIENTED_EDGE('',*,*,#5487,.T.);
#9325 = ORIENTED_EDGE('',*,*,#9254,.T.);
#9326 = ORIENTED_EDGE('',*,*,#9327,.F.);
#9327 = EDGE_CURVE('',#9303,#9255,#9328,.T.);
#9328 = LINE('',#9329,#9330);
#9329 = CARTESIAN_POINT('',(0.16,-18.1,8.54));
#9330 = VECTOR('',#9331,1.);
#9331 = DIRECTION('',(0.,1.,0.));
#9332 = PLANE('',#9333);
#9333 = AXIS2_PLACEMENT_3D('',#9334,#9335,#9336);
#9334 = CARTESIAN_POINT('',(0.24,-18.1,8.46));
#9335 = DIRECTION('',(0.707106781187,-1.735167508357E-18,0.707106781187)
  );
#9336 = DIRECTION('',(1.226948711654E-18,1.,1.226948711654E-18));
#9337 = ADVANCED_FACE('',(#9338),#9363,.F.);
#9338 = FACE_BOUND('',#9339,.T.);
#9339 = EDGE_LOOP('',(#9340,#9348,#9349,#9357));
#9340 = ORIENTED_EDGE('',*,*,#9341,.F.);
#9341 = EDGE_CURVE('',#5511,#9342,#9344,.T.);
#9342 = VERTEX_POINT('',#9343);
#9343 = CARTESIAN_POINT('',(2.38,-17.94,8.54));
#9344 = LINE('',#9345,#9346);
#9345 = CARTESIAN_POINT('',(2.273333333333,-18.04666666666,
    8.433333333333));
#9346 = VECTOR('',#9347,1.);
#9347 = DIRECTION('',(0.57735026919,0.57735026919,0.57735026919));
#9348 = ORIENTED_EDGE('',*,*,#5518,.T.);
#9349 = ORIENTED_EDGE('',*,*,#9350,.T.);
#9350 = EDGE_CURVE('',#5502,#9351,#9353,.T.);
#9351 = VERTEX_POINT('',#9352);
#9352 = CARTESIAN_POINT('',(2.7,-17.94,8.54));
#9353 = LINE('',#9354,#9355);
#9354 = CARTESIAN_POINT('',(2.7,-17.94,8.54));
#9355 = VECTOR('',#9356,1.);
#9356 = DIRECTION('',(-0.57735026919,0.57735026919,0.57735026919));
#9357 = ORIENTED_EDGE('',*,*,#9358,.F.);
#9358 = EDGE_CURVE('',#9342,#9351,#9359,.T.);
#9359 = LINE('',#9360,#9361);
#9360 = CARTESIAN_POINT('',(2.22,-17.94,8.54));
#9361 = VECTOR('',#9362,1.);
#9362 = DIRECTION('',(1.,0.,0.));
#9363 = PLANE('',#9364);
#9364 = AXIS2_PLACEMENT_3D('',#9365,#9366,#9367);
#9365 = CARTESIAN_POINT('',(2.22,-18.02,8.46));
#9366 = DIRECTION('',(-1.735167508357E-18,0.707106781187,-0.707106781187
    ));
#9367 = DIRECTION('',(-1.,-1.226948711654E-18,1.226948711654E-18));
#9368 = ADVANCED_FACE('',(#9369),#9387,.T.);
#9369 = FACE_BOUND('',#9370,.T.);
#9370 = EDGE_LOOP('',(#9371,#9372,#9373,#9381));
#9371 = ORIENTED_EDGE('',*,*,#9350,.F.);
#9372 = ORIENTED_EDGE('',*,*,#5542,.T.);
#9373 = ORIENTED_EDGE('',*,*,#9374,.T.);
#9374 = EDGE_CURVE('',#5535,#9375,#9377,.T.);
#9375 = VERTEX_POINT('',#9376);
#9376 = CARTESIAN_POINT('',(2.7,-17.62,8.54));
#9377 = LINE('',#9378,#9379);
#9378 = CARTESIAN_POINT('',(2.593333333333,-17.72666666666,
    8.646666666667));
#9379 = VECTOR('',#9380,1.);
#9380 = DIRECTION('',(-0.57735026919,-0.57735026919,0.57735026919));
#9381 = ORIENTED_EDGE('',*,*,#9382,.F.);
#9382 = EDGE_CURVE('',#9351,#9375,#9383,.T.);
#9383 = LINE('',#9384,#9385);
#9384 = CARTESIAN_POINT('',(2.7,-18.1,8.54));
#9385 = VECTOR('',#9386,1.);
#9386 = DIRECTION('',(0.,1.,0.));
#9387 = PLANE('',#9388);
#9388 = AXIS2_PLACEMENT_3D('',#9389,#9390,#9391);
#9389 = CARTESIAN_POINT('',(2.78,-18.1,8.46));
#9390 = DIRECTION('',(0.707106781187,-1.735167508357E-18,0.707106781187)
  );
#9391 = DIRECTION('',(1.226948711654E-18,1.,1.226948711654E-18));
#9392 = ADVANCED_FACE('',(#9393),#9411,.T.);
#9393 = FACE_BOUND('',#9394,.F.);
#9394 = EDGE_LOOP('',(#9395,#9403,#9404,#9405));
#9395 = ORIENTED_EDGE('',*,*,#9396,.F.);
#9396 = EDGE_CURVE('',#5559,#9397,#9399,.T.);
#9397 = VERTEX_POINT('',#9398);
#9398 = CARTESIAN_POINT('',(2.38,-17.62,8.54));
#9399 = LINE('',#9400,#9401);
#9400 = CARTESIAN_POINT('',(2.38,-17.62,8.54));
#9401 = VECTOR('',#9402,1.);
#9402 = DIRECTION('',(0.57735026919,-0.57735026919,0.57735026919));
#9403 = ORIENTED_EDGE('',*,*,#5566,.T.);
#9404 = ORIENTED_EDGE('',*,*,#9374,.T.);
#9405 = ORIENTED_EDGE('',*,*,#9406,.F.);
#9406 = EDGE_CURVE('',#9397,#9375,#9407,.T.);
#9407 = LINE('',#9408,#9409);
#9408 = CARTESIAN_POINT('',(2.22,-17.62,8.54));
#9409 = VECTOR('',#9410,1.);
#9410 = DIRECTION('',(1.,0.,0.));
#9411 = PLANE('',#9412);
#9412 = AXIS2_PLACEMENT_3D('',#9413,#9414,#9415);
#9413 = CARTESIAN_POINT('',(2.22,-17.54,8.46));
#9414 = DIRECTION('',(1.735167508357E-18,0.707106781187,0.707106781187)
  );
#9415 = DIRECTION('',(-1.,1.226948711654E-18,1.226948711654E-18));
#9416 = ADVANCED_FACE('',(#9417),#9428,.F.);
#9417 = FACE_BOUND('',#9418,.F.);
#9418 = EDGE_LOOP('',(#9419,#9420,#9421,#9422));
#9419 = ORIENTED_EDGE('',*,*,#9341,.F.);
#9420 = ORIENTED_EDGE('',*,*,#5583,.T.);
#9421 = ORIENTED_EDGE('',*,*,#9396,.T.);
#9422 = ORIENTED_EDGE('',*,*,#9423,.F.);
#9423 = EDGE_CURVE('',#9342,#9397,#9424,.T.);
#9424 = LINE('',#9425,#9426);
#9425 = CARTESIAN_POINT('',(2.38,-18.1,8.54));
#9426 = VECTOR('',#9427,1.);
#9427 = DIRECTION('',(0.,1.,0.));
#9428 = PLANE('',#9429);
#9429 = AXIS2_PLACEMENT_3D('',#9430,#9431,#9432);
#9430 = CARTESIAN_POINT('',(2.3,-18.1,8.46));
#9431 = DIRECTION('',(0.707106781187,1.735167508357E-18,-0.707106781187)
  );
#9432 = DIRECTION('',(-1.226948711654E-18,1.,1.226948711654E-18));
#9433 = ADVANCED_FACE('',(#9434),#9459,.T.);
#9434 = FACE_BOUND('',#9435,.T.);
#9435 = EDGE_LOOP('',(#9436,#9444,#9445,#9453));
#9436 = ORIENTED_EDGE('',*,*,#9437,.F.);
#9437 = EDGE_CURVE('',#5598,#9438,#9440,.T.);
#9438 = VERTEX_POINT('',#9439);
#9439 = CARTESIAN_POINT('',(0.16,-15.4,8.54));
#9440 = LINE('',#9441,#9442);
#9441 = CARTESIAN_POINT('',(0.16,-15.4,8.54));
#9442 = VECTOR('',#9443,1.);
#9443 = DIRECTION('',(-0.57735026919,0.57735026919,0.57735026919));
#9444 = ORIENTED_EDGE('',*,*,#5614,.T.);
#9445 = ORIENTED_EDGE('',*,*,#9446,.T.);
#9446 = EDGE_CURVE('',#5607,#9447,#9449,.T.);
#9447 = VERTEX_POINT('',#9448);
#9448 = CARTESIAN_POINT('',(0.16,-15.08,8.54));
#9449 = LINE('',#9450,#9451);
#9450 = CARTESIAN_POINT('',(5.333333333333E-02,-15.18666666666,
    8.646666666667));
#9451 = VECTOR('',#9452,1.);
#9452 = DIRECTION('',(-0.57735026919,-0.57735026919,0.57735026919));
#9453 = ORIENTED_EDGE('',*,*,#9454,.F.);
#9454 = EDGE_CURVE('',#9438,#9447,#9455,.T.);
#9455 = LINE('',#9456,#9457);
#9456 = CARTESIAN_POINT('',(0.16,-15.56,8.54));
#9457 = VECTOR('',#9458,1.);
#9458 = DIRECTION('',(0.,1.,0.));
#9459 = PLANE('',#9460);
#9460 = AXIS2_PLACEMENT_3D('',#9461,#9462,#9463);
#9461 = CARTESIAN_POINT('',(0.24,-15.56,8.46));
#9462 = DIRECTION('',(0.707106781187,-1.735167508357E-18,0.707106781187)
  );
#9463 = DIRECTION('',(1.226948711654E-18,1.,1.226948711654E-18));
#9464 = ADVANCED_FACE('',(#9465),#9483,.T.);
#9465 = FACE_BOUND('',#9466,.F.);
#9466 = EDGE_LOOP('',(#9467,#9475,#9476,#9477));
#9467 = ORIENTED_EDGE('',*,*,#9468,.F.);
#9468 = EDGE_CURVE('',#5631,#9469,#9471,.T.);
#9469 = VERTEX_POINT('',#9470);
#9470 = CARTESIAN_POINT('',(-0.16,-15.08,8.54));
#9471 = LINE('',#9472,#9473);
#9472 = CARTESIAN_POINT('',(-0.16,-15.08,8.54));
#9473 = VECTOR('',#9474,1.);
#9474 = DIRECTION('',(0.57735026919,-0.57735026919,0.57735026919));
#9475 = ORIENTED_EDGE('',*,*,#5638,.T.);
#9476 = ORIENTED_EDGE('',*,*,#9446,.T.);
#9477 = ORIENTED_EDGE('',*,*,#9478,.F.);
#9478 = EDGE_CURVE('',#9469,#9447,#9479,.T.);
#9479 = LINE('',#9480,#9481);
#9480 = CARTESIAN_POINT('',(-0.32,-15.08,8.54));
#9481 = VECTOR('',#9482,1.);
#9482 = DIRECTION('',(1.,0.,0.));
#9483 = PLANE('',#9484);
#9484 = AXIS2_PLACEMENT_3D('',#9485,#9486,#9487);
#9485 = CARTESIAN_POINT('',(-0.32,-15.,8.46));
#9486 = DIRECTION('',(1.735167508357E-18,0.707106781187,0.707106781187)
  );
#9487 = DIRECTION('',(-1.,1.226948711654E-18,1.226948711654E-18));
#9488 = ADVANCED_FACE('',(#9489),#9507,.F.);
#9489 = FACE_BOUND('',#9490,.F.);
#9490 = EDGE_LOOP('',(#9491,#9499,#9500,#9501));
#9491 = ORIENTED_EDGE('',*,*,#9492,.F.);
#9492 = EDGE_CURVE('',#5653,#9493,#9495,.T.);
#9493 = VERTEX_POINT('',#9494);
#9494 = CARTESIAN_POINT('',(-0.16,-15.4,8.54));
#9495 = LINE('',#9496,#9497);
#9496 = CARTESIAN_POINT('',(-0.266666666667,-15.50666666666,
    8.433333333333));
#9497 = VECTOR('',#9498,1.);
#9498 = DIRECTION('',(0.57735026919,0.57735026919,0.57735026919));
#9499 = ORIENTED_EDGE('',*,*,#5662,.T.);
#9500 = ORIENTED_EDGE('',*,*,#9468,.T.);
#9501 = ORIENTED_EDGE('',*,*,#9502,.F.);
#9502 = EDGE_CURVE('',#9493,#9469,#9503,.T.);
#9503 = LINE('',#9504,#9505);
#9504 = CARTESIAN_POINT('',(-0.16,-15.56,8.54));
#9505 = VECTOR('',#9506,1.);
#9506 = DIRECTION('',(0.,1.,0.));
#9507 = PLANE('',#9508);
#9508 = AXIS2_PLACEMENT_3D('',#9509,#9510,#9511);
#9509 = CARTESIAN_POINT('',(-0.24,-15.56,8.46));
#9510 = DIRECTION('',(0.707106781187,1.735167508357E-18,-0.707106781187)
  );
#9511 = DIRECTION('',(-1.226948711654E-18,1.,1.226948711654E-18));
#9512 = ADVANCED_FACE('',(#9513),#9524,.F.);
#9513 = FACE_BOUND('',#9514,.T.);
#9514 = EDGE_LOOP('',(#9515,#9516,#9517,#9518));
#9515 = ORIENTED_EDGE('',*,*,#9492,.F.);
#9516 = ORIENTED_EDGE('',*,*,#5679,.T.);
#9517 = ORIENTED_EDGE('',*,*,#9437,.T.);
#9518 = ORIENTED_EDGE('',*,*,#9519,.F.);
#9519 = EDGE_CURVE('',#9493,#9438,#9520,.T.);
#9520 = LINE('',#9521,#9522);
#9521 = CARTESIAN_POINT('',(-0.32,-15.4,8.54));
#9522 = VECTOR('',#9523,1.);
#9523 = DIRECTION('',(1.,0.,0.));
#9524 = PLANE('',#9525);
#9525 = AXIS2_PLACEMENT_3D('',#9526,#9527,#9528);
#9526 = CARTESIAN_POINT('',(-0.32,-15.48,8.46));
#9527 = DIRECTION('',(-1.735167508357E-18,0.707106781187,-0.707106781187
    ));
#9528 = DIRECTION('',(-1.,-1.226948711654E-18,1.226948711654E-18));
#9529 = ADVANCED_FACE('',(#9530),#9555,.F.);
#9530 = FACE_BOUND('',#9531,.T.);
#9531 = EDGE_LOOP('',(#9532,#9540,#9541,#9549));
#9532 = ORIENTED_EDGE('',*,*,#9533,.F.);
#9533 = EDGE_CURVE('',#5703,#9534,#9536,.T.);
#9534 = VERTEX_POINT('',#9535);
#9535 = CARTESIAN_POINT('',(2.38,-15.4,8.54));
#9536 = LINE('',#9537,#9538);
#9537 = CARTESIAN_POINT('',(2.273333333333,-15.50666666666,
    8.433333333333));
#9538 = VECTOR('',#9539,1.);
#9539 = DIRECTION('',(0.57735026919,0.57735026919,0.57735026919));
#9540 = ORIENTED_EDGE('',*,*,#5710,.T.);
#9541 = ORIENTED_EDGE('',*,*,#9542,.T.);
#9542 = EDGE_CURVE('',#5694,#9543,#9545,.T.);
#9543 = VERTEX_POINT('',#9544);
#9544 = CARTESIAN_POINT('',(2.7,-15.4,8.54));
#9545 = LINE('',#9546,#9547);
#9546 = CARTESIAN_POINT('',(2.7,-15.4,8.54));
#9547 = VECTOR('',#9548,1.);
#9548 = DIRECTION('',(-0.57735026919,0.57735026919,0.57735026919));
#9549 = ORIENTED_EDGE('',*,*,#9550,.F.);
#9550 = EDGE_CURVE('',#9534,#9543,#9551,.T.);
#9551 = LINE('',#9552,#9553);
#9552 = CARTESIAN_POINT('',(2.22,-15.4,8.54));
#9553 = VECTOR('',#9554,1.);
#9554 = DIRECTION('',(1.,0.,0.));
#9555 = PLANE('',#9556);
#9556 = AXIS2_PLACEMENT_3D('',#9557,#9558,#9559);
#9557 = CARTESIAN_POINT('',(2.22,-15.48,8.46));
#9558 = DIRECTION('',(-1.735167508357E-18,0.707106781187,-0.707106781187
    ));
#9559 = DIRECTION('',(-1.,-1.226948711654E-18,1.226948711654E-18));
#9560 = ADVANCED_FACE('',(#9561),#9579,.T.);
#9561 = FACE_BOUND('',#9562,.T.);
#9562 = EDGE_LOOP('',(#9563,#9564,#9565,#9573));
#9563 = ORIENTED_EDGE('',*,*,#9542,.F.);
#9564 = ORIENTED_EDGE('',*,*,#5734,.T.);
#9565 = ORIENTED_EDGE('',*,*,#9566,.T.);
#9566 = EDGE_CURVE('',#5727,#9567,#9569,.T.);
#9567 = VERTEX_POINT('',#9568);
#9568 = CARTESIAN_POINT('',(2.7,-15.08,8.54));
#9569 = LINE('',#9570,#9571);
#9570 = CARTESIAN_POINT('',(2.593333333333,-15.18666666666,
    8.646666666667));
#9571 = VECTOR('',#9572,1.);
#9572 = DIRECTION('',(-0.57735026919,-0.57735026919,0.57735026919));
#9573 = ORIENTED_EDGE('',*,*,#9574,.F.);
#9574 = EDGE_CURVE('',#9543,#9567,#9575,.T.);
#9575 = LINE('',#9576,#9577);
#9576 = CARTESIAN_POINT('',(2.7,-15.56,8.54));
#9577 = VECTOR('',#9578,1.);
#9578 = DIRECTION('',(0.,1.,0.));
#9579 = PLANE('',#9580);
#9580 = AXIS2_PLACEMENT_3D('',#9581,#9582,#9583);
#9581 = CARTESIAN_POINT('',(2.78,-15.56,8.46));
#9582 = DIRECTION('',(0.707106781187,-1.735167508357E-18,0.707106781187)
  );
#9583 = DIRECTION('',(1.226948711654E-18,1.,1.226948711654E-18));
#9584 = ADVANCED_FACE('',(#9585),#9603,.T.);
#9585 = FACE_BOUND('',#9586,.F.);
#9586 = EDGE_LOOP('',(#9587,#9595,#9596,#9597));
#9587 = ORIENTED_EDGE('',*,*,#9588,.F.);
#9588 = EDGE_CURVE('',#5751,#9589,#9591,.T.);
#9589 = VERTEX_POINT('',#9590);
#9590 = CARTESIAN_POINT('',(2.38,-15.08,8.54));
#9591 = LINE('',#9592,#9593);
#9592 = CARTESIAN_POINT('',(2.38,-15.08,8.54));
#9593 = VECTOR('',#9594,1.);
#9594 = DIRECTION('',(0.57735026919,-0.57735026919,0.57735026919));
#9595 = ORIENTED_EDGE('',*,*,#5758,.T.);
#9596 = ORIENTED_EDGE('',*,*,#9566,.T.);
#9597 = ORIENTED_EDGE('',*,*,#9598,.F.);
#9598 = EDGE_CURVE('',#9589,#9567,#9599,.T.);
#9599 = LINE('',#9600,#9601);
#9600 = CARTESIAN_POINT('',(2.22,-15.08,8.54));
#9601 = VECTOR('',#9602,1.);
#9602 = DIRECTION('',(1.,0.,0.));
#9603 = PLANE('',#9604);
#9604 = AXIS2_PLACEMENT_3D('',#9605,#9606,#9607);
#9605 = CARTESIAN_POINT('',(2.22,-15.,8.46));
#9606 = DIRECTION('',(1.735167508357E-18,0.707106781187,0.707106781187)
  );
#9607 = DIRECTION('',(-1.,1.226948711654E-18,1.226948711654E-18));
#9608 = ADVANCED_FACE('',(#9609),#9620,.F.);
#9609 = FACE_BOUND('',#9610,.F.);
#9610 = EDGE_LOOP('',(#9611,#9612,#9613,#9614));
#9611 = ORIENTED_EDGE('',*,*,#9533,.F.);
#9612 = ORIENTED_EDGE('',*,*,#5775,.T.);
#9613 = ORIENTED_EDGE('',*,*,#9588,.T.);
#9614 = ORIENTED_EDGE('',*,*,#9615,.F.);
#9615 = EDGE_CURVE('',#9534,#9589,#9616,.T.);
#9616 = LINE('',#9617,#9618);
#9617 = CARTESIAN_POINT('',(2.38,-15.56,8.54));
#9618 = VECTOR('',#9619,1.);
#9619 = DIRECTION('',(0.,1.,0.));
#9620 = PLANE('',#9621);
#9621 = AXIS2_PLACEMENT_3D('',#9622,#9623,#9624);
#9622 = CARTESIAN_POINT('',(2.3,-15.56,8.46));
#9623 = DIRECTION('',(0.707106781187,1.735167508357E-18,-0.707106781187)
  );
#9624 = DIRECTION('',(-1.226948711654E-18,1.,1.226948711654E-18));
#9625 = ADVANCED_FACE('',(#9626),#9651,.T.);
#9626 = FACE_BOUND('',#9627,.F.);
#9627 = EDGE_LOOP('',(#9628,#9636,#9637,#9645));
#9628 = ORIENTED_EDGE('',*,*,#9629,.F.);
#9629 = EDGE_CURVE('',#5799,#9630,#9632,.T.);
#9630 = VERTEX_POINT('',#9631);
#9631 = CARTESIAN_POINT('',(-0.16,-10.,8.54));
#9632 = LINE('',#9633,#9634);
#9633 = CARTESIAN_POINT('',(-0.16,-10.,8.54));
#9634 = VECTOR('',#9635,1.);
#9635 = DIRECTION('',(0.57735026919,-0.57735026919,0.57735026919));
#9636 = ORIENTED_EDGE('',*,*,#5806,.T.);
#9637 = ORIENTED_EDGE('',*,*,#9638,.T.);
#9638 = EDGE_CURVE('',#5790,#9639,#9641,.T.);
#9639 = VERTEX_POINT('',#9640);
#9640 = CARTESIAN_POINT('',(0.16,-10.,8.54));
#9641 = LINE('',#9642,#9643);
#9642 = CARTESIAN_POINT('',(5.333333333333E-02,-10.10666666666,
    8.646666666667));
#9643 = VECTOR('',#9644,1.);
#9644 = DIRECTION('',(-0.57735026919,-0.57735026919,0.57735026919));
#9645 = ORIENTED_EDGE('',*,*,#9646,.F.);
#9646 = EDGE_CURVE('',#9630,#9639,#9647,.T.);
#9647 = LINE('',#9648,#9649);
#9648 = CARTESIAN_POINT('',(-0.32,-10.,8.54));
#9649 = VECTOR('',#9650,1.);
#9650 = DIRECTION('',(1.,0.,0.));
#9651 = PLANE('',#9652);
#9652 = AXIS2_PLACEMENT_3D('',#9653,#9654,#9655);
#9653 = CARTESIAN_POINT('',(-0.32,-9.92,8.46));
#9654 = DIRECTION('',(1.735167508357E-18,0.707106781187,0.707106781187)
  );
#9655 = DIRECTION('',(-1.,1.226948711654E-18,1.226948711654E-18));
#9656 = ADVANCED_FACE('',(#9657),#9675,.F.);
#9657 = FACE_BOUND('',#9658,.F.);
#9658 = EDGE_LOOP('',(#9659,#9667,#9668,#9669));
#9659 = ORIENTED_EDGE('',*,*,#9660,.F.);
#9660 = EDGE_CURVE('',#5821,#9661,#9663,.T.);
#9661 = VERTEX_POINT('',#9662);
#9662 = CARTESIAN_POINT('',(-0.16,-10.32,8.54));
#9663 = LINE('',#9664,#9665);
#9664 = CARTESIAN_POINT('',(-0.266666666667,-10.42666666666,
    8.433333333333));
#9665 = VECTOR('',#9666,1.);
#9666 = DIRECTION('',(0.57735026919,0.57735026919,0.57735026919));
#9667 = ORIENTED_EDGE('',*,*,#5830,.T.);
#9668 = ORIENTED_EDGE('',*,*,#9629,.T.);
#9669 = ORIENTED_EDGE('',*,*,#9670,.F.);
#9670 = EDGE_CURVE('',#9661,#9630,#9671,.T.);
#9671 = LINE('',#9672,#9673);
#9672 = CARTESIAN_POINT('',(-0.16,-10.48,8.54));
#9673 = VECTOR('',#9674,1.);
#9674 = DIRECTION('',(0.,1.,0.));
#9675 = PLANE('',#9676);
#9676 = AXIS2_PLACEMENT_3D('',#9677,#9678,#9679);
#9677 = CARTESIAN_POINT('',(-0.24,-10.48,8.46));
#9678 = DIRECTION('',(0.707106781187,1.735167508357E-18,-0.707106781187)
  );
#9679 = DIRECTION('',(-1.226948711654E-18,1.,1.226948711654E-18));
#9680 = ADVANCED_FACE('',(#9681),#9699,.F.);
#9681 = FACE_BOUND('',#9682,.T.);
#9682 = EDGE_LOOP('',(#9683,#9684,#9685,#9693));
#9683 = ORIENTED_EDGE('',*,*,#9660,.F.);
#9684 = ORIENTED_EDGE('',*,*,#5854,.T.);
#9685 = ORIENTED_EDGE('',*,*,#9686,.T.);
#9686 = EDGE_CURVE('',#5845,#9687,#9689,.T.);
#9687 = VERTEX_POINT('',#9688);
#9688 = CARTESIAN_POINT('',(0.16,-10.32,8.54));
#9689 = LINE('',#9690,#9691);
#9690 = CARTESIAN_POINT('',(0.16,-10.32,8.54));
#9691 = VECTOR('',#9692,1.);
#9692 = DIRECTION('',(-0.57735026919,0.57735026919,0.57735026919));
#9693 = ORIENTED_EDGE('',*,*,#9694,.F.);
#9694 = EDGE_CURVE('',#9661,#9687,#9695,.T.);
#9695 = LINE('',#9696,#9697);
#9696 = CARTESIAN_POINT('',(-0.32,-10.32,8.54));
#9697 = VECTOR('',#9698,1.);
#9698 = DIRECTION('',(1.,0.,0.));
#9699 = PLANE('',#9700);
#9700 = AXIS2_PLACEMENT_3D('',#9701,#9702,#9703);
#9701 = CARTESIAN_POINT('',(-0.32,-10.4,8.46));
#9702 = DIRECTION('',(-1.735167508357E-18,0.707106781187,-0.707106781187
    ));
#9703 = DIRECTION('',(-1.,-1.226948711654E-18,1.226948711654E-18));
#9704 = ADVANCED_FACE('',(#9705),#9716,.T.);
#9705 = FACE_BOUND('',#9706,.T.);
#9706 = EDGE_LOOP('',(#9707,#9708,#9709,#9710));
#9707 = ORIENTED_EDGE('',*,*,#9686,.F.);
#9708 = ORIENTED_EDGE('',*,*,#5871,.T.);
#9709 = ORIENTED_EDGE('',*,*,#9638,.T.);
#9710 = ORIENTED_EDGE('',*,*,#9711,.F.);
#9711 = EDGE_CURVE('',#9687,#9639,#9712,.T.);
#9712 = LINE('',#9713,#9714);
#9713 = CARTESIAN_POINT('',(0.16,-10.48,8.54));
#9714 = VECTOR('',#9715,1.);
#9715 = DIRECTION('',(0.,1.,0.));
#9716 = PLANE('',#9717);
#9717 = AXIS2_PLACEMENT_3D('',#9718,#9719,#9720);
#9718 = CARTESIAN_POINT('',(0.24,-10.48,8.46));
#9719 = DIRECTION('',(0.707106781187,-1.735167508357E-18,0.707106781187)
  );
#9720 = DIRECTION('',(1.226948711654E-18,1.,1.226948711654E-18));
#9721 = ADVANCED_FACE('',(#9722),#9747,.T.);
#9722 = FACE_BOUND('',#9723,.F.);
#9723 = EDGE_LOOP('',(#9724,#9732,#9733,#9741));
#9724 = ORIENTED_EDGE('',*,*,#9725,.F.);
#9725 = EDGE_CURVE('',#5895,#9726,#9728,.T.);
#9726 = VERTEX_POINT('',#9727);
#9727 = CARTESIAN_POINT('',(2.38,-10.,8.54));
#9728 = LINE('',#9729,#9730);
#9729 = CARTESIAN_POINT('',(2.38,-10.,8.54));
#9730 = VECTOR('',#9731,1.);
#9731 = DIRECTION('',(0.57735026919,-0.57735026919,0.57735026919));
#9732 = ORIENTED_EDGE('',*,*,#5902,.T.);
#9733 = ORIENTED_EDGE('',*,*,#9734,.T.);
#9734 = EDGE_CURVE('',#5886,#9735,#9737,.T.);
#9735 = VERTEX_POINT('',#9736);
#9736 = CARTESIAN_POINT('',(2.7,-10.,8.54));
#9737 = LINE('',#9738,#9739);
#9738 = CARTESIAN_POINT('',(2.593333333333,-10.10666666666,
    8.646666666667));
#9739 = VECTOR('',#9740,1.);
#9740 = DIRECTION('',(-0.57735026919,-0.57735026919,0.57735026919));
#9741 = ORIENTED_EDGE('',*,*,#9742,.F.);
#9742 = EDGE_CURVE('',#9726,#9735,#9743,.T.);
#9743 = LINE('',#9744,#9745);
#9744 = CARTESIAN_POINT('',(2.22,-10.,8.54));
#9745 = VECTOR('',#9746,1.);
#9746 = DIRECTION('',(1.,0.,0.));
#9747 = PLANE('',#9748);
#9748 = AXIS2_PLACEMENT_3D('',#9749,#9750,#9751);
#9749 = CARTESIAN_POINT('',(2.22,-9.92,8.46));
#9750 = DIRECTION('',(1.735167508357E-18,0.707106781187,0.707106781187)
  );
#9751 = DIRECTION('',(-1.,1.226948711654E-18,1.226948711654E-18));
#9752 = ADVANCED_FACE('',(#9753),#9771,.F.);
#9753 = FACE_BOUND('',#9754,.F.);
#9754 = EDGE_LOOP('',(#9755,#9763,#9764,#9765));
#9755 = ORIENTED_EDGE('',*,*,#9756,.F.);
#9756 = EDGE_CURVE('',#5917,#9757,#9759,.T.);
#9757 = VERTEX_POINT('',#9758);
#9758 = CARTESIAN_POINT('',(2.38,-10.32,8.54));
#9759 = LINE('',#9760,#9761);
#9760 = CARTESIAN_POINT('',(2.273333333333,-10.42666666666,
    8.433333333333));
#9761 = VECTOR('',#9762,1.);
#9762 = DIRECTION('',(0.57735026919,0.57735026919,0.57735026919));
#9763 = ORIENTED_EDGE('',*,*,#5926,.T.);
#9764 = ORIENTED_EDGE('',*,*,#9725,.T.);
#9765 = ORIENTED_EDGE('',*,*,#9766,.F.);
#9766 = EDGE_CURVE('',#9757,#9726,#9767,.T.);
#9767 = LINE('',#9768,#9769);
#9768 = CARTESIAN_POINT('',(2.38,-10.48,8.54));
#9769 = VECTOR('',#9770,1.);
#9770 = DIRECTION('',(0.,1.,0.));
#9771 = PLANE('',#9772);
#9772 = AXIS2_PLACEMENT_3D('',#9773,#9774,#9775);
#9773 = CARTESIAN_POINT('',(2.3,-10.48,8.46));
#9774 = DIRECTION('',(0.707106781187,1.735167508357E-18,-0.707106781187)
  );
#9775 = DIRECTION('',(-1.226948711654E-18,1.,1.226948711654E-18));
#9776 = ADVANCED_FACE('',(#9777),#9795,.F.);
#9777 = FACE_BOUND('',#9778,.T.);
#9778 = EDGE_LOOP('',(#9779,#9780,#9781,#9789));
#9779 = ORIENTED_EDGE('',*,*,#9756,.F.);
#9780 = ORIENTED_EDGE('',*,*,#5950,.T.);
#9781 = ORIENTED_EDGE('',*,*,#9782,.T.);
#9782 = EDGE_CURVE('',#5941,#9783,#9785,.T.);
#9783 = VERTEX_POINT('',#9784);
#9784 = CARTESIAN_POINT('',(2.7,-10.32,8.54));
#9785 = LINE('',#9786,#9787);
#9786 = CARTESIAN_POINT('',(2.7,-10.32,8.54));
#9787 = VECTOR('',#9788,1.);
#9788 = DIRECTION('',(-0.57735026919,0.57735026919,0.57735026919));
#9789 = ORIENTED_EDGE('',*,*,#9790,.F.);
#9790 = EDGE_CURVE('',#9757,#9783,#9791,.T.);
#9791 = LINE('',#9792,#9793);
#9792 = CARTESIAN_POINT('',(2.22,-10.32,8.54));
#9793 = VECTOR('',#9794,1.);
#9794 = DIRECTION('',(1.,0.,0.));
#9795 = PLANE('',#9796);
#9796 = AXIS2_PLACEMENT_3D('',#9797,#9798,#9799);
#9797 = CARTESIAN_POINT('',(2.22,-10.4,8.46));
#9798 = DIRECTION('',(-1.735167508357E-18,0.707106781187,-0.707106781187
    ));
#9799 = DIRECTION('',(-1.,-1.226948711654E-18,1.226948711654E-18));
#9800 = ADVANCED_FACE('',(#9801),#9812,.T.);
#9801 = FACE_BOUND('',#9802,.T.);
#9802 = EDGE_LOOP('',(#9803,#9804,#9805,#9806));
#9803 = ORIENTED_EDGE('',*,*,#9782,.F.);
#9804 = ORIENTED_EDGE('',*,*,#5967,.T.);
#9805 = ORIENTED_EDGE('',*,*,#9734,.T.);
#9806 = ORIENTED_EDGE('',*,*,#9807,.F.);
#9807 = EDGE_CURVE('',#9783,#9735,#9808,.T.);
#9808 = LINE('',#9809,#9810);
#9809 = CARTESIAN_POINT('',(2.7,-10.48,8.54));
#9810 = VECTOR('',#9811,1.);
#9811 = DIRECTION('',(0.,1.,0.));
#9812 = PLANE('',#9813);
#9813 = AXIS2_PLACEMENT_3D('',#9814,#9815,#9816);
#9814 = CARTESIAN_POINT('',(2.78,-10.48,8.46));
#9815 = DIRECTION('',(0.707106781187,-1.735167508357E-18,0.707106781187)
  );
#9816 = DIRECTION('',(1.226948711654E-18,1.,1.226948711654E-18));
#9817 = ADVANCED_FACE('',(#9818),#9843,.T.);
#9818 = FACE_BOUND('',#9819,.T.);
#9819 = EDGE_LOOP('',(#9820,#9828,#9829,#9837));
#9820 = ORIENTED_EDGE('',*,*,#9821,.F.);
#9821 = EDGE_CURVE('',#5982,#9822,#9824,.T.);
#9822 = VERTEX_POINT('',#9823);
#9823 = CARTESIAN_POINT('',(2.7,-12.86,8.54));
#9824 = LINE('',#9825,#9826);
#9825 = CARTESIAN_POINT('',(2.7,-12.86,8.54));
#9826 = VECTOR('',#9827,1.);
#9827 = DIRECTION('',(-0.57735026919,0.57735026919,0.57735026919));
#9828 = ORIENTED_EDGE('',*,*,#5998,.T.);
#9829 = ORIENTED_EDGE('',*,*,#9830,.T.);
#9830 = EDGE_CURVE('',#5991,#9831,#9833,.T.);
#9831 = VERTEX_POINT('',#9832);
#9832 = CARTESIAN_POINT('',(2.7,-12.54,8.54));
#9833 = LINE('',#9834,#9835);
#9834 = CARTESIAN_POINT('',(2.593333333333,-12.64666666666,
    8.646666666667));
#9835 = VECTOR('',#9836,1.);
#9836 = DIRECTION('',(-0.57735026919,-0.57735026919,0.57735026919));
#9837 = ORIENTED_EDGE('',*,*,#9838,.F.);
#9838 = EDGE_CURVE('',#9822,#9831,#9839,.T.);
#9839 = LINE('',#9840,#9841);
#9840 = CARTESIAN_POINT('',(2.7,-13.02,8.54));
#9841 = VECTOR('',#9842,1.);
#9842 = DIRECTION('',(0.,1.,0.));
#9843 = PLANE('',#9844);
#9844 = AXIS2_PLACEMENT_3D('',#9845,#9846,#9847);
#9845 = CARTESIAN_POINT('',(2.78,-13.02,8.46));
#9846 = DIRECTION('',(0.707106781187,-1.735167508357E-18,0.707106781187)
  );
#9847 = DIRECTION('',(1.226948711654E-18,1.,1.226948711654E-18));
#9848 = ADVANCED_FACE('',(#9849),#9867,.T.);
#9849 = FACE_BOUND('',#9850,.F.);
#9850 = EDGE_LOOP('',(#9851,#9859,#9860,#9861));
#9851 = ORIENTED_EDGE('',*,*,#9852,.F.);
#9852 = EDGE_CURVE('',#6015,#9853,#9855,.T.);
#9853 = VERTEX_POINT('',#9854);
#9854 = CARTESIAN_POINT('',(2.38,-12.54,8.54));
#9855 = LINE('',#9856,#9857);
#9856 = CARTESIAN_POINT('',(2.38,-12.54,8.54));
#9857 = VECTOR('',#9858,1.);
#9858 = DIRECTION('',(0.57735026919,-0.57735026919,0.57735026919));
#9859 = ORIENTED_EDGE('',*,*,#6022,.T.);
#9860 = ORIENTED_EDGE('',*,*,#9830,.T.);
#9861 = ORIENTED_EDGE('',*,*,#9862,.F.);
#9862 = EDGE_CURVE('',#9853,#9831,#9863,.T.);
#9863 = LINE('',#9864,#9865);
#9864 = CARTESIAN_POINT('',(2.22,-12.54,8.54));
#9865 = VECTOR('',#9866,1.);
#9866 = DIRECTION('',(1.,0.,0.));
#9867 = PLANE('',#9868);
#9868 = AXIS2_PLACEMENT_3D('',#9869,#9870,#9871);
#9869 = CARTESIAN_POINT('',(2.22,-12.46,8.46));
#9870 = DIRECTION('',(1.735167508357E-18,0.707106781187,0.707106781187)
  );
#9871 = DIRECTION('',(-1.,1.226948711654E-18,1.226948711654E-18));
#9872 = ADVANCED_FACE('',(#9873),#9891,.F.);
#9873 = FACE_BOUND('',#9874,.F.);
#9874 = EDGE_LOOP('',(#9875,#9883,#9884,#9885));
#9875 = ORIENTED_EDGE('',*,*,#9876,.F.);
#9876 = EDGE_CURVE('',#6037,#9877,#9879,.T.);
#9877 = VERTEX_POINT('',#9878);
#9878 = CARTESIAN_POINT('',(2.38,-12.86,8.54));
#9879 = LINE('',#9880,#9881);
#9880 = CARTESIAN_POINT('',(2.273333333333,-12.96666666666,
    8.433333333333));
#9881 = VECTOR('',#9882,1.);
#9882 = DIRECTION('',(0.57735026919,0.57735026919,0.57735026919));
#9883 = ORIENTED_EDGE('',*,*,#6046,.T.);
#9884 = ORIENTED_EDGE('',*,*,#9852,.T.);
#9885 = ORIENTED_EDGE('',*,*,#9886,.F.);
#9886 = EDGE_CURVE('',#9877,#9853,#9887,.T.);
#9887 = LINE('',#9888,#9889);
#9888 = CARTESIAN_POINT('',(2.38,-13.02,8.54));
#9889 = VECTOR('',#9890,1.);
#9890 = DIRECTION('',(0.,1.,0.));
#9891 = PLANE('',#9892);
#9892 = AXIS2_PLACEMENT_3D('',#9893,#9894,#9895);
#9893 = CARTESIAN_POINT('',(2.3,-13.02,8.46));
#9894 = DIRECTION('',(0.707106781187,1.735167508357E-18,-0.707106781187)
  );
#9895 = DIRECTION('',(-1.226948711654E-18,1.,1.226948711654E-18));
#9896 = ADVANCED_FACE('',(#9897),#9908,.F.);
#9897 = FACE_BOUND('',#9898,.T.);
#9898 = EDGE_LOOP('',(#9899,#9900,#9901,#9902));
#9899 = ORIENTED_EDGE('',*,*,#9876,.F.);
#9900 = ORIENTED_EDGE('',*,*,#6063,.T.);
#9901 = ORIENTED_EDGE('',*,*,#9821,.T.);
#9902 = ORIENTED_EDGE('',*,*,#9903,.F.);
#9903 = EDGE_CURVE('',#9877,#9822,#9904,.T.);
#9904 = LINE('',#9905,#9906);
#9905 = CARTESIAN_POINT('',(2.22,-12.86,8.54));
#9906 = VECTOR('',#9907,1.);
#9907 = DIRECTION('',(1.,0.,0.));
#9908 = PLANE('',#9909);
#9909 = AXIS2_PLACEMENT_3D('',#9910,#9911,#9912);
#9910 = CARTESIAN_POINT('',(2.22,-12.94,8.46));
#9911 = DIRECTION('',(-1.735167508357E-18,0.707106781187,-0.707106781187
    ));
#9912 = DIRECTION('',(-1.,-1.226948711654E-18,1.226948711654E-18));
#9913 = ADVANCED_FACE('',(#9914),#9939,.T.);
#9914 = FACE_BOUND('',#9915,.T.);
#9915 = EDGE_LOOP('',(#9916,#9924,#9925,#9933));
#9916 = ORIENTED_EDGE('',*,*,#9917,.F.);
#9917 = EDGE_CURVE('',#6078,#9918,#9920,.T.);
#9918 = VERTEX_POINT('',#9919);
#9919 = CARTESIAN_POINT('',(0.16,-12.86,8.54));
#9920 = LINE('',#9921,#9922);
#9921 = CARTESIAN_POINT('',(0.16,-12.86,8.54));
#9922 = VECTOR('',#9923,1.);
#9923 = DIRECTION('',(-0.57735026919,0.57735026919,0.57735026919));
#9924 = ORIENTED_EDGE('',*,*,#6094,.T.);
#9925 = ORIENTED_EDGE('',*,*,#9926,.T.);
#9926 = EDGE_CURVE('',#6087,#9927,#9929,.T.);
#9927 = VERTEX_POINT('',#9928);
#9928 = CARTESIAN_POINT('',(0.16,-12.54,8.54));
#9929 = LINE('',#9930,#9931);
#9930 = CARTESIAN_POINT('',(5.333333333333E-02,-12.64666666666,
    8.646666666667));
#9931 = VECTOR('',#9932,1.);
#9932 = DIRECTION('',(-0.57735026919,-0.57735026919,0.57735026919));
#9933 = ORIENTED_EDGE('',*,*,#9934,.F.);
#9934 = EDGE_CURVE('',#9918,#9927,#9935,.T.);
#9935 = LINE('',#9936,#9937);
#9936 = CARTESIAN_POINT('',(0.16,-13.02,8.54));
#9937 = VECTOR('',#9938,1.);
#9938 = DIRECTION('',(0.,1.,0.));
#9939 = PLANE('',#9940);
#9940 = AXIS2_PLACEMENT_3D('',#9941,#9942,#9943);
#9941 = CARTESIAN_POINT('',(0.24,-13.02,8.46));
#9942 = DIRECTION('',(0.707106781187,-1.735167508357E-18,0.707106781187)
  );
#9943 = DIRECTION('',(1.226948711654E-18,1.,1.226948711654E-18));
#9944 = ADVANCED_FACE('',(#9945),#9963,.T.);
#9945 = FACE_BOUND('',#9946,.F.);
#9946 = EDGE_LOOP('',(#9947,#9955,#9956,#9957));
#9947 = ORIENTED_EDGE('',*,*,#9948,.F.);
#9948 = EDGE_CURVE('',#6111,#9949,#9951,.T.);
#9949 = VERTEX_POINT('',#9950);
#9950 = CARTESIAN_POINT('',(-0.16,-12.54,8.54));
#9951 = LINE('',#9952,#9953);
#9952 = CARTESIAN_POINT('',(-0.16,-12.54,8.54));
#9953 = VECTOR('',#9954,1.);
#9954 = DIRECTION('',(0.57735026919,-0.57735026919,0.57735026919));
#9955 = ORIENTED_EDGE('',*,*,#6118,.T.);
#9956 = ORIENTED_EDGE('',*,*,#9926,.T.);
#9957 = ORIENTED_EDGE('',*,*,#9958,.F.);
#9958 = EDGE_CURVE('',#9949,#9927,#9959,.T.);
#9959 = LINE('',#9960,#9961);
#9960 = CARTESIAN_POINT('',(-0.32,-12.54,8.54));
#9961 = VECTOR('',#9962,1.);
#9962 = DIRECTION('',(1.,0.,0.));
#9963 = PLANE('',#9964);
#9964 = AXIS2_PLACEMENT_3D('',#9965,#9966,#9967);
#9965 = CARTESIAN_POINT('',(-0.32,-12.46,8.46));
#9966 = DIRECTION('',(1.735167508357E-18,0.707106781187,0.707106781187)
  );
#9967 = DIRECTION('',(-1.,1.226948711654E-18,1.226948711654E-18));
#9968 = ADVANCED_FACE('',(#9969),#9987,.F.);
#9969 = FACE_BOUND('',#9970,.F.);
#9970 = EDGE_LOOP('',(#9971,#9979,#9980,#9981));
#9971 = ORIENTED_EDGE('',*,*,#9972,.F.);
#9972 = EDGE_CURVE('',#6133,#9973,#9975,.T.);
#9973 = VERTEX_POINT('',#9974);
#9974 = CARTESIAN_POINT('',(-0.16,-12.86,8.54));
#9975 = LINE('',#9976,#9977);
#9976 = CARTESIAN_POINT('',(-0.266666666667,-12.96666666666,
    8.433333333333));
#9977 = VECTOR('',#9978,1.);
#9978 = DIRECTION('',(0.57735026919,0.57735026919,0.57735026919));
#9979 = ORIENTED_EDGE('',*,*,#6142,.T.);
#9980 = ORIENTED_EDGE('',*,*,#9948,.T.);
#9981 = ORIENTED_EDGE('',*,*,#9982,.F.);
#9982 = EDGE_CURVE('',#9973,#9949,#9983,.T.);
#9983 = LINE('',#9984,#9985);
#9984 = CARTESIAN_POINT('',(-0.16,-13.02,8.54));
#9985 = VECTOR('',#9986,1.);
#9986 = DIRECTION('',(0.,1.,0.));
#9987 = PLANE('',#9988);
#9988 = AXIS2_PLACEMENT_3D('',#9989,#9990,#9991);
#9989 = CARTESIAN_POINT('',(-0.24,-13.02,8.46));
#9990 = DIRECTION('',(0.707106781187,1.735167508357E-18,-0.707106781187)
  );
#9991 = DIRECTION('',(-1.226948711654E-18,1.,1.226948711654E-18));
#9992 = ADVANCED_FACE('',(#9993),#10004,.F.);
#9993 = FACE_BOUND('',#9994,.T.);
#9994 = EDGE_LOOP('',(#9995,#9996,#9997,#9998));
#9995 = ORIENTED_EDGE('',*,*,#9972,.F.);
#9996 = ORIENTED_EDGE('',*,*,#6159,.T.);
#9997 = ORIENTED_EDGE('',*,*,#9917,.T.);
#9998 = ORIENTED_EDGE('',*,*,#9999,.F.);
#9999 = EDGE_CURVE('',#9973,#9918,#10000,.T.);
#10000 = LINE('',#10001,#10002);
#10001 = CARTESIAN_POINT('',(-0.32,-12.86,8.54));
#10002 = VECTOR('',#10003,1.);
#10003 = DIRECTION('',(1.,0.,0.));
#10004 = PLANE('',#10005);
#10005 = AXIS2_PLACEMENT_3D('',#10006,#10007,#10008);
#10006 = CARTESIAN_POINT('',(-0.32,-12.94,8.46));
#10007 = DIRECTION('',(-1.735167508357E-18,0.707106781187,
    -0.707106781187));
#10008 = DIRECTION('',(-1.,-1.226948711654E-18,1.226948711654E-18));
#10009 = ADVANCED_FACE('',(#10010),#10035,.T.);
#10010 = FACE_BOUND('',#10011,.F.);
#10011 = EDGE_LOOP('',(#10012,#10020,#10021,#10029));
#10012 = ORIENTED_EDGE('',*,*,#10013,.F.);
#10013 = EDGE_CURVE('',#6183,#10014,#10016,.T.);
#10014 = VERTEX_POINT('',#10015);
#10015 = CARTESIAN_POINT('',(2.38,0.16,8.54));
#10016 = LINE('',#10017,#10018);
#10017 = CARTESIAN_POINT('',(2.38,0.16,8.54));
#10018 = VECTOR('',#10019,1.);
#10019 = DIRECTION('',(0.57735026919,-0.57735026919,0.57735026919));
#10020 = ORIENTED_EDGE('',*,*,#6190,.T.);
#10021 = ORIENTED_EDGE('',*,*,#10022,.T.);
#10022 = EDGE_CURVE('',#6174,#10023,#10025,.T.);
#10023 = VERTEX_POINT('',#10024);
#10024 = CARTESIAN_POINT('',(2.7,0.16,8.54));
#10025 = LINE('',#10026,#10027);
#10026 = CARTESIAN_POINT('',(2.593333333333,5.333333333333E-02,
    8.646666666667));
#10027 = VECTOR('',#10028,1.);
#10028 = DIRECTION('',(-0.57735026919,-0.57735026919,0.57735026919));
#10029 = ORIENTED_EDGE('',*,*,#10030,.F.);
#10030 = EDGE_CURVE('',#10014,#10023,#10031,.T.);
#10031 = LINE('',#10032,#10033);
#10032 = CARTESIAN_POINT('',(2.22,0.16,8.54));
#10033 = VECTOR('',#10034,1.);
#10034 = DIRECTION('',(1.,0.,0.));
#10035 = PLANE('',#10036);
#10036 = AXIS2_PLACEMENT_3D('',#10037,#10038,#10039);
#10037 = CARTESIAN_POINT('',(2.22,0.24,8.46));
#10038 = DIRECTION('',(1.735167508357E-18,0.707106781187,0.707106781187)
  );
#10039 = DIRECTION('',(-1.,1.226948711654E-18,1.226948711654E-18));
#10040 = ADVANCED_FACE('',(#10041),#10059,.F.);
#10041 = FACE_BOUND('',#10042,.F.);
#10042 = EDGE_LOOP('',(#10043,#10051,#10052,#10053));
#10043 = ORIENTED_EDGE('',*,*,#10044,.F.);
#10044 = EDGE_CURVE('',#6205,#10045,#10047,.T.);
#10045 = VERTEX_POINT('',#10046);
#10046 = CARTESIAN_POINT('',(2.38,-0.16,8.54));
#10047 = LINE('',#10048,#10049);
#10048 = CARTESIAN_POINT('',(2.273333333333,-0.266666666667,
    8.433333333333));
#10049 = VECTOR('',#10050,1.);
#10050 = DIRECTION('',(0.57735026919,0.57735026919,0.57735026919));
#10051 = ORIENTED_EDGE('',*,*,#6214,.T.);
#10052 = ORIENTED_EDGE('',*,*,#10013,.T.);
#10053 = ORIENTED_EDGE('',*,*,#10054,.F.);
#10054 = EDGE_CURVE('',#10045,#10014,#10055,.T.);
#10055 = LINE('',#10056,#10057);
#10056 = CARTESIAN_POINT('',(2.38,-0.32,8.54));
#10057 = VECTOR('',#10058,1.);
#10058 = DIRECTION('',(0.,1.,0.));
#10059 = PLANE('',#10060);
#10060 = AXIS2_PLACEMENT_3D('',#10061,#10062,#10063);
#10061 = CARTESIAN_POINT('',(2.3,-0.32,8.46));
#10062 = DIRECTION('',(0.707106781187,1.735167508357E-18,-0.707106781187
    ));
#10063 = DIRECTION('',(-1.226948711654E-18,1.,1.226948711654E-18));
#10064 = ADVANCED_FACE('',(#10065),#10083,.F.);
#10065 = FACE_BOUND('',#10066,.T.);
#10066 = EDGE_LOOP('',(#10067,#10068,#10069,#10077));
#10067 = ORIENTED_EDGE('',*,*,#10044,.F.);
#10068 = ORIENTED_EDGE('',*,*,#6238,.T.);
#10069 = ORIENTED_EDGE('',*,*,#10070,.T.);
#10070 = EDGE_CURVE('',#6229,#10071,#10073,.T.);
#10071 = VERTEX_POINT('',#10072);
#10072 = CARTESIAN_POINT('',(2.7,-0.16,8.54));
#10073 = LINE('',#10074,#10075);
#10074 = CARTESIAN_POINT('',(2.7,-0.16,8.54));
#10075 = VECTOR('',#10076,1.);
#10076 = DIRECTION('',(-0.57735026919,0.57735026919,0.57735026919));
#10077 = ORIENTED_EDGE('',*,*,#10078,.F.);
#10078 = EDGE_CURVE('',#10045,#10071,#10079,.T.);
#10079 = LINE('',#10080,#10081);
#10080 = CARTESIAN_POINT('',(2.22,-0.16,8.54));
#10081 = VECTOR('',#10082,1.);
#10082 = DIRECTION('',(1.,0.,0.));
#10083 = PLANE('',#10084);
#10084 = AXIS2_PLACEMENT_3D('',#10085,#10086,#10087);
#10085 = CARTESIAN_POINT('',(2.22,-0.24,8.46));
#10086 = DIRECTION('',(-1.735167508357E-18,0.707106781187,
    -0.707106781187));
#10087 = DIRECTION('',(-1.,-1.226948711654E-18,1.226948711654E-18));
#10088 = ADVANCED_FACE('',(#10089),#10100,.T.);
#10089 = FACE_BOUND('',#10090,.T.);
#10090 = EDGE_LOOP('',(#10091,#10092,#10093,#10094));
#10091 = ORIENTED_EDGE('',*,*,#10070,.F.);
#10092 = ORIENTED_EDGE('',*,*,#6255,.T.);
#10093 = ORIENTED_EDGE('',*,*,#10022,.T.);
#10094 = ORIENTED_EDGE('',*,*,#10095,.F.);
#10095 = EDGE_CURVE('',#10071,#10023,#10096,.T.);
#10096 = LINE('',#10097,#10098);
#10097 = CARTESIAN_POINT('',(2.7,-0.32,8.54));
#10098 = VECTOR('',#10099,1.);
#10099 = DIRECTION('',(0.,1.,0.));
#10100 = PLANE('',#10101);
#10101 = AXIS2_PLACEMENT_3D('',#10102,#10103,#10104);
#10102 = CARTESIAN_POINT('',(2.78,-0.32,8.46));
#10103 = DIRECTION('',(0.707106781187,-1.735167508357E-18,0.707106781187
    ));
#10104 = DIRECTION('',(1.226948711654E-18,1.,1.226948711654E-18));
#10105 = ADVANCED_FACE('',(#10106),#10131,.F.);
#10106 = FACE_BOUND('',#10107,.T.);
#10107 = EDGE_LOOP('',(#10108,#10116,#10117,#10125));
#10108 = ORIENTED_EDGE('',*,*,#10109,.F.);
#10109 = EDGE_CURVE('',#6279,#10110,#10112,.T.);
#10110 = VERTEX_POINT('',#10111);
#10111 = CARTESIAN_POINT('',(-0.16,-0.16,8.54));
#10112 = LINE('',#10113,#10114);
#10113 = CARTESIAN_POINT('',(-0.266666666667,-0.266666666667,
    8.433333333333));
#10114 = VECTOR('',#10115,1.);
#10115 = DIRECTION('',(0.57735026919,0.57735026919,0.57735026919));
#10116 = ORIENTED_EDGE('',*,*,#6286,.T.);
#10117 = ORIENTED_EDGE('',*,*,#10118,.T.);
#10118 = EDGE_CURVE('',#6270,#10119,#10121,.T.);
#10119 = VERTEX_POINT('',#10120);
#10120 = CARTESIAN_POINT('',(0.16,-0.16,8.54));
#10121 = LINE('',#10122,#10123);
#10122 = CARTESIAN_POINT('',(0.16,-0.16,8.54));
#10123 = VECTOR('',#10124,1.);
#10124 = DIRECTION('',(-0.57735026919,0.57735026919,0.57735026919));
#10125 = ORIENTED_EDGE('',*,*,#10126,.F.);
#10126 = EDGE_CURVE('',#10110,#10119,#10127,.T.);
#10127 = LINE('',#10128,#10129);
#10128 = CARTESIAN_POINT('',(-0.32,-0.16,8.54));
#10129 = VECTOR('',#10130,1.);
#10130 = DIRECTION('',(1.,0.,0.));
#10131 = PLANE('',#10132);
#10132 = AXIS2_PLACEMENT_3D('',#10133,#10134,#10135);
#10133 = CARTESIAN_POINT('',(-0.32,-0.24,8.46));
#10134 = DIRECTION('',(-1.735167508357E-18,0.707106781187,
    -0.707106781187));
#10135 = DIRECTION('',(-1.,-1.226948711654E-18,1.226948711654E-18));
#10136 = ADVANCED_FACE('',(#10137),#10155,.T.);
#10137 = FACE_BOUND('',#10138,.T.);
#10138 = EDGE_LOOP('',(#10139,#10140,#10141,#10149));
#10139 = ORIENTED_EDGE('',*,*,#10118,.F.);
#10140 = ORIENTED_EDGE('',*,*,#6310,.T.);
#10141 = ORIENTED_EDGE('',*,*,#10142,.T.);
#10142 = EDGE_CURVE('',#6303,#10143,#10145,.T.);
#10143 = VERTEX_POINT('',#10144);
#10144 = CARTESIAN_POINT('',(0.16,0.16,8.54));
#10145 = LINE('',#10146,#10147);
#10146 = CARTESIAN_POINT('',(5.333333333333E-02,5.333333333333E-02,
    8.646666666667));
#10147 = VECTOR('',#10148,1.);
#10148 = DIRECTION('',(-0.57735026919,-0.57735026919,0.57735026919));
#10149 = ORIENTED_EDGE('',*,*,#10150,.F.);
#10150 = EDGE_CURVE('',#10119,#10143,#10151,.T.);
#10151 = LINE('',#10152,#10153);
#10152 = CARTESIAN_POINT('',(0.16,-0.32,8.54));
#10153 = VECTOR('',#10154,1.);
#10154 = DIRECTION('',(0.,1.,0.));
#10155 = PLANE('',#10156);
#10156 = AXIS2_PLACEMENT_3D('',#10157,#10158,#10159);
#10157 = CARTESIAN_POINT('',(0.24,-0.32,8.46));
#10158 = DIRECTION('',(0.707106781187,-1.735167508357E-18,0.707106781187
    ));
#10159 = DIRECTION('',(1.226948711654E-18,1.,1.226948711654E-18));
#10160 = ADVANCED_FACE('',(#10161),#10179,.T.);
#10161 = FACE_BOUND('',#10162,.F.);
#10162 = EDGE_LOOP('',(#10163,#10171,#10172,#10173));
#10163 = ORIENTED_EDGE('',*,*,#10164,.F.);
#10164 = EDGE_CURVE('',#6327,#10165,#10167,.T.);
#10165 = VERTEX_POINT('',#10166);
#10166 = CARTESIAN_POINT('',(-0.16,0.16,8.54));
#10167 = LINE('',#10168,#10169);
#10168 = CARTESIAN_POINT('',(-0.16,0.16,8.54));
#10169 = VECTOR('',#10170,1.);
#10170 = DIRECTION('',(0.57735026919,-0.57735026919,0.57735026919));
#10171 = ORIENTED_EDGE('',*,*,#6334,.T.);
#10172 = ORIENTED_EDGE('',*,*,#10142,.T.);
#10173 = ORIENTED_EDGE('',*,*,#10174,.F.);
#10174 = EDGE_CURVE('',#10165,#10143,#10175,.T.);
#10175 = LINE('',#10176,#10177);
#10176 = CARTESIAN_POINT('',(-0.32,0.16,8.54));
#10177 = VECTOR('',#10178,1.);
#10178 = DIRECTION('',(1.,0.,0.));
#10179 = PLANE('',#10180);
#10180 = AXIS2_PLACEMENT_3D('',#10181,#10182,#10183);
#10181 = CARTESIAN_POINT('',(-0.32,0.24,8.46));
#10182 = DIRECTION('',(1.735167508357E-18,0.707106781187,0.707106781187)
  );
#10183 = DIRECTION('',(-1.,1.226948711654E-18,1.226948711654E-18));
#10184 = ADVANCED_FACE('',(#10185),#10196,.F.);
#10185 = FACE_BOUND('',#10186,.F.);
#10186 = EDGE_LOOP('',(#10187,#10188,#10189,#10190));
#10187 = ORIENTED_EDGE('',*,*,#10109,.F.);
#10188 = ORIENTED_EDGE('',*,*,#6351,.T.);
#10189 = ORIENTED_EDGE('',*,*,#10164,.T.);
#10190 = ORIENTED_EDGE('',*,*,#10191,.F.);
#10191 = EDGE_CURVE('',#10110,#10165,#10192,.T.);
#10192 = LINE('',#10193,#10194);
#10193 = CARTESIAN_POINT('',(-0.16,-0.32,8.54));
#10194 = VECTOR('',#10195,1.);
#10195 = DIRECTION('',(0.,1.,0.));
#10196 = PLANE('',#10197);
#10197 = AXIS2_PLACEMENT_3D('',#10198,#10199,#10200);
#10198 = CARTESIAN_POINT('',(-0.24,-0.32,8.46));
#10199 = DIRECTION('',(0.707106781187,1.735167508357E-18,-0.707106781187
    ));
#10200 = DIRECTION('',(-1.226948711654E-18,1.,1.226948711654E-18));
#10201 = ADVANCED_FACE('',(#10202),#10227,.T.);
#10202 = FACE_BOUND('',#10203,.F.);
#10203 = EDGE_LOOP('',(#10204,#10212,#10213,#10221));
#10204 = ORIENTED_EDGE('',*,*,#10205,.F.);
#10205 = EDGE_CURVE('',#6375,#10206,#10208,.T.);
#10206 = VERTEX_POINT('',#10207);
#10207 = CARTESIAN_POINT('',(2.38,-4.92,8.54));
#10208 = LINE('',#10209,#10210);
#10209 = CARTESIAN_POINT('',(2.38,-4.92,8.54));
#10210 = VECTOR('',#10211,1.);
#10211 = DIRECTION('',(0.57735026919,-0.57735026919,0.57735026919));
#10212 = ORIENTED_EDGE('',*,*,#6382,.T.);
#10213 = ORIENTED_EDGE('',*,*,#10214,.T.);
#10214 = EDGE_CURVE('',#6366,#10215,#10217,.T.);
#10215 = VERTEX_POINT('',#10216);
#10216 = CARTESIAN_POINT('',(2.7,-4.92,8.54));
#10217 = LINE('',#10218,#10219);
#10218 = CARTESIAN_POINT('',(2.593333333333,-5.026666666667,
    8.646666666667));
#10219 = VECTOR('',#10220,1.);
#10220 = DIRECTION('',(-0.57735026919,-0.57735026919,0.57735026919));
#10221 = ORIENTED_EDGE('',*,*,#10222,.F.);
#10222 = EDGE_CURVE('',#10206,#10215,#10223,.T.);
#10223 = LINE('',#10224,#10225);
#10224 = CARTESIAN_POINT('',(2.22,-4.92,8.54));
#10225 = VECTOR('',#10226,1.);
#10226 = DIRECTION('',(1.,0.,0.));
#10227 = PLANE('',#10228);
#10228 = AXIS2_PLACEMENT_3D('',#10229,#10230,#10231);
#10229 = CARTESIAN_POINT('',(2.22,-4.84,8.46));
#10230 = DIRECTION('',(1.735167508357E-18,0.707106781187,0.707106781187)
  );
#10231 = DIRECTION('',(-1.,1.226948711654E-18,1.226948711654E-18));
#10232 = ADVANCED_FACE('',(#10233),#10251,.F.);
#10233 = FACE_BOUND('',#10234,.F.);
#10234 = EDGE_LOOP('',(#10235,#10243,#10244,#10245));
#10235 = ORIENTED_EDGE('',*,*,#10236,.F.);
#10236 = EDGE_CURVE('',#6397,#10237,#10239,.T.);
#10237 = VERTEX_POINT('',#10238);
#10238 = CARTESIAN_POINT('',(2.38,-5.24,8.54));
#10239 = LINE('',#10240,#10241);
#10240 = CARTESIAN_POINT('',(2.273333333333,-5.346666666667,
    8.433333333333));
#10241 = VECTOR('',#10242,1.);
#10242 = DIRECTION('',(0.57735026919,0.57735026919,0.57735026919));
#10243 = ORIENTED_EDGE('',*,*,#6406,.T.);
#10244 = ORIENTED_EDGE('',*,*,#10205,.T.);
#10245 = ORIENTED_EDGE('',*,*,#10246,.F.);
#10246 = EDGE_CURVE('',#10237,#10206,#10247,.T.);
#10247 = LINE('',#10248,#10249);
#10248 = CARTESIAN_POINT('',(2.38,-5.4,8.54));
#10249 = VECTOR('',#10250,1.);
#10250 = DIRECTION('',(0.,1.,0.));
#10251 = PLANE('',#10252);
#10252 = AXIS2_PLACEMENT_3D('',#10253,#10254,#10255);
#10253 = CARTESIAN_POINT('',(2.3,-5.4,8.46));
#10254 = DIRECTION('',(0.707106781187,1.735167508357E-18,-0.707106781187
    ));
#10255 = DIRECTION('',(-1.226948711654E-18,1.,1.226948711654E-18));
#10256 = ADVANCED_FACE('',(#10257),#10275,.F.);
#10257 = FACE_BOUND('',#10258,.T.);
#10258 = EDGE_LOOP('',(#10259,#10260,#10261,#10269));
#10259 = ORIENTED_EDGE('',*,*,#10236,.F.);
#10260 = ORIENTED_EDGE('',*,*,#6430,.T.);
#10261 = ORIENTED_EDGE('',*,*,#10262,.T.);
#10262 = EDGE_CURVE('',#6421,#10263,#10265,.T.);
#10263 = VERTEX_POINT('',#10264);
#10264 = CARTESIAN_POINT('',(2.7,-5.24,8.54));
#10265 = LINE('',#10266,#10267);
#10266 = CARTESIAN_POINT('',(2.7,-5.24,8.54));
#10267 = VECTOR('',#10268,1.);
#10268 = DIRECTION('',(-0.57735026919,0.57735026919,0.57735026919));
#10269 = ORIENTED_EDGE('',*,*,#10270,.F.);
#10270 = EDGE_CURVE('',#10237,#10263,#10271,.T.);
#10271 = LINE('',#10272,#10273);
#10272 = CARTESIAN_POINT('',(2.22,-5.24,8.54));
#10273 = VECTOR('',#10274,1.);
#10274 = DIRECTION('',(1.,0.,0.));
#10275 = PLANE('',#10276);
#10276 = AXIS2_PLACEMENT_3D('',#10277,#10278,#10279);
#10277 = CARTESIAN_POINT('',(2.22,-5.32,8.46));
#10278 = DIRECTION('',(-1.735167508357E-18,0.707106781187,
    -0.707106781187));
#10279 = DIRECTION('',(-1.,-1.226948711654E-18,1.226948711654E-18));
#10280 = ADVANCED_FACE('',(#10281),#10292,.T.);
#10281 = FACE_BOUND('',#10282,.T.);
#10282 = EDGE_LOOP('',(#10283,#10284,#10285,#10286));
#10283 = ORIENTED_EDGE('',*,*,#10262,.F.);
#10284 = ORIENTED_EDGE('',*,*,#6447,.T.);
#10285 = ORIENTED_EDGE('',*,*,#10214,.T.);
#10286 = ORIENTED_EDGE('',*,*,#10287,.F.);
#10287 = EDGE_CURVE('',#10263,#10215,#10288,.T.);
#10288 = LINE('',#10289,#10290);
#10289 = CARTESIAN_POINT('',(2.7,-5.4,8.54));
#10290 = VECTOR('',#10291,1.);
#10291 = DIRECTION('',(0.,1.,0.));
#10292 = PLANE('',#10293);
#10293 = AXIS2_PLACEMENT_3D('',#10294,#10295,#10296);
#10294 = CARTESIAN_POINT('',(2.78,-5.4,8.46));
#10295 = DIRECTION('',(0.707106781187,-1.735167508357E-18,0.707106781187
    ));
#10296 = DIRECTION('',(1.226948711654E-18,1.,1.226948711654E-18));
#10297 = ADVANCED_FACE('',(#10298),#10323,.T.);
#10298 = FACE_BOUND('',#10299,.F.);
#10299 = EDGE_LOOP('',(#10300,#10308,#10309,#10317));
#10300 = ORIENTED_EDGE('',*,*,#10301,.F.);
#10301 = EDGE_CURVE('',#6471,#10302,#10304,.T.);
#10302 = VERTEX_POINT('',#10303);
#10303 = CARTESIAN_POINT('',(-0.16,-4.92,8.54));
#10304 = LINE('',#10305,#10306);
#10305 = CARTESIAN_POINT('',(-0.16,-4.92,8.54));
#10306 = VECTOR('',#10307,1.);
#10307 = DIRECTION('',(0.57735026919,-0.57735026919,0.57735026919));
#10308 = ORIENTED_EDGE('',*,*,#6478,.T.);
#10309 = ORIENTED_EDGE('',*,*,#10310,.T.);
#10310 = EDGE_CURVE('',#6462,#10311,#10313,.T.);
#10311 = VERTEX_POINT('',#10312);
#10312 = CARTESIAN_POINT('',(0.16,-4.92,8.54));
#10313 = LINE('',#10314,#10315);
#10314 = CARTESIAN_POINT('',(5.333333333333E-02,-5.026666666667,
    8.646666666667));
#10315 = VECTOR('',#10316,1.);
#10316 = DIRECTION('',(-0.57735026919,-0.57735026919,0.57735026919));
#10317 = ORIENTED_EDGE('',*,*,#10318,.F.);
#10318 = EDGE_CURVE('',#10302,#10311,#10319,.T.);
#10319 = LINE('',#10320,#10321);
#10320 = CARTESIAN_POINT('',(-0.32,-4.92,8.54));
#10321 = VECTOR('',#10322,1.);
#10322 = DIRECTION('',(1.,0.,0.));
#10323 = PLANE('',#10324);
#10324 = AXIS2_PLACEMENT_3D('',#10325,#10326,#10327);
#10325 = CARTESIAN_POINT('',(-0.32,-4.84,8.46));
#10326 = DIRECTION('',(1.735167508357E-18,0.707106781187,0.707106781187)
  );
#10327 = DIRECTION('',(-1.,1.226948711654E-18,1.226948711654E-18));
#10328 = ADVANCED_FACE('',(#10329),#10347,.F.);
#10329 = FACE_BOUND('',#10330,.F.);
#10330 = EDGE_LOOP('',(#10331,#10339,#10340,#10341));
#10331 = ORIENTED_EDGE('',*,*,#10332,.F.);
#10332 = EDGE_CURVE('',#6493,#10333,#10335,.T.);
#10333 = VERTEX_POINT('',#10334);
#10334 = CARTESIAN_POINT('',(-0.16,-5.24,8.54));
#10335 = LINE('',#10336,#10337);
#10336 = CARTESIAN_POINT('',(-0.266666666667,-5.346666666667,
    8.433333333333));
#10337 = VECTOR('',#10338,1.);
#10338 = DIRECTION('',(0.57735026919,0.57735026919,0.57735026919));
#10339 = ORIENTED_EDGE('',*,*,#6502,.T.);
#10340 = ORIENTED_EDGE('',*,*,#10301,.T.);
#10341 = ORIENTED_EDGE('',*,*,#10342,.F.);
#10342 = EDGE_CURVE('',#10333,#10302,#10343,.T.);
#10343 = LINE('',#10344,#10345);
#10344 = CARTESIAN_POINT('',(-0.16,-5.4,8.54));
#10345 = VECTOR('',#10346,1.);
#10346 = DIRECTION('',(0.,1.,0.));
#10347 = PLANE('',#10348);
#10348 = AXIS2_PLACEMENT_3D('',#10349,#10350,#10351);
#10349 = CARTESIAN_POINT('',(-0.24,-5.4,8.46));
#10350 = DIRECTION('',(0.707106781187,1.735167508357E-18,-0.707106781187
    ));
#10351 = DIRECTION('',(-1.226948711654E-18,1.,1.226948711654E-18));
#10352 = ADVANCED_FACE('',(#10353),#10371,.F.);
#10353 = FACE_BOUND('',#10354,.T.);
#10354 = EDGE_LOOP('',(#10355,#10356,#10357,#10365));
#10355 = ORIENTED_EDGE('',*,*,#10332,.F.);
#10356 = ORIENTED_EDGE('',*,*,#6526,.T.);
#10357 = ORIENTED_EDGE('',*,*,#10358,.T.);
#10358 = EDGE_CURVE('',#6517,#10359,#10361,.T.);
#10359 = VERTEX_POINT('',#10360);
#10360 = CARTESIAN_POINT('',(0.16,-5.24,8.54));
#10361 = LINE('',#10362,#10363);
#10362 = CARTESIAN_POINT('',(0.16,-5.24,8.54));
#10363 = VECTOR('',#10364,1.);
#10364 = DIRECTION('',(-0.57735026919,0.57735026919,0.57735026919));
#10365 = ORIENTED_EDGE('',*,*,#10366,.F.);
#10366 = EDGE_CURVE('',#10333,#10359,#10367,.T.);
#10367 = LINE('',#10368,#10369);
#10368 = CARTESIAN_POINT('',(-0.32,-5.24,8.54));
#10369 = VECTOR('',#10370,1.);
#10370 = DIRECTION('',(1.,0.,0.));
#10371 = PLANE('',#10372);
#10372 = AXIS2_PLACEMENT_3D('',#10373,#10374,#10375);
#10373 = CARTESIAN_POINT('',(-0.32,-5.32,8.46));
#10374 = DIRECTION('',(-1.735167508357E-18,0.707106781187,
    -0.707106781187));
#10375 = DIRECTION('',(-1.,-1.226948711654E-18,1.226948711654E-18));
#10376 = ADVANCED_FACE('',(#10377),#10388,.T.);
#10377 = FACE_BOUND('',#10378,.T.);
#10378 = EDGE_LOOP('',(#10379,#10380,#10381,#10382));
#10379 = ORIENTED_EDGE('',*,*,#10358,.F.);
#10380 = ORIENTED_EDGE('',*,*,#6543,.T.);
#10381 = ORIENTED_EDGE('',*,*,#10310,.T.);
#10382 = ORIENTED_EDGE('',*,*,#10383,.F.);
#10383 = EDGE_CURVE('',#10359,#10311,#10384,.T.);
#10384 = LINE('',#10385,#10386);
#10385 = CARTESIAN_POINT('',(0.16,-5.4,8.54));
#10386 = VECTOR('',#10387,1.);
#10387 = DIRECTION('',(0.,1.,0.));
#10388 = PLANE('',#10389);
#10389 = AXIS2_PLACEMENT_3D('',#10390,#10391,#10392);
#10390 = CARTESIAN_POINT('',(0.24,-5.4,8.46));
#10391 = DIRECTION('',(0.707106781187,-1.735167508357E-18,0.707106781187
    ));
#10392 = DIRECTION('',(1.226948711654E-18,1.,1.226948711654E-18));
#10393 = ADVANCED_FACE('',(#10394),#10419,.T.);
#10394 = FACE_BOUND('',#10395,.F.);
#10395 = EDGE_LOOP('',(#10396,#10404,#10405,#10413));
#10396 = ORIENTED_EDGE('',*,*,#10397,.F.);
#10397 = EDGE_CURVE('',#6567,#10398,#10400,.T.);
#10398 = VERTEX_POINT('',#10399);
#10399 = CARTESIAN_POINT('',(-0.16,-2.38,8.54));
#10400 = LINE('',#10401,#10402);
#10401 = CARTESIAN_POINT('',(-0.16,-2.38,8.54));
#10402 = VECTOR('',#10403,1.);
#10403 = DIRECTION('',(0.57735026919,-0.57735026919,0.57735026919));
#10404 = ORIENTED_EDGE('',*,*,#6574,.T.);
#10405 = ORIENTED_EDGE('',*,*,#10406,.T.);
#10406 = EDGE_CURVE('',#6558,#10407,#10409,.T.);
#10407 = VERTEX_POINT('',#10408);
#10408 = CARTESIAN_POINT('',(0.16,-2.38,8.54));
#10409 = LINE('',#10410,#10411);
#10410 = CARTESIAN_POINT('',(5.333333333333E-02,-2.486666666667,
    8.646666666667));
#10411 = VECTOR('',#10412,1.);
#10412 = DIRECTION('',(-0.57735026919,-0.57735026919,0.57735026919));
#10413 = ORIENTED_EDGE('',*,*,#10414,.F.);
#10414 = EDGE_CURVE('',#10398,#10407,#10415,.T.);
#10415 = LINE('',#10416,#10417);
#10416 = CARTESIAN_POINT('',(-0.32,-2.38,8.54));
#10417 = VECTOR('',#10418,1.);
#10418 = DIRECTION('',(1.,0.,0.));
#10419 = PLANE('',#10420);
#10420 = AXIS2_PLACEMENT_3D('',#10421,#10422,#10423);
#10421 = CARTESIAN_POINT('',(-0.32,-2.3,8.46));
#10422 = DIRECTION('',(1.735167508357E-18,0.707106781187,0.707106781187)
  );
#10423 = DIRECTION('',(-1.,1.226948711654E-18,1.226948711654E-18));
#10424 = ADVANCED_FACE('',(#10425),#10443,.F.);
#10425 = FACE_BOUND('',#10426,.F.);
#10426 = EDGE_LOOP('',(#10427,#10435,#10436,#10437));
#10427 = ORIENTED_EDGE('',*,*,#10428,.F.);
#10428 = EDGE_CURVE('',#6589,#10429,#10431,.T.);
#10429 = VERTEX_POINT('',#10430);
#10430 = CARTESIAN_POINT('',(-0.16,-2.7,8.54));
#10431 = LINE('',#10432,#10433);
#10432 = CARTESIAN_POINT('',(-0.266666666667,-2.806666666667,
    8.433333333333));
#10433 = VECTOR('',#10434,1.);
#10434 = DIRECTION('',(0.57735026919,0.57735026919,0.57735026919));
#10435 = ORIENTED_EDGE('',*,*,#6598,.T.);
#10436 = ORIENTED_EDGE('',*,*,#10397,.T.);
#10437 = ORIENTED_EDGE('',*,*,#10438,.F.);
#10438 = EDGE_CURVE('',#10429,#10398,#10439,.T.);
#10439 = LINE('',#10440,#10441);
#10440 = CARTESIAN_POINT('',(-0.16,-2.86,8.54));
#10441 = VECTOR('',#10442,1.);
#10442 = DIRECTION('',(0.,1.,0.));
#10443 = PLANE('',#10444);
#10444 = AXIS2_PLACEMENT_3D('',#10445,#10446,#10447);
#10445 = CARTESIAN_POINT('',(-0.24,-2.86,8.46));
#10446 = DIRECTION('',(0.707106781187,1.735167508357E-18,-0.707106781187
    ));
#10447 = DIRECTION('',(-1.226948711654E-18,1.,1.226948711654E-18));
#10448 = ADVANCED_FACE('',(#10449),#10467,.F.);
#10449 = FACE_BOUND('',#10450,.T.);
#10450 = EDGE_LOOP('',(#10451,#10452,#10453,#10461));
#10451 = ORIENTED_EDGE('',*,*,#10428,.F.);
#10452 = ORIENTED_EDGE('',*,*,#6622,.T.);
#10453 = ORIENTED_EDGE('',*,*,#10454,.T.);
#10454 = EDGE_CURVE('',#6613,#10455,#10457,.T.);
#10455 = VERTEX_POINT('',#10456);
#10456 = CARTESIAN_POINT('',(0.16,-2.7,8.54));
#10457 = LINE('',#10458,#10459);
#10458 = CARTESIAN_POINT('',(0.16,-2.7,8.54));
#10459 = VECTOR('',#10460,1.);
#10460 = DIRECTION('',(-0.57735026919,0.57735026919,0.57735026919));
#10461 = ORIENTED_EDGE('',*,*,#10462,.F.);
#10462 = EDGE_CURVE('',#10429,#10455,#10463,.T.);
#10463 = LINE('',#10464,#10465);
#10464 = CARTESIAN_POINT('',(-0.32,-2.7,8.54));
#10465 = VECTOR('',#10466,1.);
#10466 = DIRECTION('',(1.,0.,0.));
#10467 = PLANE('',#10468);
#10468 = AXIS2_PLACEMENT_3D('',#10469,#10470,#10471);
#10469 = CARTESIAN_POINT('',(-0.32,-2.78,8.46));
#10470 = DIRECTION('',(-1.735167508357E-18,0.707106781187,
    -0.707106781187));
#10471 = DIRECTION('',(-1.,-1.226948711654E-18,1.226948711654E-18));
#10472 = ADVANCED_FACE('',(#10473),#10484,.T.);
#10473 = FACE_BOUND('',#10474,.T.);
#10474 = EDGE_LOOP('',(#10475,#10476,#10477,#10478));
#10475 = ORIENTED_EDGE('',*,*,#10454,.F.);
#10476 = ORIENTED_EDGE('',*,*,#6639,.T.);
#10477 = ORIENTED_EDGE('',*,*,#10406,.T.);
#10478 = ORIENTED_EDGE('',*,*,#10479,.F.);
#10479 = EDGE_CURVE('',#10455,#10407,#10480,.T.);
#10480 = LINE('',#10481,#10482);
#10481 = CARTESIAN_POINT('',(0.16,-2.86,8.54));
#10482 = VECTOR('',#10483,1.);
#10483 = DIRECTION('',(0.,1.,0.));
#10484 = PLANE('',#10485);
#10485 = AXIS2_PLACEMENT_3D('',#10486,#10487,#10488);
#10486 = CARTESIAN_POINT('',(0.24,-2.86,8.46));
#10487 = DIRECTION('',(0.707106781187,-1.735167508357E-18,0.707106781187
    ));
#10488 = DIRECTION('',(1.226948711654E-18,1.,1.226948711654E-18));
#10489 = ADVANCED_FACE('',(#10490),#10515,.T.);
#10490 = FACE_BOUND('',#10491,.T.);
#10491 = EDGE_LOOP('',(#10492,#10500,#10501,#10509));
#10492 = ORIENTED_EDGE('',*,*,#10493,.F.);
#10493 = EDGE_CURVE('',#6654,#10494,#10496,.T.);
#10494 = VERTEX_POINT('',#10495);
#10495 = CARTESIAN_POINT('',(2.7,-2.7,8.54));
#10496 = LINE('',#10497,#10498);
#10497 = CARTESIAN_POINT('',(2.7,-2.7,8.54));
#10498 = VECTOR('',#10499,1.);
#10499 = DIRECTION('',(-0.57735026919,0.57735026919,0.57735026919));
#10500 = ORIENTED_EDGE('',*,*,#6670,.T.);
#10501 = ORIENTED_EDGE('',*,*,#10502,.T.);
#10502 = EDGE_CURVE('',#6663,#10503,#10505,.T.);
#10503 = VERTEX_POINT('',#10504);
#10504 = CARTESIAN_POINT('',(2.7,-2.38,8.54));
#10505 = LINE('',#10506,#10507);
#10506 = CARTESIAN_POINT('',(2.593333333333,-2.486666666667,
    8.646666666667));
#10507 = VECTOR('',#10508,1.);
#10508 = DIRECTION('',(-0.57735026919,-0.57735026919,0.57735026919));
#10509 = ORIENTED_EDGE('',*,*,#10510,.F.);
#10510 = EDGE_CURVE('',#10494,#10503,#10511,.T.);
#10511 = LINE('',#10512,#10513);
#10512 = CARTESIAN_POINT('',(2.7,-2.86,8.54));
#10513 = VECTOR('',#10514,1.);
#10514 = DIRECTION('',(0.,1.,0.));
#10515 = PLANE('',#10516);
#10516 = AXIS2_PLACEMENT_3D('',#10517,#10518,#10519);
#10517 = CARTESIAN_POINT('',(2.78,-2.86,8.46));
#10518 = DIRECTION('',(0.707106781187,-1.735167508357E-18,0.707106781187
    ));
#10519 = DIRECTION('',(1.226948711654E-18,1.,1.226948711654E-18));
#10520 = ADVANCED_FACE('',(#10521),#10539,.T.);
#10521 = FACE_BOUND('',#10522,.F.);
#10522 = EDGE_LOOP('',(#10523,#10531,#10532,#10533));
#10523 = ORIENTED_EDGE('',*,*,#10524,.F.);
#10524 = EDGE_CURVE('',#6687,#10525,#10527,.T.);
#10525 = VERTEX_POINT('',#10526);
#10526 = CARTESIAN_POINT('',(2.38,-2.38,8.54));
#10527 = LINE('',#10528,#10529);
#10528 = CARTESIAN_POINT('',(2.38,-2.38,8.54));
#10529 = VECTOR('',#10530,1.);
#10530 = DIRECTION('',(0.57735026919,-0.57735026919,0.57735026919));
#10531 = ORIENTED_EDGE('',*,*,#6694,.T.);
#10532 = ORIENTED_EDGE('',*,*,#10502,.T.);
#10533 = ORIENTED_EDGE('',*,*,#10534,.F.);
#10534 = EDGE_CURVE('',#10525,#10503,#10535,.T.);
#10535 = LINE('',#10536,#10537);
#10536 = CARTESIAN_POINT('',(2.22,-2.38,8.54));
#10537 = VECTOR('',#10538,1.);
#10538 = DIRECTION('',(1.,0.,0.));
#10539 = PLANE('',#10540);
#10540 = AXIS2_PLACEMENT_3D('',#10541,#10542,#10543);
#10541 = CARTESIAN_POINT('',(2.22,-2.3,8.46));
#10542 = DIRECTION('',(1.735167508357E-18,0.707106781187,0.707106781187)
  );
#10543 = DIRECTION('',(-1.,1.226948711654E-18,1.226948711654E-18));
#10544 = ADVANCED_FACE('',(#10545),#10563,.F.);
#10545 = FACE_BOUND('',#10546,.F.);
#10546 = EDGE_LOOP('',(#10547,#10555,#10556,#10557));
#10547 = ORIENTED_EDGE('',*,*,#10548,.F.);
#10548 = EDGE_CURVE('',#6709,#10549,#10551,.T.);
#10549 = VERTEX_POINT('',#10550);
#10550 = CARTESIAN_POINT('',(2.38,-2.7,8.54));
#10551 = LINE('',#10552,#10553);
#10552 = CARTESIAN_POINT('',(2.273333333333,-2.806666666667,
    8.433333333333));
#10553 = VECTOR('',#10554,1.);
#10554 = DIRECTION('',(0.57735026919,0.57735026919,0.57735026919));
#10555 = ORIENTED_EDGE('',*,*,#6718,.T.);
#10556 = ORIENTED_EDGE('',*,*,#10524,.T.);
#10557 = ORIENTED_EDGE('',*,*,#10558,.F.);
#10558 = EDGE_CURVE('',#10549,#10525,#10559,.T.);
#10559 = LINE('',#10560,#10561);
#10560 = CARTESIAN_POINT('',(2.38,-2.86,8.54));
#10561 = VECTOR('',#10562,1.);
#10562 = DIRECTION('',(0.,1.,0.));
#10563 = PLANE('',#10564);
#10564 = AXIS2_PLACEMENT_3D('',#10565,#10566,#10567);
#10565 = CARTESIAN_POINT('',(2.3,-2.86,8.46));
#10566 = DIRECTION('',(0.707106781187,1.735167508357E-18,-0.707106781187
    ));
#10567 = DIRECTION('',(-1.226948711654E-18,1.,1.226948711654E-18));
#10568 = ADVANCED_FACE('',(#10569),#10580,.F.);
#10569 = FACE_BOUND('',#10570,.T.);
#10570 = EDGE_LOOP('',(#10571,#10572,#10573,#10574));
#10571 = ORIENTED_EDGE('',*,*,#10548,.F.);
#10572 = ORIENTED_EDGE('',*,*,#6735,.T.);
#10573 = ORIENTED_EDGE('',*,*,#10493,.T.);
#10574 = ORIENTED_EDGE('',*,*,#10575,.F.);
#10575 = EDGE_CURVE('',#10549,#10494,#10576,.T.);
#10576 = LINE('',#10577,#10578);
#10577 = CARTESIAN_POINT('',(2.22,-2.7,8.54));
#10578 = VECTOR('',#10579,1.);
#10579 = DIRECTION('',(1.,0.,0.));
#10580 = PLANE('',#10581);
#10581 = AXIS2_PLACEMENT_3D('',#10582,#10583,#10584);
#10582 = CARTESIAN_POINT('',(2.22,-2.78,8.46));
#10583 = DIRECTION('',(-1.735167508357E-18,0.707106781187,
    -0.707106781187));
#10584 = DIRECTION('',(-1.,-1.226948711654E-18,1.226948711654E-18));
#10585 = ADVANCED_FACE('',(#10586),#10611,.T.);
#10586 = FACE_BOUND('',#10587,.T.);
#10587 = EDGE_LOOP('',(#10588,#10596,#10597,#10605));
#10588 = ORIENTED_EDGE('',*,*,#10589,.F.);
#10589 = EDGE_CURVE('',#6750,#10590,#10592,.T.);
#10590 = VERTEX_POINT('',#10591);
#10591 = CARTESIAN_POINT('',(2.7,-7.78,8.54));
#10592 = LINE('',#10593,#10594);
#10593 = CARTESIAN_POINT('',(2.7,-7.78,8.54));
#10594 = VECTOR('',#10595,1.);
#10595 = DIRECTION('',(-0.57735026919,0.57735026919,0.57735026919));
#10596 = ORIENTED_EDGE('',*,*,#6766,.T.);
#10597 = ORIENTED_EDGE('',*,*,#10598,.T.);
#10598 = EDGE_CURVE('',#6759,#10599,#10601,.T.);
#10599 = VERTEX_POINT('',#10600);
#10600 = CARTESIAN_POINT('',(2.7,-7.46,8.54));
#10601 = LINE('',#10602,#10603);
#10602 = CARTESIAN_POINT('',(2.593333333333,-7.566666666667,
    8.646666666667));
#10603 = VECTOR('',#10604,1.);
#10604 = DIRECTION('',(-0.57735026919,-0.57735026919,0.57735026919));
#10605 = ORIENTED_EDGE('',*,*,#10606,.F.);
#10606 = EDGE_CURVE('',#10590,#10599,#10607,.T.);
#10607 = LINE('',#10608,#10609);
#10608 = CARTESIAN_POINT('',(2.7,-7.94,8.54));
#10609 = VECTOR('',#10610,1.);
#10610 = DIRECTION('',(0.,1.,0.));
#10611 = PLANE('',#10612);
#10612 = AXIS2_PLACEMENT_3D('',#10613,#10614,#10615);
#10613 = CARTESIAN_POINT('',(2.78,-7.94,8.46));
#10614 = DIRECTION('',(0.707106781187,-1.735167508357E-18,0.707106781187
    ));
#10615 = DIRECTION('',(1.226948711654E-18,1.,1.226948711654E-18));
#10616 = ADVANCED_FACE('',(#10617),#10635,.T.);
#10617 = FACE_BOUND('',#10618,.F.);
#10618 = EDGE_LOOP('',(#10619,#10627,#10628,#10629));
#10619 = ORIENTED_EDGE('',*,*,#10620,.F.);
#10620 = EDGE_CURVE('',#6783,#10621,#10623,.T.);
#10621 = VERTEX_POINT('',#10622);
#10622 = CARTESIAN_POINT('',(2.38,-7.46,8.54));
#10623 = LINE('',#10624,#10625);
#10624 = CARTESIAN_POINT('',(2.38,-7.46,8.54));
#10625 = VECTOR('',#10626,1.);
#10626 = DIRECTION('',(0.57735026919,-0.57735026919,0.57735026919));
#10627 = ORIENTED_EDGE('',*,*,#6790,.T.);
#10628 = ORIENTED_EDGE('',*,*,#10598,.T.);
#10629 = ORIENTED_EDGE('',*,*,#10630,.F.);
#10630 = EDGE_CURVE('',#10621,#10599,#10631,.T.);
#10631 = LINE('',#10632,#10633);
#10632 = CARTESIAN_POINT('',(2.22,-7.46,8.54));
#10633 = VECTOR('',#10634,1.);
#10634 = DIRECTION('',(1.,0.,0.));
#10635 = PLANE('',#10636);
#10636 = AXIS2_PLACEMENT_3D('',#10637,#10638,#10639);
#10637 = CARTESIAN_POINT('',(2.22,-7.38,8.46));
#10638 = DIRECTION('',(1.735167508357E-18,0.707106781187,0.707106781187)
  );
#10639 = DIRECTION('',(-1.,1.226948711654E-18,1.226948711654E-18));
#10640 = ADVANCED_FACE('',(#10641),#10659,.F.);
#10641 = FACE_BOUND('',#10642,.F.);
#10642 = EDGE_LOOP('',(#10643,#10651,#10652,#10653));
#10643 = ORIENTED_EDGE('',*,*,#10644,.F.);
#10644 = EDGE_CURVE('',#6805,#10645,#10647,.T.);
#10645 = VERTEX_POINT('',#10646);
#10646 = CARTESIAN_POINT('',(2.38,-7.78,8.54));
#10647 = LINE('',#10648,#10649);
#10648 = CARTESIAN_POINT('',(2.273333333333,-7.886666666667,
    8.433333333333));
#10649 = VECTOR('',#10650,1.);
#10650 = DIRECTION('',(0.57735026919,0.57735026919,0.57735026919));
#10651 = ORIENTED_EDGE('',*,*,#6814,.T.);
#10652 = ORIENTED_EDGE('',*,*,#10620,.T.);
#10653 = ORIENTED_EDGE('',*,*,#10654,.F.);
#10654 = EDGE_CURVE('',#10645,#10621,#10655,.T.);
#10655 = LINE('',#10656,#10657);
#10656 = CARTESIAN_POINT('',(2.38,-7.94,8.54));
#10657 = VECTOR('',#10658,1.);
#10658 = DIRECTION('',(0.,1.,0.));
#10659 = PLANE('',#10660);
#10660 = AXIS2_PLACEMENT_3D('',#10661,#10662,#10663);
#10661 = CARTESIAN_POINT('',(2.3,-7.94,8.46));
#10662 = DIRECTION('',(0.707106781187,1.735167508357E-18,-0.707106781187
    ));
#10663 = DIRECTION('',(-1.226948711654E-18,1.,1.226948711654E-18));
#10664 = ADVANCED_FACE('',(#10665),#10676,.F.);
#10665 = FACE_BOUND('',#10666,.T.);
#10666 = EDGE_LOOP('',(#10667,#10668,#10669,#10670));
#10667 = ORIENTED_EDGE('',*,*,#10644,.F.);
#10668 = ORIENTED_EDGE('',*,*,#6831,.T.);
#10669 = ORIENTED_EDGE('',*,*,#10589,.T.);
#10670 = ORIENTED_EDGE('',*,*,#10671,.F.);
#10671 = EDGE_CURVE('',#10645,#10590,#10672,.T.);
#10672 = LINE('',#10673,#10674);
#10673 = CARTESIAN_POINT('',(2.22,-7.78,8.54));
#10674 = VECTOR('',#10675,1.);
#10675 = DIRECTION('',(1.,0.,0.));
#10676 = PLANE('',#10677);
#10677 = AXIS2_PLACEMENT_3D('',#10678,#10679,#10680);
#10678 = CARTESIAN_POINT('',(2.22,-7.86,8.46));
#10679 = DIRECTION('',(-1.735167508357E-18,0.707106781187,
    -0.707106781187));
#10680 = DIRECTION('',(-1.,-1.226948711654E-18,1.226948711654E-18));
#10681 = ADVANCED_FACE('',(#10682),#10707,.T.);
#10682 = FACE_BOUND('',#10683,.T.);
#10683 = EDGE_LOOP('',(#10684,#10692,#10693,#10701));
#10684 = ORIENTED_EDGE('',*,*,#10685,.F.);
#10685 = EDGE_CURVE('',#6846,#10686,#10688,.T.);
#10686 = VERTEX_POINT('',#10687);
#10687 = CARTESIAN_POINT('',(0.16,-7.78,8.54));
#10688 = LINE('',#10689,#10690);
#10689 = CARTESIAN_POINT('',(0.16,-7.78,8.54));
#10690 = VECTOR('',#10691,1.);
#10691 = DIRECTION('',(-0.57735026919,0.57735026919,0.57735026919));
#10692 = ORIENTED_EDGE('',*,*,#6862,.T.);
#10693 = ORIENTED_EDGE('',*,*,#10694,.T.);
#10694 = EDGE_CURVE('',#6855,#10695,#10697,.T.);
#10695 = VERTEX_POINT('',#10696);
#10696 = CARTESIAN_POINT('',(0.16,-7.46,8.54));
#10697 = LINE('',#10698,#10699);
#10698 = CARTESIAN_POINT('',(5.333333333333E-02,-7.566666666667,
    8.646666666667));
#10699 = VECTOR('',#10700,1.);
#10700 = DIRECTION('',(-0.57735026919,-0.57735026919,0.57735026919));
#10701 = ORIENTED_EDGE('',*,*,#10702,.F.);
#10702 = EDGE_CURVE('',#10686,#10695,#10703,.T.);
#10703 = LINE('',#10704,#10705);
#10704 = CARTESIAN_POINT('',(0.16,-7.94,8.54));
#10705 = VECTOR('',#10706,1.);
#10706 = DIRECTION('',(0.,1.,0.));
#10707 = PLANE('',#10708);
#10708 = AXIS2_PLACEMENT_3D('',#10709,#10710,#10711);
#10709 = CARTESIAN_POINT('',(0.24,-7.94,8.46));
#10710 = DIRECTION('',(0.707106781187,-1.735167508357E-18,0.707106781187
    ));
#10711 = DIRECTION('',(1.226948711654E-18,1.,1.226948711654E-18));
#10712 = ADVANCED_FACE('',(#10713),#10731,.T.);
#10713 = FACE_BOUND('',#10714,.F.);
#10714 = EDGE_LOOP('',(#10715,#10723,#10724,#10725));
#10715 = ORIENTED_EDGE('',*,*,#10716,.F.);
#10716 = EDGE_CURVE('',#6879,#10717,#10719,.T.);
#10717 = VERTEX_POINT('',#10718);
#10718 = CARTESIAN_POINT('',(-0.16,-7.46,8.54));
#10719 = LINE('',#10720,#10721);
#10720 = CARTESIAN_POINT('',(-0.16,-7.46,8.54));
#10721 = VECTOR('',#10722,1.);
#10722 = DIRECTION('',(0.57735026919,-0.57735026919,0.57735026919));
#10723 = ORIENTED_EDGE('',*,*,#6886,.T.);
#10724 = ORIENTED_EDGE('',*,*,#10694,.T.);
#10725 = ORIENTED_EDGE('',*,*,#10726,.F.);
#10726 = EDGE_CURVE('',#10717,#10695,#10727,.T.);
#10727 = LINE('',#10728,#10729);
#10728 = CARTESIAN_POINT('',(-0.32,-7.46,8.54));
#10729 = VECTOR('',#10730,1.);
#10730 = DIRECTION('',(1.,0.,0.));
#10731 = PLANE('',#10732);
#10732 = AXIS2_PLACEMENT_3D('',#10733,#10734,#10735);
#10733 = CARTESIAN_POINT('',(-0.32,-7.38,8.46));
#10734 = DIRECTION('',(1.735167508357E-18,0.707106781187,0.707106781187)
  );
#10735 = DIRECTION('',(-1.,1.226948711654E-18,1.226948711654E-18));
#10736 = ADVANCED_FACE('',(#10737),#10755,.F.);
#10737 = FACE_BOUND('',#10738,.F.);
#10738 = EDGE_LOOP('',(#10739,#10747,#10748,#10749));
#10739 = ORIENTED_EDGE('',*,*,#10740,.F.);
#10740 = EDGE_CURVE('',#6901,#10741,#10743,.T.);
#10741 = VERTEX_POINT('',#10742);
#10742 = CARTESIAN_POINT('',(-0.16,-7.78,8.54));
#10743 = LINE('',#10744,#10745);
#10744 = CARTESIAN_POINT('',(-0.266666666667,-7.886666666667,
    8.433333333333));
#10745 = VECTOR('',#10746,1.);
#10746 = DIRECTION('',(0.57735026919,0.57735026919,0.57735026919));
#10747 = ORIENTED_EDGE('',*,*,#6910,.T.);
#10748 = ORIENTED_EDGE('',*,*,#10716,.T.);
#10749 = ORIENTED_EDGE('',*,*,#10750,.F.);
#10750 = EDGE_CURVE('',#10741,#10717,#10751,.T.);
#10751 = LINE('',#10752,#10753);
#10752 = CARTESIAN_POINT('',(-0.16,-7.94,8.54));
#10753 = VECTOR('',#10754,1.);
#10754 = DIRECTION('',(0.,1.,0.));
#10755 = PLANE('',#10756);
#10756 = AXIS2_PLACEMENT_3D('',#10757,#10758,#10759);
#10757 = CARTESIAN_POINT('',(-0.24,-7.94,8.46));
#10758 = DIRECTION('',(0.707106781187,1.735167508357E-18,-0.707106781187
    ));
#10759 = DIRECTION('',(-1.226948711654E-18,1.,1.226948711654E-18));
#10760 = ADVANCED_FACE('',(#10761),#10772,.F.);
#10761 = FACE_BOUND('',#10762,.T.);
#10762 = EDGE_LOOP('',(#10763,#10764,#10765,#10766));
#10763 = ORIENTED_EDGE('',*,*,#10740,.F.);
#10764 = ORIENTED_EDGE('',*,*,#6927,.T.);
#10765 = ORIENTED_EDGE('',*,*,#10685,.T.);
#10766 = ORIENTED_EDGE('',*,*,#10767,.F.);
#10767 = EDGE_CURVE('',#10741,#10686,#10768,.T.);
#10768 = LINE('',#10769,#10770);
#10769 = CARTESIAN_POINT('',(-0.32,-7.78,8.54));
#10770 = VECTOR('',#10771,1.);
#10771 = DIRECTION('',(1.,0.,0.));
#10772 = PLANE('',#10773);
#10773 = AXIS2_PLACEMENT_3D('',#10774,#10775,#10776);
#10774 = CARTESIAN_POINT('',(-0.32,-7.86,8.46));
#10775 = DIRECTION('',(-1.735167508357E-18,0.707106781187,
    -0.707106781187));
#10776 = DIRECTION('',(-1.,-1.226948711654E-18,1.226948711654E-18));
#10777 = ADVANCED_FACE('',(#10778),#10803,.T.);
#10778 = FACE_BOUND('',#10779,.F.);
#10779 = EDGE_LOOP('',(#10780,#10788,#10789,#10797));
#10780 = ORIENTED_EDGE('',*,*,#10781,.F.);
#10781 = EDGE_CURVE('',#6951,#10782,#10784,.T.);
#10782 = VERTEX_POINT('',#10783);
#10783 = CARTESIAN_POINT('',(-0.16,-22.7,8.54));
#10784 = LINE('',#10785,#10786);
#10785 = CARTESIAN_POINT('',(-0.16,-22.7,8.54));
#10786 = VECTOR('',#10787,1.);
#10787 = DIRECTION('',(0.57735026919,-0.57735026919,0.57735026919));
#10788 = ORIENTED_EDGE('',*,*,#6958,.T.);
#10789 = ORIENTED_EDGE('',*,*,#10790,.T.);
#10790 = EDGE_CURVE('',#6942,#10791,#10793,.T.);
#10791 = VERTEX_POINT('',#10792);
#10792 = CARTESIAN_POINT('',(0.16,-22.7,8.54));
#10793 = LINE('',#10794,#10795);
#10794 = CARTESIAN_POINT('',(5.333333333333E-02,-22.80666666666,
    8.646666666667));
#10795 = VECTOR('',#10796,1.);
#10796 = DIRECTION('',(-0.57735026919,-0.57735026919,0.57735026919));
#10797 = ORIENTED_EDGE('',*,*,#10798,.F.);
#10798 = EDGE_CURVE('',#10782,#10791,#10799,.T.);
#10799 = LINE('',#10800,#10801);
#10800 = CARTESIAN_POINT('',(-0.32,-22.7,8.54));
#10801 = VECTOR('',#10802,1.);
#10802 = DIRECTION('',(1.,0.,0.));
#10803 = PLANE('',#10804);
#10804 = AXIS2_PLACEMENT_3D('',#10805,#10806,#10807);
#10805 = CARTESIAN_POINT('',(-0.32,-22.62,8.46));
#10806 = DIRECTION('',(1.735167508357E-18,0.707106781187,0.707106781187)
  );
#10807 = DIRECTION('',(-1.,1.226948711654E-18,1.226948711654E-18));
#10808 = ADVANCED_FACE('',(#10809),#10827,.F.);
#10809 = FACE_BOUND('',#10810,.F.);
#10810 = EDGE_LOOP('',(#10811,#10819,#10820,#10821));
#10811 = ORIENTED_EDGE('',*,*,#10812,.F.);
#10812 = EDGE_CURVE('',#6973,#10813,#10815,.T.);
#10813 = VERTEX_POINT('',#10814);
#10814 = CARTESIAN_POINT('',(-0.16,-23.02,8.54));
#10815 = LINE('',#10816,#10817);
#10816 = CARTESIAN_POINT('',(-0.266666666667,-23.12666666666,
    8.433333333333));
#10817 = VECTOR('',#10818,1.);
#10818 = DIRECTION('',(0.57735026919,0.57735026919,0.57735026919));
#10819 = ORIENTED_EDGE('',*,*,#6982,.T.);
#10820 = ORIENTED_EDGE('',*,*,#10781,.T.);
#10821 = ORIENTED_EDGE('',*,*,#10822,.F.);
#10822 = EDGE_CURVE('',#10813,#10782,#10823,.T.);
#10823 = LINE('',#10824,#10825);
#10824 = CARTESIAN_POINT('',(-0.16,-23.18,8.54));
#10825 = VECTOR('',#10826,1.);
#10826 = DIRECTION('',(0.,1.,0.));
#10827 = PLANE('',#10828);
#10828 = AXIS2_PLACEMENT_3D('',#10829,#10830,#10831);
#10829 = CARTESIAN_POINT('',(-0.24,-23.18,8.46));
#10830 = DIRECTION('',(0.707106781187,1.735167508357E-18,-0.707106781187
    ));
#10831 = DIRECTION('',(-1.226948711654E-18,1.,1.226948711654E-18));
#10832 = ADVANCED_FACE('',(#10833),#10851,.F.);
#10833 = FACE_BOUND('',#10834,.T.);
#10834 = EDGE_LOOP('',(#10835,#10836,#10837,#10845));
#10835 = ORIENTED_EDGE('',*,*,#10812,.F.);
#10836 = ORIENTED_EDGE('',*,*,#7006,.T.);
#10837 = ORIENTED_EDGE('',*,*,#10838,.T.);
#10838 = EDGE_CURVE('',#6997,#10839,#10841,.T.);
#10839 = VERTEX_POINT('',#10840);
#10840 = CARTESIAN_POINT('',(0.16,-23.02,8.54));
#10841 = LINE('',#10842,#10843);
#10842 = CARTESIAN_POINT('',(0.16,-23.02,8.54));
#10843 = VECTOR('',#10844,1.);
#10844 = DIRECTION('',(-0.57735026919,0.57735026919,0.57735026919));
#10845 = ORIENTED_EDGE('',*,*,#10846,.F.);
#10846 = EDGE_CURVE('',#10813,#10839,#10847,.T.);
#10847 = LINE('',#10848,#10849);
#10848 = CARTESIAN_POINT('',(-0.32,-23.02,8.54));
#10849 = VECTOR('',#10850,1.);
#10850 = DIRECTION('',(1.,0.,0.));
#10851 = PLANE('',#10852);
#10852 = AXIS2_PLACEMENT_3D('',#10853,#10854,#10855);
#10853 = CARTESIAN_POINT('',(-0.32,-23.1,8.46));
#10854 = DIRECTION('',(-1.735167508357E-18,0.707106781187,
    -0.707106781187));
#10855 = DIRECTION('',(-1.,-1.226948711654E-18,1.226948711654E-18));
#10856 = ADVANCED_FACE('',(#10857),#10868,.T.);
#10857 = FACE_BOUND('',#10858,.T.);
#10858 = EDGE_LOOP('',(#10859,#10860,#10861,#10862));
#10859 = ORIENTED_EDGE('',*,*,#10838,.F.);
#10860 = ORIENTED_EDGE('',*,*,#7023,.T.);
#10861 = ORIENTED_EDGE('',*,*,#10790,.T.);
#10862 = ORIENTED_EDGE('',*,*,#10863,.F.);
#10863 = EDGE_CURVE('',#10839,#10791,#10864,.T.);
#10864 = LINE('',#10865,#10866);
#10865 = CARTESIAN_POINT('',(0.16,-23.18,8.54));
#10866 = VECTOR('',#10867,1.);
#10867 = DIRECTION('',(0.,1.,0.));
#10868 = PLANE('',#10869);
#10869 = AXIS2_PLACEMENT_3D('',#10870,#10871,#10872);
#10870 = CARTESIAN_POINT('',(0.24,-23.18,8.46));
#10871 = DIRECTION('',(0.707106781187,-1.735167508357E-18,0.707106781187
    ));
#10872 = DIRECTION('',(1.226948711654E-18,1.,1.226948711654E-18));
#10873 = ADVANCED_FACE('',(#10874),#10899,.F.);
#10874 = FACE_BOUND('',#10875,.T.);
#10875 = EDGE_LOOP('',(#10876,#10884,#10885,#10893));
#10876 = ORIENTED_EDGE('',*,*,#10877,.F.);
#10877 = EDGE_CURVE('',#7047,#10878,#10880,.T.);
#10878 = VERTEX_POINT('',#10879);
#10879 = CARTESIAN_POINT('',(-0.16,-20.48,8.54));
#10880 = LINE('',#10881,#10882);
#10881 = CARTESIAN_POINT('',(-0.266666666667,-20.58666666666,
    8.433333333333));
#10882 = VECTOR('',#10883,1.);
#10883 = DIRECTION('',(0.57735026919,0.57735026919,0.57735026919));
#10884 = ORIENTED_EDGE('',*,*,#7054,.T.);
#10885 = ORIENTED_EDGE('',*,*,#10886,.T.);
#10886 = EDGE_CURVE('',#7038,#10887,#10889,.T.);
#10887 = VERTEX_POINT('',#10888);
#10888 = CARTESIAN_POINT('',(0.16,-20.48,8.54));
#10889 = LINE('',#10890,#10891);
#10890 = CARTESIAN_POINT('',(0.16,-20.48,8.54));
#10891 = VECTOR('',#10892,1.);
#10892 = DIRECTION('',(-0.57735026919,0.57735026919,0.57735026919));
#10893 = ORIENTED_EDGE('',*,*,#10894,.F.);
#10894 = EDGE_CURVE('',#10878,#10887,#10895,.T.);
#10895 = LINE('',#10896,#10897);
#10896 = CARTESIAN_POINT('',(-0.32,-20.48,8.54));
#10897 = VECTOR('',#10898,1.);
#10898 = DIRECTION('',(1.,0.,0.));
#10899 = PLANE('',#10900);
#10900 = AXIS2_PLACEMENT_3D('',#10901,#10902,#10903);
#10901 = CARTESIAN_POINT('',(-0.32,-20.56,8.46));
#10902 = DIRECTION('',(-1.735167508357E-18,0.707106781187,
    -0.707106781187));
#10903 = DIRECTION('',(-1.,-1.226948711654E-18,1.226948711654E-18));
#10904 = ADVANCED_FACE('',(#10905),#10923,.T.);
#10905 = FACE_BOUND('',#10906,.T.);
#10906 = EDGE_LOOP('',(#10907,#10908,#10909,#10917));
#10907 = ORIENTED_EDGE('',*,*,#10886,.F.);
#10908 = ORIENTED_EDGE('',*,*,#7078,.T.);
#10909 = ORIENTED_EDGE('',*,*,#10910,.T.);
#10910 = EDGE_CURVE('',#7071,#10911,#10913,.T.);
#10911 = VERTEX_POINT('',#10912);
#10912 = CARTESIAN_POINT('',(0.16,-20.16,8.54));
#10913 = LINE('',#10914,#10915);
#10914 = CARTESIAN_POINT('',(5.333333333333E-02,-20.26666666666,
    8.646666666667));
#10915 = VECTOR('',#10916,1.);
#10916 = DIRECTION('',(-0.57735026919,-0.57735026919,0.57735026919));
#10917 = ORIENTED_EDGE('',*,*,#10918,.F.);
#10918 = EDGE_CURVE('',#10887,#10911,#10919,.T.);
#10919 = LINE('',#10920,#10921);
#10920 = CARTESIAN_POINT('',(0.16,-20.64,8.54));
#10921 = VECTOR('',#10922,1.);
#10922 = DIRECTION('',(0.,1.,0.));
#10923 = PLANE('',#10924);
#10924 = AXIS2_PLACEMENT_3D('',#10925,#10926,#10927);
#10925 = CARTESIAN_POINT('',(0.24,-20.64,8.46));
#10926 = DIRECTION('',(0.707106781187,-1.735167508357E-18,0.707106781187
    ));
#10927 = DIRECTION('',(1.226948711654E-18,1.,1.226948711654E-18));
#10928 = ADVANCED_FACE('',(#10929),#10947,.T.);
#10929 = FACE_BOUND('',#10930,.F.);
#10930 = EDGE_LOOP('',(#10931,#10939,#10940,#10941));
#10931 = ORIENTED_EDGE('',*,*,#10932,.F.);
#10932 = EDGE_CURVE('',#7095,#10933,#10935,.T.);
#10933 = VERTEX_POINT('',#10934);
#10934 = CARTESIAN_POINT('',(-0.16,-20.16,8.54));
#10935 = LINE('',#10936,#10937);
#10936 = CARTESIAN_POINT('',(-0.16,-20.16,8.54));
#10937 = VECTOR('',#10938,1.);
#10938 = DIRECTION('',(0.57735026919,-0.57735026919,0.57735026919));
#10939 = ORIENTED_EDGE('',*,*,#7102,.T.);
#10940 = ORIENTED_EDGE('',*,*,#10910,.T.);
#10941 = ORIENTED_EDGE('',*,*,#10942,.F.);
#10942 = EDGE_CURVE('',#10933,#10911,#10943,.T.);
#10943 = LINE('',#10944,#10945);
#10944 = CARTESIAN_POINT('',(-0.32,-20.16,8.54));
#10945 = VECTOR('',#10946,1.);
#10946 = DIRECTION('',(1.,0.,0.));
#10947 = PLANE('',#10948);
#10948 = AXIS2_PLACEMENT_3D('',#10949,#10950,#10951);
#10949 = CARTESIAN_POINT('',(-0.32,-20.08,8.46));
#10950 = DIRECTION('',(1.735167508357E-18,0.707106781187,0.707106781187)
  );
#10951 = DIRECTION('',(-1.,1.226948711654E-18,1.226948711654E-18));
#10952 = ADVANCED_FACE('',(#10953),#10964,.F.);
#10953 = FACE_BOUND('',#10954,.F.);
#10954 = EDGE_LOOP('',(#10955,#10956,#10957,#10958));
#10955 = ORIENTED_EDGE('',*,*,#10877,.F.);
#10956 = ORIENTED_EDGE('',*,*,#7119,.T.);
#10957 = ORIENTED_EDGE('',*,*,#10932,.T.);
#10958 = ORIENTED_EDGE('',*,*,#10959,.F.);
#10959 = EDGE_CURVE('',#10878,#10933,#10960,.T.);
#10960 = LINE('',#10961,#10962);
#10961 = CARTESIAN_POINT('',(-0.16,-20.64,8.54));
#10962 = VECTOR('',#10963,1.);
#10963 = DIRECTION('',(0.,1.,0.));
#10964 = PLANE('',#10965);
#10965 = AXIS2_PLACEMENT_3D('',#10966,#10967,#10968);
#10966 = CARTESIAN_POINT('',(-0.24,-20.64,8.46));
#10967 = DIRECTION('',(0.707106781187,1.735167508357E-18,-0.707106781187
    ));
#10968 = DIRECTION('',(-1.226948711654E-18,1.,1.226948711654E-18));
#10969 = ADVANCED_FACE('',(#10970),#10995,.T.);
#10970 = FACE_BOUND('',#10971,.F.);
#10971 = EDGE_LOOP('',(#10972,#10980,#10981,#10989));
#10972 = ORIENTED_EDGE('',*,*,#10973,.F.);
#10973 = EDGE_CURVE('',#7143,#10974,#10976,.T.);
#10974 = VERTEX_POINT('',#10975);
#10975 = CARTESIAN_POINT('',(2.38,-20.16,8.54));
#10976 = LINE('',#10977,#10978);
#10977 = CARTESIAN_POINT('',(2.38,-20.16,8.54));
#10978 = VECTOR('',#10979,1.);
#10979 = DIRECTION('',(0.57735026919,-0.57735026919,0.57735026919));
#10980 = ORIENTED_EDGE('',*,*,#7150,.T.);
#10981 = ORIENTED_EDGE('',*,*,#10982,.T.);
#10982 = EDGE_CURVE('',#7134,#10983,#10985,.T.);
#10983 = VERTEX_POINT('',#10984);
#10984 = CARTESIAN_POINT('',(2.7,-20.16,8.54));
#10985 = LINE('',#10986,#10987);
#10986 = CARTESIAN_POINT('',(2.593333333333,-20.26666666666,
    8.646666666667));
#10987 = VECTOR('',#10988,1.);
#10988 = DIRECTION('',(-0.57735026919,-0.57735026919,0.57735026919));
#10989 = ORIENTED_EDGE('',*,*,#10990,.F.);
#10990 = EDGE_CURVE('',#10974,#10983,#10991,.T.);
#10991 = LINE('',#10992,#10993);
#10992 = CARTESIAN_POINT('',(2.22,-20.16,8.54));
#10993 = VECTOR('',#10994,1.);
#10994 = DIRECTION('',(1.,0.,0.));
#10995 = PLANE('',#10996);
#10996 = AXIS2_PLACEMENT_3D('',#10997,#10998,#10999);
#10997 = CARTESIAN_POINT('',(2.22,-20.08,8.46));
#10998 = DIRECTION('',(1.735167508357E-18,0.707106781187,0.707106781187)
  );
#10999 = DIRECTION('',(-1.,1.226948711654E-18,1.226948711654E-18));
#11000 = ADVANCED_FACE('',(#11001),#11019,.F.);
#11001 = FACE_BOUND('',#11002,.F.);
#11002 = EDGE_LOOP('',(#11003,#11011,#11012,#11013));
#11003 = ORIENTED_EDGE('',*,*,#11004,.F.);
#11004 = EDGE_CURVE('',#7165,#11005,#11007,.T.);
#11005 = VERTEX_POINT('',#11006);
#11006 = CARTESIAN_POINT('',(2.38,-20.48,8.54));
#11007 = LINE('',#11008,#11009);
#11008 = CARTESIAN_POINT('',(2.273333333333,-20.58666666666,
    8.433333333333));
#11009 = VECTOR('',#11010,1.);
#11010 = DIRECTION('',(0.57735026919,0.57735026919,0.57735026919));
#11011 = ORIENTED_EDGE('',*,*,#7174,.T.);
#11012 = ORIENTED_EDGE('',*,*,#10973,.T.);
#11013 = ORIENTED_EDGE('',*,*,#11014,.F.);
#11014 = EDGE_CURVE('',#11005,#10974,#11015,.T.);
#11015 = LINE('',#11016,#11017);
#11016 = CARTESIAN_POINT('',(2.38,-20.64,8.54));
#11017 = VECTOR('',#11018,1.);
#11018 = DIRECTION('',(0.,1.,0.));
#11019 = PLANE('',#11020);
#11020 = AXIS2_PLACEMENT_3D('',#11021,#11022,#11023);
#11021 = CARTESIAN_POINT('',(2.3,-20.64,8.46));
#11022 = DIRECTION('',(0.707106781187,1.735167508357E-18,-0.707106781187
    ));
#11023 = DIRECTION('',(-1.226948711654E-18,1.,1.226948711654E-18));
#11024 = ADVANCED_FACE('',(#11025),#11043,.F.);
#11025 = FACE_BOUND('',#11026,.T.);
#11026 = EDGE_LOOP('',(#11027,#11028,#11029,#11037));
#11027 = ORIENTED_EDGE('',*,*,#11004,.F.);
#11028 = ORIENTED_EDGE('',*,*,#7198,.T.);
#11029 = ORIENTED_EDGE('',*,*,#11030,.T.);
#11030 = EDGE_CURVE('',#7189,#11031,#11033,.T.);
#11031 = VERTEX_POINT('',#11032);
#11032 = CARTESIAN_POINT('',(2.7,-20.48,8.54));
#11033 = LINE('',#11034,#11035);
#11034 = CARTESIAN_POINT('',(2.7,-20.48,8.54));
#11035 = VECTOR('',#11036,1.);
#11036 = DIRECTION('',(-0.57735026919,0.57735026919,0.57735026919));
#11037 = ORIENTED_EDGE('',*,*,#11038,.F.);
#11038 = EDGE_CURVE('',#11005,#11031,#11039,.T.);
#11039 = LINE('',#11040,#11041);
#11040 = CARTESIAN_POINT('',(2.22,-20.48,8.54));
#11041 = VECTOR('',#11042,1.);
#11042 = DIRECTION('',(1.,0.,0.));
#11043 = PLANE('',#11044);
#11044 = AXIS2_PLACEMENT_3D('',#11045,#11046,#11047);
#11045 = CARTESIAN_POINT('',(2.22,-20.56,8.46));
#11046 = DIRECTION('',(-1.735167508357E-18,0.707106781187,
    -0.707106781187));
#11047 = DIRECTION('',(-1.,-1.226948711654E-18,1.226948711654E-18));
#11048 = ADVANCED_FACE('',(#11049),#11060,.T.);
#11049 = FACE_BOUND('',#11050,.T.);
#11050 = EDGE_LOOP('',(#11051,#11052,#11053,#11054));
#11051 = ORIENTED_EDGE('',*,*,#11030,.F.);
#11052 = ORIENTED_EDGE('',*,*,#7215,.T.);
#11053 = ORIENTED_EDGE('',*,*,#10982,.T.);
#11054 = ORIENTED_EDGE('',*,*,#11055,.F.);
#11055 = EDGE_CURVE('',#11031,#10983,#11056,.T.);
#11056 = LINE('',#11057,#11058);
#11057 = CARTESIAN_POINT('',(2.7,-20.64,8.54));
#11058 = VECTOR('',#11059,1.);
#11059 = DIRECTION('',(0.,1.,0.));
#11060 = PLANE('',#11061);
#11061 = AXIS2_PLACEMENT_3D('',#11062,#11063,#11064);
#11062 = CARTESIAN_POINT('',(2.78,-20.64,8.46));
#11063 = DIRECTION('',(0.707106781187,-1.735167508357E-18,0.707106781187
    ));
#11064 = DIRECTION('',(1.226948711654E-18,1.,1.226948711654E-18));
#11065 = ADVANCED_FACE('',(#11066),#11091,.T.);
#11066 = FACE_BOUND('',#11067,.T.);
#11067 = EDGE_LOOP('',(#11068,#11076,#11077,#11085));
#11068 = ORIENTED_EDGE('',*,*,#11069,.F.);
#11069 = EDGE_CURVE('',#7230,#11070,#11072,.T.);
#11070 = VERTEX_POINT('',#11071);
#11071 = CARTESIAN_POINT('',(2.7,-23.02,8.54));
#11072 = LINE('',#11073,#11074);
#11073 = CARTESIAN_POINT('',(2.7,-23.02,8.54));
#11074 = VECTOR('',#11075,1.);
#11075 = DIRECTION('',(-0.57735026919,0.57735026919,0.57735026919));
#11076 = ORIENTED_EDGE('',*,*,#7246,.T.);
#11077 = ORIENTED_EDGE('',*,*,#11078,.T.);
#11078 = EDGE_CURVE('',#7239,#11079,#11081,.T.);
#11079 = VERTEX_POINT('',#11080);
#11080 = CARTESIAN_POINT('',(2.7,-22.7,8.54));
#11081 = LINE('',#11082,#11083);
#11082 = CARTESIAN_POINT('',(2.593333333333,-22.80666666666,
    8.646666666667));
#11083 = VECTOR('',#11084,1.);
#11084 = DIRECTION('',(-0.57735026919,-0.57735026919,0.57735026919));
#11085 = ORIENTED_EDGE('',*,*,#11086,.F.);
#11086 = EDGE_CURVE('',#11070,#11079,#11087,.T.);
#11087 = LINE('',#11088,#11089);
#11088 = CARTESIAN_POINT('',(2.7,-23.18,8.54));
#11089 = VECTOR('',#11090,1.);
#11090 = DIRECTION('',(0.,1.,0.));
#11091 = PLANE('',#11092);
#11092 = AXIS2_PLACEMENT_3D('',#11093,#11094,#11095);
#11093 = CARTESIAN_POINT('',(2.78,-23.18,8.46));
#11094 = DIRECTION('',(0.707106781187,-1.735167508357E-18,0.707106781187
    ));
#11095 = DIRECTION('',(1.226948711654E-18,1.,1.226948711654E-18));
#11096 = ADVANCED_FACE('',(#11097),#11115,.T.);
#11097 = FACE_BOUND('',#11098,.F.);
#11098 = EDGE_LOOP('',(#11099,#11107,#11108,#11109));
#11099 = ORIENTED_EDGE('',*,*,#11100,.F.);
#11100 = EDGE_CURVE('',#7263,#11101,#11103,.T.);
#11101 = VERTEX_POINT('',#11102);
#11102 = CARTESIAN_POINT('',(2.38,-22.7,8.54));
#11103 = LINE('',#11104,#11105);
#11104 = CARTESIAN_POINT('',(2.38,-22.7,8.54));
#11105 = VECTOR('',#11106,1.);
#11106 = DIRECTION('',(0.57735026919,-0.57735026919,0.57735026919));
#11107 = ORIENTED_EDGE('',*,*,#7270,.T.);
#11108 = ORIENTED_EDGE('',*,*,#11078,.T.);
#11109 = ORIENTED_EDGE('',*,*,#11110,.F.);
#11110 = EDGE_CURVE('',#11101,#11079,#11111,.T.);
#11111 = LINE('',#11112,#11113);
#11112 = CARTESIAN_POINT('',(2.22,-22.7,8.54));
#11113 = VECTOR('',#11114,1.);
#11114 = DIRECTION('',(1.,0.,0.));
#11115 = PLANE('',#11116);
#11116 = AXIS2_PLACEMENT_3D('',#11117,#11118,#11119);
#11117 = CARTESIAN_POINT('',(2.22,-22.62,8.46));
#11118 = DIRECTION('',(1.735167508357E-18,0.707106781187,0.707106781187)
  );
#11119 = DIRECTION('',(-1.,1.226948711654E-18,1.226948711654E-18));
#11120 = ADVANCED_FACE('',(#11121),#11139,.F.);
#11121 = FACE_BOUND('',#11122,.F.);
#11122 = EDGE_LOOP('',(#11123,#11131,#11132,#11133));
#11123 = ORIENTED_EDGE('',*,*,#11124,.F.);
#11124 = EDGE_CURVE('',#7285,#11125,#11127,.T.);
#11125 = VERTEX_POINT('',#11126);
#11126 = CARTESIAN_POINT('',(2.38,-23.02,8.54));
#11127 = LINE('',#11128,#11129);
#11128 = CARTESIAN_POINT('',(2.273333333333,-23.12666666666,
    8.433333333333));
#11129 = VECTOR('',#11130,1.);
#11130 = DIRECTION('',(0.57735026919,0.57735026919,0.57735026919));
#11131 = ORIENTED_EDGE('',*,*,#7294,.T.);
#11132 = ORIENTED_EDGE('',*,*,#11100,.T.);
#11133 = ORIENTED_EDGE('',*,*,#11134,.F.);
#11134 = EDGE_CURVE('',#11125,#11101,#11135,.T.);
#11135 = LINE('',#11136,#11137);
#11136 = CARTESIAN_POINT('',(2.38,-23.18,8.54));
#11137 = VECTOR('',#11138,1.);
#11138 = DIRECTION('',(0.,1.,0.));
#11139 = PLANE('',#11140);
#11140 = AXIS2_PLACEMENT_3D('',#11141,#11142,#11143);
#11141 = CARTESIAN_POINT('',(2.3,-23.18,8.46));
#11142 = DIRECTION('',(0.707106781187,1.735167508357E-18,-0.707106781187
    ));
#11143 = DIRECTION('',(-1.226948711654E-18,1.,1.226948711654E-18));
#11144 = ADVANCED_FACE('',(#11145),#11156,.F.);
#11145 = FACE_BOUND('',#11146,.T.);
#11146 = EDGE_LOOP('',(#11147,#11148,#11149,#11150));
#11147 = ORIENTED_EDGE('',*,*,#11124,.F.);
#11148 = ORIENTED_EDGE('',*,*,#7311,.T.);
#11149 = ORIENTED_EDGE('',*,*,#11069,.T.);
#11150 = ORIENTED_EDGE('',*,*,#11151,.F.);
#11151 = EDGE_CURVE('',#11125,#11070,#11152,.T.);
#11152 = LINE('',#11153,#11154);
#11153 = CARTESIAN_POINT('',(2.22,-23.02,8.54));
#11154 = VECTOR('',#11155,1.);
#11155 = DIRECTION('',(1.,0.,0.));
#11156 = PLANE('',#11157);
#11157 = AXIS2_PLACEMENT_3D('',#11158,#11159,#11160);
#11158 = CARTESIAN_POINT('',(2.22,-23.1,8.46));
#11159 = DIRECTION('',(-1.735167508357E-18,0.707106781187,
    -0.707106781187));
#11160 = DIRECTION('',(-1.,-1.226948711654E-18,1.226948711654E-18));
#11161 = ADVANCED_FACE('',(#11162),#11168,.F.);
#11162 = FACE_BOUND('',#11163,.F.);
#11163 = EDGE_LOOP('',(#11164,#11165,#11166,#11167));
#11164 = ORIENTED_EDGE('',*,*,#7342,.F.);
#11165 = ORIENTED_EDGE('',*,*,#7366,.F.);
#11166 = ORIENTED_EDGE('',*,*,#7390,.T.);
#11167 = ORIENTED_EDGE('',*,*,#7407,.T.);
#11168 = PLANE('',#11169);
#11169 = AXIS2_PLACEMENT_3D('',#11170,#11171,#11172);
#11170 = CARTESIAN_POINT('',(-0.32,-18.1,-3.));
#11171 = DIRECTION('',(0.,0.,1.));
#11172 = DIRECTION('',(1.,0.,-0.));
#11173 = ADVANCED_FACE('',(#11174),#11180,.F.);
#11174 = FACE_BOUND('',#11175,.F.);
#11175 = EDGE_LOOP('',(#11176,#11177,#11178,#11179));
#11176 = ORIENTED_EDGE('',*,*,#7486,.F.);
#11177 = ORIENTED_EDGE('',*,*,#7503,.F.);
#11178 = ORIENTED_EDGE('',*,*,#7438,.T.);
#11179 = ORIENTED_EDGE('',*,*,#7462,.T.);
#11180 = PLANE('',#11181);
#11181 = AXIS2_PLACEMENT_3D('',#11182,#11183,#11184);
#11182 = CARTESIAN_POINT('',(2.22,-18.1,-3.));
#11183 = DIRECTION('',(0.,0.,1.));
#11184 = DIRECTION('',(1.,0.,-0.));
#11185 = ADVANCED_FACE('',(#11186),#11192,.F.);
#11186 = FACE_BOUND('',#11187,.F.);
#11187 = EDGE_LOOP('',(#11188,#11189,#11190,#11191));
#11188 = ORIENTED_EDGE('',*,*,#7558,.F.);
#11189 = ORIENTED_EDGE('',*,*,#7582,.F.);
#11190 = ORIENTED_EDGE('',*,*,#7599,.T.);
#11191 = ORIENTED_EDGE('',*,*,#7534,.T.);
#11192 = PLANE('',#11193);
#11193 = AXIS2_PLACEMENT_3D('',#11194,#11195,#11196);
#11194 = CARTESIAN_POINT('',(-0.32,-15.56,-3.));
#11195 = DIRECTION('',(0.,0.,1.));
#11196 = DIRECTION('',(1.,0.,-0.));
#11197 = ADVANCED_FACE('',(#11198),#11204,.F.);
#11198 = FACE_BOUND('',#11199,.F.);
#11199 = EDGE_LOOP('',(#11200,#11201,#11202,#11203));
#11200 = ORIENTED_EDGE('',*,*,#7678,.F.);
#11201 = ORIENTED_EDGE('',*,*,#7695,.F.);
#11202 = ORIENTED_EDGE('',*,*,#7630,.T.);
#11203 = ORIENTED_EDGE('',*,*,#7654,.T.);
#11204 = PLANE('',#11205);
#11205 = AXIS2_PLACEMENT_3D('',#11206,#11207,#11208);
#11206 = CARTESIAN_POINT('',(2.22,-15.56,-3.));
#11207 = DIRECTION('',(0.,0.,1.));
#11208 = DIRECTION('',(1.,0.,-0.));
#11209 = ADVANCED_FACE('',(#11210),#11216,.F.);
#11210 = FACE_BOUND('',#11211,.F.);
#11211 = EDGE_LOOP('',(#11212,#11213,#11214,#11215));
#11212 = ORIENTED_EDGE('',*,*,#7726,.F.);
#11213 = ORIENTED_EDGE('',*,*,#7750,.F.);
#11214 = ORIENTED_EDGE('',*,*,#7774,.T.);
#11215 = ORIENTED_EDGE('',*,*,#7791,.T.);
#11216 = PLANE('',#11217);
#11217 = AXIS2_PLACEMENT_3D('',#11218,#11219,#11220);
#11218 = CARTESIAN_POINT('',(-0.32,-10.48,-3.));
#11219 = DIRECTION('',(0.,0.,1.));
#11220 = DIRECTION('',(1.,0.,-0.));
#11221 = ADVANCED_FACE('',(#11222),#11228,.F.);
#11222 = FACE_BOUND('',#11223,.F.);
#11223 = EDGE_LOOP('',(#11224,#11225,#11226,#11227));
#11224 = ORIENTED_EDGE('',*,*,#7822,.F.);
#11225 = ORIENTED_EDGE('',*,*,#7846,.F.);
#11226 = ORIENTED_EDGE('',*,*,#7870,.T.);
#11227 = ORIENTED_EDGE('',*,*,#7887,.T.);
#11228 = PLANE('',#11229);
#11229 = AXIS2_PLACEMENT_3D('',#11230,#11231,#11232);
#11230 = CARTESIAN_POINT('',(2.22,-10.48,-3.));
#11231 = DIRECTION('',(0.,0.,1.));
#11232 = DIRECTION('',(1.,0.,-0.));
#11233 = ADVANCED_FACE('',(#11234),#11240,.F.);
#11234 = FACE_BOUND('',#11235,.F.);
#11235 = EDGE_LOOP('',(#11236,#11237,#11238,#11239));
#11236 = ORIENTED_EDGE('',*,*,#7942,.F.);
#11237 = ORIENTED_EDGE('',*,*,#7966,.F.);
#11238 = ORIENTED_EDGE('',*,*,#7983,.T.);
#11239 = ORIENTED_EDGE('',*,*,#7918,.T.);
#11240 = PLANE('',#11241);
#11241 = AXIS2_PLACEMENT_3D('',#11242,#11243,#11244);
#11242 = CARTESIAN_POINT('',(2.22,-13.02,-3.));
#11243 = DIRECTION('',(0.,0.,1.));
#11244 = DIRECTION('',(1.,0.,-0.));
#11245 = ADVANCED_FACE('',(#11246),#11252,.F.);
#11246 = FACE_BOUND('',#11247,.F.);
#11247 = EDGE_LOOP('',(#11248,#11249,#11250,#11251));
#11248 = ORIENTED_EDGE('',*,*,#8038,.F.);
#11249 = ORIENTED_EDGE('',*,*,#8062,.F.);
#11250 = ORIENTED_EDGE('',*,*,#8079,.T.);
#11251 = ORIENTED_EDGE('',*,*,#8014,.T.);
#11252 = PLANE('',#11253);
#11253 = AXIS2_PLACEMENT_3D('',#11254,#11255,#11256);
#11254 = CARTESIAN_POINT('',(-0.32,-13.02,-3.));
#11255 = DIRECTION('',(0.,0.,1.));
#11256 = DIRECTION('',(1.,0.,-0.));
#11257 = ADVANCED_FACE('',(#11258),#11264,.F.);
#11258 = FACE_BOUND('',#11259,.F.);
#11259 = EDGE_LOOP('',(#11260,#11261,#11262,#11263));
#11260 = ORIENTED_EDGE('',*,*,#8110,.F.);
#11261 = ORIENTED_EDGE('',*,*,#8134,.F.);
#11262 = ORIENTED_EDGE('',*,*,#8158,.T.);
#11263 = ORIENTED_EDGE('',*,*,#8175,.T.);
#11264 = PLANE('',#11265);
#11265 = AXIS2_PLACEMENT_3D('',#11266,#11267,#11268);
#11266 = CARTESIAN_POINT('',(2.22,-0.32,-3.));
#11267 = DIRECTION('',(0.,0.,1.));
#11268 = DIRECTION('',(1.,0.,-0.));
#11269 = ADVANCED_FACE('',(#11270),#11276,.F.);
#11270 = FACE_BOUND('',#11271,.F.);
#11271 = EDGE_LOOP('',(#11272,#11273,#11274,#11275));
#11272 = ORIENTED_EDGE('',*,*,#8254,.F.);
#11273 = ORIENTED_EDGE('',*,*,#8271,.F.);
#11274 = ORIENTED_EDGE('',*,*,#8206,.T.);
#11275 = ORIENTED_EDGE('',*,*,#8230,.T.);
#11276 = PLANE('',#11277);
#11277 = AXIS2_PLACEMENT_3D('',#11278,#11279,#11280);
#11278 = CARTESIAN_POINT('',(-0.32,-0.32,-3.));
#11279 = DIRECTION('',(0.,0.,1.));
#11280 = DIRECTION('',(1.,0.,-0.));
#11281 = ADVANCED_FACE('',(#11282),#11288,.F.);
#11282 = FACE_BOUND('',#11283,.F.);
#11283 = EDGE_LOOP('',(#11284,#11285,#11286,#11287));
#11284 = ORIENTED_EDGE('',*,*,#8302,.F.);
#11285 = ORIENTED_EDGE('',*,*,#8326,.F.);
#11286 = ORIENTED_EDGE('',*,*,#8350,.T.);
#11287 = ORIENTED_EDGE('',*,*,#8367,.T.);
#11288 = PLANE('',#11289);
#11289 = AXIS2_PLACEMENT_3D('',#11290,#11291,#11292);
#11290 = CARTESIAN_POINT('',(2.22,-5.4,-3.));
#11291 = DIRECTION('',(0.,0.,1.));
#11292 = DIRECTION('',(1.,0.,-0.));
#11293 = ADVANCED_FACE('',(#11294),#11300,.F.);
#11294 = FACE_BOUND('',#11295,.F.);
#11295 = EDGE_LOOP('',(#11296,#11297,#11298,#11299));
#11296 = ORIENTED_EDGE('',*,*,#8398,.F.);
#11297 = ORIENTED_EDGE('',*,*,#8422,.F.);
#11298 = ORIENTED_EDGE('',*,*,#8446,.T.);
#11299 = ORIENTED_EDGE('',*,*,#8463,.T.);
#11300 = PLANE('',#11301);
#11301 = AXIS2_PLACEMENT_3D('',#11302,#11303,#11304);
#11302 = CARTESIAN_POINT('',(-0.32,-5.4,-3.));
#11303 = DIRECTION('',(0.,0.,1.));
#11304 = DIRECTION('',(1.,0.,-0.));
#11305 = ADVANCED_FACE('',(#11306),#11312,.F.);
#11306 = FACE_BOUND('',#11307,.F.);
#11307 = EDGE_LOOP('',(#11308,#11309,#11310,#11311));
#11308 = ORIENTED_EDGE('',*,*,#8494,.F.);
#11309 = ORIENTED_EDGE('',*,*,#8518,.F.);
#11310 = ORIENTED_EDGE('',*,*,#8542,.T.);
#11311 = ORIENTED_EDGE('',*,*,#8559,.T.);
#11312 = PLANE('',#11313);
#11313 = AXIS2_PLACEMENT_3D('',#11314,#11315,#11316);
#11314 = CARTESIAN_POINT('',(-0.32,-2.86,-3.));
#11315 = DIRECTION('',(0.,0.,1.));
#11316 = DIRECTION('',(1.,0.,-0.));
#11317 = ADVANCED_FACE('',(#11318),#11324,.F.);
#11318 = FACE_BOUND('',#11319,.F.);
#11319 = EDGE_LOOP('',(#11320,#11321,#11322,#11323));
#11320 = ORIENTED_EDGE('',*,*,#8614,.F.);
#11321 = ORIENTED_EDGE('',*,*,#8638,.F.);
#11322 = ORIENTED_EDGE('',*,*,#8655,.T.);
#11323 = ORIENTED_EDGE('',*,*,#8590,.T.);
#11324 = PLANE('',#11325);
#11325 = AXIS2_PLACEMENT_3D('',#11326,#11327,#11328);
#11326 = CARTESIAN_POINT('',(2.22,-2.86,-3.));
#11327 = DIRECTION('',(0.,0.,1.));
#11328 = DIRECTION('',(1.,0.,-0.));
#11329 = ADVANCED_FACE('',(#11330),#11336,.F.);
#11330 = FACE_BOUND('',#11331,.F.);
#11331 = EDGE_LOOP('',(#11332,#11333,#11334,#11335));
#11332 = ORIENTED_EDGE('',*,*,#8710,.F.);
#11333 = ORIENTED_EDGE('',*,*,#8734,.F.);
#11334 = ORIENTED_EDGE('',*,*,#8751,.T.);
#11335 = ORIENTED_EDGE('',*,*,#8686,.T.);
#11336 = PLANE('',#11337);
#11337 = AXIS2_PLACEMENT_3D('',#11338,#11339,#11340);
#11338 = CARTESIAN_POINT('',(2.22,-7.94,-3.));
#11339 = DIRECTION('',(0.,0.,1.));
#11340 = DIRECTION('',(1.,0.,-0.));
#11341 = ADVANCED_FACE('',(#11342),#11348,.F.);
#11342 = FACE_BOUND('',#11343,.F.);
#11343 = EDGE_LOOP('',(#11344,#11345,#11346,#11347));
#11344 = ORIENTED_EDGE('',*,*,#8806,.F.);
#11345 = ORIENTED_EDGE('',*,*,#8830,.F.);
#11346 = ORIENTED_EDGE('',*,*,#8847,.T.);
#11347 = ORIENTED_EDGE('',*,*,#8782,.T.);
#11348 = PLANE('',#11349);
#11349 = AXIS2_PLACEMENT_3D('',#11350,#11351,#11352);
#11350 = CARTESIAN_POINT('',(-0.32,-7.94,-3.));
#11351 = DIRECTION('',(0.,0.,1.));
#11352 = DIRECTION('',(1.,0.,-0.));
#11353 = ADVANCED_FACE('',(#11354),#11360,.F.);
#11354 = FACE_BOUND('',#11355,.F.);
#11355 = EDGE_LOOP('',(#11356,#11357,#11358,#11359));
#11356 = ORIENTED_EDGE('',*,*,#8878,.F.);
#11357 = ORIENTED_EDGE('',*,*,#8902,.F.);
#11358 = ORIENTED_EDGE('',*,*,#8926,.T.);
#11359 = ORIENTED_EDGE('',*,*,#8943,.T.);
#11360 = PLANE('',#11361);
#11361 = AXIS2_PLACEMENT_3D('',#11362,#11363,#11364);
#11362 = CARTESIAN_POINT('',(-0.32,-23.18,-3.));
#11363 = DIRECTION('',(0.,0.,1.));
#11364 = DIRECTION('',(1.,0.,-0.));
#11365 = ADVANCED_FACE('',(#11366),#11372,.F.);
#11366 = FACE_BOUND('',#11367,.F.);
#11367 = EDGE_LOOP('',(#11368,#11369,#11370,#11371));
#11368 = ORIENTED_EDGE('',*,*,#9022,.F.);
#11369 = ORIENTED_EDGE('',*,*,#9039,.F.);
#11370 = ORIENTED_EDGE('',*,*,#8974,.T.);
#11371 = ORIENTED_EDGE('',*,*,#8998,.T.);
#11372 = PLANE('',#11373);
#11373 = AXIS2_PLACEMENT_3D('',#11374,#11375,#11376);
#11374 = CARTESIAN_POINT('',(-0.32,-20.64,-3.));
#11375 = DIRECTION('',(0.,0.,1.));
#11376 = DIRECTION('',(1.,0.,-0.));
#11377 = ADVANCED_FACE('',(#11378),#11384,.F.);
#11378 = FACE_BOUND('',#11379,.F.);
#11379 = EDGE_LOOP('',(#11380,#11381,#11382,#11383));
#11380 = ORIENTED_EDGE('',*,*,#9070,.F.);
#11381 = ORIENTED_EDGE('',*,*,#9094,.F.);
#11382 = ORIENTED_EDGE('',*,*,#9118,.T.);
#11383 = ORIENTED_EDGE('',*,*,#9135,.T.);
#11384 = PLANE('',#11385);
#11385 = AXIS2_PLACEMENT_3D('',#11386,#11387,#11388);
#11386 = CARTESIAN_POINT('',(2.22,-20.64,-3.));
#11387 = DIRECTION('',(0.,0.,1.));
#11388 = DIRECTION('',(1.,0.,-0.));
#11389 = ADVANCED_FACE('',(#11390),#11396,.F.);
#11390 = FACE_BOUND('',#11391,.F.);
#11391 = EDGE_LOOP('',(#11392,#11393,#11394,#11395));
#11392 = ORIENTED_EDGE('',*,*,#9190,.F.);
#11393 = ORIENTED_EDGE('',*,*,#9214,.F.);
#11394 = ORIENTED_EDGE('',*,*,#9231,.T.);
#11395 = ORIENTED_EDGE('',*,*,#9166,.T.);
#11396 = PLANE('',#11397);
#11397 = AXIS2_PLACEMENT_3D('',#11398,#11399,#11400);
#11398 = CARTESIAN_POINT('',(2.22,-23.18,-3.));
#11399 = DIRECTION('',(0.,0.,1.));
#11400 = DIRECTION('',(1.,0.,-0.));
#11401 = ADVANCED_FACE('',(#11402),#11408,.T.);
#11402 = FACE_BOUND('',#11403,.T.);
#11403 = EDGE_LOOP('',(#11404,#11405,#11406,#11407));
#11404 = ORIENTED_EDGE('',*,*,#9262,.F.);
#11405 = ORIENTED_EDGE('',*,*,#9286,.F.);
#11406 = ORIENTED_EDGE('',*,*,#9310,.T.);
#11407 = ORIENTED_EDGE('',*,*,#9327,.T.);
#11408 = PLANE('',#11409);
#11409 = AXIS2_PLACEMENT_3D('',#11410,#11411,#11412);
#11410 = CARTESIAN_POINT('',(-0.32,-18.1,8.54));
#11411 = DIRECTION('',(0.,0.,1.));
#11412 = DIRECTION('',(1.,0.,-0.));
#11413 = ADVANCED_FACE('',(#11414),#11420,.T.);
#11414 = FACE_BOUND('',#11415,.T.);
#11415 = EDGE_LOOP('',(#11416,#11417,#11418,#11419));
#11416 = ORIENTED_EDGE('',*,*,#9406,.F.);
#11417 = ORIENTED_EDGE('',*,*,#9423,.F.);
#11418 = ORIENTED_EDGE('',*,*,#9358,.T.);
#11419 = ORIENTED_EDGE('',*,*,#9382,.T.);
#11420 = PLANE('',#11421);
#11421 = AXIS2_PLACEMENT_3D('',#11422,#11423,#11424);
#11422 = CARTESIAN_POINT('',(2.22,-18.1,8.54));
#11423 = DIRECTION('',(0.,0.,1.));
#11424 = DIRECTION('',(1.,0.,-0.));
#11425 = ADVANCED_FACE('',(#11426),#11432,.T.);
#11426 = FACE_BOUND('',#11427,.T.);
#11427 = EDGE_LOOP('',(#11428,#11429,#11430,#11431));
#11428 = ORIENTED_EDGE('',*,*,#9478,.F.);
#11429 = ORIENTED_EDGE('',*,*,#9502,.F.);
#11430 = ORIENTED_EDGE('',*,*,#9519,.T.);
#11431 = ORIENTED_EDGE('',*,*,#9454,.T.);
#11432 = PLANE('',#11433);
#11433 = AXIS2_PLACEMENT_3D('',#11434,#11435,#11436);
#11434 = CARTESIAN_POINT('',(-0.32,-15.56,8.54));
#11435 = DIRECTION('',(0.,0.,1.));
#11436 = DIRECTION('',(1.,0.,-0.));
#11437 = ADVANCED_FACE('',(#11438),#11444,.T.);
#11438 = FACE_BOUND('',#11439,.T.);
#11439 = EDGE_LOOP('',(#11440,#11441,#11442,#11443));
#11440 = ORIENTED_EDGE('',*,*,#9598,.F.);
#11441 = ORIENTED_EDGE('',*,*,#9615,.F.);
#11442 = ORIENTED_EDGE('',*,*,#9550,.T.);
#11443 = ORIENTED_EDGE('',*,*,#9574,.T.);
#11444 = PLANE('',#11445);
#11445 = AXIS2_PLACEMENT_3D('',#11446,#11447,#11448);
#11446 = CARTESIAN_POINT('',(2.22,-15.56,8.54));
#11447 = DIRECTION('',(0.,0.,1.));
#11448 = DIRECTION('',(1.,0.,-0.));
#11449 = ADVANCED_FACE('',(#11450),#11456,.T.);
#11450 = FACE_BOUND('',#11451,.T.);
#11451 = EDGE_LOOP('',(#11452,#11453,#11454,#11455));
#11452 = ORIENTED_EDGE('',*,*,#9646,.F.);
#11453 = ORIENTED_EDGE('',*,*,#9670,.F.);
#11454 = ORIENTED_EDGE('',*,*,#9694,.T.);
#11455 = ORIENTED_EDGE('',*,*,#9711,.T.);
#11456 = PLANE('',#11457);
#11457 = AXIS2_PLACEMENT_3D('',#11458,#11459,#11460);
#11458 = CARTESIAN_POINT('',(-0.32,-10.48,8.54));
#11459 = DIRECTION('',(0.,0.,1.));
#11460 = DIRECTION('',(1.,0.,-0.));
#11461 = ADVANCED_FACE('',(#11462),#11468,.T.);
#11462 = FACE_BOUND('',#11463,.T.);
#11463 = EDGE_LOOP('',(#11464,#11465,#11466,#11467));
#11464 = ORIENTED_EDGE('',*,*,#9742,.F.);
#11465 = ORIENTED_EDGE('',*,*,#9766,.F.);
#11466 = ORIENTED_EDGE('',*,*,#9790,.T.);
#11467 = ORIENTED_EDGE('',*,*,#9807,.T.);
#11468 = PLANE('',#11469);
#11469 = AXIS2_PLACEMENT_3D('',#11470,#11471,#11472);
#11470 = CARTESIAN_POINT('',(2.22,-10.48,8.54));
#11471 = DIRECTION('',(0.,0.,1.));
#11472 = DIRECTION('',(1.,0.,-0.));
#11473 = ADVANCED_FACE('',(#11474),#11480,.T.);
#11474 = FACE_BOUND('',#11475,.T.);
#11475 = EDGE_LOOP('',(#11476,#11477,#11478,#11479));
#11476 = ORIENTED_EDGE('',*,*,#9862,.F.);
#11477 = ORIENTED_EDGE('',*,*,#9886,.F.);
#11478 = ORIENTED_EDGE('',*,*,#9903,.T.);
#11479 = ORIENTED_EDGE('',*,*,#9838,.T.);
#11480 = PLANE('',#11481);
#11481 = AXIS2_PLACEMENT_3D('',#11482,#11483,#11484);
#11482 = CARTESIAN_POINT('',(2.22,-13.02,8.54));
#11483 = DIRECTION('',(0.,0.,1.));
#11484 = DIRECTION('',(1.,0.,-0.));
#11485 = ADVANCED_FACE('',(#11486),#11492,.T.);
#11486 = FACE_BOUND('',#11487,.T.);
#11487 = EDGE_LOOP('',(#11488,#11489,#11490,#11491));
#11488 = ORIENTED_EDGE('',*,*,#9958,.F.);
#11489 = ORIENTED_EDGE('',*,*,#9982,.F.);
#11490 = ORIENTED_EDGE('',*,*,#9999,.T.);
#11491 = ORIENTED_EDGE('',*,*,#9934,.T.);
#11492 = PLANE('',#11493);
#11493 = AXIS2_PLACEMENT_3D('',#11494,#11495,#11496);
#11494 = CARTESIAN_POINT('',(-0.32,-13.02,8.54));
#11495 = DIRECTION('',(0.,0.,1.));
#11496 = DIRECTION('',(1.,0.,-0.));
#11497 = ADVANCED_FACE('',(#11498),#11504,.T.);
#11498 = FACE_BOUND('',#11499,.T.);
#11499 = EDGE_LOOP('',(#11500,#11501,#11502,#11503));
#11500 = ORIENTED_EDGE('',*,*,#10030,.F.);
#11501 = ORIENTED_EDGE('',*,*,#10054,.F.);
#11502 = ORIENTED_EDGE('',*,*,#10078,.T.);
#11503 = ORIENTED_EDGE('',*,*,#10095,.T.);
#11504 = PLANE('',#11505);
#11505 = AXIS2_PLACEMENT_3D('',#11506,#11507,#11508);
#11506 = CARTESIAN_POINT('',(2.22,-0.32,8.54));
#11507 = DIRECTION('',(0.,0.,1.));
#11508 = DIRECTION('',(1.,0.,-0.));
#11509 = ADVANCED_FACE('',(#11510),#11516,.T.);
#11510 = FACE_BOUND('',#11511,.T.);
#11511 = EDGE_LOOP('',(#11512,#11513,#11514,#11515));
#11512 = ORIENTED_EDGE('',*,*,#10174,.F.);
#11513 = ORIENTED_EDGE('',*,*,#10191,.F.);
#11514 = ORIENTED_EDGE('',*,*,#10126,.T.);
#11515 = ORIENTED_EDGE('',*,*,#10150,.T.);
#11516 = PLANE('',#11517);
#11517 = AXIS2_PLACEMENT_3D('',#11518,#11519,#11520);
#11518 = CARTESIAN_POINT('',(-0.32,-0.32,8.54));
#11519 = DIRECTION('',(0.,0.,1.));
#11520 = DIRECTION('',(1.,0.,-0.));
#11521 = ADVANCED_FACE('',(#11522),#11528,.T.);
#11522 = FACE_BOUND('',#11523,.T.);
#11523 = EDGE_LOOP('',(#11524,#11525,#11526,#11527));
#11524 = ORIENTED_EDGE('',*,*,#10222,.F.);
#11525 = ORIENTED_EDGE('',*,*,#10246,.F.);
#11526 = ORIENTED_EDGE('',*,*,#10270,.T.);
#11527 = ORIENTED_EDGE('',*,*,#10287,.T.);
#11528 = PLANE('',#11529);
#11529 = AXIS2_PLACEMENT_3D('',#11530,#11531,#11532);
#11530 = CARTESIAN_POINT('',(2.22,-5.4,8.54));
#11531 = DIRECTION('',(0.,0.,1.));
#11532 = DIRECTION('',(1.,0.,-0.));
#11533 = ADVANCED_FACE('',(#11534),#11540,.T.);
#11534 = FACE_BOUND('',#11535,.T.);
#11535 = EDGE_LOOP('',(#11536,#11537,#11538,#11539));
#11536 = ORIENTED_EDGE('',*,*,#10318,.F.);
#11537 = ORIENTED_EDGE('',*,*,#10342,.F.);
#11538 = ORIENTED_EDGE('',*,*,#10366,.T.);
#11539 = ORIENTED_EDGE('',*,*,#10383,.T.);
#11540 = PLANE('',#11541);
#11541 = AXIS2_PLACEMENT_3D('',#11542,#11543,#11544);
#11542 = CARTESIAN_POINT('',(-0.32,-5.4,8.54));
#11543 = DIRECTION('',(0.,0.,1.));
#11544 = DIRECTION('',(1.,0.,-0.));
#11545 = ADVANCED_FACE('',(#11546),#11552,.T.);
#11546 = FACE_BOUND('',#11547,.T.);
#11547 = EDGE_LOOP('',(#11548,#11549,#11550,#11551));
#11548 = ORIENTED_EDGE('',*,*,#10414,.F.);
#11549 = ORIENTED_EDGE('',*,*,#10438,.F.);
#11550 = ORIENTED_EDGE('',*,*,#10462,.T.);
#11551 = ORIENTED_EDGE('',*,*,#10479,.T.);
#11552 = PLANE('',#11553);
#11553 = AXIS2_PLACEMENT_3D('',#11554,#11555,#11556);
#11554 = CARTESIAN_POINT('',(-0.32,-2.86,8.54));
#11555 = DIRECTION('',(0.,0.,1.));
#11556 = DIRECTION('',(1.,0.,-0.));
#11557 = ADVANCED_FACE('',(#11558),#11564,.T.);
#11558 = FACE_BOUND('',#11559,.T.);
#11559 = EDGE_LOOP('',(#11560,#11561,#11562,#11563));
#11560 = ORIENTED_EDGE('',*,*,#10534,.F.);
#11561 = ORIENTED_EDGE('',*,*,#10558,.F.);
#11562 = ORIENTED_EDGE('',*,*,#10575,.T.);
#11563 = ORIENTED_EDGE('',*,*,#10510,.T.);
#11564 = PLANE('',#11565);
#11565 = AXIS2_PLACEMENT_3D('',#11566,#11567,#11568);
#11566 = CARTESIAN_POINT('',(2.22,-2.86,8.54));
#11567 = DIRECTION('',(0.,0.,1.));
#11568 = DIRECTION('',(1.,0.,-0.));
#11569 = ADVANCED_FACE('',(#11570),#11576,.T.);
#11570 = FACE_BOUND('',#11571,.T.);
#11571 = EDGE_LOOP('',(#11572,#11573,#11574,#11575));
#11572 = ORIENTED_EDGE('',*,*,#10630,.F.);
#11573 = ORIENTED_EDGE('',*,*,#10654,.F.);
#11574 = ORIENTED_EDGE('',*,*,#10671,.T.);
#11575 = ORIENTED_EDGE('',*,*,#10606,.T.);
#11576 = PLANE('',#11577);
#11577 = AXIS2_PLACEMENT_3D('',#11578,#11579,#11580);
#11578 = CARTESIAN_POINT('',(2.22,-7.94,8.54));
#11579 = DIRECTION('',(0.,0.,1.));
#11580 = DIRECTION('',(1.,0.,-0.));
#11581 = ADVANCED_FACE('',(#11582),#11588,.T.);
#11582 = FACE_BOUND('',#11583,.T.);
#11583 = EDGE_LOOP('',(#11584,#11585,#11586,#11587));
#11584 = ORIENTED_EDGE('',*,*,#10726,.F.);
#11585 = ORIENTED_EDGE('',*,*,#10750,.F.);
#11586 = ORIENTED_EDGE('',*,*,#10767,.T.);
#11587 = ORIENTED_EDGE('',*,*,#10702,.T.);
#11588 = PLANE('',#11589);
#11589 = AXIS2_PLACEMENT_3D('',#11590,#11591,#11592);
#11590 = CARTESIAN_POINT('',(-0.32,-7.94,8.54));
#11591 = DIRECTION('',(0.,0.,1.));
#11592 = DIRECTION('',(1.,0.,-0.));
#11593 = ADVANCED_FACE('',(#11594),#11600,.T.);
#11594 = FACE_BOUND('',#11595,.T.);
#11595 = EDGE_LOOP('',(#11596,#11597,#11598,#11599));
#11596 = ORIENTED_EDGE('',*,*,#10798,.F.);
#11597 = ORIENTED_EDGE('',*,*,#10822,.F.);
#11598 = ORIENTED_EDGE('',*,*,#10846,.T.);
#11599 = ORIENTED_EDGE('',*,*,#10863,.T.);
#11600 = PLANE('',#11601);
#11601 = AXIS2_PLACEMENT_3D('',#11602,#11603,#11604);
#11602 = CARTESIAN_POINT('',(-0.32,-23.18,8.54));
#11603 = DIRECTION('',(0.,0.,1.));
#11604 = DIRECTION('',(1.,0.,-0.));
#11605 = ADVANCED_FACE('',(#11606),#11612,.T.);
#11606 = FACE_BOUND('',#11607,.T.);
#11607 = EDGE_LOOP('',(#11608,#11609,#11610,#11611));
#11608 = ORIENTED_EDGE('',*,*,#10942,.F.);
#11609 = ORIENTED_EDGE('',*,*,#10959,.F.);
#11610 = ORIENTED_EDGE('',*,*,#10894,.T.);
#11611 = ORIENTED_EDGE('',*,*,#10918,.T.);
#11612 = PLANE('',#11613);
#11613 = AXIS2_PLACEMENT_3D('',#11614,#11615,#11616);
#11614 = CARTESIAN_POINT('',(-0.32,-20.64,8.54));
#11615 = DIRECTION('',(0.,0.,1.));
#11616 = DIRECTION('',(1.,0.,-0.));
#11617 = ADVANCED_FACE('',(#11618),#11624,.T.);
#11618 = FACE_BOUND('',#11619,.T.);
#11619 = EDGE_LOOP('',(#11620,#11621,#11622,#11623));
#11620 = ORIENTED_EDGE('',*,*,#10990,.F.);
#11621 = ORIENTED_EDGE('',*,*,#11014,.F.);
#11622 = ORIENTED_EDGE('',*,*,#11038,.T.);
#11623 = ORIENTED_EDGE('',*,*,#11055,.T.);
#11624 = PLANE('',#11625);
#11625 = AXIS2_PLACEMENT_3D('',#11626,#11627,#11628);
#11626 = CARTESIAN_POINT('',(2.22,-20.64,8.54));
#11627 = DIRECTION('',(0.,0.,1.));
#11628 = DIRECTION('',(1.,0.,-0.));
#11629 = ADVANCED_FACE('',(#11630),#11636,.T.);
#11630 = FACE_BOUND('',#11631,.T.);
#11631 = EDGE_LOOP('',(#11632,#11633,#11634,#11635));
#11632 = ORIENTED_EDGE('',*,*,#11110,.F.);
#11633 = ORIENTED_EDGE('',*,*,#11134,.F.);
#11634 = ORIENTED_EDGE('',*,*,#11151,.T.);
#11635 = ORIENTED_EDGE('',*,*,#11086,.T.);
#11636 = PLANE('',#11637);
#11637 = AXIS2_PLACEMENT_3D('',#11638,#11639,#11640);
#11638 = CARTESIAN_POINT('',(2.22,-23.18,8.54));
#11639 = DIRECTION('',(0.,0.,1.));
#11640 = DIRECTION('',(1.,0.,-0.));
#11641 = ( GEOMETRIC_REPRESENTATION_CONTEXT(3) 
GLOBAL_UNCERTAINTY_ASSIGNED_CONTEXT((#11645)) 
GLOBAL_UNIT_ASSIGNED_CONTEXT((#11642,#11643,#11644)) 
REPRESENTATION_CONTEXT('Context #1',
  '3D Context with UNIT and UNCERTAINTY') );
#11642 = ( LENGTH_UNIT() NAMED_UNIT(*) SI_UNIT(.MILLI.,.METRE.) );
#11643 = ( NAMED_UNIT(*) PLANE_ANGLE_UNIT() SI_UNIT($,.RADIAN.) );
#11644 = ( NAMED_UNIT(*) SI_UNIT($,.STERADIAN.) SOLID_ANGLE_UNIT() );
#11645 = UNCERTAINTY_MEASURE_WITH_UNIT(LENGTH_MEASURE(1.E-07),#11642,
  'distance_accuracy_value','confusion accuracy');
#11646 = CONTEXT_DEPENDENT_SHAPE_REPRESENTATION(#11647,#11649);
#11647 = ( REPRESENTATION_RELATIONSHIP('','',#56,#10) 
REPRESENTATION_RELATIONSHIP_WITH_TRANSFORMATION(#11648) 
SHAPE_REPRESENTATION_RELATIONSHIP() );
#11648 = ITEM_DEFINED_TRANSFORMATION('','',#11,#15);
#11649 = PRODUCT_DEFINITION_SHAPE('Placement','Placement of an item',
  #11650);
#11650 = NEXT_ASSEMBLY_USAGE_OCCURRENCE('1','J2','',#5,#51,$);
#11651 = PRODUCT_RELATED_PRODUCT_CATEGORY('part',$,(#53));
#11652 = CONTEXT_DEPENDENT_SHAPE_REPRESENTATION(#11653,#11655);
#11653 = ( REPRESENTATION_RELATIONSHIP('','',#56,#10) 
REPRESENTATION_RELATIONSHIP_WITH_TRANSFORMATION(#11654) 
SHAPE_REPRESENTATION_RELATIONSHIP() );
#11654 = ITEM_DEFINED_TRANSFORMATION('','',#11,#19);
#11655 = PRODUCT_DEFINITION_SHAPE('Placement','Placement of an item',
  #11656);
#11656 = NEXT_ASSEMBLY_USAGE_OCCURRENCE('2','J1','',#5,#51,$);
#11657 = SHAPE_DEFINITION_REPRESENTATION(#11658,#11664);
#11658 = PRODUCT_DEFINITION_SHAPE('','',#11659);
#11659 = PRODUCT_DEFINITION('design','',#11660,#11663);
#11660 = PRODUCT_DEFINITION_FORMATION('','',#11661);
#11661 = PRODUCT('PinHeader_1x10_P2.54mm_Vertical',
  'PinHeader_1x10_P2.54mm_Vertical','',(#11662));
#11662 = PRODUCT_CONTEXT('',#2,'mechanical');
#11663 = PRODUCT_DEFINITION_CONTEXT('part definition',#2,'design');
#11664 = ADVANCED_BREP_SHAPE_REPRESENTATION('',(#11,#11665),#18489);
#11665 = MANIFOLD_SOLID_BREP('',#11666);
#11666 = CLOSED_SHELL('',(#11667,#11707,#11738,#11769,#12590,#13411,
    #13428,#13445,#13462,#13479,#13496,#13513,#13530,#13547,#13564,
    #13581,#13598,#13615,#13632,#13649,#13666,#13683,#13700,#13717,
    #13734,#13751,#13768,#13785,#13802,#13819,#13836,#13853,#13870,
    #13887,#13904,#13921,#13938,#13955,#13972,#13989,#14006,#14023,
    #14040,#14057,#14074,#14091,#14108,#14125,#14142,#14159,#14176,
    #14193,#14210,#14227,#14244,#14261,#14278,#14295,#14312,#14329,
    #14346,#14363,#14380,#14397,#14409,#14440,#14464,#14488,#14505,
    #14536,#14560,#14584,#14601,#14632,#14656,#14680,#14697,#14728,
    #14752,#14776,#14793,#14824,#14848,#14872,#14889,#14920,#14944,
    #14968,#14985,#15016,#15040,#15064,#15081,#15112,#15136,#15160,
    #15177,#15208,#15232,#15256,#15273,#15304,#15328,#15352,#15369,
    #15400,#15424,#15448,#15465,#15496,#15520,#15544,#15561,#15592,
    #15616,#15640,#15657,#15688,#15712,#15736,#15753,#15784,#15808,
    #15832,#15849,#15880,#15904,#15928,#15945,#15976,#16000,#16024,
    #16041,#16072,#16096,#16120,#16137,#16168,#16192,#16216,#16233,
    #16264,#16288,#16312,#16329,#16360,#16384,#16408,#16425,#16456,
    #16480,#16504,#16521,#16552,#16576,#16600,#16617,#16648,#16672,
    #16696,#16713,#16744,#16768,#16792,#16809,#16840,#16864,#16888,
    #16905,#16936,#16960,#16984,#17001,#17032,#17056,#17080,#17097,
    #17128,#17152,#17176,#17193,#17224,#17248,#17272,#17289,#17320,
    #17344,#17368,#17385,#17416,#17440,#17464,#17481,#17512,#17536,
    #17560,#17577,#17608,#17632,#17656,#17673,#17704,#17728,#17752,
    #17769,#17800,#17824,#17848,#17865,#17896,#17920,#17944,#17961,
    #17992,#18016,#18040,#18057,#18088,#18112,#18136,#18153,#18184,
    #18208,#18232,#18249,#18261,#18273,#18285,#18297,#18309,#18321,
    #18333,#18345,#18357,#18369,#18381,#18393,#18405,#18417,#18429,
    #18441,#18453,#18465,#18477));
#11667 = ADVANCED_FACE('',(#11668),#11702,.F.);
#11668 = FACE_BOUND('',#11669,.F.);
#11669 = EDGE_LOOP('',(#11670,#11680,#11688,#11696));
#11670 = ORIENTED_EDGE('',*,*,#11671,.T.);
#11671 = EDGE_CURVE('',#11672,#11674,#11676,.T.);
#11672 = VERTEX_POINT('',#11673);
#11673 = CARTESIAN_POINT('',(-1.016,1.27,0.));
#11674 = VERTEX_POINT('',#11675);
#11675 = CARTESIAN_POINT('',(-1.016,1.27,2.54));
#11676 = LINE('',#11677,#11678);
#11677 = CARTESIAN_POINT('',(-1.016,1.27,0.));
#11678 = VECTOR('',#11679,1.);
#11679 = DIRECTION('',(0.,0.,1.));
#11680 = ORIENTED_EDGE('',*,*,#11681,.T.);
#11681 = EDGE_CURVE('',#11674,#11682,#11684,.T.);
#11682 = VERTEX_POINT('',#11683);
#11683 = CARTESIAN_POINT('',(-1.27,1.016,2.54));
#11684 = LINE('',#11685,#11686);
#11685 = CARTESIAN_POINT('',(-1.016,1.27,2.54));
#11686 = VECTOR('',#11687,1.);
#11687 = DIRECTION('',(-0.707106781187,-0.707106781187,0.));
#11688 = ORIENTED_EDGE('',*,*,#11689,.F.);
#11689 = EDGE_CURVE('',#11690,#11682,#11692,.T.);
#11690 = VERTEX_POINT('',#11691);
#11691 = CARTESIAN_POINT('',(-1.27,1.016,0.));
#11692 = LINE('',#11693,#11694);
#11693 = CARTESIAN_POINT('',(-1.27,1.016,0.));
#11694 = VECTOR('',#11695,1.);
#11695 = DIRECTION('',(0.,0.,1.));
#11696 = ORIENTED_EDGE('',*,*,#11697,.F.);
#11697 = EDGE_CURVE('',#11672,#11690,#11698,.T.);
#11698 = LINE('',#11699,#11700);
#11699 = CARTESIAN_POINT('',(-1.016,1.27,0.));
#11700 = VECTOR('',#11701,1.);
#11701 = DIRECTION('',(-0.707106781187,-0.707106781187,0.));
#11702 = PLANE('',#11703);
#11703 = AXIS2_PLACEMENT_3D('',#11704,#11705,#11706);
#11704 = CARTESIAN_POINT('',(-1.016,1.27,0.));
#11705 = DIRECTION('',(0.707106781187,-0.707106781187,0.));
#11706 = DIRECTION('',(-0.707106781187,-0.707106781187,0.));
#11707 = ADVANCED_FACE('',(#11708),#11733,.F.);
#11708 = FACE_BOUND('',#11709,.F.);
#11709 = EDGE_LOOP('',(#11710,#11720,#11726,#11727));
#11710 = ORIENTED_EDGE('',*,*,#11711,.T.);
#11711 = EDGE_CURVE('',#11712,#11714,#11716,.T.);
#11712 = VERTEX_POINT('',#11713);
#11713 = CARTESIAN_POINT('',(1.016,1.27,0.));
#11714 = VERTEX_POINT('',#11715);
#11715 = CARTESIAN_POINT('',(1.016,1.27,2.54));
#11716 = LINE('',#11717,#11718);
#11717 = CARTESIAN_POINT('',(1.016,1.27,0.));
#11718 = VECTOR('',#11719,1.);
#11719 = DIRECTION('',(0.,0.,1.));
#11720 = ORIENTED_EDGE('',*,*,#11721,.T.);
#11721 = EDGE_CURVE('',#11714,#11674,#11722,.T.);
#11722 = LINE('',#11723,#11724);
#11723 = CARTESIAN_POINT('',(1.016,1.27,2.54));
#11724 = VECTOR('',#11725,1.);
#11725 = DIRECTION('',(-1.,0.,0.));
#11726 = ORIENTED_EDGE('',*,*,#11671,.F.);
#11727 = ORIENTED_EDGE('',*,*,#11728,.F.);
#11728 = EDGE_CURVE('',#11712,#11672,#11729,.T.);
#11729 = LINE('',#11730,#11731);
#11730 = CARTESIAN_POINT('',(1.016,1.27,0.));
#11731 = VECTOR('',#11732,1.);
#11732 = DIRECTION('',(-1.,0.,0.));
#11733 = PLANE('',#11734);
#11734 = AXIS2_PLACEMENT_3D('',#11735,#11736,#11737);
#11735 = CARTESIAN_POINT('',(1.016,1.27,0.));
#11736 = DIRECTION('',(0.,-1.,0.));
#11737 = DIRECTION('',(-1.,0.,0.));
#11738 = ADVANCED_FACE('',(#11739),#11764,.F.);
#11739 = FACE_BOUND('',#11740,.F.);
#11740 = EDGE_LOOP('',(#11741,#11742,#11750,#11758));
#11741 = ORIENTED_EDGE('',*,*,#11689,.T.);
#11742 = ORIENTED_EDGE('',*,*,#11743,.T.);
#11743 = EDGE_CURVE('',#11682,#11744,#11746,.T.);
#11744 = VERTEX_POINT('',#11745);
#11745 = CARTESIAN_POINT('',(-1.27,-1.016,2.54));
#11746 = LINE('',#11747,#11748);
#11747 = CARTESIAN_POINT('',(-1.27,1.016,2.54));
#11748 = VECTOR('',#11749,1.);
#11749 = DIRECTION('',(0.,-1.,0.));
#11750 = ORIENTED_EDGE('',*,*,#11751,.F.);
#11751 = EDGE_CURVE('',#11752,#11744,#11754,.T.);
#11752 = VERTEX_POINT('',#11753);
#11753 = CARTESIAN_POINT('',(-1.27,-1.016,0.));
#11754 = LINE('',#11755,#11756);
#11755 = CARTESIAN_POINT('',(-1.27,-1.016,0.));
#11756 = VECTOR('',#11757,1.);
#11757 = DIRECTION('',(0.,0.,1.));
#11758 = ORIENTED_EDGE('',*,*,#11759,.F.);
#11759 = EDGE_CURVE('',#11690,#11752,#11760,.T.);
#11760 = LINE('',#11761,#11762);
#11761 = CARTESIAN_POINT('',(-1.27,1.016,0.));
#11762 = VECTOR('',#11763,1.);
#11763 = DIRECTION('',(0.,-1.,0.));
#11764 = PLANE('',#11765);
#11765 = AXIS2_PLACEMENT_3D('',#11766,#11767,#11768);
#11766 = CARTESIAN_POINT('',(-1.27,1.016,0.));
#11767 = DIRECTION('',(1.,0.,0.));
#11768 = DIRECTION('',(0.,-1.,0.));
#11769 = ADVANCED_FACE('',(#11770,#12245,#12279,#12313,#12347,#12381,
    #12415,#12449,#12483,#12517,#12551),#12585,.F.);
#11770 = FACE_BOUND('',#11771,.F.);
#11771 = EDGE_LOOP('',(#11772,#11773,#11774,#11782,#11790,#11798,#11806,
    #11814,#11822,#11830,#11838,#11846,#11854,#11862,#11870,#11878,
    #11886,#11894,#11902,#11910,#11918,#11926,#11934,#11942,#11950,
    #11958,#11966,#11974,#11982,#11990,#11998,#12006,#12014,#12022,
    #12030,#12038,#12046,#12054,#12062,#12070,#12078,#12086,#12094,
    #12102,#12110,#12118,#12126,#12134,#12142,#12150,#12158,#12166,
    #12174,#12182,#12190,#12198,#12206,#12214,#12222,#12230,#12238,
    #12244));
#11772 = ORIENTED_EDGE('',*,*,#11697,.T.);
#11773 = ORIENTED_EDGE('',*,*,#11759,.T.);
#11774 = ORIENTED_EDGE('',*,*,#11775,.T.);
#11775 = EDGE_CURVE('',#11752,#11776,#11778,.T.);
#11776 = VERTEX_POINT('',#11777);
#11777 = CARTESIAN_POINT('',(-1.016,-1.27,0.));
#11778 = LINE('',#11779,#11780);
#11779 = CARTESIAN_POINT('',(-1.27,-1.016,0.));
#11780 = VECTOR('',#11781,1.);
#11781 = DIRECTION('',(0.707106781187,-0.707106781187,0.));
#11782 = ORIENTED_EDGE('',*,*,#11783,.T.);
#11783 = EDGE_CURVE('',#11776,#11784,#11786,.T.);
#11784 = VERTEX_POINT('',#11785);
#11785 = CARTESIAN_POINT('',(-1.27,-1.524,0.));
#11786 = LINE('',#11787,#11788);
#11787 = CARTESIAN_POINT('',(-1.016,-1.27,0.));
#11788 = VECTOR('',#11789,1.);
#11789 = DIRECTION('',(-0.707106781187,-0.707106781187,0.));
#11790 = ORIENTED_EDGE('',*,*,#11791,.T.);
#11791 = EDGE_CURVE('',#11784,#11792,#11794,.T.);
#11792 = VERTEX_POINT('',#11793);
#11793 = CARTESIAN_POINT('',(-1.27,-3.556,0.));
#11794 = LINE('',#11795,#11796);
#11795 = CARTESIAN_POINT('',(-1.27,-1.524,0.));
#11796 = VECTOR('',#11797,1.);
#11797 = DIRECTION('',(0.,-1.,0.));
#11798 = ORIENTED_EDGE('',*,*,#11799,.T.);
#11799 = EDGE_CURVE('',#11792,#11800,#11802,.T.);
#11800 = VERTEX_POINT('',#11801);
#11801 = CARTESIAN_POINT('',(-1.016,-3.81,0.));
#11802 = LINE('',#11803,#11804);
#11803 = CARTESIAN_POINT('',(-1.27,-3.556,0.));
#11804 = VECTOR('',#11805,1.);
#11805 = DIRECTION('',(0.707106781187,-0.707106781187,0.));
#11806 = ORIENTED_EDGE('',*,*,#11807,.T.);
#11807 = EDGE_CURVE('',#11800,#11808,#11810,.T.);
#11808 = VERTEX_POINT('',#11809);
#11809 = CARTESIAN_POINT('',(-1.27,-4.064,0.));
#11810 = LINE('',#11811,#11812);
#11811 = CARTESIAN_POINT('',(-1.016,-3.81,0.));
#11812 = VECTOR('',#11813,1.);
#11813 = DIRECTION('',(-0.707106781187,-0.707106781187,0.));
#11814 = ORIENTED_EDGE('',*,*,#11815,.T.);
#11815 = EDGE_CURVE('',#11808,#11816,#11818,.T.);
#11816 = VERTEX_POINT('',#11817);
#11817 = CARTESIAN_POINT('',(-1.27,-6.096,0.));
#11818 = LINE('',#11819,#11820);
#11819 = CARTESIAN_POINT('',(-1.27,-4.064,0.));
#11820 = VECTOR('',#11821,1.);
#11821 = DIRECTION('',(0.,-1.,0.));
#11822 = ORIENTED_EDGE('',*,*,#11823,.T.);
#11823 = EDGE_CURVE('',#11816,#11824,#11826,.T.);
#11824 = VERTEX_POINT('',#11825);
#11825 = CARTESIAN_POINT('',(-1.016,-6.35,0.));
#11826 = LINE('',#11827,#11828);
#11827 = CARTESIAN_POINT('',(-1.27,-6.096,0.));
#11828 = VECTOR('',#11829,1.);
#11829 = DIRECTION('',(0.707106781187,-0.707106781187,0.));
#11830 = ORIENTED_EDGE('',*,*,#11831,.T.);
#11831 = EDGE_CURVE('',#11824,#11832,#11834,.T.);
#11832 = VERTEX_POINT('',#11833);
#11833 = CARTESIAN_POINT('',(-1.27,-6.604,0.));
#11834 = LINE('',#11835,#11836);
#11835 = CARTESIAN_POINT('',(-1.016,-6.35,0.));
#11836 = VECTOR('',#11837,1.);
#11837 = DIRECTION('',(-0.707106781187,-0.707106781187,0.));
#11838 = ORIENTED_EDGE('',*,*,#11839,.T.);
#11839 = EDGE_CURVE('',#11832,#11840,#11842,.T.);
#11840 = VERTEX_POINT('',#11841);
#11841 = CARTESIAN_POINT('',(-1.27,-8.636,0.));
#11842 = LINE('',#11843,#11844);
#11843 = CARTESIAN_POINT('',(-1.27,-6.604,0.));
#11844 = VECTOR('',#11845,1.);
#11845 = DIRECTION('',(0.,-1.,0.));
#11846 = ORIENTED_EDGE('',*,*,#11847,.T.);
#11847 = EDGE_CURVE('',#11840,#11848,#11850,.T.);
#11848 = VERTEX_POINT('',#11849);
#11849 = CARTESIAN_POINT('',(-1.016,-8.89,0.));
#11850 = LINE('',#11851,#11852);
#11851 = CARTESIAN_POINT('',(-1.27,-8.636,0.));
#11852 = VECTOR('',#11853,1.);
#11853 = DIRECTION('',(0.707106781187,-0.707106781187,0.));
#11854 = ORIENTED_EDGE('',*,*,#11855,.T.);
#11855 = EDGE_CURVE('',#11848,#11856,#11858,.T.);
#11856 = VERTEX_POINT('',#11857);
#11857 = CARTESIAN_POINT('',(-1.27,-9.144,0.));
#11858 = LINE('',#11859,#11860);
#11859 = CARTESIAN_POINT('',(-1.016,-8.89,0.));
#11860 = VECTOR('',#11861,1.);
#11861 = DIRECTION('',(-0.707106781187,-0.707106781187,0.));
#11862 = ORIENTED_EDGE('',*,*,#11863,.T.);
#11863 = EDGE_CURVE('',#11856,#11864,#11866,.T.);
#11864 = VERTEX_POINT('',#11865);
#11865 = CARTESIAN_POINT('',(-1.27,-11.176,0.));
#11866 = LINE('',#11867,#11868);
#11867 = CARTESIAN_POINT('',(-1.27,-9.144,0.));
#11868 = VECTOR('',#11869,1.);
#11869 = DIRECTION('',(0.,-1.,0.));
#11870 = ORIENTED_EDGE('',*,*,#11871,.T.);
#11871 = EDGE_CURVE('',#11864,#11872,#11874,.T.);
#11872 = VERTEX_POINT('',#11873);
#11873 = CARTESIAN_POINT('',(-1.016,-11.43,0.));
#11874 = LINE('',#11875,#11876);
#11875 = CARTESIAN_POINT('',(-1.27,-11.176,0.));
#11876 = VECTOR('',#11877,1.);
#11877 = DIRECTION('',(0.707106781187,-0.707106781187,0.));
#11878 = ORIENTED_EDGE('',*,*,#11879,.T.);
#11879 = EDGE_CURVE('',#11872,#11880,#11882,.T.);
#11880 = VERTEX_POINT('',#11881);
#11881 = CARTESIAN_POINT('',(-1.27,-11.684,0.));
#11882 = LINE('',#11883,#11884);
#11883 = CARTESIAN_POINT('',(-1.016,-11.43,0.));
#11884 = VECTOR('',#11885,1.);
#11885 = DIRECTION('',(-0.707106781187,-0.707106781187,0.));
#11886 = ORIENTED_EDGE('',*,*,#11887,.T.);
#11887 = EDGE_CURVE('',#11880,#11888,#11890,.T.);
#11888 = VERTEX_POINT('',#11889);
#11889 = CARTESIAN_POINT('',(-1.27,-13.716,0.));
#11890 = LINE('',#11891,#11892);
#11891 = CARTESIAN_POINT('',(-1.27,-11.684,0.));
#11892 = VECTOR('',#11893,1.);
#11893 = DIRECTION('',(0.,-1.,0.));
#11894 = ORIENTED_EDGE('',*,*,#11895,.T.);
#11895 = EDGE_CURVE('',#11888,#11896,#11898,.T.);
#11896 = VERTEX_POINT('',#11897);
#11897 = CARTESIAN_POINT('',(-1.016,-13.97,0.));
#11898 = LINE('',#11899,#11900);
#11899 = CARTESIAN_POINT('',(-1.27,-13.716,0.));
#11900 = VECTOR('',#11901,1.);
#11901 = DIRECTION('',(0.707106781187,-0.707106781187,0.));
#11902 = ORIENTED_EDGE('',*,*,#11903,.T.);
#11903 = EDGE_CURVE('',#11896,#11904,#11906,.T.);
#11904 = VERTEX_POINT('',#11905);
#11905 = CARTESIAN_POINT('',(-1.27,-14.224,0.));
#11906 = LINE('',#11907,#11908);
#11907 = CARTESIAN_POINT('',(-1.016,-13.97,0.));
#11908 = VECTOR('',#11909,1.);
#11909 = DIRECTION('',(-0.707106781187,-0.707106781187,0.));
#11910 = ORIENTED_EDGE('',*,*,#11911,.T.);
#11911 = EDGE_CURVE('',#11904,#11912,#11914,.T.);
#11912 = VERTEX_POINT('',#11913);
#11913 = CARTESIAN_POINT('',(-1.27,-16.256,0.));
#11914 = LINE('',#11915,#11916);
#11915 = CARTESIAN_POINT('',(-1.27,-14.224,0.));
#11916 = VECTOR('',#11917,1.);
#11917 = DIRECTION('',(0.,-1.,0.));
#11918 = ORIENTED_EDGE('',*,*,#11919,.T.);
#11919 = EDGE_CURVE('',#11912,#11920,#11922,.T.);
#11920 = VERTEX_POINT('',#11921);
#11921 = CARTESIAN_POINT('',(-1.016,-16.51,0.));
#11922 = LINE('',#11923,#11924);
#11923 = CARTESIAN_POINT('',(-1.27,-16.256,0.));
#11924 = VECTOR('',#11925,1.);
#11925 = DIRECTION('',(0.707106781187,-0.707106781187,0.));
#11926 = ORIENTED_EDGE('',*,*,#11927,.T.);
#11927 = EDGE_CURVE('',#11920,#11928,#11930,.T.);
#11928 = VERTEX_POINT('',#11929);
#11929 = CARTESIAN_POINT('',(-1.27,-16.764,0.));
#11930 = LINE('',#11931,#11932);
#11931 = CARTESIAN_POINT('',(-1.016,-16.51,0.));
#11932 = VECTOR('',#11933,1.);
#11933 = DIRECTION('',(-0.707106781187,-0.707106781187,0.));
#11934 = ORIENTED_EDGE('',*,*,#11935,.T.);
#11935 = EDGE_CURVE('',#11928,#11936,#11938,.T.);
#11936 = VERTEX_POINT('',#11937);
#11937 = CARTESIAN_POINT('',(-1.27,-18.796,0.));
#11938 = LINE('',#11939,#11940);
#11939 = CARTESIAN_POINT('',(-1.27,-16.764,0.));
#11940 = VECTOR('',#11941,1.);
#11941 = DIRECTION('',(0.,-1.,0.));
#11942 = ORIENTED_EDGE('',*,*,#11943,.T.);
#11943 = EDGE_CURVE('',#11936,#11944,#11946,.T.);
#11944 = VERTEX_POINT('',#11945);
#11945 = CARTESIAN_POINT('',(-1.016,-19.05,0.));
#11946 = LINE('',#11947,#11948);
#11947 = CARTESIAN_POINT('',(-1.27,-18.796,0.));
#11948 = VECTOR('',#11949,1.);
#11949 = DIRECTION('',(0.707106781187,-0.707106781187,0.));
#11950 = ORIENTED_EDGE('',*,*,#11951,.T.);
#11951 = EDGE_CURVE('',#11944,#11952,#11954,.T.);
#11952 = VERTEX_POINT('',#11953);
#11953 = CARTESIAN_POINT('',(-1.27,-19.304,0.));
#11954 = LINE('',#11955,#11956);
#11955 = CARTESIAN_POINT('',(-1.016,-19.05,0.));
#11956 = VECTOR('',#11957,1.);
#11957 = DIRECTION('',(-0.707106781187,-0.707106781187,0.));
#11958 = ORIENTED_EDGE('',*,*,#11959,.T.);
#11959 = EDGE_CURVE('',#11952,#11960,#11962,.T.);
#11960 = VERTEX_POINT('',#11961);
#11961 = CARTESIAN_POINT('',(-1.27,-21.336,0.));
#11962 = LINE('',#11963,#11964);
#11963 = CARTESIAN_POINT('',(-1.27,-19.304,0.));
#11964 = VECTOR('',#11965,1.);
#11965 = DIRECTION('',(0.,-1.,0.));
#11966 = ORIENTED_EDGE('',*,*,#11967,.T.);
#11967 = EDGE_CURVE('',#11960,#11968,#11970,.T.);
#11968 = VERTEX_POINT('',#11969);
#11969 = CARTESIAN_POINT('',(-1.016,-21.59,0.));
#11970 = LINE('',#11971,#11972);
#11971 = CARTESIAN_POINT('',(-1.27,-21.336,0.));
#11972 = VECTOR('',#11973,1.);
#11973 = DIRECTION('',(0.707106781187,-0.707106781187,0.));
#11974 = ORIENTED_EDGE('',*,*,#11975,.T.);
#11975 = EDGE_CURVE('',#11968,#11976,#11978,.T.);
#11976 = VERTEX_POINT('',#11977);
#11977 = CARTESIAN_POINT('',(-1.27,-21.844,0.));
#11978 = LINE('',#11979,#11980);
#11979 = CARTESIAN_POINT('',(-1.016,-21.59,0.));
#11980 = VECTOR('',#11981,1.);
#11981 = DIRECTION('',(-0.707106781187,-0.707106781187,0.));
#11982 = ORIENTED_EDGE('',*,*,#11983,.T.);
#11983 = EDGE_CURVE('',#11976,#11984,#11986,.T.);
#11984 = VERTEX_POINT('',#11985);
#11985 = CARTESIAN_POINT('',(-1.27,-23.876,0.));
#11986 = LINE('',#11987,#11988);
#11987 = CARTESIAN_POINT('',(-1.27,-21.844,0.));
#11988 = VECTOR('',#11989,1.);
#11989 = DIRECTION('',(0.,-1.,0.));
#11990 = ORIENTED_EDGE('',*,*,#11991,.T.);
#11991 = EDGE_CURVE('',#11984,#11992,#11994,.T.);
#11992 = VERTEX_POINT('',#11993);
#11993 = CARTESIAN_POINT('',(-1.016,-24.13,0.));
#11994 = LINE('',#11995,#11996);
#11995 = CARTESIAN_POINT('',(-1.27,-23.876,0.));
#11996 = VECTOR('',#11997,1.);
#11997 = DIRECTION('',(0.707106781187,-0.707106781187,0.));
#11998 = ORIENTED_EDGE('',*,*,#11999,.T.);
#11999 = EDGE_CURVE('',#11992,#12000,#12002,.T.);
#12000 = VERTEX_POINT('',#12001);
#12001 = CARTESIAN_POINT('',(1.016,-24.13,0.));
#12002 = LINE('',#12003,#12004);
#12003 = CARTESIAN_POINT('',(-1.016,-24.13,0.));
#12004 = VECTOR('',#12005,1.);
#12005 = DIRECTION('',(1.,0.,0.));
#12006 = ORIENTED_EDGE('',*,*,#12007,.T.);
#12007 = EDGE_CURVE('',#12000,#12008,#12010,.T.);
#12008 = VERTEX_POINT('',#12009);
#12009 = CARTESIAN_POINT('',(1.27,-23.876,0.));
#12010 = LINE('',#12011,#12012);
#12011 = CARTESIAN_POINT('',(1.016,-24.13,0.));
#12012 = VECTOR('',#12013,1.);
#12013 = DIRECTION('',(0.707106781187,0.707106781187,0.));
#12014 = ORIENTED_EDGE('',*,*,#12015,.T.);
#12015 = EDGE_CURVE('',#12008,#12016,#12018,.T.);
#12016 = VERTEX_POINT('',#12017);
#12017 = CARTESIAN_POINT('',(1.27,-21.844,0.));
#12018 = LINE('',#12019,#12020);
#12019 = CARTESIAN_POINT('',(1.27,-23.876,0.));
#12020 = VECTOR('',#12021,1.);
#12021 = DIRECTION('',(0.,1.,0.));
#12022 = ORIENTED_EDGE('',*,*,#12023,.T.);
#12023 = EDGE_CURVE('',#12016,#12024,#12026,.T.);
#12024 = VERTEX_POINT('',#12025);
#12025 = CARTESIAN_POINT('',(1.016,-21.59,0.));
#12026 = LINE('',#12027,#12028);
#12027 = CARTESIAN_POINT('',(1.27,-21.844,0.));
#12028 = VECTOR('',#12029,1.);
#12029 = DIRECTION('',(-0.707106781187,0.707106781187,0.));
#12030 = ORIENTED_EDGE('',*,*,#12031,.T.);
#12031 = EDGE_CURVE('',#12024,#12032,#12034,.T.);
#12032 = VERTEX_POINT('',#12033);
#12033 = CARTESIAN_POINT('',(1.27,-21.336,0.));
#12034 = LINE('',#12035,#12036);
#12035 = CARTESIAN_POINT('',(1.016,-21.59,0.));
#12036 = VECTOR('',#12037,1.);
#12037 = DIRECTION('',(0.707106781187,0.707106781187,0.));
#12038 = ORIENTED_EDGE('',*,*,#12039,.T.);
#12039 = EDGE_CURVE('',#12032,#12040,#12042,.T.);
#12040 = VERTEX_POINT('',#12041);
#12041 = CARTESIAN_POINT('',(1.27,-19.304,0.));
#12042 = LINE('',#12043,#12044);
#12043 = CARTESIAN_POINT('',(1.27,-21.336,0.));
#12044 = VECTOR('',#12045,1.);
#12045 = DIRECTION('',(0.,1.,0.));
#12046 = ORIENTED_EDGE('',*,*,#12047,.T.);
#12047 = EDGE_CURVE('',#12040,#12048,#12050,.T.);
#12048 = VERTEX_POINT('',#12049);
#12049 = CARTESIAN_POINT('',(1.016,-19.05,0.));
#12050 = LINE('',#12051,#12052);
#12051 = CARTESIAN_POINT('',(1.27,-19.304,0.));
#12052 = VECTOR('',#12053,1.);
#12053 = DIRECTION('',(-0.707106781187,0.707106781187,0.));
#12054 = ORIENTED_EDGE('',*,*,#12055,.T.);
#12055 = EDGE_CURVE('',#12048,#12056,#12058,.T.);
#12056 = VERTEX_POINT('',#12057);
#12057 = CARTESIAN_POINT('',(1.27,-18.796,0.));
#12058 = LINE('',#12059,#12060);
#12059 = CARTESIAN_POINT('',(1.016,-19.05,0.));
#12060 = VECTOR('',#12061,1.);
#12061 = DIRECTION('',(0.707106781187,0.707106781187,0.));
#12062 = ORIENTED_EDGE('',*,*,#12063,.T.);
#12063 = EDGE_CURVE('',#12056,#12064,#12066,.T.);
#12064 = VERTEX_POINT('',#12065);
#12065 = CARTESIAN_POINT('',(1.27,-16.764,0.));
#12066 = LINE('',#12067,#12068);
#12067 = CARTESIAN_POINT('',(1.27,-18.796,0.));
#12068 = VECTOR('',#12069,1.);
#12069 = DIRECTION('',(0.,1.,0.));
#12070 = ORIENTED_EDGE('',*,*,#12071,.T.);
#12071 = EDGE_CURVE('',#12064,#12072,#12074,.T.);
#12072 = VERTEX_POINT('',#12073);
#12073 = CARTESIAN_POINT('',(1.016,-16.51,0.));
#12074 = LINE('',#12075,#12076);
#12075 = CARTESIAN_POINT('',(1.27,-16.764,0.));
#12076 = VECTOR('',#12077,1.);
#12077 = DIRECTION('',(-0.707106781187,0.707106781187,0.));
#12078 = ORIENTED_EDGE('',*,*,#12079,.T.);
#12079 = EDGE_CURVE('',#12072,#12080,#12082,.T.);
#12080 = VERTEX_POINT('',#12081);
#12081 = CARTESIAN_POINT('',(1.27,-16.256,0.));
#12082 = LINE('',#12083,#12084);
#12083 = CARTESIAN_POINT('',(1.016,-16.51,0.));
#12084 = VECTOR('',#12085,1.);
#12085 = DIRECTION('',(0.707106781187,0.707106781187,0.));
#12086 = ORIENTED_EDGE('',*,*,#12087,.T.);
#12087 = EDGE_CURVE('',#12080,#12088,#12090,.T.);
#12088 = VERTEX_POINT('',#12089);
#12089 = CARTESIAN_POINT('',(1.27,-14.224,0.));
#12090 = LINE('',#12091,#12092);
#12091 = CARTESIAN_POINT('',(1.27,-16.256,0.));
#12092 = VECTOR('',#12093,1.);
#12093 = DIRECTION('',(0.,1.,0.));
#12094 = ORIENTED_EDGE('',*,*,#12095,.T.);
#12095 = EDGE_CURVE('',#12088,#12096,#12098,.T.);
#12096 = VERTEX_POINT('',#12097);
#12097 = CARTESIAN_POINT('',(1.016,-13.97,0.));
#12098 = LINE('',#12099,#12100);
#12099 = CARTESIAN_POINT('',(1.27,-14.224,0.));
#12100 = VECTOR('',#12101,1.);
#12101 = DIRECTION('',(-0.707106781187,0.707106781187,0.));
#12102 = ORIENTED_EDGE('',*,*,#12103,.T.);
#12103 = EDGE_CURVE('',#12096,#12104,#12106,.T.);
#12104 = VERTEX_POINT('',#12105);
#12105 = CARTESIAN_POINT('',(1.27,-13.716,0.));
#12106 = LINE('',#12107,#12108);
#12107 = CARTESIAN_POINT('',(1.016,-13.97,0.));
#12108 = VECTOR('',#12109,1.);
#12109 = DIRECTION('',(0.707106781187,0.707106781187,0.));
#12110 = ORIENTED_EDGE('',*,*,#12111,.T.);
#12111 = EDGE_CURVE('',#12104,#12112,#12114,.T.);
#12112 = VERTEX_POINT('',#12113);
#12113 = CARTESIAN_POINT('',(1.27,-11.684,0.));
#12114 = LINE('',#12115,#12116);
#12115 = CARTESIAN_POINT('',(1.27,-13.716,0.));
#12116 = VECTOR('',#12117,1.);
#12117 = DIRECTION('',(0.,1.,0.));
#12118 = ORIENTED_EDGE('',*,*,#12119,.T.);
#12119 = EDGE_CURVE('',#12112,#12120,#12122,.T.);
#12120 = VERTEX_POINT('',#12121);
#12121 = CARTESIAN_POINT('',(1.016,-11.43,0.));
#12122 = LINE('',#12123,#12124);
#12123 = CARTESIAN_POINT('',(1.27,-11.684,0.));
#12124 = VECTOR('',#12125,1.);
#12125 = DIRECTION('',(-0.707106781187,0.707106781187,0.));
#12126 = ORIENTED_EDGE('',*,*,#12127,.T.);
#12127 = EDGE_CURVE('',#12120,#12128,#12130,.T.);
#12128 = VERTEX_POINT('',#12129);
#12129 = CARTESIAN_POINT('',(1.27,-11.176,0.));
#12130 = LINE('',#12131,#12132);
#12131 = CARTESIAN_POINT('',(1.016,-11.43,0.));
#12132 = VECTOR('',#12133,1.);
#12133 = DIRECTION('',(0.707106781187,0.707106781187,0.));
#12134 = ORIENTED_EDGE('',*,*,#12135,.T.);
#12135 = EDGE_CURVE('',#12128,#12136,#12138,.T.);
#12136 = VERTEX_POINT('',#12137);
#12137 = CARTESIAN_POINT('',(1.27,-9.144,0.));
#12138 = LINE('',#12139,#12140);
#12139 = CARTESIAN_POINT('',(1.27,-11.176,0.));
#12140 = VECTOR('',#12141,1.);
#12141 = DIRECTION('',(0.,1.,0.));
#12142 = ORIENTED_EDGE('',*,*,#12143,.T.);
#12143 = EDGE_CURVE('',#12136,#12144,#12146,.T.);
#12144 = VERTEX_POINT('',#12145);
#12145 = CARTESIAN_POINT('',(1.016,-8.89,0.));
#12146 = LINE('',#12147,#12148);
#12147 = CARTESIAN_POINT('',(1.27,-9.144,0.));
#12148 = VECTOR('',#12149,1.);
#12149 = DIRECTION('',(-0.707106781187,0.707106781187,0.));
#12150 = ORIENTED_EDGE('',*,*,#12151,.T.);
#12151 = EDGE_CURVE('',#12144,#12152,#12154,.T.);
#12152 = VERTEX_POINT('',#12153);
#12153 = CARTESIAN_POINT('',(1.27,-8.636,0.));
#12154 = LINE('',#12155,#12156);
#12155 = CARTESIAN_POINT('',(1.016,-8.89,0.));
#12156 = VECTOR('',#12157,1.);
#12157 = DIRECTION('',(0.707106781187,0.707106781187,0.));
#12158 = ORIENTED_EDGE('',*,*,#12159,.T.);
#12159 = EDGE_CURVE('',#12152,#12160,#12162,.T.);
#12160 = VERTEX_POINT('',#12161);
#12161 = CARTESIAN_POINT('',(1.27,-6.604,0.));
#12162 = LINE('',#12163,#12164);
#12163 = CARTESIAN_POINT('',(1.27,-8.636,0.));
#12164 = VECTOR('',#12165,1.);
#12165 = DIRECTION('',(0.,1.,0.));
#12166 = ORIENTED_EDGE('',*,*,#12167,.T.);
#12167 = EDGE_CURVE('',#12160,#12168,#12170,.T.);
#12168 = VERTEX_POINT('',#12169);
#12169 = CARTESIAN_POINT('',(1.016,-6.35,0.));
#12170 = LINE('',#12171,#12172);
#12171 = CARTESIAN_POINT('',(1.27,-6.604,0.));
#12172 = VECTOR('',#12173,1.);
#12173 = DIRECTION('',(-0.707106781187,0.707106781187,0.));
#12174 = ORIENTED_EDGE('',*,*,#12175,.T.);
#12175 = EDGE_CURVE('',#12168,#12176,#12178,.T.);
#12176 = VERTEX_POINT('',#12177);
#12177 = CARTESIAN_POINT('',(1.27,-6.096,0.));
#12178 = LINE('',#12179,#12180);
#12179 = CARTESIAN_POINT('',(1.016,-6.35,0.));
#12180 = VECTOR('',#12181,1.);
#12181 = DIRECTION('',(0.707106781187,0.707106781187,0.));
#12182 = ORIENTED_EDGE('',*,*,#12183,.T.);
#12183 = EDGE_CURVE('',#12176,#12184,#12186,.T.);
#12184 = VERTEX_POINT('',#12185);
#12185 = CARTESIAN_POINT('',(1.27,-4.064,0.));
#12186 = LINE('',#12187,#12188);
#12187 = CARTESIAN_POINT('',(1.27,-6.096,0.));
#12188 = VECTOR('',#12189,1.);
#12189 = DIRECTION('',(0.,1.,0.));
#12190 = ORIENTED_EDGE('',*,*,#12191,.T.);
#12191 = EDGE_CURVE('',#12184,#12192,#12194,.T.);
#12192 = VERTEX_POINT('',#12193);
#12193 = CARTESIAN_POINT('',(1.016,-3.81,0.));
#12194 = LINE('',#12195,#12196);
#12195 = CARTESIAN_POINT('',(1.27,-4.064,0.));
#12196 = VECTOR('',#12197,1.);
#12197 = DIRECTION('',(-0.707106781187,0.707106781187,0.));
#12198 = ORIENTED_EDGE('',*,*,#12199,.T.);
#12199 = EDGE_CURVE('',#12192,#12200,#12202,.T.);
#12200 = VERTEX_POINT('',#12201);
#12201 = CARTESIAN_POINT('',(1.27,-3.556,0.));
#12202 = LINE('',#12203,#12204);
#12203 = CARTESIAN_POINT('',(1.016,-3.81,0.));
#12204 = VECTOR('',#12205,1.);
#12205 = DIRECTION('',(0.707106781187,0.707106781187,0.));
#12206 = ORIENTED_EDGE('',*,*,#12207,.T.);
#12207 = EDGE_CURVE('',#12200,#12208,#12210,.T.);
#12208 = VERTEX_POINT('',#12209);
#12209 = CARTESIAN_POINT('',(1.27,-1.524,0.));
#12210 = LINE('',#12211,#12212);
#12211 = CARTESIAN_POINT('',(1.27,-3.556,0.));
#12212 = VECTOR('',#12213,1.);
#12213 = DIRECTION('',(0.,1.,0.));
#12214 = ORIENTED_EDGE('',*,*,#12215,.T.);
#12215 = EDGE_CURVE('',#12208,#12216,#12218,.T.);
#12216 = VERTEX_POINT('',#12217);
#12217 = CARTESIAN_POINT('',(1.016,-1.27,0.));
#12218 = LINE('',#12219,#12220);
#12219 = CARTESIAN_POINT('',(1.27,-1.524,0.));
#12220 = VECTOR('',#12221,1.);
#12221 = DIRECTION('',(-0.707106781187,0.707106781187,0.));
#12222 = ORIENTED_EDGE('',*,*,#12223,.T.);
#12223 = EDGE_CURVE('',#12216,#12224,#12226,.T.);
#12224 = VERTEX_POINT('',#12225);
#12225 = CARTESIAN_POINT('',(1.27,-1.016,0.));
#12226 = LINE('',#12227,#12228);
#12227 = CARTESIAN_POINT('',(1.016,-1.27,0.));
#12228 = VECTOR('',#12229,1.);
#12229 = DIRECTION('',(0.707106781187,0.707106781187,0.));
#12230 = ORIENTED_EDGE('',*,*,#12231,.T.);
#12231 = EDGE_CURVE('',#12224,#12232,#12234,.T.);
#12232 = VERTEX_POINT('',#12233);
#12233 = CARTESIAN_POINT('',(1.27,1.016,0.));
#12234 = LINE('',#12235,#12236);
#12235 = CARTESIAN_POINT('',(1.27,-1.016,0.));
#12236 = VECTOR('',#12237,1.);
#12237 = DIRECTION('',(0.,1.,0.));
#12238 = ORIENTED_EDGE('',*,*,#12239,.T.);
#12239 = EDGE_CURVE('',#12232,#11712,#12240,.T.);
#12240 = LINE('',#12241,#12242);
#12241 = CARTESIAN_POINT('',(1.27,1.016,0.));
#12242 = VECTOR('',#12243,1.);
#12243 = DIRECTION('',(-0.707106781187,0.707106781187,0.));
#12244 = ORIENTED_EDGE('',*,*,#11728,.T.);
#12245 = FACE_BOUND('',#12246,.F.);
#12246 = EDGE_LOOP('',(#12247,#12257,#12265,#12273));
#12247 = ORIENTED_EDGE('',*,*,#12248,.F.);
#12248 = EDGE_CURVE('',#12249,#12251,#12253,.T.);
#12249 = VERTEX_POINT('',#12250);
#12250 = CARTESIAN_POINT('',(0.32,-13.02,0.));
#12251 = VERTEX_POINT('',#12252);
#12252 = CARTESIAN_POINT('',(0.32,-12.38,0.));
#12253 = LINE('',#12254,#12255);
#12254 = CARTESIAN_POINT('',(0.32,-12.225,0.));
#12255 = VECTOR('',#12256,1.);
#12256 = DIRECTION('',(0.,1.,0.));
#12257 = ORIENTED_EDGE('',*,*,#12258,.T.);
#12258 = EDGE_CURVE('',#12249,#12259,#12261,.T.);
#12259 = VERTEX_POINT('',#12260);
#12260 = CARTESIAN_POINT('',(-0.32,-13.02,0.));
#12261 = LINE('',#12262,#12263);
#12262 = CARTESIAN_POINT('',(-0.16,-13.02,0.));
#12263 = VECTOR('',#12264,1.);
#12264 = DIRECTION('',(-1.,0.,0.));
#12265 = ORIENTED_EDGE('',*,*,#12266,.T.);
#12266 = EDGE_CURVE('',#12259,#12267,#12269,.T.);
#12267 = VERTEX_POINT('',#12268);
#12268 = CARTESIAN_POINT('',(-0.32,-12.38,0.));
#12269 = LINE('',#12270,#12271);
#12270 = CARTESIAN_POINT('',(-0.32,-12.225,0.));
#12271 = VECTOR('',#12272,1.);
#12272 = DIRECTION('',(0.,1.,0.));
#12273 = ORIENTED_EDGE('',*,*,#12274,.F.);
#12274 = EDGE_CURVE('',#12251,#12267,#12275,.T.);
#12275 = LINE('',#12276,#12277);
#12276 = CARTESIAN_POINT('',(-0.16,-12.38,0.));
#12277 = VECTOR('',#12278,1.);
#12278 = DIRECTION('',(-1.,0.,0.));
#12279 = FACE_BOUND('',#12280,.F.);
#12280 = EDGE_LOOP('',(#12281,#12291,#12299,#12307));
#12281 = ORIENTED_EDGE('',*,*,#12282,.F.);
#12282 = EDGE_CURVE('',#12283,#12285,#12287,.T.);
#12283 = VERTEX_POINT('',#12284);
#12284 = CARTESIAN_POINT('',(0.32,-10.48,0.));
#12285 = VERTEX_POINT('',#12286);
#12286 = CARTESIAN_POINT('',(0.32,-9.84,0.));
#12287 = LINE('',#12288,#12289);
#12288 = CARTESIAN_POINT('',(0.32,-10.955,0.));
#12289 = VECTOR('',#12290,1.);
#12290 = DIRECTION('',(0.,1.,0.));
#12291 = ORIENTED_EDGE('',*,*,#12292,.T.);
#12292 = EDGE_CURVE('',#12283,#12293,#12295,.T.);
#12293 = VERTEX_POINT('',#12294);
#12294 = CARTESIAN_POINT('',(-0.32,-10.48,0.));
#12295 = LINE('',#12296,#12297);
#12296 = CARTESIAN_POINT('',(-0.16,-10.48,0.));
#12297 = VECTOR('',#12298,1.);
#12298 = DIRECTION('',(-1.,0.,0.));
#12299 = ORIENTED_EDGE('',*,*,#12300,.T.);
#12300 = EDGE_CURVE('',#12293,#12301,#12303,.T.);
#12301 = VERTEX_POINT('',#12302);
#12302 = CARTESIAN_POINT('',(-0.32,-9.84,0.));
#12303 = LINE('',#12304,#12305);
#12304 = CARTESIAN_POINT('',(-0.32,-10.955,0.));
#12305 = VECTOR('',#12306,1.);
#12306 = DIRECTION('',(0.,1.,0.));
#12307 = ORIENTED_EDGE('',*,*,#12308,.F.);
#12308 = EDGE_CURVE('',#12285,#12301,#12309,.T.);
#12309 = LINE('',#12310,#12311);
#12310 = CARTESIAN_POINT('',(-0.16,-9.84,0.));
#12311 = VECTOR('',#12312,1.);
#12312 = DIRECTION('',(-1.,0.,0.));
#12313 = FACE_BOUND('',#12314,.F.);
#12314 = EDGE_LOOP('',(#12315,#12325,#12333,#12341));
#12315 = ORIENTED_EDGE('',*,*,#12316,.F.);
#12316 = EDGE_CURVE('',#12317,#12319,#12321,.T.);
#12317 = VERTEX_POINT('',#12318);
#12318 = CARTESIAN_POINT('',(0.32,-7.94,0.));
#12319 = VERTEX_POINT('',#12320);
#12320 = CARTESIAN_POINT('',(0.32,-7.3,0.));
#12321 = LINE('',#12322,#12323);
#12322 = CARTESIAN_POINT('',(0.32,-9.685,0.));
#12323 = VECTOR('',#12324,1.);
#12324 = DIRECTION('',(0.,1.,0.));
#12325 = ORIENTED_EDGE('',*,*,#12326,.T.);
#12326 = EDGE_CURVE('',#12317,#12327,#12329,.T.);
#12327 = VERTEX_POINT('',#12328);
#12328 = CARTESIAN_POINT('',(-0.32,-7.94,0.));
#12329 = LINE('',#12330,#12331);
#12330 = CARTESIAN_POINT('',(-0.16,-7.94,0.));
#12331 = VECTOR('',#12332,1.);
#12332 = DIRECTION('',(-1.,0.,0.));
#12333 = ORIENTED_EDGE('',*,*,#12334,.T.);
#12334 = EDGE_CURVE('',#12327,#12335,#12337,.T.);
#12335 = VERTEX_POINT('',#12336);
#12336 = CARTESIAN_POINT('',(-0.32,-7.3,0.));
#12337 = LINE('',#12338,#12339);
#12338 = CARTESIAN_POINT('',(-0.32,-9.685,0.));
#12339 = VECTOR('',#12340,1.);
#12340 = DIRECTION('',(0.,1.,0.));
#12341 = ORIENTED_EDGE('',*,*,#12342,.F.);
#12342 = EDGE_CURVE('',#12319,#12335,#12343,.T.);
#12343 = LINE('',#12344,#12345);
#12344 = CARTESIAN_POINT('',(-0.16,-7.3,0.));
#12345 = VECTOR('',#12346,1.);
#12346 = DIRECTION('',(-1.,0.,0.));
#12347 = FACE_BOUND('',#12348,.F.);
#12348 = EDGE_LOOP('',(#12349,#12359,#12367,#12375));
#12349 = ORIENTED_EDGE('',*,*,#12350,.T.);
#12350 = EDGE_CURVE('',#12351,#12353,#12355,.T.);
#12351 = VERTEX_POINT('',#12352);
#12352 = CARTESIAN_POINT('',(0.32,-18.1,0.));
#12353 = VERTEX_POINT('',#12354);
#12354 = CARTESIAN_POINT('',(-0.32,-18.1,0.));
#12355 = LINE('',#12356,#12357);
#12356 = CARTESIAN_POINT('',(-0.16,-18.1,0.));
#12357 = VECTOR('',#12358,1.);
#12358 = DIRECTION('',(-1.,0.,0.));
#12359 = ORIENTED_EDGE('',*,*,#12360,.T.);
#12360 = EDGE_CURVE('',#12353,#12361,#12363,.T.);
#12361 = VERTEX_POINT('',#12362);
#12362 = CARTESIAN_POINT('',(-0.32,-17.46,0.));
#12363 = LINE('',#12364,#12365);
#12364 = CARTESIAN_POINT('',(-0.32,-14.765,0.));
#12365 = VECTOR('',#12366,1.);
#12366 = DIRECTION('',(0.,1.,0.));
#12367 = ORIENTED_EDGE('',*,*,#12368,.F.);
#12368 = EDGE_CURVE('',#12369,#12361,#12371,.T.);
#12369 = VERTEX_POINT('',#12370);
#12370 = CARTESIAN_POINT('',(0.32,-17.46,0.));
#12371 = LINE('',#12372,#12373);
#12372 = CARTESIAN_POINT('',(-0.16,-17.46,0.));
#12373 = VECTOR('',#12374,1.);
#12374 = DIRECTION('',(-1.,0.,0.));
#12375 = ORIENTED_EDGE('',*,*,#12376,.F.);
#12376 = EDGE_CURVE('',#12351,#12369,#12377,.T.);
#12377 = LINE('',#12378,#12379);
#12378 = CARTESIAN_POINT('',(0.32,-14.765,0.));
#12379 = VECTOR('',#12380,1.);
#12380 = DIRECTION('',(0.,1.,0.));
#12381 = FACE_BOUND('',#12382,.F.);
#12382 = EDGE_LOOP('',(#12383,#12393,#12401,#12409));
#12383 = ORIENTED_EDGE('',*,*,#12384,.F.);
#12384 = EDGE_CURVE('',#12385,#12387,#12389,.T.);
#12385 = VERTEX_POINT('',#12386);
#12386 = CARTESIAN_POINT('',(0.32,-15.56,0.));
#12387 = VERTEX_POINT('',#12388);
#12388 = CARTESIAN_POINT('',(0.32,-14.92,0.));
#12389 = LINE('',#12390,#12391);
#12390 = CARTESIAN_POINT('',(0.32,-13.495,0.));
#12391 = VECTOR('',#12392,1.);
#12392 = DIRECTION('',(0.,1.,0.));
#12393 = ORIENTED_EDGE('',*,*,#12394,.T.);
#12394 = EDGE_CURVE('',#12385,#12395,#12397,.T.);
#12395 = VERTEX_POINT('',#12396);
#12396 = CARTESIAN_POINT('',(-0.32,-15.56,0.));
#12397 = LINE('',#12398,#12399);
#12398 = CARTESIAN_POINT('',(-0.16,-15.56,0.));
#12399 = VECTOR('',#12400,1.);
#12400 = DIRECTION('',(-1.,0.,0.));
#12401 = ORIENTED_EDGE('',*,*,#12402,.T.);
#12402 = EDGE_CURVE('',#12395,#12403,#12405,.T.);
#12403 = VERTEX_POINT('',#12404);
#12404 = CARTESIAN_POINT('',(-0.32,-14.92,0.));
#12405 = LINE('',#12406,#12407);
#12406 = CARTESIAN_POINT('',(-0.32,-13.495,0.));
#12407 = VECTOR('',#12408,1.);
#12408 = DIRECTION('',(0.,1.,0.));
#12409 = ORIENTED_EDGE('',*,*,#12410,.F.);
#12410 = EDGE_CURVE('',#12387,#12403,#12411,.T.);
#12411 = LINE('',#12412,#12413);
#12412 = CARTESIAN_POINT('',(-0.16,-14.92,0.));
#12413 = VECTOR('',#12414,1.);
#12414 = DIRECTION('',(-1.,0.,0.));
#12415 = FACE_BOUND('',#12416,.F.);
#12416 = EDGE_LOOP('',(#12417,#12427,#12435,#12443));
#12417 = ORIENTED_EDGE('',*,*,#12418,.F.);
#12418 = EDGE_CURVE('',#12419,#12421,#12423,.T.);
#12419 = VERTEX_POINT('',#12420);
#12420 = CARTESIAN_POINT('',(0.32,-23.18,0.));
#12421 = VERTEX_POINT('',#12422);
#12422 = CARTESIAN_POINT('',(0.32,-22.54,0.));
#12423 = LINE('',#12424,#12425);
#12424 = CARTESIAN_POINT('',(0.32,-17.305,0.));
#12425 = VECTOR('',#12426,1.);
#12426 = DIRECTION('',(0.,1.,0.));
#12427 = ORIENTED_EDGE('',*,*,#12428,.T.);
#12428 = EDGE_CURVE('',#12419,#12429,#12431,.T.);
#12429 = VERTEX_POINT('',#12430);
#12430 = CARTESIAN_POINT('',(-0.32,-23.18,0.));
#12431 = LINE('',#12432,#12433);
#12432 = CARTESIAN_POINT('',(-0.16,-23.18,0.));
#12433 = VECTOR('',#12434,1.);
#12434 = DIRECTION('',(-1.,0.,0.));
#12435 = ORIENTED_EDGE('',*,*,#12436,.T.);
#12436 = EDGE_CURVE('',#12429,#12437,#12439,.T.);
#12437 = VERTEX_POINT('',#12438);
#12438 = CARTESIAN_POINT('',(-0.32,-22.54,0.));
#12439 = LINE('',#12440,#12441);
#12440 = CARTESIAN_POINT('',(-0.32,-17.305,0.));
#12441 = VECTOR('',#12442,1.);
#12442 = DIRECTION('',(0.,1.,0.));
#12443 = ORIENTED_EDGE('',*,*,#12444,.F.);
#12444 = EDGE_CURVE('',#12421,#12437,#12445,.T.);
#12445 = LINE('',#12446,#12447);
#12446 = CARTESIAN_POINT('',(-0.16,-22.54,0.));
#12447 = VECTOR('',#12448,1.);
#12448 = DIRECTION('',(-1.,0.,0.));
#12449 = FACE_BOUND('',#12450,.F.);
#12450 = EDGE_LOOP('',(#12451,#12461,#12469,#12477));
#12451 = ORIENTED_EDGE('',*,*,#12452,.T.);
#12452 = EDGE_CURVE('',#12453,#12455,#12457,.T.);
#12453 = VERTEX_POINT('',#12454);
#12454 = CARTESIAN_POINT('',(0.32,-20.64,0.));
#12455 = VERTEX_POINT('',#12456);
#12456 = CARTESIAN_POINT('',(-0.32,-20.64,0.));
#12457 = LINE('',#12458,#12459);
#12458 = CARTESIAN_POINT('',(-0.16,-20.64,0.));
#12459 = VECTOR('',#12460,1.);
#12460 = DIRECTION('',(-1.,0.,0.));
#12461 = ORIENTED_EDGE('',*,*,#12462,.T.);
#12462 = EDGE_CURVE('',#12455,#12463,#12465,.T.);
#12463 = VERTEX_POINT('',#12464);
#12464 = CARTESIAN_POINT('',(-0.32,-20.,0.));
#12465 = LINE('',#12466,#12467);
#12466 = CARTESIAN_POINT('',(-0.32,-16.035,0.));
#12467 = VECTOR('',#12468,1.);
#12468 = DIRECTION('',(0.,1.,0.));
#12469 = ORIENTED_EDGE('',*,*,#12470,.F.);
#12470 = EDGE_CURVE('',#12471,#12463,#12473,.T.);
#12471 = VERTEX_POINT('',#12472);
#12472 = CARTESIAN_POINT('',(0.32,-20.,0.));
#12473 = LINE('',#12474,#12475);
#12474 = CARTESIAN_POINT('',(-0.16,-20.,0.));
#12475 = VECTOR('',#12476,1.);
#12476 = DIRECTION('',(-1.,0.,0.));
#12477 = ORIENTED_EDGE('',*,*,#12478,.F.);
#12478 = EDGE_CURVE('',#12453,#12471,#12479,.T.);
#12479 = LINE('',#12480,#12481);
#12480 = CARTESIAN_POINT('',(0.32,-16.035,0.));
#12481 = VECTOR('',#12482,1.);
#12482 = DIRECTION('',(0.,1.,0.));
#12483 = FACE_BOUND('',#12484,.F.);
#12484 = EDGE_LOOP('',(#12485,#12495,#12503,#12511));
#12485 = ORIENTED_EDGE('',*,*,#12486,.T.);
#12486 = EDGE_CURVE('',#12487,#12489,#12491,.T.);
#12487 = VERTEX_POINT('',#12488);
#12488 = CARTESIAN_POINT('',(0.32,-0.32,0.));
#12489 = VERTEX_POINT('',#12490);
#12490 = CARTESIAN_POINT('',(-0.32,-0.32,0.));
#12491 = LINE('',#12492,#12493);
#12492 = CARTESIAN_POINT('',(-0.16,-0.32,0.));
#12493 = VECTOR('',#12494,1.);
#12494 = DIRECTION('',(-1.,0.,0.));
#12495 = ORIENTED_EDGE('',*,*,#12496,.T.);
#12496 = EDGE_CURVE('',#12489,#12497,#12499,.T.);
#12497 = VERTEX_POINT('',#12498);
#12498 = CARTESIAN_POINT('',(-0.32,0.32,0.));
#12499 = LINE('',#12500,#12501);
#12500 = CARTESIAN_POINT('',(-0.32,-5.875,0.));
#12501 = VECTOR('',#12502,1.);
#12502 = DIRECTION('',(0.,1.,0.));
#12503 = ORIENTED_EDGE('',*,*,#12504,.F.);
#12504 = EDGE_CURVE('',#12505,#12497,#12507,.T.);
#12505 = VERTEX_POINT('',#12506);
#12506 = CARTESIAN_POINT('',(0.32,0.32,0.));
#12507 = LINE('',#12508,#12509);
#12508 = CARTESIAN_POINT('',(-0.16,0.32,0.));
#12509 = VECTOR('',#12510,1.);
#12510 = DIRECTION('',(-1.,0.,0.));
#12511 = ORIENTED_EDGE('',*,*,#12512,.F.);
#12512 = EDGE_CURVE('',#12487,#12505,#12513,.T.);
#12513 = LINE('',#12514,#12515);
#12514 = CARTESIAN_POINT('',(0.32,-5.875,0.));
#12515 = VECTOR('',#12516,1.);
#12516 = DIRECTION('',(0.,1.,0.));
#12517 = FACE_BOUND('',#12518,.F.);
#12518 = EDGE_LOOP('',(#12519,#12529,#12537,#12545));
#12519 = ORIENTED_EDGE('',*,*,#12520,.F.);
#12520 = EDGE_CURVE('',#12521,#12523,#12525,.T.);
#12521 = VERTEX_POINT('',#12522);
#12522 = CARTESIAN_POINT('',(0.32,-2.86,0.));
#12523 = VERTEX_POINT('',#12524);
#12524 = CARTESIAN_POINT('',(0.32,-2.22,0.));
#12525 = LINE('',#12526,#12527);
#12526 = CARTESIAN_POINT('',(0.32,-7.145,0.));
#12527 = VECTOR('',#12528,1.);
#12528 = DIRECTION('',(0.,1.,0.));
#12529 = ORIENTED_EDGE('',*,*,#12530,.T.);
#12530 = EDGE_CURVE('',#12521,#12531,#12533,.T.);
#12531 = VERTEX_POINT('',#12532);
#12532 = CARTESIAN_POINT('',(-0.32,-2.86,0.));
#12533 = LINE('',#12534,#12535);
#12534 = CARTESIAN_POINT('',(-0.16,-2.86,0.));
#12535 = VECTOR('',#12536,1.);
#12536 = DIRECTION('',(-1.,0.,0.));
#12537 = ORIENTED_EDGE('',*,*,#12538,.T.);
#12538 = EDGE_CURVE('',#12531,#12539,#12541,.T.);
#12539 = VERTEX_POINT('',#12540);
#12540 = CARTESIAN_POINT('',(-0.32,-2.22,0.));
#12541 = LINE('',#12542,#12543);
#12542 = CARTESIAN_POINT('',(-0.32,-7.145,0.));
#12543 = VECTOR('',#12544,1.);
#12544 = DIRECTION('',(0.,1.,0.));
#12545 = ORIENTED_EDGE('',*,*,#12546,.F.);
#12546 = EDGE_CURVE('',#12523,#12539,#12547,.T.);
#12547 = LINE('',#12548,#12549);
#12548 = CARTESIAN_POINT('',(-0.16,-2.22,0.));
#12549 = VECTOR('',#12550,1.);
#12550 = DIRECTION('',(-1.,0.,0.));
#12551 = FACE_BOUND('',#12552,.F.);
#12552 = EDGE_LOOP('',(#12553,#12563,#12571,#12579));
#12553 = ORIENTED_EDGE('',*,*,#12554,.F.);
#12554 = EDGE_CURVE('',#12555,#12557,#12559,.T.);
#12555 = VERTEX_POINT('',#12556);
#12556 = CARTESIAN_POINT('',(0.32,-5.4,0.));
#12557 = VERTEX_POINT('',#12558);
#12558 = CARTESIAN_POINT('',(0.32,-4.76,0.));
#12559 = LINE('',#12560,#12561);
#12560 = CARTESIAN_POINT('',(0.32,-8.415,0.));
#12561 = VECTOR('',#12562,1.);
#12562 = DIRECTION('',(0.,1.,0.));
#12563 = ORIENTED_EDGE('',*,*,#12564,.T.);
#12564 = EDGE_CURVE('',#12555,#12565,#12567,.T.);
#12565 = VERTEX_POINT('',#12566);
#12566 = CARTESIAN_POINT('',(-0.32,-5.4,0.));
#12567 = LINE('',#12568,#12569);
#12568 = CARTESIAN_POINT('',(-0.16,-5.4,0.));
#12569 = VECTOR('',#12570,1.);
#12570 = DIRECTION('',(-1.,0.,0.));
#12571 = ORIENTED_EDGE('',*,*,#12572,.T.);
#12572 = EDGE_CURVE('',#12565,#12573,#12575,.T.);
#12573 = VERTEX_POINT('',#12574);
#12574 = CARTESIAN_POINT('',(-0.32,-4.76,0.));
#12575 = LINE('',#12576,#12577);
#12576 = CARTESIAN_POINT('',(-0.32,-8.415,0.));
#12577 = VECTOR('',#12578,1.);
#12578 = DIRECTION('',(0.,1.,0.));
#12579 = ORIENTED_EDGE('',*,*,#12580,.F.);
#12580 = EDGE_CURVE('',#12557,#12573,#12581,.T.);
#12581 = LINE('',#12582,#12583);
#12582 = CARTESIAN_POINT('',(-0.16,-4.76,0.));
#12583 = VECTOR('',#12584,1.);
#12584 = DIRECTION('',(-1.,0.,0.));
#12585 = PLANE('',#12586);
#12586 = AXIS2_PLACEMENT_3D('',#12587,#12588,#12589);
#12587 = CARTESIAN_POINT('',(-1.127656408637E-17,-11.43,0.));
#12588 = DIRECTION('',(0.,0.,1.));
#12589 = DIRECTION('',(1.,0.,-0.));
#12590 = ADVANCED_FACE('',(#12591,#13066,#13100,#13134,#13168,#13202,
    #13236,#13270,#13304,#13338,#13372),#13406,.T.);
#12591 = FACE_BOUND('',#12592,.T.);
#12592 = EDGE_LOOP('',(#12593,#12594,#12595,#12603,#12611,#12619,#12627,
    #12635,#12643,#12651,#12659,#12667,#12675,#12683,#12691,#12699,
    #12707,#12715,#12723,#12731,#12739,#12747,#12755,#12763,#12771,
    #12779,#12787,#12795,#12803,#12811,#12819,#12827,#12835,#12843,
    #12851,#12859,#12867,#12875,#12883,#12891,#12899,#12907,#12915,
    #12923,#12931,#12939,#12947,#12955,#12963,#12971,#12979,#12987,
    #12995,#13003,#13011,#13019,#13027,#13035,#13043,#13051,#13059,
    #13065));
#12593 = ORIENTED_EDGE('',*,*,#11681,.T.);
#12594 = ORIENTED_EDGE('',*,*,#11743,.T.);
#12595 = ORIENTED_EDGE('',*,*,#12596,.T.);
#12596 = EDGE_CURVE('',#11744,#12597,#12599,.T.);
#12597 = VERTEX_POINT('',#12598);
#12598 = CARTESIAN_POINT('',(-1.016,-1.27,2.54));
#12599 = LINE('',#12600,#12601);
#12600 = CARTESIAN_POINT('',(-1.27,-1.016,2.54));
#12601 = VECTOR('',#12602,1.);
#12602 = DIRECTION('',(0.707106781187,-0.707106781187,0.));
#12603 = ORIENTED_EDGE('',*,*,#12604,.T.);
#12604 = EDGE_CURVE('',#12597,#12605,#12607,.T.);
#12605 = VERTEX_POINT('',#12606);
#12606 = CARTESIAN_POINT('',(-1.27,-1.524,2.54));
#12607 = LINE('',#12608,#12609);
#12608 = CARTESIAN_POINT('',(-1.016,-1.27,2.54));
#12609 = VECTOR('',#12610,1.);
#12610 = DIRECTION('',(-0.707106781187,-0.707106781187,0.));
#12611 = ORIENTED_EDGE('',*,*,#12612,.T.);
#12612 = EDGE_CURVE('',#12605,#12613,#12615,.T.);
#12613 = VERTEX_POINT('',#12614);
#12614 = CARTESIAN_POINT('',(-1.27,-3.556,2.54));
#12615 = LINE('',#12616,#12617);
#12616 = CARTESIAN_POINT('',(-1.27,-1.524,2.54));
#12617 = VECTOR('',#12618,1.);
#12618 = DIRECTION('',(0.,-1.,0.));
#12619 = ORIENTED_EDGE('',*,*,#12620,.T.);
#12620 = EDGE_CURVE('',#12613,#12621,#12623,.T.);
#12621 = VERTEX_POINT('',#12622);
#12622 = CARTESIAN_POINT('',(-1.016,-3.81,2.54));
#12623 = LINE('',#12624,#12625);
#12624 = CARTESIAN_POINT('',(-1.27,-3.556,2.54));
#12625 = VECTOR('',#12626,1.);
#12626 = DIRECTION('',(0.707106781187,-0.707106781187,0.));
#12627 = ORIENTED_EDGE('',*,*,#12628,.T.);
#12628 = EDGE_CURVE('',#12621,#12629,#12631,.T.);
#12629 = VERTEX_POINT('',#12630);
#12630 = CARTESIAN_POINT('',(-1.27,-4.064,2.54));
#12631 = LINE('',#12632,#12633);
#12632 = CARTESIAN_POINT('',(-1.016,-3.81,2.54));
#12633 = VECTOR('',#12634,1.);
#12634 = DIRECTION('',(-0.707106781187,-0.707106781187,0.));
#12635 = ORIENTED_EDGE('',*,*,#12636,.T.);
#12636 = EDGE_CURVE('',#12629,#12637,#12639,.T.);
#12637 = VERTEX_POINT('',#12638);
#12638 = CARTESIAN_POINT('',(-1.27,-6.096,2.54));
#12639 = LINE('',#12640,#12641);
#12640 = CARTESIAN_POINT('',(-1.27,-4.064,2.54));
#12641 = VECTOR('',#12642,1.);
#12642 = DIRECTION('',(0.,-1.,0.));
#12643 = ORIENTED_EDGE('',*,*,#12644,.T.);
#12644 = EDGE_CURVE('',#12637,#12645,#12647,.T.);
#12645 = VERTEX_POINT('',#12646);
#12646 = CARTESIAN_POINT('',(-1.016,-6.35,2.54));
#12647 = LINE('',#12648,#12649);
#12648 = CARTESIAN_POINT('',(-1.27,-6.096,2.54));
#12649 = VECTOR('',#12650,1.);
#12650 = DIRECTION('',(0.707106781187,-0.707106781187,0.));
#12651 = ORIENTED_EDGE('',*,*,#12652,.T.);
#12652 = EDGE_CURVE('',#12645,#12653,#12655,.T.);
#12653 = VERTEX_POINT('',#12654);
#12654 = CARTESIAN_POINT('',(-1.27,-6.604,2.54));
#12655 = LINE('',#12656,#12657);
#12656 = CARTESIAN_POINT('',(-1.016,-6.35,2.54));
#12657 = VECTOR('',#12658,1.);
#12658 = DIRECTION('',(-0.707106781187,-0.707106781187,0.));
#12659 = ORIENTED_EDGE('',*,*,#12660,.T.);
#12660 = EDGE_CURVE('',#12653,#12661,#12663,.T.);
#12661 = VERTEX_POINT('',#12662);
#12662 = CARTESIAN_POINT('',(-1.27,-8.636,2.54));
#12663 = LINE('',#12664,#12665);
#12664 = CARTESIAN_POINT('',(-1.27,-6.604,2.54));
#12665 = VECTOR('',#12666,1.);
#12666 = DIRECTION('',(0.,-1.,0.));
#12667 = ORIENTED_EDGE('',*,*,#12668,.T.);
#12668 = EDGE_CURVE('',#12661,#12669,#12671,.T.);
#12669 = VERTEX_POINT('',#12670);
#12670 = CARTESIAN_POINT('',(-1.016,-8.89,2.54));
#12671 = LINE('',#12672,#12673);
#12672 = CARTESIAN_POINT('',(-1.27,-8.636,2.54));
#12673 = VECTOR('',#12674,1.);
#12674 = DIRECTION('',(0.707106781187,-0.707106781187,0.));
#12675 = ORIENTED_EDGE('',*,*,#12676,.T.);
#12676 = EDGE_CURVE('',#12669,#12677,#12679,.T.);
#12677 = VERTEX_POINT('',#12678);
#12678 = CARTESIAN_POINT('',(-1.27,-9.144,2.54));
#12679 = LINE('',#12680,#12681);
#12680 = CARTESIAN_POINT('',(-1.016,-8.89,2.54));
#12681 = VECTOR('',#12682,1.);
#12682 = DIRECTION('',(-0.707106781187,-0.707106781187,0.));
#12683 = ORIENTED_EDGE('',*,*,#12684,.T.);
#12684 = EDGE_CURVE('',#12677,#12685,#12687,.T.);
#12685 = VERTEX_POINT('',#12686);
#12686 = CARTESIAN_POINT('',(-1.27,-11.176,2.54));
#12687 = LINE('',#12688,#12689);
#12688 = CARTESIAN_POINT('',(-1.27,-9.144,2.54));
#12689 = VECTOR('',#12690,1.);
#12690 = DIRECTION('',(0.,-1.,0.));
#12691 = ORIENTED_EDGE('',*,*,#12692,.T.);
#12692 = EDGE_CURVE('',#12685,#12693,#12695,.T.);
#12693 = VERTEX_POINT('',#12694);
#12694 = CARTESIAN_POINT('',(-1.016,-11.43,2.54));
#12695 = LINE('',#12696,#12697);
#12696 = CARTESIAN_POINT('',(-1.27,-11.176,2.54));
#12697 = VECTOR('',#12698,1.);
#12698 = DIRECTION('',(0.707106781187,-0.707106781187,0.));
#12699 = ORIENTED_EDGE('',*,*,#12700,.T.);
#12700 = EDGE_CURVE('',#12693,#12701,#12703,.T.);
#12701 = VERTEX_POINT('',#12702);
#12702 = CARTESIAN_POINT('',(-1.27,-11.684,2.54));
#12703 = LINE('',#12704,#12705);
#12704 = CARTESIAN_POINT('',(-1.016,-11.43,2.54));
#12705 = VECTOR('',#12706,1.);
#12706 = DIRECTION('',(-0.707106781187,-0.707106781187,0.));
#12707 = ORIENTED_EDGE('',*,*,#12708,.T.);
#12708 = EDGE_CURVE('',#12701,#12709,#12711,.T.);
#12709 = VERTEX_POINT('',#12710);
#12710 = CARTESIAN_POINT('',(-1.27,-13.716,2.54));
#12711 = LINE('',#12712,#12713);
#12712 = CARTESIAN_POINT('',(-1.27,-11.684,2.54));
#12713 = VECTOR('',#12714,1.);
#12714 = DIRECTION('',(0.,-1.,0.));
#12715 = ORIENTED_EDGE('',*,*,#12716,.T.);
#12716 = EDGE_CURVE('',#12709,#12717,#12719,.T.);
#12717 = VERTEX_POINT('',#12718);
#12718 = CARTESIAN_POINT('',(-1.016,-13.97,2.54));
#12719 = LINE('',#12720,#12721);
#12720 = CARTESIAN_POINT('',(-1.27,-13.716,2.54));
#12721 = VECTOR('',#12722,1.);
#12722 = DIRECTION('',(0.707106781187,-0.707106781187,0.));
#12723 = ORIENTED_EDGE('',*,*,#12724,.T.);
#12724 = EDGE_CURVE('',#12717,#12725,#12727,.T.);
#12725 = VERTEX_POINT('',#12726);
#12726 = CARTESIAN_POINT('',(-1.27,-14.224,2.54));
#12727 = LINE('',#12728,#12729);
#12728 = CARTESIAN_POINT('',(-1.016,-13.97,2.54));
#12729 = VECTOR('',#12730,1.);
#12730 = DIRECTION('',(-0.707106781187,-0.707106781187,0.));
#12731 = ORIENTED_EDGE('',*,*,#12732,.T.);
#12732 = EDGE_CURVE('',#12725,#12733,#12735,.T.);
#12733 = VERTEX_POINT('',#12734);
#12734 = CARTESIAN_POINT('',(-1.27,-16.256,2.54));
#12735 = LINE('',#12736,#12737);
#12736 = CARTESIAN_POINT('',(-1.27,-14.224,2.54));
#12737 = VECTOR('',#12738,1.);
#12738 = DIRECTION('',(0.,-1.,0.));
#12739 = ORIENTED_EDGE('',*,*,#12740,.T.);
#12740 = EDGE_CURVE('',#12733,#12741,#12743,.T.);
#12741 = VERTEX_POINT('',#12742);
#12742 = CARTESIAN_POINT('',(-1.016,-16.51,2.54));
#12743 = LINE('',#12744,#12745);
#12744 = CARTESIAN_POINT('',(-1.27,-16.256,2.54));
#12745 = VECTOR('',#12746,1.);
#12746 = DIRECTION('',(0.707106781187,-0.707106781187,0.));
#12747 = ORIENTED_EDGE('',*,*,#12748,.T.);
#12748 = EDGE_CURVE('',#12741,#12749,#12751,.T.);
#12749 = VERTEX_POINT('',#12750);
#12750 = CARTESIAN_POINT('',(-1.27,-16.764,2.54));
#12751 = LINE('',#12752,#12753);
#12752 = CARTESIAN_POINT('',(-1.016,-16.51,2.54));
#12753 = VECTOR('',#12754,1.);
#12754 = DIRECTION('',(-0.707106781187,-0.707106781187,0.));
#12755 = ORIENTED_EDGE('',*,*,#12756,.T.);
#12756 = EDGE_CURVE('',#12749,#12757,#12759,.T.);
#12757 = VERTEX_POINT('',#12758);
#12758 = CARTESIAN_POINT('',(-1.27,-18.796,2.54));
#12759 = LINE('',#12760,#12761);
#12760 = CARTESIAN_POINT('',(-1.27,-16.764,2.54));
#12761 = VECTOR('',#12762,1.);
#12762 = DIRECTION('',(0.,-1.,0.));
#12763 = ORIENTED_EDGE('',*,*,#12764,.T.);
#12764 = EDGE_CURVE('',#12757,#12765,#12767,.T.);
#12765 = VERTEX_POINT('',#12766);
#12766 = CARTESIAN_POINT('',(-1.016,-19.05,2.54));
#12767 = LINE('',#12768,#12769);
#12768 = CARTESIAN_POINT('',(-1.27,-18.796,2.54));
#12769 = VECTOR('',#12770,1.);
#12770 = DIRECTION('',(0.707106781187,-0.707106781187,0.));
#12771 = ORIENTED_EDGE('',*,*,#12772,.T.);
#12772 = EDGE_CURVE('',#12765,#12773,#12775,.T.);
#12773 = VERTEX_POINT('',#12774);
#12774 = CARTESIAN_POINT('',(-1.27,-19.304,2.54));
#12775 = LINE('',#12776,#12777);
#12776 = CARTESIAN_POINT('',(-1.016,-19.05,2.54));
#12777 = VECTOR('',#12778,1.);
#12778 = DIRECTION('',(-0.707106781187,-0.707106781187,0.));
#12779 = ORIENTED_EDGE('',*,*,#12780,.T.);
#12780 = EDGE_CURVE('',#12773,#12781,#12783,.T.);
#12781 = VERTEX_POINT('',#12782);
#12782 = CARTESIAN_POINT('',(-1.27,-21.336,2.54));
#12783 = LINE('',#12784,#12785);
#12784 = CARTESIAN_POINT('',(-1.27,-19.304,2.54));
#12785 = VECTOR('',#12786,1.);
#12786 = DIRECTION('',(0.,-1.,0.));
#12787 = ORIENTED_EDGE('',*,*,#12788,.T.);
#12788 = EDGE_CURVE('',#12781,#12789,#12791,.T.);
#12789 = VERTEX_POINT('',#12790);
#12790 = CARTESIAN_POINT('',(-1.016,-21.59,2.54));
#12791 = LINE('',#12792,#12793);
#12792 = CARTESIAN_POINT('',(-1.27,-21.336,2.54));
#12793 = VECTOR('',#12794,1.);
#12794 = DIRECTION('',(0.707106781187,-0.707106781187,0.));
#12795 = ORIENTED_EDGE('',*,*,#12796,.T.);
#12796 = EDGE_CURVE('',#12789,#12797,#12799,.T.);
#12797 = VERTEX_POINT('',#12798);
#12798 = CARTESIAN_POINT('',(-1.27,-21.844,2.54));
#12799 = LINE('',#12800,#12801);
#12800 = CARTESIAN_POINT('',(-1.016,-21.59,2.54));
#12801 = VECTOR('',#12802,1.);
#12802 = DIRECTION('',(-0.707106781187,-0.707106781187,0.));
#12803 = ORIENTED_EDGE('',*,*,#12804,.T.);
#12804 = EDGE_CURVE('',#12797,#12805,#12807,.T.);
#12805 = VERTEX_POINT('',#12806);
#12806 = CARTESIAN_POINT('',(-1.27,-23.876,2.54));
#12807 = LINE('',#12808,#12809);
#12808 = CARTESIAN_POINT('',(-1.27,-21.844,2.54));
#12809 = VECTOR('',#12810,1.);
#12810 = DIRECTION('',(0.,-1.,0.));
#12811 = ORIENTED_EDGE('',*,*,#12812,.T.);
#12812 = EDGE_CURVE('',#12805,#12813,#12815,.T.);
#12813 = VERTEX_POINT('',#12814);
#12814 = CARTESIAN_POINT('',(-1.016,-24.13,2.54));
#12815 = LINE('',#12816,#12817);
#12816 = CARTESIAN_POINT('',(-1.27,-23.876,2.54));
#12817 = VECTOR('',#12818,1.);
#12818 = DIRECTION('',(0.707106781187,-0.707106781187,0.));
#12819 = ORIENTED_EDGE('',*,*,#12820,.T.);
#12820 = EDGE_CURVE('',#12813,#12821,#12823,.T.);
#12821 = VERTEX_POINT('',#12822);
#12822 = CARTESIAN_POINT('',(1.016,-24.13,2.54));
#12823 = LINE('',#12824,#12825);
#12824 = CARTESIAN_POINT('',(-1.016,-24.13,2.54));
#12825 = VECTOR('',#12826,1.);
#12826 = DIRECTION('',(1.,0.,0.));
#12827 = ORIENTED_EDGE('',*,*,#12828,.T.);
#12828 = EDGE_CURVE('',#12821,#12829,#12831,.T.);
#12829 = VERTEX_POINT('',#12830);
#12830 = CARTESIAN_POINT('',(1.27,-23.876,2.54));
#12831 = LINE('',#12832,#12833);
#12832 = CARTESIAN_POINT('',(1.016,-24.13,2.54));
#12833 = VECTOR('',#12834,1.);
#12834 = DIRECTION('',(0.707106781187,0.707106781187,0.));
#12835 = ORIENTED_EDGE('',*,*,#12836,.T.);
#12836 = EDGE_CURVE('',#12829,#12837,#12839,.T.);
#12837 = VERTEX_POINT('',#12838);
#12838 = CARTESIAN_POINT('',(1.27,-21.844,2.54));
#12839 = LINE('',#12840,#12841);
#12840 = CARTESIAN_POINT('',(1.27,-23.876,2.54));
#12841 = VECTOR('',#12842,1.);
#12842 = DIRECTION('',(0.,1.,0.));
#12843 = ORIENTED_EDGE('',*,*,#12844,.T.);
#12844 = EDGE_CURVE('',#12837,#12845,#12847,.T.);
#12845 = VERTEX_POINT('',#12846);
#12846 = CARTESIAN_POINT('',(1.016,-21.59,2.54));
#12847 = LINE('',#12848,#12849);
#12848 = CARTESIAN_POINT('',(1.27,-21.844,2.54));
#12849 = VECTOR('',#12850,1.);
#12850 = DIRECTION('',(-0.707106781187,0.707106781187,0.));
#12851 = ORIENTED_EDGE('',*,*,#12852,.T.);
#12852 = EDGE_CURVE('',#12845,#12853,#12855,.T.);
#12853 = VERTEX_POINT('',#12854);
#12854 = CARTESIAN_POINT('',(1.27,-21.336,2.54));
#12855 = LINE('',#12856,#12857);
#12856 = CARTESIAN_POINT('',(1.016,-21.59,2.54));
#12857 = VECTOR('',#12858,1.);
#12858 = DIRECTION('',(0.707106781187,0.707106781187,0.));
#12859 = ORIENTED_EDGE('',*,*,#12860,.T.);
#12860 = EDGE_CURVE('',#12853,#12861,#12863,.T.);
#12861 = VERTEX_POINT('',#12862);
#12862 = CARTESIAN_POINT('',(1.27,-19.304,2.54));
#12863 = LINE('',#12864,#12865);
#12864 = CARTESIAN_POINT('',(1.27,-21.336,2.54));
#12865 = VECTOR('',#12866,1.);
#12866 = DIRECTION('',(0.,1.,0.));
#12867 = ORIENTED_EDGE('',*,*,#12868,.T.);
#12868 = EDGE_CURVE('',#12861,#12869,#12871,.T.);
#12869 = VERTEX_POINT('',#12870);
#12870 = CARTESIAN_POINT('',(1.016,-19.05,2.54));
#12871 = LINE('',#12872,#12873);
#12872 = CARTESIAN_POINT('',(1.27,-19.304,2.54));
#12873 = VECTOR('',#12874,1.);
#12874 = DIRECTION('',(-0.707106781187,0.707106781187,0.));
#12875 = ORIENTED_EDGE('',*,*,#12876,.T.);
#12876 = EDGE_CURVE('',#12869,#12877,#12879,.T.);
#12877 = VERTEX_POINT('',#12878);
#12878 = CARTESIAN_POINT('',(1.27,-18.796,2.54));
#12879 = LINE('',#12880,#12881);
#12880 = CARTESIAN_POINT('',(1.016,-19.05,2.54));
#12881 = VECTOR('',#12882,1.);
#12882 = DIRECTION('',(0.707106781187,0.707106781187,0.));
#12883 = ORIENTED_EDGE('',*,*,#12884,.T.);
#12884 = EDGE_CURVE('',#12877,#12885,#12887,.T.);
#12885 = VERTEX_POINT('',#12886);
#12886 = CARTESIAN_POINT('',(1.27,-16.764,2.54));
#12887 = LINE('',#12888,#12889);
#12888 = CARTESIAN_POINT('',(1.27,-18.796,2.54));
#12889 = VECTOR('',#12890,1.);
#12890 = DIRECTION('',(0.,1.,0.));
#12891 = ORIENTED_EDGE('',*,*,#12892,.T.);
#12892 = EDGE_CURVE('',#12885,#12893,#12895,.T.);
#12893 = VERTEX_POINT('',#12894);
#12894 = CARTESIAN_POINT('',(1.016,-16.51,2.54));
#12895 = LINE('',#12896,#12897);
#12896 = CARTESIAN_POINT('',(1.27,-16.764,2.54));
#12897 = VECTOR('',#12898,1.);
#12898 = DIRECTION('',(-0.707106781187,0.707106781187,0.));
#12899 = ORIENTED_EDGE('',*,*,#12900,.T.);
#12900 = EDGE_CURVE('',#12893,#12901,#12903,.T.);
#12901 = VERTEX_POINT('',#12902);
#12902 = CARTESIAN_POINT('',(1.27,-16.256,2.54));
#12903 = LINE('',#12904,#12905);
#12904 = CARTESIAN_POINT('',(1.016,-16.51,2.54));
#12905 = VECTOR('',#12906,1.);
#12906 = DIRECTION('',(0.707106781187,0.707106781187,0.));
#12907 = ORIENTED_EDGE('',*,*,#12908,.T.);
#12908 = EDGE_CURVE('',#12901,#12909,#12911,.T.);
#12909 = VERTEX_POINT('',#12910);
#12910 = CARTESIAN_POINT('',(1.27,-14.224,2.54));
#12911 = LINE('',#12912,#12913);
#12912 = CARTESIAN_POINT('',(1.27,-16.256,2.54));
#12913 = VECTOR('',#12914,1.);
#12914 = DIRECTION('',(0.,1.,0.));
#12915 = ORIENTED_EDGE('',*,*,#12916,.T.);
#12916 = EDGE_CURVE('',#12909,#12917,#12919,.T.);
#12917 = VERTEX_POINT('',#12918);
#12918 = CARTESIAN_POINT('',(1.016,-13.97,2.54));
#12919 = LINE('',#12920,#12921);
#12920 = CARTESIAN_POINT('',(1.27,-14.224,2.54));
#12921 = VECTOR('',#12922,1.);
#12922 = DIRECTION('',(-0.707106781187,0.707106781187,0.));
#12923 = ORIENTED_EDGE('',*,*,#12924,.T.);
#12924 = EDGE_CURVE('',#12917,#12925,#12927,.T.);
#12925 = VERTEX_POINT('',#12926);
#12926 = CARTESIAN_POINT('',(1.27,-13.716,2.54));
#12927 = LINE('',#12928,#12929);
#12928 = CARTESIAN_POINT('',(1.016,-13.97,2.54));
#12929 = VECTOR('',#12930,1.);
#12930 = DIRECTION('',(0.707106781187,0.707106781187,0.));
#12931 = ORIENTED_EDGE('',*,*,#12932,.T.);
#12932 = EDGE_CURVE('',#12925,#12933,#12935,.T.);
#12933 = VERTEX_POINT('',#12934);
#12934 = CARTESIAN_POINT('',(1.27,-11.684,2.54));
#12935 = LINE('',#12936,#12937);
#12936 = CARTESIAN_POINT('',(1.27,-13.716,2.54));
#12937 = VECTOR('',#12938,1.);
#12938 = DIRECTION('',(0.,1.,0.));
#12939 = ORIENTED_EDGE('',*,*,#12940,.T.);
#12940 = EDGE_CURVE('',#12933,#12941,#12943,.T.);
#12941 = VERTEX_POINT('',#12942);
#12942 = CARTESIAN_POINT('',(1.016,-11.43,2.54));
#12943 = LINE('',#12944,#12945);
#12944 = CARTESIAN_POINT('',(1.27,-11.684,2.54));
#12945 = VECTOR('',#12946,1.);
#12946 = DIRECTION('',(-0.707106781187,0.707106781187,0.));
#12947 = ORIENTED_EDGE('',*,*,#12948,.T.);
#12948 = EDGE_CURVE('',#12941,#12949,#12951,.T.);
#12949 = VERTEX_POINT('',#12950);
#12950 = CARTESIAN_POINT('',(1.27,-11.176,2.54));
#12951 = LINE('',#12952,#12953);
#12952 = CARTESIAN_POINT('',(1.016,-11.43,2.54));
#12953 = VECTOR('',#12954,1.);
#12954 = DIRECTION('',(0.707106781187,0.707106781187,0.));
#12955 = ORIENTED_EDGE('',*,*,#12956,.T.);
#12956 = EDGE_CURVE('',#12949,#12957,#12959,.T.);
#12957 = VERTEX_POINT('',#12958);
#12958 = CARTESIAN_POINT('',(1.27,-9.144,2.54));
#12959 = LINE('',#12960,#12961);
#12960 = CARTESIAN_POINT('',(1.27,-11.176,2.54));
#12961 = VECTOR('',#12962,1.);
#12962 = DIRECTION('',(0.,1.,0.));
#12963 = ORIENTED_EDGE('',*,*,#12964,.T.);
#12964 = EDGE_CURVE('',#12957,#12965,#12967,.T.);
#12965 = VERTEX_POINT('',#12966);
#12966 = CARTESIAN_POINT('',(1.016,-8.89,2.54));
#12967 = LINE('',#12968,#12969);
#12968 = CARTESIAN_POINT('',(1.27,-9.144,2.54));
#12969 = VECTOR('',#12970,1.);
#12970 = DIRECTION('',(-0.707106781187,0.707106781187,0.));
#12971 = ORIENTED_EDGE('',*,*,#12972,.T.);
#12972 = EDGE_CURVE('',#12965,#12973,#12975,.T.);
#12973 = VERTEX_POINT('',#12974);
#12974 = CARTESIAN_POINT('',(1.27,-8.636,2.54));
#12975 = LINE('',#12976,#12977);
#12976 = CARTESIAN_POINT('',(1.016,-8.89,2.54));
#12977 = VECTOR('',#12978,1.);
#12978 = DIRECTION('',(0.707106781187,0.707106781187,0.));
#12979 = ORIENTED_EDGE('',*,*,#12980,.T.);
#12980 = EDGE_CURVE('',#12973,#12981,#12983,.T.);
#12981 = VERTEX_POINT('',#12982);
#12982 = CARTESIAN_POINT('',(1.27,-6.604,2.54));
#12983 = LINE('',#12984,#12985);
#12984 = CARTESIAN_POINT('',(1.27,-8.636,2.54));
#12985 = VECTOR('',#12986,1.);
#12986 = DIRECTION('',(0.,1.,0.));
#12987 = ORIENTED_EDGE('',*,*,#12988,.T.);
#12988 = EDGE_CURVE('',#12981,#12989,#12991,.T.);
#12989 = VERTEX_POINT('',#12990);
#12990 = CARTESIAN_POINT('',(1.016,-6.35,2.54));
#12991 = LINE('',#12992,#12993);
#12992 = CARTESIAN_POINT('',(1.27,-6.604,2.54));
#12993 = VECTOR('',#12994,1.);
#12994 = DIRECTION('',(-0.707106781187,0.707106781187,0.));
#12995 = ORIENTED_EDGE('',*,*,#12996,.T.);
#12996 = EDGE_CURVE('',#12989,#12997,#12999,.T.);
#12997 = VERTEX_POINT('',#12998);
#12998 = CARTESIAN_POINT('',(1.27,-6.096,2.54));
#12999 = LINE('',#13000,#13001);
#13000 = CARTESIAN_POINT('',(1.016,-6.35,2.54));
#13001 = VECTOR('',#13002,1.);
#13002 = DIRECTION('',(0.707106781187,0.707106781187,0.));
#13003 = ORIENTED_EDGE('',*,*,#13004,.T.);
#13004 = EDGE_CURVE('',#12997,#13005,#13007,.T.);
#13005 = VERTEX_POINT('',#13006);
#13006 = CARTESIAN_POINT('',(1.27,-4.064,2.54));
#13007 = LINE('',#13008,#13009);
#13008 = CARTESIAN_POINT('',(1.27,-6.096,2.54));
#13009 = VECTOR('',#13010,1.);
#13010 = DIRECTION('',(0.,1.,0.));
#13011 = ORIENTED_EDGE('',*,*,#13012,.T.);
#13012 = EDGE_CURVE('',#13005,#13013,#13015,.T.);
#13013 = VERTEX_POINT('',#13014);
#13014 = CARTESIAN_POINT('',(1.016,-3.81,2.54));
#13015 = LINE('',#13016,#13017);
#13016 = CARTESIAN_POINT('',(1.27,-4.064,2.54));
#13017 = VECTOR('',#13018,1.);
#13018 = DIRECTION('',(-0.707106781187,0.707106781187,0.));
#13019 = ORIENTED_EDGE('',*,*,#13020,.T.);
#13020 = EDGE_CURVE('',#13013,#13021,#13023,.T.);
#13021 = VERTEX_POINT('',#13022);
#13022 = CARTESIAN_POINT('',(1.27,-3.556,2.54));
#13023 = LINE('',#13024,#13025);
#13024 = CARTESIAN_POINT('',(1.016,-3.81,2.54));
#13025 = VECTOR('',#13026,1.);
#13026 = DIRECTION('',(0.707106781187,0.707106781187,0.));
#13027 = ORIENTED_EDGE('',*,*,#13028,.T.);
#13028 = EDGE_CURVE('',#13021,#13029,#13031,.T.);
#13029 = VERTEX_POINT('',#13030);
#13030 = CARTESIAN_POINT('',(1.27,-1.524,2.54));
#13031 = LINE('',#13032,#13033);
#13032 = CARTESIAN_POINT('',(1.27,-3.556,2.54));
#13033 = VECTOR('',#13034,1.);
#13034 = DIRECTION('',(0.,1.,0.));
#13035 = ORIENTED_EDGE('',*,*,#13036,.T.);
#13036 = EDGE_CURVE('',#13029,#13037,#13039,.T.);
#13037 = VERTEX_POINT('',#13038);
#13038 = CARTESIAN_POINT('',(1.016,-1.27,2.54));
#13039 = LINE('',#13040,#13041);
#13040 = CARTESIAN_POINT('',(1.27,-1.524,2.54));
#13041 = VECTOR('',#13042,1.);
#13042 = DIRECTION('',(-0.707106781187,0.707106781187,0.));
#13043 = ORIENTED_EDGE('',*,*,#13044,.T.);
#13044 = EDGE_CURVE('',#13037,#13045,#13047,.T.);
#13045 = VERTEX_POINT('',#13046);
#13046 = CARTESIAN_POINT('',(1.27,-1.016,2.54));
#13047 = LINE('',#13048,#13049);
#13048 = CARTESIAN_POINT('',(1.016,-1.27,2.54));
#13049 = VECTOR('',#13050,1.);
#13050 = DIRECTION('',(0.707106781187,0.707106781187,0.));
#13051 = ORIENTED_EDGE('',*,*,#13052,.T.);
#13052 = EDGE_CURVE('',#13045,#13053,#13055,.T.);
#13053 = VERTEX_POINT('',#13054);
#13054 = CARTESIAN_POINT('',(1.27,1.016,2.54));
#13055 = LINE('',#13056,#13057);
#13056 = CARTESIAN_POINT('',(1.27,-1.016,2.54));
#13057 = VECTOR('',#13058,1.);
#13058 = DIRECTION('',(0.,1.,0.));
#13059 = ORIENTED_EDGE('',*,*,#13060,.T.);
#13060 = EDGE_CURVE('',#13053,#11714,#13061,.T.);
#13061 = LINE('',#13062,#13063);
#13062 = CARTESIAN_POINT('',(1.27,1.016,2.54));
#13063 = VECTOR('',#13064,1.);
#13064 = DIRECTION('',(-0.707106781187,0.707106781187,0.));
#13065 = ORIENTED_EDGE('',*,*,#11721,.T.);
#13066 = FACE_BOUND('',#13067,.T.);
#13067 = EDGE_LOOP('',(#13068,#13078,#13086,#13094));
#13068 = ORIENTED_EDGE('',*,*,#13069,.F.);
#13069 = EDGE_CURVE('',#13070,#13072,#13074,.T.);
#13070 = VERTEX_POINT('',#13071);
#13071 = CARTESIAN_POINT('',(0.32,-13.02,2.54));
#13072 = VERTEX_POINT('',#13073);
#13073 = CARTESIAN_POINT('',(0.32,-12.38,2.54));
#13074 = LINE('',#13075,#13076);
#13075 = CARTESIAN_POINT('',(0.32,-12.225,2.54));
#13076 = VECTOR('',#13077,1.);
#13077 = DIRECTION('',(0.,1.,0.));
#13078 = ORIENTED_EDGE('',*,*,#13079,.T.);
#13079 = EDGE_CURVE('',#13070,#13080,#13082,.T.);
#13080 = VERTEX_POINT('',#13081);
#13081 = CARTESIAN_POINT('',(-0.32,-13.02,2.54));
#13082 = LINE('',#13083,#13084);
#13083 = CARTESIAN_POINT('',(-0.16,-13.02,2.54));
#13084 = VECTOR('',#13085,1.);
#13085 = DIRECTION('',(-1.,0.,0.));
#13086 = ORIENTED_EDGE('',*,*,#13087,.T.);
#13087 = EDGE_CURVE('',#13080,#13088,#13090,.T.);
#13088 = VERTEX_POINT('',#13089);
#13089 = CARTESIAN_POINT('',(-0.32,-12.38,2.54));
#13090 = LINE('',#13091,#13092);
#13091 = CARTESIAN_POINT('',(-0.32,-12.225,2.54));
#13092 = VECTOR('',#13093,1.);
#13093 = DIRECTION('',(0.,1.,0.));
#13094 = ORIENTED_EDGE('',*,*,#13095,.F.);
#13095 = EDGE_CURVE('',#13072,#13088,#13096,.T.);
#13096 = LINE('',#13097,#13098);
#13097 = CARTESIAN_POINT('',(-0.16,-12.38,2.54));
#13098 = VECTOR('',#13099,1.);
#13099 = DIRECTION('',(-1.,0.,0.));
#13100 = FACE_BOUND('',#13101,.T.);
#13101 = EDGE_LOOP('',(#13102,#13112,#13120,#13128));
#13102 = ORIENTED_EDGE('',*,*,#13103,.F.);
#13103 = EDGE_CURVE('',#13104,#13106,#13108,.T.);
#13104 = VERTEX_POINT('',#13105);
#13105 = CARTESIAN_POINT('',(0.32,-10.48,2.54));
#13106 = VERTEX_POINT('',#13107);
#13107 = CARTESIAN_POINT('',(0.32,-9.84,2.54));
#13108 = LINE('',#13109,#13110);
#13109 = CARTESIAN_POINT('',(0.32,-10.955,2.54));
#13110 = VECTOR('',#13111,1.);
#13111 = DIRECTION('',(0.,1.,0.));
#13112 = ORIENTED_EDGE('',*,*,#13113,.T.);
#13113 = EDGE_CURVE('',#13104,#13114,#13116,.T.);
#13114 = VERTEX_POINT('',#13115);
#13115 = CARTESIAN_POINT('',(-0.32,-10.48,2.54));
#13116 = LINE('',#13117,#13118);
#13117 = CARTESIAN_POINT('',(-0.16,-10.48,2.54));
#13118 = VECTOR('',#13119,1.);
#13119 = DIRECTION('',(-1.,0.,0.));
#13120 = ORIENTED_EDGE('',*,*,#13121,.T.);
#13121 = EDGE_CURVE('',#13114,#13122,#13124,.T.);
#13122 = VERTEX_POINT('',#13123);
#13123 = CARTESIAN_POINT('',(-0.32,-9.84,2.54));
#13124 = LINE('',#13125,#13126);
#13125 = CARTESIAN_POINT('',(-0.32,-10.955,2.54));
#13126 = VECTOR('',#13127,1.);
#13127 = DIRECTION('',(0.,1.,0.));
#13128 = ORIENTED_EDGE('',*,*,#13129,.F.);
#13129 = EDGE_CURVE('',#13106,#13122,#13130,.T.);
#13130 = LINE('',#13131,#13132);
#13131 = CARTESIAN_POINT('',(-0.16,-9.84,2.54));
#13132 = VECTOR('',#13133,1.);
#13133 = DIRECTION('',(-1.,0.,0.));
#13134 = FACE_BOUND('',#13135,.T.);
#13135 = EDGE_LOOP('',(#13136,#13146,#13154,#13162));
#13136 = ORIENTED_EDGE('',*,*,#13137,.F.);
#13137 = EDGE_CURVE('',#13138,#13140,#13142,.T.);
#13138 = VERTEX_POINT('',#13139);
#13139 = CARTESIAN_POINT('',(0.32,-7.94,2.54));
#13140 = VERTEX_POINT('',#13141);
#13141 = CARTESIAN_POINT('',(0.32,-7.3,2.54));
#13142 = LINE('',#13143,#13144);
#13143 = CARTESIAN_POINT('',(0.32,-9.685,2.54));
#13144 = VECTOR('',#13145,1.);
#13145 = DIRECTION('',(0.,1.,0.));
#13146 = ORIENTED_EDGE('',*,*,#13147,.T.);
#13147 = EDGE_CURVE('',#13138,#13148,#13150,.T.);
#13148 = VERTEX_POINT('',#13149);
#13149 = CARTESIAN_POINT('',(-0.32,-7.94,2.54));
#13150 = LINE('',#13151,#13152);
#13151 = CARTESIAN_POINT('',(-0.16,-7.94,2.54));
#13152 = VECTOR('',#13153,1.);
#13153 = DIRECTION('',(-1.,0.,0.));
#13154 = ORIENTED_EDGE('',*,*,#13155,.T.);
#13155 = EDGE_CURVE('',#13148,#13156,#13158,.T.);
#13156 = VERTEX_POINT('',#13157);
#13157 = CARTESIAN_POINT('',(-0.32,-7.3,2.54));
#13158 = LINE('',#13159,#13160);
#13159 = CARTESIAN_POINT('',(-0.32,-9.685,2.54));
#13160 = VECTOR('',#13161,1.);
#13161 = DIRECTION('',(0.,1.,0.));
#13162 = ORIENTED_EDGE('',*,*,#13163,.F.);
#13163 = EDGE_CURVE('',#13140,#13156,#13164,.T.);
#13164 = LINE('',#13165,#13166);
#13165 = CARTESIAN_POINT('',(-0.16,-7.3,2.54));
#13166 = VECTOR('',#13167,1.);
#13167 = DIRECTION('',(-1.,0.,0.));
#13168 = FACE_BOUND('',#13169,.T.);
#13169 = EDGE_LOOP('',(#13170,#13180,#13188,#13196));
#13170 = ORIENTED_EDGE('',*,*,#13171,.T.);
#13171 = EDGE_CURVE('',#13172,#13174,#13176,.T.);
#13172 = VERTEX_POINT('',#13173);
#13173 = CARTESIAN_POINT('',(0.32,-18.1,2.54));
#13174 = VERTEX_POINT('',#13175);
#13175 = CARTESIAN_POINT('',(-0.32,-18.1,2.54));
#13176 = LINE('',#13177,#13178);
#13177 = CARTESIAN_POINT('',(-0.16,-18.1,2.54));
#13178 = VECTOR('',#13179,1.);
#13179 = DIRECTION('',(-1.,0.,0.));
#13180 = ORIENTED_EDGE('',*,*,#13181,.T.);
#13181 = EDGE_CURVE('',#13174,#13182,#13184,.T.);
#13182 = VERTEX_POINT('',#13183);
#13183 = CARTESIAN_POINT('',(-0.32,-17.46,2.54));
#13184 = LINE('',#13185,#13186);
#13185 = CARTESIAN_POINT('',(-0.32,-14.765,2.54));
#13186 = VECTOR('',#13187,1.);
#13187 = DIRECTION('',(0.,1.,0.));
#13188 = ORIENTED_EDGE('',*,*,#13189,.F.);
#13189 = EDGE_CURVE('',#13190,#13182,#13192,.T.);
#13190 = VERTEX_POINT('',#13191);
#13191 = CARTESIAN_POINT('',(0.32,-17.46,2.54));
#13192 = LINE('',#13193,#13194);
#13193 = CARTESIAN_POINT('',(-0.16,-17.46,2.54));
#13194 = VECTOR('',#13195,1.);
#13195 = DIRECTION('',(-1.,0.,0.));
#13196 = ORIENTED_EDGE('',*,*,#13197,.F.);
#13197 = EDGE_CURVE('',#13172,#13190,#13198,.T.);
#13198 = LINE('',#13199,#13200);
#13199 = CARTESIAN_POINT('',(0.32,-14.765,2.54));
#13200 = VECTOR('',#13201,1.);
#13201 = DIRECTION('',(0.,1.,0.));
#13202 = FACE_BOUND('',#13203,.T.);
#13203 = EDGE_LOOP('',(#13204,#13214,#13222,#13230));
#13204 = ORIENTED_EDGE('',*,*,#13205,.F.);
#13205 = EDGE_CURVE('',#13206,#13208,#13210,.T.);
#13206 = VERTEX_POINT('',#13207);
#13207 = CARTESIAN_POINT('',(0.32,-15.56,2.54));
#13208 = VERTEX_POINT('',#13209);
#13209 = CARTESIAN_POINT('',(0.32,-14.92,2.54));
#13210 = LINE('',#13211,#13212);
#13211 = CARTESIAN_POINT('',(0.32,-13.495,2.54));
#13212 = VECTOR('',#13213,1.);
#13213 = DIRECTION('',(0.,1.,0.));
#13214 = ORIENTED_EDGE('',*,*,#13215,.T.);
#13215 = EDGE_CURVE('',#13206,#13216,#13218,.T.);
#13216 = VERTEX_POINT('',#13217);
#13217 = CARTESIAN_POINT('',(-0.32,-15.56,2.54));
#13218 = LINE('',#13219,#13220);
#13219 = CARTESIAN_POINT('',(-0.16,-15.56,2.54));
#13220 = VECTOR('',#13221,1.);
#13221 = DIRECTION('',(-1.,0.,0.));
#13222 = ORIENTED_EDGE('',*,*,#13223,.T.);
#13223 = EDGE_CURVE('',#13216,#13224,#13226,.T.);
#13224 = VERTEX_POINT('',#13225);
#13225 = CARTESIAN_POINT('',(-0.32,-14.92,2.54));
#13226 = LINE('',#13227,#13228);
#13227 = CARTESIAN_POINT('',(-0.32,-13.495,2.54));
#13228 = VECTOR('',#13229,1.);
#13229 = DIRECTION('',(0.,1.,0.));
#13230 = ORIENTED_EDGE('',*,*,#13231,.F.);
#13231 = EDGE_CURVE('',#13208,#13224,#13232,.T.);
#13232 = LINE('',#13233,#13234);
#13233 = CARTESIAN_POINT('',(-0.16,-14.92,2.54));
#13234 = VECTOR('',#13235,1.);
#13235 = DIRECTION('',(-1.,0.,0.));
#13236 = FACE_BOUND('',#13237,.T.);
#13237 = EDGE_LOOP('',(#13238,#13248,#13256,#13264));
#13238 = ORIENTED_EDGE('',*,*,#13239,.F.);
#13239 = EDGE_CURVE('',#13240,#13242,#13244,.T.);
#13240 = VERTEX_POINT('',#13241);
#13241 = CARTESIAN_POINT('',(0.32,-23.18,2.54));
#13242 = VERTEX_POINT('',#13243);
#13243 = CARTESIAN_POINT('',(0.32,-22.54,2.54));
#13244 = LINE('',#13245,#13246);
#13245 = CARTESIAN_POINT('',(0.32,-17.305,2.54));
#13246 = VECTOR('',#13247,1.);
#13247 = DIRECTION('',(0.,1.,0.));
#13248 = ORIENTED_EDGE('',*,*,#13249,.T.);
#13249 = EDGE_CURVE('',#13240,#13250,#13252,.T.);
#13250 = VERTEX_POINT('',#13251);
#13251 = CARTESIAN_POINT('',(-0.32,-23.18,2.54));
#13252 = LINE('',#13253,#13254);
#13253 = CARTESIAN_POINT('',(-0.16,-23.18,2.54));
#13254 = VECTOR('',#13255,1.);
#13255 = DIRECTION('',(-1.,0.,0.));
#13256 = ORIENTED_EDGE('',*,*,#13257,.T.);
#13257 = EDGE_CURVE('',#13250,#13258,#13260,.T.);
#13258 = VERTEX_POINT('',#13259);
#13259 = CARTESIAN_POINT('',(-0.32,-22.54,2.54));
#13260 = LINE('',#13261,#13262);
#13261 = CARTESIAN_POINT('',(-0.32,-17.305,2.54));
#13262 = VECTOR('',#13263,1.);
#13263 = DIRECTION('',(0.,1.,0.));
#13264 = ORIENTED_EDGE('',*,*,#13265,.F.);
#13265 = EDGE_CURVE('',#13242,#13258,#13266,.T.);
#13266 = LINE('',#13267,#13268);
#13267 = CARTESIAN_POINT('',(-0.16,-22.54,2.54));
#13268 = VECTOR('',#13269,1.);
#13269 = DIRECTION('',(-1.,0.,0.));
#13270 = FACE_BOUND('',#13271,.T.);
#13271 = EDGE_LOOP('',(#13272,#13282,#13290,#13298));
#13272 = ORIENTED_EDGE('',*,*,#13273,.T.);
#13273 = EDGE_CURVE('',#13274,#13276,#13278,.T.);
#13274 = VERTEX_POINT('',#13275);
#13275 = CARTESIAN_POINT('',(0.32,-20.64,2.54));
#13276 = VERTEX_POINT('',#13277);
#13277 = CARTESIAN_POINT('',(-0.32,-20.64,2.54));
#13278 = LINE('',#13279,#13280);
#13279 = CARTESIAN_POINT('',(-0.16,-20.64,2.54));
#13280 = VECTOR('',#13281,1.);
#13281 = DIRECTION('',(-1.,0.,0.));
#13282 = ORIENTED_EDGE('',*,*,#13283,.T.);
#13283 = EDGE_CURVE('',#13276,#13284,#13286,.T.);
#13284 = VERTEX_POINT('',#13285);
#13285 = CARTESIAN_POINT('',(-0.32,-20.,2.54));
#13286 = LINE('',#13287,#13288);
#13287 = CARTESIAN_POINT('',(-0.32,-16.035,2.54));
#13288 = VECTOR('',#13289,1.);
#13289 = DIRECTION('',(0.,1.,0.));
#13290 = ORIENTED_EDGE('',*,*,#13291,.F.);
#13291 = EDGE_CURVE('',#13292,#13284,#13294,.T.);
#13292 = VERTEX_POINT('',#13293);
#13293 = CARTESIAN_POINT('',(0.32,-20.,2.54));
#13294 = LINE('',#13295,#13296);
#13295 = CARTESIAN_POINT('',(-0.16,-20.,2.54));
#13296 = VECTOR('',#13297,1.);
#13297 = DIRECTION('',(-1.,0.,0.));
#13298 = ORIENTED_EDGE('',*,*,#13299,.F.);
#13299 = EDGE_CURVE('',#13274,#13292,#13300,.T.);
#13300 = LINE('',#13301,#13302);
#13301 = CARTESIAN_POINT('',(0.32,-16.035,2.54));
#13302 = VECTOR('',#13303,1.);
#13303 = DIRECTION('',(0.,1.,0.));
#13304 = FACE_BOUND('',#13305,.T.);
#13305 = EDGE_LOOP('',(#13306,#13316,#13324,#13332));
#13306 = ORIENTED_EDGE('',*,*,#13307,.T.);
#13307 = EDGE_CURVE('',#13308,#13310,#13312,.T.);
#13308 = VERTEX_POINT('',#13309);
#13309 = CARTESIAN_POINT('',(0.32,-0.32,2.54));
#13310 = VERTEX_POINT('',#13311);
#13311 = CARTESIAN_POINT('',(-0.32,-0.32,2.54));
#13312 = LINE('',#13313,#13314);
#13313 = CARTESIAN_POINT('',(-0.16,-0.32,2.54));
#13314 = VECTOR('',#13315,1.);
#13315 = DIRECTION('',(-1.,0.,0.));
#13316 = ORIENTED_EDGE('',*,*,#13317,.T.);
#13317 = EDGE_CURVE('',#13310,#13318,#13320,.T.);
#13318 = VERTEX_POINT('',#13319);
#13319 = CARTESIAN_POINT('',(-0.32,0.32,2.54));
#13320 = LINE('',#13321,#13322);
#13321 = CARTESIAN_POINT('',(-0.32,-5.875,2.54));
#13322 = VECTOR('',#13323,1.);
#13323 = DIRECTION('',(0.,1.,0.));
#13324 = ORIENTED_EDGE('',*,*,#13325,.F.);
#13325 = EDGE_CURVE('',#13326,#13318,#13328,.T.);
#13326 = VERTEX_POINT('',#13327);
#13327 = CARTESIAN_POINT('',(0.32,0.32,2.54));
#13328 = LINE('',#13329,#13330);
#13329 = CARTESIAN_POINT('',(-0.16,0.32,2.54));
#13330 = VECTOR('',#13331,1.);
#13331 = DIRECTION('',(-1.,0.,0.));
#13332 = ORIENTED_EDGE('',*,*,#13333,.F.);
#13333 = EDGE_CURVE('',#13308,#13326,#13334,.T.);
#13334 = LINE('',#13335,#13336);
#13335 = CARTESIAN_POINT('',(0.32,-5.875,2.54));
#13336 = VECTOR('',#13337,1.);
#13337 = DIRECTION('',(0.,1.,0.));
#13338 = FACE_BOUND('',#13339,.T.);
#13339 = EDGE_LOOP('',(#13340,#13350,#13358,#13366));
#13340 = ORIENTED_EDGE('',*,*,#13341,.F.);
#13341 = EDGE_CURVE('',#13342,#13344,#13346,.T.);
#13342 = VERTEX_POINT('',#13343);
#13343 = CARTESIAN_POINT('',(0.32,-2.86,2.54));
#13344 = VERTEX_POINT('',#13345);
#13345 = CARTESIAN_POINT('',(0.32,-2.22,2.54));
#13346 = LINE('',#13347,#13348);
#13347 = CARTESIAN_POINT('',(0.32,-7.145,2.54));
#13348 = VECTOR('',#13349,1.);
#13349 = DIRECTION('',(0.,1.,0.));
#13350 = ORIENTED_EDGE('',*,*,#13351,.T.);
#13351 = EDGE_CURVE('',#13342,#13352,#13354,.T.);
#13352 = VERTEX_POINT('',#13353);
#13353 = CARTESIAN_POINT('',(-0.32,-2.86,2.54));
#13354 = LINE('',#13355,#13356);
#13355 = CARTESIAN_POINT('',(-0.16,-2.86,2.54));
#13356 = VECTOR('',#13357,1.);
#13357 = DIRECTION('',(-1.,0.,0.));
#13358 = ORIENTED_EDGE('',*,*,#13359,.T.);
#13359 = EDGE_CURVE('',#13352,#13360,#13362,.T.);
#13360 = VERTEX_POINT('',#13361);
#13361 = CARTESIAN_POINT('',(-0.32,-2.22,2.54));
#13362 = LINE('',#13363,#13364);
#13363 = CARTESIAN_POINT('',(-0.32,-7.145,2.54));
#13364 = VECTOR('',#13365,1.);
#13365 = DIRECTION('',(0.,1.,0.));
#13366 = ORIENTED_EDGE('',*,*,#13367,.F.);
#13367 = EDGE_CURVE('',#13344,#13360,#13368,.T.);
#13368 = LINE('',#13369,#13370);
#13369 = CARTESIAN_POINT('',(-0.16,-2.22,2.54));
#13370 = VECTOR('',#13371,1.);
#13371 = DIRECTION('',(-1.,0.,0.));
#13372 = FACE_BOUND('',#13373,.T.);
#13373 = EDGE_LOOP('',(#13374,#13384,#13392,#13400));
#13374 = ORIENTED_EDGE('',*,*,#13375,.F.);
#13375 = EDGE_CURVE('',#13376,#13378,#13380,.T.);
#13376 = VERTEX_POINT('',#13377);
#13377 = CARTESIAN_POINT('',(0.32,-5.4,2.54));
#13378 = VERTEX_POINT('',#13379);
#13379 = CARTESIAN_POINT('',(0.32,-4.76,2.54));
#13380 = LINE('',#13381,#13382);
#13381 = CARTESIAN_POINT('',(0.32,-8.415,2.54));
#13382 = VECTOR('',#13383,1.);
#13383 = DIRECTION('',(0.,1.,0.));
#13384 = ORIENTED_EDGE('',*,*,#13385,.T.);
#13385 = EDGE_CURVE('',#13376,#13386,#13388,.T.);
#13386 = VERTEX_POINT('',#13387);
#13387 = CARTESIAN_POINT('',(-0.32,-5.4,2.54));
#13388 = LINE('',#13389,#13390);
#13389 = CARTESIAN_POINT('',(-0.16,-5.4,2.54));
#13390 = VECTOR('',#13391,1.);
#13391 = DIRECTION('',(-1.,0.,0.));
#13392 = ORIENTED_EDGE('',*,*,#13393,.T.);
#13393 = EDGE_CURVE('',#13386,#13394,#13396,.T.);
#13394 = VERTEX_POINT('',#13395);
#13395 = CARTESIAN_POINT('',(-0.32,-4.76,2.54));
#13396 = LINE('',#13397,#13398);
#13397 = CARTESIAN_POINT('',(-0.32,-8.415,2.54));
#13398 = VECTOR('',#13399,1.);
#13399 = DIRECTION('',(0.,1.,0.));
#13400 = ORIENTED_EDGE('',*,*,#13401,.F.);
#13401 = EDGE_CURVE('',#13378,#13394,#13402,.T.);
#13402 = LINE('',#13403,#13404);
#13403 = CARTESIAN_POINT('',(-0.16,-4.76,2.54));
#13404 = VECTOR('',#13405,1.);
#13405 = DIRECTION('',(-1.,0.,0.));
#13406 = PLANE('',#13407);
#13407 = AXIS2_PLACEMENT_3D('',#13408,#13409,#13410);
#13408 = CARTESIAN_POINT('',(-1.127656408637E-17,-11.43,2.54));
#13409 = DIRECTION('',(0.,0.,1.));
#13410 = DIRECTION('',(1.,0.,-0.));
#13411 = ADVANCED_FACE('',(#13412),#13423,.F.);
#13412 = FACE_BOUND('',#13413,.F.);
#13413 = EDGE_LOOP('',(#13414,#13420,#13421,#13422));
#13414 = ORIENTED_EDGE('',*,*,#13415,.T.);
#13415 = EDGE_CURVE('',#12232,#13053,#13416,.T.);
#13416 = LINE('',#13417,#13418);
#13417 = CARTESIAN_POINT('',(1.27,1.016,0.));
#13418 = VECTOR('',#13419,1.);
#13419 = DIRECTION('',(0.,0.,1.));
#13420 = ORIENTED_EDGE('',*,*,#13060,.T.);
#13421 = ORIENTED_EDGE('',*,*,#11711,.F.);
#13422 = ORIENTED_EDGE('',*,*,#12239,.F.);
#13423 = PLANE('',#13424);
#13424 = AXIS2_PLACEMENT_3D('',#13425,#13426,#13427);
#13425 = CARTESIAN_POINT('',(1.27,1.016,0.));
#13426 = DIRECTION('',(-0.707106781187,-0.707106781187,0.));
#13427 = DIRECTION('',(-0.707106781187,0.707106781187,0.));
#13428 = ADVANCED_FACE('',(#13429),#13440,.F.);
#13429 = FACE_BOUND('',#13430,.F.);
#13430 = EDGE_LOOP('',(#13431,#13432,#13433,#13439));
#13431 = ORIENTED_EDGE('',*,*,#11751,.T.);
#13432 = ORIENTED_EDGE('',*,*,#12596,.T.);
#13433 = ORIENTED_EDGE('',*,*,#13434,.F.);
#13434 = EDGE_CURVE('',#11776,#12597,#13435,.T.);
#13435 = LINE('',#13436,#13437);
#13436 = CARTESIAN_POINT('',(-1.016,-1.27,0.));
#13437 = VECTOR('',#13438,1.);
#13438 = DIRECTION('',(0.,0.,1.));
#13439 = ORIENTED_EDGE('',*,*,#11775,.F.);
#13440 = PLANE('',#13441);
#13441 = AXIS2_PLACEMENT_3D('',#13442,#13443,#13444);
#13442 = CARTESIAN_POINT('',(-1.27,-1.016,0.));
#13443 = DIRECTION('',(0.707106781187,0.707106781187,0.));
#13444 = DIRECTION('',(0.707106781187,-0.707106781187,0.));
#13445 = ADVANCED_FACE('',(#13446),#13457,.F.);
#13446 = FACE_BOUND('',#13447,.F.);
#13447 = EDGE_LOOP('',(#13448,#13454,#13455,#13456));
#13448 = ORIENTED_EDGE('',*,*,#13449,.T.);
#13449 = EDGE_CURVE('',#12224,#13045,#13450,.T.);
#13450 = LINE('',#13451,#13452);
#13451 = CARTESIAN_POINT('',(1.27,-1.016,0.));
#13452 = VECTOR('',#13453,1.);
#13453 = DIRECTION('',(0.,0.,1.));
#13454 = ORIENTED_EDGE('',*,*,#13052,.T.);
#13455 = ORIENTED_EDGE('',*,*,#13415,.F.);
#13456 = ORIENTED_EDGE('',*,*,#12231,.F.);
#13457 = PLANE('',#13458);
#13458 = AXIS2_PLACEMENT_3D('',#13459,#13460,#13461);
#13459 = CARTESIAN_POINT('',(1.27,-1.016,0.));
#13460 = DIRECTION('',(-1.,0.,0.));
#13461 = DIRECTION('',(0.,1.,0.));
#13462 = ADVANCED_FACE('',(#13463),#13474,.F.);
#13463 = FACE_BOUND('',#13464,.F.);
#13464 = EDGE_LOOP('',(#13465,#13466,#13467,#13473));
#13465 = ORIENTED_EDGE('',*,*,#13434,.T.);
#13466 = ORIENTED_EDGE('',*,*,#12604,.T.);
#13467 = ORIENTED_EDGE('',*,*,#13468,.F.);
#13468 = EDGE_CURVE('',#11784,#12605,#13469,.T.);
#13469 = LINE('',#13470,#13471);
#13470 = CARTESIAN_POINT('',(-1.27,-1.524,0.));
#13471 = VECTOR('',#13472,1.);
#13472 = DIRECTION('',(0.,0.,1.));
#13473 = ORIENTED_EDGE('',*,*,#11783,.F.);
#13474 = PLANE('',#13475);
#13475 = AXIS2_PLACEMENT_3D('',#13476,#13477,#13478);
#13476 = CARTESIAN_POINT('',(-1.016,-1.27,0.));
#13477 = DIRECTION('',(0.707106781187,-0.707106781187,0.));
#13478 = DIRECTION('',(-0.707106781187,-0.707106781187,0.));
#13479 = ADVANCED_FACE('',(#13480),#13491,.F.);
#13480 = FACE_BOUND('',#13481,.F.);
#13481 = EDGE_LOOP('',(#13482,#13488,#13489,#13490));
#13482 = ORIENTED_EDGE('',*,*,#13483,.T.);
#13483 = EDGE_CURVE('',#12216,#13037,#13484,.T.);
#13484 = LINE('',#13485,#13486);
#13485 = CARTESIAN_POINT('',(1.016,-1.27,0.));
#13486 = VECTOR('',#13487,1.);
#13487 = DIRECTION('',(0.,0.,1.));
#13488 = ORIENTED_EDGE('',*,*,#13044,.T.);
#13489 = ORIENTED_EDGE('',*,*,#13449,.F.);
#13490 = ORIENTED_EDGE('',*,*,#12223,.F.);
#13491 = PLANE('',#13492);
#13492 = AXIS2_PLACEMENT_3D('',#13493,#13494,#13495);
#13493 = CARTESIAN_POINT('',(1.016,-1.27,0.));
#13494 = DIRECTION('',(-0.707106781187,0.707106781187,0.));
#13495 = DIRECTION('',(0.707106781187,0.707106781187,0.));
#13496 = ADVANCED_FACE('',(#13497),#13508,.F.);
#13497 = FACE_BOUND('',#13498,.F.);
#13498 = EDGE_LOOP('',(#13499,#13500,#13501,#13507));
#13499 = ORIENTED_EDGE('',*,*,#13468,.T.);
#13500 = ORIENTED_EDGE('',*,*,#12612,.T.);
#13501 = ORIENTED_EDGE('',*,*,#13502,.F.);
#13502 = EDGE_CURVE('',#11792,#12613,#13503,.T.);
#13503 = LINE('',#13504,#13505);
#13504 = CARTESIAN_POINT('',(-1.27,-3.556,0.));
#13505 = VECTOR('',#13506,1.);
#13506 = DIRECTION('',(0.,0.,1.));
#13507 = ORIENTED_EDGE('',*,*,#11791,.F.);
#13508 = PLANE('',#13509);
#13509 = AXIS2_PLACEMENT_3D('',#13510,#13511,#13512);
#13510 = CARTESIAN_POINT('',(-1.27,-1.524,0.));
#13511 = DIRECTION('',(1.,0.,0.));
#13512 = DIRECTION('',(0.,-1.,0.));
#13513 = ADVANCED_FACE('',(#13514),#13525,.F.);
#13514 = FACE_BOUND('',#13515,.F.);
#13515 = EDGE_LOOP('',(#13516,#13522,#13523,#13524));
#13516 = ORIENTED_EDGE('',*,*,#13517,.T.);
#13517 = EDGE_CURVE('',#12208,#13029,#13518,.T.);
#13518 = LINE('',#13519,#13520);
#13519 = CARTESIAN_POINT('',(1.27,-1.524,0.));
#13520 = VECTOR('',#13521,1.);
#13521 = DIRECTION('',(0.,0.,1.));
#13522 = ORIENTED_EDGE('',*,*,#13036,.T.);
#13523 = ORIENTED_EDGE('',*,*,#13483,.F.);
#13524 = ORIENTED_EDGE('',*,*,#12215,.F.);
#13525 = PLANE('',#13526);
#13526 = AXIS2_PLACEMENT_3D('',#13527,#13528,#13529);
#13527 = CARTESIAN_POINT('',(1.27,-1.524,0.));
#13528 = DIRECTION('',(-0.707106781187,-0.707106781187,0.));
#13529 = DIRECTION('',(-0.707106781187,0.707106781187,0.));
#13530 = ADVANCED_FACE('',(#13531),#13542,.F.);
#13531 = FACE_BOUND('',#13532,.F.);
#13532 = EDGE_LOOP('',(#13533,#13534,#13535,#13541));
#13533 = ORIENTED_EDGE('',*,*,#13502,.T.);
#13534 = ORIENTED_EDGE('',*,*,#12620,.T.);
#13535 = ORIENTED_EDGE('',*,*,#13536,.F.);
#13536 = EDGE_CURVE('',#11800,#12621,#13537,.T.);
#13537 = LINE('',#13538,#13539);
#13538 = CARTESIAN_POINT('',(-1.016,-3.81,0.));
#13539 = VECTOR('',#13540,1.);
#13540 = DIRECTION('',(0.,0.,1.));
#13541 = ORIENTED_EDGE('',*,*,#11799,.F.);
#13542 = PLANE('',#13543);
#13543 = AXIS2_PLACEMENT_3D('',#13544,#13545,#13546);
#13544 = CARTESIAN_POINT('',(-1.27,-3.556,0.));
#13545 = DIRECTION('',(0.707106781187,0.707106781187,0.));
#13546 = DIRECTION('',(0.707106781187,-0.707106781187,0.));
#13547 = ADVANCED_FACE('',(#13548),#13559,.F.);
#13548 = FACE_BOUND('',#13549,.F.);
#13549 = EDGE_LOOP('',(#13550,#13556,#13557,#13558));
#13550 = ORIENTED_EDGE('',*,*,#13551,.T.);
#13551 = EDGE_CURVE('',#12200,#13021,#13552,.T.);
#13552 = LINE('',#13553,#13554);
#13553 = CARTESIAN_POINT('',(1.27,-3.556,0.));
#13554 = VECTOR('',#13555,1.);
#13555 = DIRECTION('',(0.,0.,1.));
#13556 = ORIENTED_EDGE('',*,*,#13028,.T.);
#13557 = ORIENTED_EDGE('',*,*,#13517,.F.);
#13558 = ORIENTED_EDGE('',*,*,#12207,.F.);
#13559 = PLANE('',#13560);
#13560 = AXIS2_PLACEMENT_3D('',#13561,#13562,#13563);
#13561 = CARTESIAN_POINT('',(1.27,-3.556,0.));
#13562 = DIRECTION('',(-1.,0.,0.));
#13563 = DIRECTION('',(0.,1.,0.));
#13564 = ADVANCED_FACE('',(#13565),#13576,.F.);
#13565 = FACE_BOUND('',#13566,.F.);
#13566 = EDGE_LOOP('',(#13567,#13568,#13569,#13575));
#13567 = ORIENTED_EDGE('',*,*,#13536,.T.);
#13568 = ORIENTED_EDGE('',*,*,#12628,.T.);
#13569 = ORIENTED_EDGE('',*,*,#13570,.F.);
#13570 = EDGE_CURVE('',#11808,#12629,#13571,.T.);
#13571 = LINE('',#13572,#13573);
#13572 = CARTESIAN_POINT('',(-1.27,-4.064,0.));
#13573 = VECTOR('',#13574,1.);
#13574 = DIRECTION('',(0.,0.,1.));
#13575 = ORIENTED_EDGE('',*,*,#11807,.F.);
#13576 = PLANE('',#13577);
#13577 = AXIS2_PLACEMENT_3D('',#13578,#13579,#13580);
#13578 = CARTESIAN_POINT('',(-1.016,-3.81,0.));
#13579 = DIRECTION('',(0.707106781187,-0.707106781187,0.));
#13580 = DIRECTION('',(-0.707106781187,-0.707106781187,0.));
#13581 = ADVANCED_FACE('',(#13582),#13593,.F.);
#13582 = FACE_BOUND('',#13583,.F.);
#13583 = EDGE_LOOP('',(#13584,#13590,#13591,#13592));
#13584 = ORIENTED_EDGE('',*,*,#13585,.T.);
#13585 = EDGE_CURVE('',#12192,#13013,#13586,.T.);
#13586 = LINE('',#13587,#13588);
#13587 = CARTESIAN_POINT('',(1.016,-3.81,0.));
#13588 = VECTOR('',#13589,1.);
#13589 = DIRECTION('',(0.,0.,1.));
#13590 = ORIENTED_EDGE('',*,*,#13020,.T.);
#13591 = ORIENTED_EDGE('',*,*,#13551,.F.);
#13592 = ORIENTED_EDGE('',*,*,#12199,.F.);
#13593 = PLANE('',#13594);
#13594 = AXIS2_PLACEMENT_3D('',#13595,#13596,#13597);
#13595 = CARTESIAN_POINT('',(1.016,-3.81,0.));
#13596 = DIRECTION('',(-0.707106781187,0.707106781187,0.));
#13597 = DIRECTION('',(0.707106781187,0.707106781187,0.));
#13598 = ADVANCED_FACE('',(#13599),#13610,.F.);
#13599 = FACE_BOUND('',#13600,.F.);
#13600 = EDGE_LOOP('',(#13601,#13602,#13603,#13609));
#13601 = ORIENTED_EDGE('',*,*,#13570,.T.);
#13602 = ORIENTED_EDGE('',*,*,#12636,.T.);
#13603 = ORIENTED_EDGE('',*,*,#13604,.F.);
#13604 = EDGE_CURVE('',#11816,#12637,#13605,.T.);
#13605 = LINE('',#13606,#13607);
#13606 = CARTESIAN_POINT('',(-1.27,-6.096,0.));
#13607 = VECTOR('',#13608,1.);
#13608 = DIRECTION('',(0.,0.,1.));
#13609 = ORIENTED_EDGE('',*,*,#11815,.F.);
#13610 = PLANE('',#13611);
#13611 = AXIS2_PLACEMENT_3D('',#13612,#13613,#13614);
#13612 = CARTESIAN_POINT('',(-1.27,-4.064,0.));
#13613 = DIRECTION('',(1.,0.,0.));
#13614 = DIRECTION('',(0.,-1.,0.));
#13615 = ADVANCED_FACE('',(#13616),#13627,.F.);
#13616 = FACE_BOUND('',#13617,.F.);
#13617 = EDGE_LOOP('',(#13618,#13624,#13625,#13626));
#13618 = ORIENTED_EDGE('',*,*,#13619,.T.);
#13619 = EDGE_CURVE('',#12184,#13005,#13620,.T.);
#13620 = LINE('',#13621,#13622);
#13621 = CARTESIAN_POINT('',(1.27,-4.064,0.));
#13622 = VECTOR('',#13623,1.);
#13623 = DIRECTION('',(0.,0.,1.));
#13624 = ORIENTED_EDGE('',*,*,#13012,.T.);
#13625 = ORIENTED_EDGE('',*,*,#13585,.F.);
#13626 = ORIENTED_EDGE('',*,*,#12191,.F.);
#13627 = PLANE('',#13628);
#13628 = AXIS2_PLACEMENT_3D('',#13629,#13630,#13631);
#13629 = CARTESIAN_POINT('',(1.27,-4.064,0.));
#13630 = DIRECTION('',(-0.707106781187,-0.707106781187,0.));
#13631 = DIRECTION('',(-0.707106781187,0.707106781187,0.));
#13632 = ADVANCED_FACE('',(#13633),#13644,.F.);
#13633 = FACE_BOUND('',#13634,.F.);
#13634 = EDGE_LOOP('',(#13635,#13636,#13637,#13643));
#13635 = ORIENTED_EDGE('',*,*,#13604,.T.);
#13636 = ORIENTED_EDGE('',*,*,#12644,.T.);
#13637 = ORIENTED_EDGE('',*,*,#13638,.F.);
#13638 = EDGE_CURVE('',#11824,#12645,#13639,.T.);
#13639 = LINE('',#13640,#13641);
#13640 = CARTESIAN_POINT('',(-1.016,-6.35,0.));
#13641 = VECTOR('',#13642,1.);
#13642 = DIRECTION('',(0.,0.,1.));
#13643 = ORIENTED_EDGE('',*,*,#11823,.F.);
#13644 = PLANE('',#13645);
#13645 = AXIS2_PLACEMENT_3D('',#13646,#13647,#13648);
#13646 = CARTESIAN_POINT('',(-1.27,-6.096,0.));
#13647 = DIRECTION('',(0.707106781187,0.707106781187,0.));
#13648 = DIRECTION('',(0.707106781187,-0.707106781187,0.));
#13649 = ADVANCED_FACE('',(#13650),#13661,.F.);
#13650 = FACE_BOUND('',#13651,.F.);
#13651 = EDGE_LOOP('',(#13652,#13658,#13659,#13660));
#13652 = ORIENTED_EDGE('',*,*,#13653,.T.);
#13653 = EDGE_CURVE('',#12176,#12997,#13654,.T.);
#13654 = LINE('',#13655,#13656);
#13655 = CARTESIAN_POINT('',(1.27,-6.096,0.));
#13656 = VECTOR('',#13657,1.);
#13657 = DIRECTION('',(0.,0.,1.));
#13658 = ORIENTED_EDGE('',*,*,#13004,.T.);
#13659 = ORIENTED_EDGE('',*,*,#13619,.F.);
#13660 = ORIENTED_EDGE('',*,*,#12183,.F.);
#13661 = PLANE('',#13662);
#13662 = AXIS2_PLACEMENT_3D('',#13663,#13664,#13665);
#13663 = CARTESIAN_POINT('',(1.27,-6.096,0.));
#13664 = DIRECTION('',(-1.,0.,0.));
#13665 = DIRECTION('',(0.,1.,0.));
#13666 = ADVANCED_FACE('',(#13667),#13678,.F.);
#13667 = FACE_BOUND('',#13668,.F.);
#13668 = EDGE_LOOP('',(#13669,#13670,#13671,#13677));
#13669 = ORIENTED_EDGE('',*,*,#13638,.T.);
#13670 = ORIENTED_EDGE('',*,*,#12652,.T.);
#13671 = ORIENTED_EDGE('',*,*,#13672,.F.);
#13672 = EDGE_CURVE('',#11832,#12653,#13673,.T.);
#13673 = LINE('',#13674,#13675);
#13674 = CARTESIAN_POINT('',(-1.27,-6.604,0.));
#13675 = VECTOR('',#13676,1.);
#13676 = DIRECTION('',(0.,0.,1.));
#13677 = ORIENTED_EDGE('',*,*,#11831,.F.);
#13678 = PLANE('',#13679);
#13679 = AXIS2_PLACEMENT_3D('',#13680,#13681,#13682);
#13680 = CARTESIAN_POINT('',(-1.016,-6.35,0.));
#13681 = DIRECTION('',(0.707106781187,-0.707106781187,0.));
#13682 = DIRECTION('',(-0.707106781187,-0.707106781187,0.));
#13683 = ADVANCED_FACE('',(#13684),#13695,.F.);
#13684 = FACE_BOUND('',#13685,.F.);
#13685 = EDGE_LOOP('',(#13686,#13692,#13693,#13694));
#13686 = ORIENTED_EDGE('',*,*,#13687,.T.);
#13687 = EDGE_CURVE('',#12168,#12989,#13688,.T.);
#13688 = LINE('',#13689,#13690);
#13689 = CARTESIAN_POINT('',(1.016,-6.35,0.));
#13690 = VECTOR('',#13691,1.);
#13691 = DIRECTION('',(0.,0.,1.));
#13692 = ORIENTED_EDGE('',*,*,#12996,.T.);
#13693 = ORIENTED_EDGE('',*,*,#13653,.F.);
#13694 = ORIENTED_EDGE('',*,*,#12175,.F.);
#13695 = PLANE('',#13696);
#13696 = AXIS2_PLACEMENT_3D('',#13697,#13698,#13699);
#13697 = CARTESIAN_POINT('',(1.016,-6.35,0.));
#13698 = DIRECTION('',(-0.707106781187,0.707106781187,0.));
#13699 = DIRECTION('',(0.707106781187,0.707106781187,0.));
#13700 = ADVANCED_FACE('',(#13701),#13712,.F.);
#13701 = FACE_BOUND('',#13702,.F.);
#13702 = EDGE_LOOP('',(#13703,#13704,#13705,#13711));
#13703 = ORIENTED_EDGE('',*,*,#13672,.T.);
#13704 = ORIENTED_EDGE('',*,*,#12660,.T.);
#13705 = ORIENTED_EDGE('',*,*,#13706,.F.);
#13706 = EDGE_CURVE('',#11840,#12661,#13707,.T.);
#13707 = LINE('',#13708,#13709);
#13708 = CARTESIAN_POINT('',(-1.27,-8.636,0.));
#13709 = VECTOR('',#13710,1.);
#13710 = DIRECTION('',(0.,0.,1.));
#13711 = ORIENTED_EDGE('',*,*,#11839,.F.);
#13712 = PLANE('',#13713);
#13713 = AXIS2_PLACEMENT_3D('',#13714,#13715,#13716);
#13714 = CARTESIAN_POINT('',(-1.27,-6.604,0.));
#13715 = DIRECTION('',(1.,0.,0.));
#13716 = DIRECTION('',(0.,-1.,0.));
#13717 = ADVANCED_FACE('',(#13718),#13729,.F.);
#13718 = FACE_BOUND('',#13719,.F.);
#13719 = EDGE_LOOP('',(#13720,#13726,#13727,#13728));
#13720 = ORIENTED_EDGE('',*,*,#13721,.T.);
#13721 = EDGE_CURVE('',#12160,#12981,#13722,.T.);
#13722 = LINE('',#13723,#13724);
#13723 = CARTESIAN_POINT('',(1.27,-6.604,0.));
#13724 = VECTOR('',#13725,1.);
#13725 = DIRECTION('',(0.,0.,1.));
#13726 = ORIENTED_EDGE('',*,*,#12988,.T.);
#13727 = ORIENTED_EDGE('',*,*,#13687,.F.);
#13728 = ORIENTED_EDGE('',*,*,#12167,.F.);
#13729 = PLANE('',#13730);
#13730 = AXIS2_PLACEMENT_3D('',#13731,#13732,#13733);
#13731 = CARTESIAN_POINT('',(1.27,-6.604,0.));
#13732 = DIRECTION('',(-0.707106781187,-0.707106781187,0.));
#13733 = DIRECTION('',(-0.707106781187,0.707106781187,0.));
#13734 = ADVANCED_FACE('',(#13735),#13746,.F.);
#13735 = FACE_BOUND('',#13736,.F.);
#13736 = EDGE_LOOP('',(#13737,#13738,#13739,#13745));
#13737 = ORIENTED_EDGE('',*,*,#13706,.T.);
#13738 = ORIENTED_EDGE('',*,*,#12668,.T.);
#13739 = ORIENTED_EDGE('',*,*,#13740,.F.);
#13740 = EDGE_CURVE('',#11848,#12669,#13741,.T.);
#13741 = LINE('',#13742,#13743);
#13742 = CARTESIAN_POINT('',(-1.016,-8.89,0.));
#13743 = VECTOR('',#13744,1.);
#13744 = DIRECTION('',(0.,0.,1.));
#13745 = ORIENTED_EDGE('',*,*,#11847,.F.);
#13746 = PLANE('',#13747);
#13747 = AXIS2_PLACEMENT_3D('',#13748,#13749,#13750);
#13748 = CARTESIAN_POINT('',(-1.27,-8.636,0.));
#13749 = DIRECTION('',(0.707106781187,0.707106781187,0.));
#13750 = DIRECTION('',(0.707106781187,-0.707106781187,0.));
#13751 = ADVANCED_FACE('',(#13752),#13763,.F.);
#13752 = FACE_BOUND('',#13753,.F.);
#13753 = EDGE_LOOP('',(#13754,#13760,#13761,#13762));
#13754 = ORIENTED_EDGE('',*,*,#13755,.T.);
#13755 = EDGE_CURVE('',#12152,#12973,#13756,.T.);
#13756 = LINE('',#13757,#13758);
#13757 = CARTESIAN_POINT('',(1.27,-8.636,0.));
#13758 = VECTOR('',#13759,1.);
#13759 = DIRECTION('',(0.,0.,1.));
#13760 = ORIENTED_EDGE('',*,*,#12980,.T.);
#13761 = ORIENTED_EDGE('',*,*,#13721,.F.);
#13762 = ORIENTED_EDGE('',*,*,#12159,.F.);
#13763 = PLANE('',#13764);
#13764 = AXIS2_PLACEMENT_3D('',#13765,#13766,#13767);
#13765 = CARTESIAN_POINT('',(1.27,-8.636,0.));
#13766 = DIRECTION('',(-1.,0.,0.));
#13767 = DIRECTION('',(0.,1.,0.));
#13768 = ADVANCED_FACE('',(#13769),#13780,.F.);
#13769 = FACE_BOUND('',#13770,.F.);
#13770 = EDGE_LOOP('',(#13771,#13772,#13773,#13779));
#13771 = ORIENTED_EDGE('',*,*,#13740,.T.);
#13772 = ORIENTED_EDGE('',*,*,#12676,.T.);
#13773 = ORIENTED_EDGE('',*,*,#13774,.F.);
#13774 = EDGE_CURVE('',#11856,#12677,#13775,.T.);
#13775 = LINE('',#13776,#13777);
#13776 = CARTESIAN_POINT('',(-1.27,-9.144,0.));
#13777 = VECTOR('',#13778,1.);
#13778 = DIRECTION('',(0.,0.,1.));
#13779 = ORIENTED_EDGE('',*,*,#11855,.F.);
#13780 = PLANE('',#13781);
#13781 = AXIS2_PLACEMENT_3D('',#13782,#13783,#13784);
#13782 = CARTESIAN_POINT('',(-1.016,-8.89,0.));
#13783 = DIRECTION('',(0.707106781187,-0.707106781187,0.));
#13784 = DIRECTION('',(-0.707106781187,-0.707106781187,0.));
#13785 = ADVANCED_FACE('',(#13786),#13797,.F.);
#13786 = FACE_BOUND('',#13787,.F.);
#13787 = EDGE_LOOP('',(#13788,#13794,#13795,#13796));
#13788 = ORIENTED_EDGE('',*,*,#13789,.T.);
#13789 = EDGE_CURVE('',#12144,#12965,#13790,.T.);
#13790 = LINE('',#13791,#13792);
#13791 = CARTESIAN_POINT('',(1.016,-8.89,0.));
#13792 = VECTOR('',#13793,1.);
#13793 = DIRECTION('',(0.,0.,1.));
#13794 = ORIENTED_EDGE('',*,*,#12972,.T.);
#13795 = ORIENTED_EDGE('',*,*,#13755,.F.);
#13796 = ORIENTED_EDGE('',*,*,#12151,.F.);
#13797 = PLANE('',#13798);
#13798 = AXIS2_PLACEMENT_3D('',#13799,#13800,#13801);
#13799 = CARTESIAN_POINT('',(1.016,-8.89,0.));
#13800 = DIRECTION('',(-0.707106781187,0.707106781187,0.));
#13801 = DIRECTION('',(0.707106781187,0.707106781187,0.));
#13802 = ADVANCED_FACE('',(#13803),#13814,.F.);
#13803 = FACE_BOUND('',#13804,.F.);
#13804 = EDGE_LOOP('',(#13805,#13806,#13807,#13813));
#13805 = ORIENTED_EDGE('',*,*,#13774,.T.);
#13806 = ORIENTED_EDGE('',*,*,#12684,.T.);
#13807 = ORIENTED_EDGE('',*,*,#13808,.F.);
#13808 = EDGE_CURVE('',#11864,#12685,#13809,.T.);
#13809 = LINE('',#13810,#13811);
#13810 = CARTESIAN_POINT('',(-1.27,-11.176,0.));
#13811 = VECTOR('',#13812,1.);
#13812 = DIRECTION('',(0.,0.,1.));
#13813 = ORIENTED_EDGE('',*,*,#11863,.F.);
#13814 = PLANE('',#13815);
#13815 = AXIS2_PLACEMENT_3D('',#13816,#13817,#13818);
#13816 = CARTESIAN_POINT('',(-1.27,-9.144,0.));
#13817 = DIRECTION('',(1.,0.,0.));
#13818 = DIRECTION('',(0.,-1.,0.));
#13819 = ADVANCED_FACE('',(#13820),#13831,.F.);
#13820 = FACE_BOUND('',#13821,.F.);
#13821 = EDGE_LOOP('',(#13822,#13828,#13829,#13830));
#13822 = ORIENTED_EDGE('',*,*,#13823,.T.);
#13823 = EDGE_CURVE('',#12136,#12957,#13824,.T.);
#13824 = LINE('',#13825,#13826);
#13825 = CARTESIAN_POINT('',(1.27,-9.144,0.));
#13826 = VECTOR('',#13827,1.);
#13827 = DIRECTION('',(0.,0.,1.));
#13828 = ORIENTED_EDGE('',*,*,#12964,.T.);
#13829 = ORIENTED_EDGE('',*,*,#13789,.F.);
#13830 = ORIENTED_EDGE('',*,*,#12143,.F.);
#13831 = PLANE('',#13832);
#13832 = AXIS2_PLACEMENT_3D('',#13833,#13834,#13835);
#13833 = CARTESIAN_POINT('',(1.27,-9.144,0.));
#13834 = DIRECTION('',(-0.707106781187,-0.707106781187,0.));
#13835 = DIRECTION('',(-0.707106781187,0.707106781187,0.));
#13836 = ADVANCED_FACE('',(#13837),#13848,.F.);
#13837 = FACE_BOUND('',#13838,.F.);
#13838 = EDGE_LOOP('',(#13839,#13840,#13841,#13847));
#13839 = ORIENTED_EDGE('',*,*,#13808,.T.);
#13840 = ORIENTED_EDGE('',*,*,#12692,.T.);
#13841 = ORIENTED_EDGE('',*,*,#13842,.F.);
#13842 = EDGE_CURVE('',#11872,#12693,#13843,.T.);
#13843 = LINE('',#13844,#13845);
#13844 = CARTESIAN_POINT('',(-1.016,-11.43,0.));
#13845 = VECTOR('',#13846,1.);
#13846 = DIRECTION('',(0.,0.,1.));
#13847 = ORIENTED_EDGE('',*,*,#11871,.F.);
#13848 = PLANE('',#13849);
#13849 = AXIS2_PLACEMENT_3D('',#13850,#13851,#13852);
#13850 = CARTESIAN_POINT('',(-1.27,-11.176,0.));
#13851 = DIRECTION('',(0.707106781187,0.707106781187,0.));
#13852 = DIRECTION('',(0.707106781187,-0.707106781187,0.));
#13853 = ADVANCED_FACE('',(#13854),#13865,.F.);
#13854 = FACE_BOUND('',#13855,.F.);
#13855 = EDGE_LOOP('',(#13856,#13862,#13863,#13864));
#13856 = ORIENTED_EDGE('',*,*,#13857,.T.);
#13857 = EDGE_CURVE('',#12128,#12949,#13858,.T.);
#13858 = LINE('',#13859,#13860);
#13859 = CARTESIAN_POINT('',(1.27,-11.176,0.));
#13860 = VECTOR('',#13861,1.);
#13861 = DIRECTION('',(0.,0.,1.));
#13862 = ORIENTED_EDGE('',*,*,#12956,.T.);
#13863 = ORIENTED_EDGE('',*,*,#13823,.F.);
#13864 = ORIENTED_EDGE('',*,*,#12135,.F.);
#13865 = PLANE('',#13866);
#13866 = AXIS2_PLACEMENT_3D('',#13867,#13868,#13869);
#13867 = CARTESIAN_POINT('',(1.27,-11.176,0.));
#13868 = DIRECTION('',(-1.,0.,0.));
#13869 = DIRECTION('',(0.,1.,0.));
#13870 = ADVANCED_FACE('',(#13871),#13882,.F.);
#13871 = FACE_BOUND('',#13872,.F.);
#13872 = EDGE_LOOP('',(#13873,#13874,#13875,#13881));
#13873 = ORIENTED_EDGE('',*,*,#13842,.T.);
#13874 = ORIENTED_EDGE('',*,*,#12700,.T.);
#13875 = ORIENTED_EDGE('',*,*,#13876,.F.);
#13876 = EDGE_CURVE('',#11880,#12701,#13877,.T.);
#13877 = LINE('',#13878,#13879);
#13878 = CARTESIAN_POINT('',(-1.27,-11.684,0.));
#13879 = VECTOR('',#13880,1.);
#13880 = DIRECTION('',(0.,0.,1.));
#13881 = ORIENTED_EDGE('',*,*,#11879,.F.);
#13882 = PLANE('',#13883);
#13883 = AXIS2_PLACEMENT_3D('',#13884,#13885,#13886);
#13884 = CARTESIAN_POINT('',(-1.016,-11.43,0.));
#13885 = DIRECTION('',(0.707106781187,-0.707106781187,0.));
#13886 = DIRECTION('',(-0.707106781187,-0.707106781187,0.));
#13887 = ADVANCED_FACE('',(#13888),#13899,.F.);
#13888 = FACE_BOUND('',#13889,.F.);
#13889 = EDGE_LOOP('',(#13890,#13896,#13897,#13898));
#13890 = ORIENTED_EDGE('',*,*,#13891,.T.);
#13891 = EDGE_CURVE('',#12120,#12941,#13892,.T.);
#13892 = LINE('',#13893,#13894);
#13893 = CARTESIAN_POINT('',(1.016,-11.43,0.));
#13894 = VECTOR('',#13895,1.);
#13895 = DIRECTION('',(0.,0.,1.));
#13896 = ORIENTED_EDGE('',*,*,#12948,.T.);
#13897 = ORIENTED_EDGE('',*,*,#13857,.F.);
#13898 = ORIENTED_EDGE('',*,*,#12127,.F.);
#13899 = PLANE('',#13900);
#13900 = AXIS2_PLACEMENT_3D('',#13901,#13902,#13903);
#13901 = CARTESIAN_POINT('',(1.016,-11.43,0.));
#13902 = DIRECTION('',(-0.707106781187,0.707106781187,0.));
#13903 = DIRECTION('',(0.707106781187,0.707106781187,0.));
#13904 = ADVANCED_FACE('',(#13905),#13916,.F.);
#13905 = FACE_BOUND('',#13906,.F.);
#13906 = EDGE_LOOP('',(#13907,#13908,#13909,#13915));
#13907 = ORIENTED_EDGE('',*,*,#13876,.T.);
#13908 = ORIENTED_EDGE('',*,*,#12708,.T.);
#13909 = ORIENTED_EDGE('',*,*,#13910,.F.);
#13910 = EDGE_CURVE('',#11888,#12709,#13911,.T.);
#13911 = LINE('',#13912,#13913);
#13912 = CARTESIAN_POINT('',(-1.27,-13.716,0.));
#13913 = VECTOR('',#13914,1.);
#13914 = DIRECTION('',(0.,0.,1.));
#13915 = ORIENTED_EDGE('',*,*,#11887,.F.);
#13916 = PLANE('',#13917);
#13917 = AXIS2_PLACEMENT_3D('',#13918,#13919,#13920);
#13918 = CARTESIAN_POINT('',(-1.27,-11.684,0.));
#13919 = DIRECTION('',(1.,0.,0.));
#13920 = DIRECTION('',(0.,-1.,0.));
#13921 = ADVANCED_FACE('',(#13922),#13933,.F.);
#13922 = FACE_BOUND('',#13923,.F.);
#13923 = EDGE_LOOP('',(#13924,#13930,#13931,#13932));
#13924 = ORIENTED_EDGE('',*,*,#13925,.T.);
#13925 = EDGE_CURVE('',#12112,#12933,#13926,.T.);
#13926 = LINE('',#13927,#13928);
#13927 = CARTESIAN_POINT('',(1.27,-11.684,0.));
#13928 = VECTOR('',#13929,1.);
#13929 = DIRECTION('',(0.,0.,1.));
#13930 = ORIENTED_EDGE('',*,*,#12940,.T.);
#13931 = ORIENTED_EDGE('',*,*,#13891,.F.);
#13932 = ORIENTED_EDGE('',*,*,#12119,.F.);
#13933 = PLANE('',#13934);
#13934 = AXIS2_PLACEMENT_3D('',#13935,#13936,#13937);
#13935 = CARTESIAN_POINT('',(1.27,-11.684,0.));
#13936 = DIRECTION('',(-0.707106781187,-0.707106781187,0.));
#13937 = DIRECTION('',(-0.707106781187,0.707106781187,0.));
#13938 = ADVANCED_FACE('',(#13939),#13950,.F.);
#13939 = FACE_BOUND('',#13940,.F.);
#13940 = EDGE_LOOP('',(#13941,#13942,#13943,#13949));
#13941 = ORIENTED_EDGE('',*,*,#13910,.T.);
#13942 = ORIENTED_EDGE('',*,*,#12716,.T.);
#13943 = ORIENTED_EDGE('',*,*,#13944,.F.);
#13944 = EDGE_CURVE('',#11896,#12717,#13945,.T.);
#13945 = LINE('',#13946,#13947);
#13946 = CARTESIAN_POINT('',(-1.016,-13.97,0.));
#13947 = VECTOR('',#13948,1.);
#13948 = DIRECTION('',(0.,0.,1.));
#13949 = ORIENTED_EDGE('',*,*,#11895,.F.);
#13950 = PLANE('',#13951);
#13951 = AXIS2_PLACEMENT_3D('',#13952,#13953,#13954);
#13952 = CARTESIAN_POINT('',(-1.27,-13.716,0.));
#13953 = DIRECTION('',(0.707106781187,0.707106781187,0.));
#13954 = DIRECTION('',(0.707106781187,-0.707106781187,0.));
#13955 = ADVANCED_FACE('',(#13956),#13967,.F.);
#13956 = FACE_BOUND('',#13957,.F.);
#13957 = EDGE_LOOP('',(#13958,#13964,#13965,#13966));
#13958 = ORIENTED_EDGE('',*,*,#13959,.T.);
#13959 = EDGE_CURVE('',#12104,#12925,#13960,.T.);
#13960 = LINE('',#13961,#13962);
#13961 = CARTESIAN_POINT('',(1.27,-13.716,0.));
#13962 = VECTOR('',#13963,1.);
#13963 = DIRECTION('',(0.,0.,1.));
#13964 = ORIENTED_EDGE('',*,*,#12932,.T.);
#13965 = ORIENTED_EDGE('',*,*,#13925,.F.);
#13966 = ORIENTED_EDGE('',*,*,#12111,.F.);
#13967 = PLANE('',#13968);
#13968 = AXIS2_PLACEMENT_3D('',#13969,#13970,#13971);
#13969 = CARTESIAN_POINT('',(1.27,-13.716,0.));
#13970 = DIRECTION('',(-1.,0.,0.));
#13971 = DIRECTION('',(0.,1.,0.));
#13972 = ADVANCED_FACE('',(#13973),#13984,.F.);
#13973 = FACE_BOUND('',#13974,.F.);
#13974 = EDGE_LOOP('',(#13975,#13976,#13977,#13983));
#13975 = ORIENTED_EDGE('',*,*,#13944,.T.);
#13976 = ORIENTED_EDGE('',*,*,#12724,.T.);
#13977 = ORIENTED_EDGE('',*,*,#13978,.F.);
#13978 = EDGE_CURVE('',#11904,#12725,#13979,.T.);
#13979 = LINE('',#13980,#13981);
#13980 = CARTESIAN_POINT('',(-1.27,-14.224,0.));
#13981 = VECTOR('',#13982,1.);
#13982 = DIRECTION('',(0.,0.,1.));
#13983 = ORIENTED_EDGE('',*,*,#11903,.F.);
#13984 = PLANE('',#13985);
#13985 = AXIS2_PLACEMENT_3D('',#13986,#13987,#13988);
#13986 = CARTESIAN_POINT('',(-1.016,-13.97,0.));
#13987 = DIRECTION('',(0.707106781187,-0.707106781187,0.));
#13988 = DIRECTION('',(-0.707106781187,-0.707106781187,0.));
#13989 = ADVANCED_FACE('',(#13990),#14001,.F.);
#13990 = FACE_BOUND('',#13991,.F.);
#13991 = EDGE_LOOP('',(#13992,#13998,#13999,#14000));
#13992 = ORIENTED_EDGE('',*,*,#13993,.T.);
#13993 = EDGE_CURVE('',#12096,#12917,#13994,.T.);
#13994 = LINE('',#13995,#13996);
#13995 = CARTESIAN_POINT('',(1.016,-13.97,0.));
#13996 = VECTOR('',#13997,1.);
#13997 = DIRECTION('',(0.,0.,1.));
#13998 = ORIENTED_EDGE('',*,*,#12924,.T.);
#13999 = ORIENTED_EDGE('',*,*,#13959,.F.);
#14000 = ORIENTED_EDGE('',*,*,#12103,.F.);
#14001 = PLANE('',#14002);
#14002 = AXIS2_PLACEMENT_3D('',#14003,#14004,#14005);
#14003 = CARTESIAN_POINT('',(1.016,-13.97,0.));
#14004 = DIRECTION('',(-0.707106781187,0.707106781187,0.));
#14005 = DIRECTION('',(0.707106781187,0.707106781187,0.));
#14006 = ADVANCED_FACE('',(#14007),#14018,.F.);
#14007 = FACE_BOUND('',#14008,.F.);
#14008 = EDGE_LOOP('',(#14009,#14010,#14011,#14017));
#14009 = ORIENTED_EDGE('',*,*,#13978,.T.);
#14010 = ORIENTED_EDGE('',*,*,#12732,.T.);
#14011 = ORIENTED_EDGE('',*,*,#14012,.F.);
#14012 = EDGE_CURVE('',#11912,#12733,#14013,.T.);
#14013 = LINE('',#14014,#14015);
#14014 = CARTESIAN_POINT('',(-1.27,-16.256,0.));
#14015 = VECTOR('',#14016,1.);
#14016 = DIRECTION('',(0.,0.,1.));
#14017 = ORIENTED_EDGE('',*,*,#11911,.F.);
#14018 = PLANE('',#14019);
#14019 = AXIS2_PLACEMENT_3D('',#14020,#14021,#14022);
#14020 = CARTESIAN_POINT('',(-1.27,-14.224,0.));
#14021 = DIRECTION('',(1.,0.,0.));
#14022 = DIRECTION('',(0.,-1.,0.));
#14023 = ADVANCED_FACE('',(#14024),#14035,.F.);
#14024 = FACE_BOUND('',#14025,.F.);
#14025 = EDGE_LOOP('',(#14026,#14032,#14033,#14034));
#14026 = ORIENTED_EDGE('',*,*,#14027,.T.);
#14027 = EDGE_CURVE('',#12088,#12909,#14028,.T.);
#14028 = LINE('',#14029,#14030);
#14029 = CARTESIAN_POINT('',(1.27,-14.224,0.));
#14030 = VECTOR('',#14031,1.);
#14031 = DIRECTION('',(0.,0.,1.));
#14032 = ORIENTED_EDGE('',*,*,#12916,.T.);
#14033 = ORIENTED_EDGE('',*,*,#13993,.F.);
#14034 = ORIENTED_EDGE('',*,*,#12095,.F.);
#14035 = PLANE('',#14036);
#14036 = AXIS2_PLACEMENT_3D('',#14037,#14038,#14039);
#14037 = CARTESIAN_POINT('',(1.27,-14.224,0.));
#14038 = DIRECTION('',(-0.707106781187,-0.707106781187,0.));
#14039 = DIRECTION('',(-0.707106781187,0.707106781187,0.));
#14040 = ADVANCED_FACE('',(#14041),#14052,.F.);
#14041 = FACE_BOUND('',#14042,.F.);
#14042 = EDGE_LOOP('',(#14043,#14044,#14045,#14051));
#14043 = ORIENTED_EDGE('',*,*,#14012,.T.);
#14044 = ORIENTED_EDGE('',*,*,#12740,.T.);
#14045 = ORIENTED_EDGE('',*,*,#14046,.F.);
#14046 = EDGE_CURVE('',#11920,#12741,#14047,.T.);
#14047 = LINE('',#14048,#14049);
#14048 = CARTESIAN_POINT('',(-1.016,-16.51,0.));
#14049 = VECTOR('',#14050,1.);
#14050 = DIRECTION('',(0.,0.,1.));
#14051 = ORIENTED_EDGE('',*,*,#11919,.F.);
#14052 = PLANE('',#14053);
#14053 = AXIS2_PLACEMENT_3D('',#14054,#14055,#14056);
#14054 = CARTESIAN_POINT('',(-1.27,-16.256,0.));
#14055 = DIRECTION('',(0.707106781187,0.707106781187,0.));
#14056 = DIRECTION('',(0.707106781187,-0.707106781187,0.));
#14057 = ADVANCED_FACE('',(#14058),#14069,.F.);
#14058 = FACE_BOUND('',#14059,.F.);
#14059 = EDGE_LOOP('',(#14060,#14066,#14067,#14068));
#14060 = ORIENTED_EDGE('',*,*,#14061,.T.);
#14061 = EDGE_CURVE('',#12080,#12901,#14062,.T.);
#14062 = LINE('',#14063,#14064);
#14063 = CARTESIAN_POINT('',(1.27,-16.256,0.));
#14064 = VECTOR('',#14065,1.);
#14065 = DIRECTION('',(0.,0.,1.));
#14066 = ORIENTED_EDGE('',*,*,#12908,.T.);
#14067 = ORIENTED_EDGE('',*,*,#14027,.F.);
#14068 = ORIENTED_EDGE('',*,*,#12087,.F.);
#14069 = PLANE('',#14070);
#14070 = AXIS2_PLACEMENT_3D('',#14071,#14072,#14073);
#14071 = CARTESIAN_POINT('',(1.27,-16.256,0.));
#14072 = DIRECTION('',(-1.,0.,0.));
#14073 = DIRECTION('',(0.,1.,0.));
#14074 = ADVANCED_FACE('',(#14075),#14086,.F.);
#14075 = FACE_BOUND('',#14076,.F.);
#14076 = EDGE_LOOP('',(#14077,#14078,#14079,#14085));
#14077 = ORIENTED_EDGE('',*,*,#14046,.T.);
#14078 = ORIENTED_EDGE('',*,*,#12748,.T.);
#14079 = ORIENTED_EDGE('',*,*,#14080,.F.);
#14080 = EDGE_CURVE('',#11928,#12749,#14081,.T.);
#14081 = LINE('',#14082,#14083);
#14082 = CARTESIAN_POINT('',(-1.27,-16.764,0.));
#14083 = VECTOR('',#14084,1.);
#14084 = DIRECTION('',(0.,0.,1.));
#14085 = ORIENTED_EDGE('',*,*,#11927,.F.);
#14086 = PLANE('',#14087);
#14087 = AXIS2_PLACEMENT_3D('',#14088,#14089,#14090);
#14088 = CARTESIAN_POINT('',(-1.016,-16.51,0.));
#14089 = DIRECTION('',(0.707106781187,-0.707106781187,0.));
#14090 = DIRECTION('',(-0.707106781187,-0.707106781187,0.));
#14091 = ADVANCED_FACE('',(#14092),#14103,.F.);
#14092 = FACE_BOUND('',#14093,.F.);
#14093 = EDGE_LOOP('',(#14094,#14100,#14101,#14102));
#14094 = ORIENTED_EDGE('',*,*,#14095,.T.);
#14095 = EDGE_CURVE('',#12072,#12893,#14096,.T.);
#14096 = LINE('',#14097,#14098);
#14097 = CARTESIAN_POINT('',(1.016,-16.51,0.));
#14098 = VECTOR('',#14099,1.);
#14099 = DIRECTION('',(0.,0.,1.));
#14100 = ORIENTED_EDGE('',*,*,#12900,.T.);
#14101 = ORIENTED_EDGE('',*,*,#14061,.F.);
#14102 = ORIENTED_EDGE('',*,*,#12079,.F.);
#14103 = PLANE('',#14104);
#14104 = AXIS2_PLACEMENT_3D('',#14105,#14106,#14107);
#14105 = CARTESIAN_POINT('',(1.016,-16.51,0.));
#14106 = DIRECTION('',(-0.707106781187,0.707106781187,0.));
#14107 = DIRECTION('',(0.707106781187,0.707106781187,0.));
#14108 = ADVANCED_FACE('',(#14109),#14120,.F.);
#14109 = FACE_BOUND('',#14110,.F.);
#14110 = EDGE_LOOP('',(#14111,#14112,#14113,#14119));
#14111 = ORIENTED_EDGE('',*,*,#14080,.T.);
#14112 = ORIENTED_EDGE('',*,*,#12756,.T.);
#14113 = ORIENTED_EDGE('',*,*,#14114,.F.);
#14114 = EDGE_CURVE('',#11936,#12757,#14115,.T.);
#14115 = LINE('',#14116,#14117);
#14116 = CARTESIAN_POINT('',(-1.27,-18.796,0.));
#14117 = VECTOR('',#14118,1.);
#14118 = DIRECTION('',(0.,0.,1.));
#14119 = ORIENTED_EDGE('',*,*,#11935,.F.);
#14120 = PLANE('',#14121);
#14121 = AXIS2_PLACEMENT_3D('',#14122,#14123,#14124);
#14122 = CARTESIAN_POINT('',(-1.27,-16.764,0.));
#14123 = DIRECTION('',(1.,0.,0.));
#14124 = DIRECTION('',(0.,-1.,0.));
#14125 = ADVANCED_FACE('',(#14126),#14137,.F.);
#14126 = FACE_BOUND('',#14127,.F.);
#14127 = EDGE_LOOP('',(#14128,#14134,#14135,#14136));
#14128 = ORIENTED_EDGE('',*,*,#14129,.T.);
#14129 = EDGE_CURVE('',#12064,#12885,#14130,.T.);
#14130 = LINE('',#14131,#14132);
#14131 = CARTESIAN_POINT('',(1.27,-16.764,0.));
#14132 = VECTOR('',#14133,1.);
#14133 = DIRECTION('',(0.,0.,1.));
#14134 = ORIENTED_EDGE('',*,*,#12892,.T.);
#14135 = ORIENTED_EDGE('',*,*,#14095,.F.);
#14136 = ORIENTED_EDGE('',*,*,#12071,.F.);
#14137 = PLANE('',#14138);
#14138 = AXIS2_PLACEMENT_3D('',#14139,#14140,#14141);
#14139 = CARTESIAN_POINT('',(1.27,-16.764,0.));
#14140 = DIRECTION('',(-0.707106781187,-0.707106781187,0.));
#14141 = DIRECTION('',(-0.707106781187,0.707106781187,0.));
#14142 = ADVANCED_FACE('',(#14143),#14154,.F.);
#14143 = FACE_BOUND('',#14144,.F.);
#14144 = EDGE_LOOP('',(#14145,#14146,#14147,#14153));
#14145 = ORIENTED_EDGE('',*,*,#14114,.T.);
#14146 = ORIENTED_EDGE('',*,*,#12764,.T.);
#14147 = ORIENTED_EDGE('',*,*,#14148,.F.);
#14148 = EDGE_CURVE('',#11944,#12765,#14149,.T.);
#14149 = LINE('',#14150,#14151);
#14150 = CARTESIAN_POINT('',(-1.016,-19.05,0.));
#14151 = VECTOR('',#14152,1.);
#14152 = DIRECTION('',(0.,0.,1.));
#14153 = ORIENTED_EDGE('',*,*,#11943,.F.);
#14154 = PLANE('',#14155);
#14155 = AXIS2_PLACEMENT_3D('',#14156,#14157,#14158);
#14156 = CARTESIAN_POINT('',(-1.27,-18.796,0.));
#14157 = DIRECTION('',(0.707106781187,0.707106781187,0.));
#14158 = DIRECTION('',(0.707106781187,-0.707106781187,0.));
#14159 = ADVANCED_FACE('',(#14160),#14171,.F.);
#14160 = FACE_BOUND('',#14161,.F.);
#14161 = EDGE_LOOP('',(#14162,#14168,#14169,#14170));
#14162 = ORIENTED_EDGE('',*,*,#14163,.T.);
#14163 = EDGE_CURVE('',#12056,#12877,#14164,.T.);
#14164 = LINE('',#14165,#14166);
#14165 = CARTESIAN_POINT('',(1.27,-18.796,0.));
#14166 = VECTOR('',#14167,1.);
#14167 = DIRECTION('',(0.,0.,1.));
#14168 = ORIENTED_EDGE('',*,*,#12884,.T.);
#14169 = ORIENTED_EDGE('',*,*,#14129,.F.);
#14170 = ORIENTED_EDGE('',*,*,#12063,.F.);
#14171 = PLANE('',#14172);
#14172 = AXIS2_PLACEMENT_3D('',#14173,#14174,#14175);
#14173 = CARTESIAN_POINT('',(1.27,-18.796,0.));
#14174 = DIRECTION('',(-1.,0.,0.));
#14175 = DIRECTION('',(0.,1.,0.));
#14176 = ADVANCED_FACE('',(#14177),#14188,.F.);
#14177 = FACE_BOUND('',#14178,.F.);
#14178 = EDGE_LOOP('',(#14179,#14180,#14181,#14187));
#14179 = ORIENTED_EDGE('',*,*,#14148,.T.);
#14180 = ORIENTED_EDGE('',*,*,#12772,.T.);
#14181 = ORIENTED_EDGE('',*,*,#14182,.F.);
#14182 = EDGE_CURVE('',#11952,#12773,#14183,.T.);
#14183 = LINE('',#14184,#14185);
#14184 = CARTESIAN_POINT('',(-1.27,-19.304,0.));
#14185 = VECTOR('',#14186,1.);
#14186 = DIRECTION('',(0.,0.,1.));
#14187 = ORIENTED_EDGE('',*,*,#11951,.F.);
#14188 = PLANE('',#14189);
#14189 = AXIS2_PLACEMENT_3D('',#14190,#14191,#14192);
#14190 = CARTESIAN_POINT('',(-1.016,-19.05,0.));
#14191 = DIRECTION('',(0.707106781187,-0.707106781187,0.));
#14192 = DIRECTION('',(-0.707106781187,-0.707106781187,0.));
#14193 = ADVANCED_FACE('',(#14194),#14205,.F.);
#14194 = FACE_BOUND('',#14195,.F.);
#14195 = EDGE_LOOP('',(#14196,#14202,#14203,#14204));
#14196 = ORIENTED_EDGE('',*,*,#14197,.T.);
#14197 = EDGE_CURVE('',#12048,#12869,#14198,.T.);
#14198 = LINE('',#14199,#14200);
#14199 = CARTESIAN_POINT('',(1.016,-19.05,0.));
#14200 = VECTOR('',#14201,1.);
#14201 = DIRECTION('',(0.,0.,1.));
#14202 = ORIENTED_EDGE('',*,*,#12876,.T.);
#14203 = ORIENTED_EDGE('',*,*,#14163,.F.);
#14204 = ORIENTED_EDGE('',*,*,#12055,.F.);
#14205 = PLANE('',#14206);
#14206 = AXIS2_PLACEMENT_3D('',#14207,#14208,#14209);
#14207 = CARTESIAN_POINT('',(1.016,-19.05,0.));
#14208 = DIRECTION('',(-0.707106781187,0.707106781187,0.));
#14209 = DIRECTION('',(0.707106781187,0.707106781187,0.));
#14210 = ADVANCED_FACE('',(#14211),#14222,.F.);
#14211 = FACE_BOUND('',#14212,.F.);
#14212 = EDGE_LOOP('',(#14213,#14214,#14215,#14221));
#14213 = ORIENTED_EDGE('',*,*,#14182,.T.);
#14214 = ORIENTED_EDGE('',*,*,#12780,.T.);
#14215 = ORIENTED_EDGE('',*,*,#14216,.F.);
#14216 = EDGE_CURVE('',#11960,#12781,#14217,.T.);
#14217 = LINE('',#14218,#14219);
#14218 = CARTESIAN_POINT('',(-1.27,-21.336,0.));
#14219 = VECTOR('',#14220,1.);
#14220 = DIRECTION('',(0.,0.,1.));
#14221 = ORIENTED_EDGE('',*,*,#11959,.F.);
#14222 = PLANE('',#14223);
#14223 = AXIS2_PLACEMENT_3D('',#14224,#14225,#14226);
#14224 = CARTESIAN_POINT('',(-1.27,-19.304,0.));
#14225 = DIRECTION('',(1.,0.,0.));
#14226 = DIRECTION('',(0.,-1.,0.));
#14227 = ADVANCED_FACE('',(#14228),#14239,.F.);
#14228 = FACE_BOUND('',#14229,.F.);
#14229 = EDGE_LOOP('',(#14230,#14236,#14237,#14238));
#14230 = ORIENTED_EDGE('',*,*,#14231,.T.);
#14231 = EDGE_CURVE('',#12040,#12861,#14232,.T.);
#14232 = LINE('',#14233,#14234);
#14233 = CARTESIAN_POINT('',(1.27,-19.304,0.));
#14234 = VECTOR('',#14235,1.);
#14235 = DIRECTION('',(0.,0.,1.));
#14236 = ORIENTED_EDGE('',*,*,#12868,.T.);
#14237 = ORIENTED_EDGE('',*,*,#14197,.F.);
#14238 = ORIENTED_EDGE('',*,*,#12047,.F.);
#14239 = PLANE('',#14240);
#14240 = AXIS2_PLACEMENT_3D('',#14241,#14242,#14243);
#14241 = CARTESIAN_POINT('',(1.27,-19.304,0.));
#14242 = DIRECTION('',(-0.707106781187,-0.707106781187,0.));
#14243 = DIRECTION('',(-0.707106781187,0.707106781187,0.));
#14244 = ADVANCED_FACE('',(#14245),#14256,.F.);
#14245 = FACE_BOUND('',#14246,.F.);
#14246 = EDGE_LOOP('',(#14247,#14248,#14249,#14255));
#14247 = ORIENTED_EDGE('',*,*,#14216,.T.);
#14248 = ORIENTED_EDGE('',*,*,#12788,.T.);
#14249 = ORIENTED_EDGE('',*,*,#14250,.F.);
#14250 = EDGE_CURVE('',#11968,#12789,#14251,.T.);
#14251 = LINE('',#14252,#14253);
#14252 = CARTESIAN_POINT('',(-1.016,-21.59,0.));
#14253 = VECTOR('',#14254,1.);
#14254 = DIRECTION('',(0.,0.,1.));
#14255 = ORIENTED_EDGE('',*,*,#11967,.F.);
#14256 = PLANE('',#14257);
#14257 = AXIS2_PLACEMENT_3D('',#14258,#14259,#14260);
#14258 = CARTESIAN_POINT('',(-1.27,-21.336,0.));
#14259 = DIRECTION('',(0.707106781187,0.707106781187,0.));
#14260 = DIRECTION('',(0.707106781187,-0.707106781187,0.));
#14261 = ADVANCED_FACE('',(#14262),#14273,.F.);
#14262 = FACE_BOUND('',#14263,.F.);
#14263 = EDGE_LOOP('',(#14264,#14270,#14271,#14272));
#14264 = ORIENTED_EDGE('',*,*,#14265,.T.);
#14265 = EDGE_CURVE('',#12032,#12853,#14266,.T.);
#14266 = LINE('',#14267,#14268);
#14267 = CARTESIAN_POINT('',(1.27,-21.336,0.));
#14268 = VECTOR('',#14269,1.);
#14269 = DIRECTION('',(0.,0.,1.));
#14270 = ORIENTED_EDGE('',*,*,#12860,.T.);
#14271 = ORIENTED_EDGE('',*,*,#14231,.F.);
#14272 = ORIENTED_EDGE('',*,*,#12039,.F.);
#14273 = PLANE('',#14274);
#14274 = AXIS2_PLACEMENT_3D('',#14275,#14276,#14277);
#14275 = CARTESIAN_POINT('',(1.27,-21.336,0.));
#14276 = DIRECTION('',(-1.,0.,0.));
#14277 = DIRECTION('',(0.,1.,0.));
#14278 = ADVANCED_FACE('',(#14279),#14290,.F.);
#14279 = FACE_BOUND('',#14280,.F.);
#14280 = EDGE_LOOP('',(#14281,#14282,#14283,#14289));
#14281 = ORIENTED_EDGE('',*,*,#14250,.T.);
#14282 = ORIENTED_EDGE('',*,*,#12796,.T.);
#14283 = ORIENTED_EDGE('',*,*,#14284,.F.);
#14284 = EDGE_CURVE('',#11976,#12797,#14285,.T.);
#14285 = LINE('',#14286,#14287);
#14286 = CARTESIAN_POINT('',(-1.27,-21.844,0.));
#14287 = VECTOR('',#14288,1.);
#14288 = DIRECTION('',(0.,0.,1.));
#14289 = ORIENTED_EDGE('',*,*,#11975,.F.);
#14290 = PLANE('',#14291);
#14291 = AXIS2_PLACEMENT_3D('',#14292,#14293,#14294);
#14292 = CARTESIAN_POINT('',(-1.016,-21.59,0.));
#14293 = DIRECTION('',(0.707106781187,-0.707106781187,0.));
#14294 = DIRECTION('',(-0.707106781187,-0.707106781187,0.));
#14295 = ADVANCED_FACE('',(#14296),#14307,.F.);
#14296 = FACE_BOUND('',#14297,.F.);
#14297 = EDGE_LOOP('',(#14298,#14304,#14305,#14306));
#14298 = ORIENTED_EDGE('',*,*,#14299,.T.);
#14299 = EDGE_CURVE('',#12024,#12845,#14300,.T.);
#14300 = LINE('',#14301,#14302);
#14301 = CARTESIAN_POINT('',(1.016,-21.59,0.));
#14302 = VECTOR('',#14303,1.);
#14303 = DIRECTION('',(0.,0.,1.));
#14304 = ORIENTED_EDGE('',*,*,#12852,.T.);
#14305 = ORIENTED_EDGE('',*,*,#14265,.F.);
#14306 = ORIENTED_EDGE('',*,*,#12031,.F.);
#14307 = PLANE('',#14308);
#14308 = AXIS2_PLACEMENT_3D('',#14309,#14310,#14311);
#14309 = CARTESIAN_POINT('',(1.016,-21.59,0.));
#14310 = DIRECTION('',(-0.707106781187,0.707106781187,0.));
#14311 = DIRECTION('',(0.707106781187,0.707106781187,0.));
#14312 = ADVANCED_FACE('',(#14313),#14324,.F.);
#14313 = FACE_BOUND('',#14314,.F.);
#14314 = EDGE_LOOP('',(#14315,#14316,#14317,#14323));
#14315 = ORIENTED_EDGE('',*,*,#14284,.T.);
#14316 = ORIENTED_EDGE('',*,*,#12804,.T.);
#14317 = ORIENTED_EDGE('',*,*,#14318,.F.);
#14318 = EDGE_CURVE('',#11984,#12805,#14319,.T.);
#14319 = LINE('',#14320,#14321);
#14320 = CARTESIAN_POINT('',(-1.27,-23.876,0.));
#14321 = VECTOR('',#14322,1.);
#14322 = DIRECTION('',(0.,0.,1.));
#14323 = ORIENTED_EDGE('',*,*,#11983,.F.);
#14324 = PLANE('',#14325);
#14325 = AXIS2_PLACEMENT_3D('',#14326,#14327,#14328);
#14326 = CARTESIAN_POINT('',(-1.27,-21.844,0.));
#14327 = DIRECTION('',(1.,0.,0.));
#14328 = DIRECTION('',(0.,-1.,0.));
#14329 = ADVANCED_FACE('',(#14330),#14341,.F.);
#14330 = FACE_BOUND('',#14331,.F.);
#14331 = EDGE_LOOP('',(#14332,#14338,#14339,#14340));
#14332 = ORIENTED_EDGE('',*,*,#14333,.T.);
#14333 = EDGE_CURVE('',#12016,#12837,#14334,.T.);
#14334 = LINE('',#14335,#14336);
#14335 = CARTESIAN_POINT('',(1.27,-21.844,0.));
#14336 = VECTOR('',#14337,1.);
#14337 = DIRECTION('',(0.,0.,1.));
#14338 = ORIENTED_EDGE('',*,*,#12844,.T.);
#14339 = ORIENTED_EDGE('',*,*,#14299,.F.);
#14340 = ORIENTED_EDGE('',*,*,#12023,.F.);
#14341 = PLANE('',#14342);
#14342 = AXIS2_PLACEMENT_3D('',#14343,#14344,#14345);
#14343 = CARTESIAN_POINT('',(1.27,-21.844,0.));
#14344 = DIRECTION('',(-0.707106781187,-0.707106781187,0.));
#14345 = DIRECTION('',(-0.707106781187,0.707106781187,0.));
#14346 = ADVANCED_FACE('',(#14347),#14358,.F.);
#14347 = FACE_BOUND('',#14348,.F.);
#14348 = EDGE_LOOP('',(#14349,#14350,#14351,#14357));
#14349 = ORIENTED_EDGE('',*,*,#14318,.T.);
#14350 = ORIENTED_EDGE('',*,*,#12812,.T.);
#14351 = ORIENTED_EDGE('',*,*,#14352,.F.);
#14352 = EDGE_CURVE('',#11992,#12813,#14353,.T.);
#14353 = LINE('',#14354,#14355);
#14354 = CARTESIAN_POINT('',(-1.016,-24.13,0.));
#14355 = VECTOR('',#14356,1.);
#14356 = DIRECTION('',(0.,0.,1.));
#14357 = ORIENTED_EDGE('',*,*,#11991,.F.);
#14358 = PLANE('',#14359);
#14359 = AXIS2_PLACEMENT_3D('',#14360,#14361,#14362);
#14360 = CARTESIAN_POINT('',(-1.27,-23.876,0.));
#14361 = DIRECTION('',(0.707106781187,0.707106781187,0.));
#14362 = DIRECTION('',(0.707106781187,-0.707106781187,0.));
#14363 = ADVANCED_FACE('',(#14364),#14375,.F.);
#14364 = FACE_BOUND('',#14365,.F.);
#14365 = EDGE_LOOP('',(#14366,#14372,#14373,#14374));
#14366 = ORIENTED_EDGE('',*,*,#14367,.T.);
#14367 = EDGE_CURVE('',#12008,#12829,#14368,.T.);
#14368 = LINE('',#14369,#14370);
#14369 = CARTESIAN_POINT('',(1.27,-23.876,0.));
#14370 = VECTOR('',#14371,1.);
#14371 = DIRECTION('',(0.,0.,1.));
#14372 = ORIENTED_EDGE('',*,*,#12836,.T.);
#14373 = ORIENTED_EDGE('',*,*,#14333,.F.);
#14374 = ORIENTED_EDGE('',*,*,#12015,.F.);
#14375 = PLANE('',#14376);
#14376 = AXIS2_PLACEMENT_3D('',#14377,#14378,#14379);
#14377 = CARTESIAN_POINT('',(1.27,-23.876,0.));
#14378 = DIRECTION('',(-1.,0.,0.));
#14379 = DIRECTION('',(0.,1.,0.));
#14380 = ADVANCED_FACE('',(#14381),#14392,.F.);
#14381 = FACE_BOUND('',#14382,.F.);
#14382 = EDGE_LOOP('',(#14383,#14384,#14385,#14391));
#14383 = ORIENTED_EDGE('',*,*,#14352,.T.);
#14384 = ORIENTED_EDGE('',*,*,#12820,.T.);
#14385 = ORIENTED_EDGE('',*,*,#14386,.F.);
#14386 = EDGE_CURVE('',#12000,#12821,#14387,.T.);
#14387 = LINE('',#14388,#14389);
#14388 = CARTESIAN_POINT('',(1.016,-24.13,0.));
#14389 = VECTOR('',#14390,1.);
#14390 = DIRECTION('',(0.,0.,1.));
#14391 = ORIENTED_EDGE('',*,*,#11999,.F.);
#14392 = PLANE('',#14393);
#14393 = AXIS2_PLACEMENT_3D('',#14394,#14395,#14396);
#14394 = CARTESIAN_POINT('',(-1.016,-24.13,0.));
#14395 = DIRECTION('',(0.,1.,0.));
#14396 = DIRECTION('',(1.,0.,0.));
#14397 = ADVANCED_FACE('',(#14398),#14404,.F.);
#14398 = FACE_BOUND('',#14399,.F.);
#14399 = EDGE_LOOP('',(#14400,#14401,#14402,#14403));
#14400 = ORIENTED_EDGE('',*,*,#14386,.T.);
#14401 = ORIENTED_EDGE('',*,*,#12828,.T.);
#14402 = ORIENTED_EDGE('',*,*,#14367,.F.);
#14403 = ORIENTED_EDGE('',*,*,#12007,.F.);
#14404 = PLANE('',#14405);
#14405 = AXIS2_PLACEMENT_3D('',#14406,#14407,#14408);
#14406 = CARTESIAN_POINT('',(1.016,-24.13,0.));
#14407 = DIRECTION('',(-0.707106781187,0.707106781187,0.));
#14408 = DIRECTION('',(0.707106781187,0.707106781187,0.));
#14409 = ADVANCED_FACE('',(#14410),#14435,.T.);
#14410 = FACE_BOUND('',#14411,.T.);
#14411 = EDGE_LOOP('',(#14412,#14420,#14428,#14434));
#14412 = ORIENTED_EDGE('',*,*,#14413,.F.);
#14413 = EDGE_CURVE('',#14414,#12249,#14416,.T.);
#14414 = VERTEX_POINT('',#14415);
#14415 = CARTESIAN_POINT('',(0.32,-13.02,-2.84));
#14416 = LINE('',#14417,#14418);
#14417 = CARTESIAN_POINT('',(0.32,-13.02,-3.));
#14418 = VECTOR('',#14419,1.);
#14419 = DIRECTION('',(0.,0.,1.));
#14420 = ORIENTED_EDGE('',*,*,#14421,.T.);
#14421 = EDGE_CURVE('',#14414,#14422,#14424,.T.);
#14422 = VERTEX_POINT('',#14423);
#14423 = CARTESIAN_POINT('',(0.32,-12.38,-2.84));
#14424 = LINE('',#14425,#14426);
#14425 = CARTESIAN_POINT('',(0.32,-13.02,-2.84));
#14426 = VECTOR('',#14427,1.);
#14427 = DIRECTION('',(0.,1.,0.));
#14428 = ORIENTED_EDGE('',*,*,#14429,.T.);
#14429 = EDGE_CURVE('',#14422,#12251,#14430,.T.);
#14430 = LINE('',#14431,#14432);
#14431 = CARTESIAN_POINT('',(0.32,-12.38,-3.));
#14432 = VECTOR('',#14433,1.);
#14433 = DIRECTION('',(0.,0.,1.));
#14434 = ORIENTED_EDGE('',*,*,#12248,.F.);
#14435 = PLANE('',#14436);
#14436 = AXIS2_PLACEMENT_3D('',#14437,#14438,#14439);
#14437 = CARTESIAN_POINT('',(0.32,-13.02,-3.));
#14438 = DIRECTION('',(1.,0.,0.));
#14439 = DIRECTION('',(0.,0.,1.));
#14440 = ADVANCED_FACE('',(#14441),#14459,.T.);
#14441 = FACE_BOUND('',#14442,.T.);
#14442 = EDGE_LOOP('',(#14443,#14444,#14452,#14458));
#14443 = ORIENTED_EDGE('',*,*,#14429,.F.);
#14444 = ORIENTED_EDGE('',*,*,#14445,.F.);
#14445 = EDGE_CURVE('',#14446,#14422,#14448,.T.);
#14446 = VERTEX_POINT('',#14447);
#14447 = CARTESIAN_POINT('',(-0.32,-12.38,-2.84));
#14448 = LINE('',#14449,#14450);
#14449 = CARTESIAN_POINT('',(-0.32,-12.38,-2.84));
#14450 = VECTOR('',#14451,1.);
#14451 = DIRECTION('',(1.,0.,0.));
#14452 = ORIENTED_EDGE('',*,*,#14453,.T.);
#14453 = EDGE_CURVE('',#14446,#12267,#14454,.T.);
#14454 = LINE('',#14455,#14456);
#14455 = CARTESIAN_POINT('',(-0.32,-12.38,-3.));
#14456 = VECTOR('',#14457,1.);
#14457 = DIRECTION('',(0.,0.,1.));
#14458 = ORIENTED_EDGE('',*,*,#12274,.F.);
#14459 = PLANE('',#14460);
#14460 = AXIS2_PLACEMENT_3D('',#14461,#14462,#14463);
#14461 = CARTESIAN_POINT('',(-0.32,-12.38,-3.));
#14462 = DIRECTION('',(0.,1.,0.));
#14463 = DIRECTION('',(0.,-0.,1.));
#14464 = ADVANCED_FACE('',(#14465),#14483,.F.);
#14465 = FACE_BOUND('',#14466,.F.);
#14466 = EDGE_LOOP('',(#14467,#14475,#14481,#14482));
#14467 = ORIENTED_EDGE('',*,*,#14468,.F.);
#14468 = EDGE_CURVE('',#14469,#12259,#14471,.T.);
#14469 = VERTEX_POINT('',#14470);
#14470 = CARTESIAN_POINT('',(-0.32,-13.02,-2.84));
#14471 = LINE('',#14472,#14473);
#14472 = CARTESIAN_POINT('',(-0.32,-13.02,-3.));
#14473 = VECTOR('',#14474,1.);
#14474 = DIRECTION('',(0.,0.,1.));
#14475 = ORIENTED_EDGE('',*,*,#14476,.T.);
#14476 = EDGE_CURVE('',#14469,#14446,#14477,.T.);
#14477 = LINE('',#14478,#14479);
#14478 = CARTESIAN_POINT('',(-0.32,-13.02,-2.84));
#14479 = VECTOR('',#14480,1.);
#14480 = DIRECTION('',(0.,1.,0.));
#14481 = ORIENTED_EDGE('',*,*,#14453,.T.);
#14482 = ORIENTED_EDGE('',*,*,#12266,.F.);
#14483 = PLANE('',#14484);
#14484 = AXIS2_PLACEMENT_3D('',#14485,#14486,#14487);
#14485 = CARTESIAN_POINT('',(-0.32,-13.02,-3.));
#14486 = DIRECTION('',(1.,0.,0.));
#14487 = DIRECTION('',(0.,0.,1.));
#14488 = ADVANCED_FACE('',(#14489),#14500,.F.);
#14489 = FACE_BOUND('',#14490,.F.);
#14490 = EDGE_LOOP('',(#14491,#14492,#14498,#14499));
#14491 = ORIENTED_EDGE('',*,*,#14413,.F.);
#14492 = ORIENTED_EDGE('',*,*,#14493,.F.);
#14493 = EDGE_CURVE('',#14469,#14414,#14494,.T.);
#14494 = LINE('',#14495,#14496);
#14495 = CARTESIAN_POINT('',(-0.32,-13.02,-2.84));
#14496 = VECTOR('',#14497,1.);
#14497 = DIRECTION('',(1.,0.,0.));
#14498 = ORIENTED_EDGE('',*,*,#14468,.T.);
#14499 = ORIENTED_EDGE('',*,*,#12258,.F.);
#14500 = PLANE('',#14501);
#14501 = AXIS2_PLACEMENT_3D('',#14502,#14503,#14504);
#14502 = CARTESIAN_POINT('',(-0.32,-13.02,-3.));
#14503 = DIRECTION('',(0.,1.,0.));
#14504 = DIRECTION('',(0.,-0.,1.));
#14505 = ADVANCED_FACE('',(#14506),#14531,.T.);
#14506 = FACE_BOUND('',#14507,.T.);
#14507 = EDGE_LOOP('',(#14508,#14516,#14524,#14530));
#14508 = ORIENTED_EDGE('',*,*,#14509,.F.);
#14509 = EDGE_CURVE('',#14510,#12283,#14512,.T.);
#14510 = VERTEX_POINT('',#14511);
#14511 = CARTESIAN_POINT('',(0.32,-10.48,-2.84));
#14512 = LINE('',#14513,#14514);
#14513 = CARTESIAN_POINT('',(0.32,-10.48,-3.));
#14514 = VECTOR('',#14515,1.);
#14515 = DIRECTION('',(0.,0.,1.));
#14516 = ORIENTED_EDGE('',*,*,#14517,.T.);
#14517 = EDGE_CURVE('',#14510,#14518,#14520,.T.);
#14518 = VERTEX_POINT('',#14519);
#14519 = CARTESIAN_POINT('',(0.32,-9.84,-2.84));
#14520 = LINE('',#14521,#14522);
#14521 = CARTESIAN_POINT('',(0.32,-10.48,-2.84));
#14522 = VECTOR('',#14523,1.);
#14523 = DIRECTION('',(0.,1.,0.));
#14524 = ORIENTED_EDGE('',*,*,#14525,.T.);
#14525 = EDGE_CURVE('',#14518,#12285,#14526,.T.);
#14526 = LINE('',#14527,#14528);
#14527 = CARTESIAN_POINT('',(0.32,-9.84,-3.));
#14528 = VECTOR('',#14529,1.);
#14529 = DIRECTION('',(0.,0.,1.));
#14530 = ORIENTED_EDGE('',*,*,#12282,.F.);
#14531 = PLANE('',#14532);
#14532 = AXIS2_PLACEMENT_3D('',#14533,#14534,#14535);
#14533 = CARTESIAN_POINT('',(0.32,-10.48,-3.));
#14534 = DIRECTION('',(1.,0.,0.));
#14535 = DIRECTION('',(0.,0.,1.));
#14536 = ADVANCED_FACE('',(#14537),#14555,.T.);
#14537 = FACE_BOUND('',#14538,.T.);
#14538 = EDGE_LOOP('',(#14539,#14540,#14548,#14554));
#14539 = ORIENTED_EDGE('',*,*,#14525,.F.);
#14540 = ORIENTED_EDGE('',*,*,#14541,.F.);
#14541 = EDGE_CURVE('',#14542,#14518,#14544,.T.);
#14542 = VERTEX_POINT('',#14543);
#14543 = CARTESIAN_POINT('',(-0.32,-9.84,-2.84));
#14544 = LINE('',#14545,#14546);
#14545 = CARTESIAN_POINT('',(-0.32,-9.84,-2.84));
#14546 = VECTOR('',#14547,1.);
#14547 = DIRECTION('',(1.,0.,0.));
#14548 = ORIENTED_EDGE('',*,*,#14549,.T.);
#14549 = EDGE_CURVE('',#14542,#12301,#14550,.T.);
#14550 = LINE('',#14551,#14552);
#14551 = CARTESIAN_POINT('',(-0.32,-9.84,-3.));
#14552 = VECTOR('',#14553,1.);
#14553 = DIRECTION('',(0.,0.,1.));
#14554 = ORIENTED_EDGE('',*,*,#12308,.F.);
#14555 = PLANE('',#14556);
#14556 = AXIS2_PLACEMENT_3D('',#14557,#14558,#14559);
#14557 = CARTESIAN_POINT('',(-0.32,-9.84,-3.));
#14558 = DIRECTION('',(0.,1.,0.));
#14559 = DIRECTION('',(0.,-0.,1.));
#14560 = ADVANCED_FACE('',(#14561),#14579,.F.);
#14561 = FACE_BOUND('',#14562,.F.);
#14562 = EDGE_LOOP('',(#14563,#14571,#14577,#14578));
#14563 = ORIENTED_EDGE('',*,*,#14564,.F.);
#14564 = EDGE_CURVE('',#14565,#12293,#14567,.T.);
#14565 = VERTEX_POINT('',#14566);
#14566 = CARTESIAN_POINT('',(-0.32,-10.48,-2.84));
#14567 = LINE('',#14568,#14569);
#14568 = CARTESIAN_POINT('',(-0.32,-10.48,-3.));
#14569 = VECTOR('',#14570,1.);
#14570 = DIRECTION('',(0.,0.,1.));
#14571 = ORIENTED_EDGE('',*,*,#14572,.T.);
#14572 = EDGE_CURVE('',#14565,#14542,#14573,.T.);
#14573 = LINE('',#14574,#14575);
#14574 = CARTESIAN_POINT('',(-0.32,-10.48,-2.84));
#14575 = VECTOR('',#14576,1.);
#14576 = DIRECTION('',(0.,1.,0.));
#14577 = ORIENTED_EDGE('',*,*,#14549,.T.);
#14578 = ORIENTED_EDGE('',*,*,#12300,.F.);
#14579 = PLANE('',#14580);
#14580 = AXIS2_PLACEMENT_3D('',#14581,#14582,#14583);
#14581 = CARTESIAN_POINT('',(-0.32,-10.48,-3.));
#14582 = DIRECTION('',(1.,0.,0.));
#14583 = DIRECTION('',(0.,0.,1.));
#14584 = ADVANCED_FACE('',(#14585),#14596,.F.);
#14585 = FACE_BOUND('',#14586,.F.);
#14586 = EDGE_LOOP('',(#14587,#14588,#14594,#14595));
#14587 = ORIENTED_EDGE('',*,*,#14509,.F.);
#14588 = ORIENTED_EDGE('',*,*,#14589,.F.);
#14589 = EDGE_CURVE('',#14565,#14510,#14590,.T.);
#14590 = LINE('',#14591,#14592);
#14591 = CARTESIAN_POINT('',(-0.32,-10.48,-2.84));
#14592 = VECTOR('',#14593,1.);
#14593 = DIRECTION('',(1.,0.,0.));
#14594 = ORIENTED_EDGE('',*,*,#14564,.T.);
#14595 = ORIENTED_EDGE('',*,*,#12292,.F.);
#14596 = PLANE('',#14597);
#14597 = AXIS2_PLACEMENT_3D('',#14598,#14599,#14600);
#14598 = CARTESIAN_POINT('',(-0.32,-10.48,-3.));
#14599 = DIRECTION('',(0.,1.,0.));
#14600 = DIRECTION('',(0.,-0.,1.));
#14601 = ADVANCED_FACE('',(#14602),#14627,.T.);
#14602 = FACE_BOUND('',#14603,.T.);
#14603 = EDGE_LOOP('',(#14604,#14612,#14620,#14626));
#14604 = ORIENTED_EDGE('',*,*,#14605,.F.);
#14605 = EDGE_CURVE('',#14606,#12317,#14608,.T.);
#14606 = VERTEX_POINT('',#14607);
#14607 = CARTESIAN_POINT('',(0.32,-7.94,-2.84));
#14608 = LINE('',#14609,#14610);
#14609 = CARTESIAN_POINT('',(0.32,-7.94,-3.));
#14610 = VECTOR('',#14611,1.);
#14611 = DIRECTION('',(0.,0.,1.));
#14612 = ORIENTED_EDGE('',*,*,#14613,.T.);
#14613 = EDGE_CURVE('',#14606,#14614,#14616,.T.);
#14614 = VERTEX_POINT('',#14615);
#14615 = CARTESIAN_POINT('',(0.32,-7.3,-2.84));
#14616 = LINE('',#14617,#14618);
#14617 = CARTESIAN_POINT('',(0.32,-7.94,-2.84));
#14618 = VECTOR('',#14619,1.);
#14619 = DIRECTION('',(0.,1.,0.));
#14620 = ORIENTED_EDGE('',*,*,#14621,.T.);
#14621 = EDGE_CURVE('',#14614,#12319,#14622,.T.);
#14622 = LINE('',#14623,#14624);
#14623 = CARTESIAN_POINT('',(0.32,-7.3,-3.));
#14624 = VECTOR('',#14625,1.);
#14625 = DIRECTION('',(0.,0.,1.));
#14626 = ORIENTED_EDGE('',*,*,#12316,.F.);
#14627 = PLANE('',#14628);
#14628 = AXIS2_PLACEMENT_3D('',#14629,#14630,#14631);
#14629 = CARTESIAN_POINT('',(0.32,-7.94,-3.));
#14630 = DIRECTION('',(1.,0.,0.));
#14631 = DIRECTION('',(0.,0.,1.));
#14632 = ADVANCED_FACE('',(#14633),#14651,.T.);
#14633 = FACE_BOUND('',#14634,.T.);
#14634 = EDGE_LOOP('',(#14635,#14636,#14644,#14650));
#14635 = ORIENTED_EDGE('',*,*,#14621,.F.);
#14636 = ORIENTED_EDGE('',*,*,#14637,.F.);
#14637 = EDGE_CURVE('',#14638,#14614,#14640,.T.);
#14638 = VERTEX_POINT('',#14639);
#14639 = CARTESIAN_POINT('',(-0.32,-7.3,-2.84));
#14640 = LINE('',#14641,#14642);
#14641 = CARTESIAN_POINT('',(-0.32,-7.3,-2.84));
#14642 = VECTOR('',#14643,1.);
#14643 = DIRECTION('',(1.,0.,0.));
#14644 = ORIENTED_EDGE('',*,*,#14645,.T.);
#14645 = EDGE_CURVE('',#14638,#12335,#14646,.T.);
#14646 = LINE('',#14647,#14648);
#14647 = CARTESIAN_POINT('',(-0.32,-7.3,-3.));
#14648 = VECTOR('',#14649,1.);
#14649 = DIRECTION('',(0.,0.,1.));
#14650 = ORIENTED_EDGE('',*,*,#12342,.F.);
#14651 = PLANE('',#14652);
#14652 = AXIS2_PLACEMENT_3D('',#14653,#14654,#14655);
#14653 = CARTESIAN_POINT('',(-0.32,-7.3,-3.));
#14654 = DIRECTION('',(0.,1.,0.));
#14655 = DIRECTION('',(0.,-0.,1.));
#14656 = ADVANCED_FACE('',(#14657),#14675,.F.);
#14657 = FACE_BOUND('',#14658,.F.);
#14658 = EDGE_LOOP('',(#14659,#14667,#14673,#14674));
#14659 = ORIENTED_EDGE('',*,*,#14660,.F.);
#14660 = EDGE_CURVE('',#14661,#12327,#14663,.T.);
#14661 = VERTEX_POINT('',#14662);
#14662 = CARTESIAN_POINT('',(-0.32,-7.94,-2.84));
#14663 = LINE('',#14664,#14665);
#14664 = CARTESIAN_POINT('',(-0.32,-7.94,-3.));
#14665 = VECTOR('',#14666,1.);
#14666 = DIRECTION('',(0.,0.,1.));
#14667 = ORIENTED_EDGE('',*,*,#14668,.T.);
#14668 = EDGE_CURVE('',#14661,#14638,#14669,.T.);
#14669 = LINE('',#14670,#14671);
#14670 = CARTESIAN_POINT('',(-0.32,-7.94,-2.84));
#14671 = VECTOR('',#14672,1.);
#14672 = DIRECTION('',(0.,1.,0.));
#14673 = ORIENTED_EDGE('',*,*,#14645,.T.);
#14674 = ORIENTED_EDGE('',*,*,#12334,.F.);
#14675 = PLANE('',#14676);
#14676 = AXIS2_PLACEMENT_3D('',#14677,#14678,#14679);
#14677 = CARTESIAN_POINT('',(-0.32,-7.94,-3.));
#14678 = DIRECTION('',(1.,0.,0.));
#14679 = DIRECTION('',(0.,0.,1.));
#14680 = ADVANCED_FACE('',(#14681),#14692,.F.);
#14681 = FACE_BOUND('',#14682,.F.);
#14682 = EDGE_LOOP('',(#14683,#14684,#14690,#14691));
#14683 = ORIENTED_EDGE('',*,*,#14605,.F.);
#14684 = ORIENTED_EDGE('',*,*,#14685,.F.);
#14685 = EDGE_CURVE('',#14661,#14606,#14686,.T.);
#14686 = LINE('',#14687,#14688);
#14687 = CARTESIAN_POINT('',(-0.32,-7.94,-2.84));
#14688 = VECTOR('',#14689,1.);
#14689 = DIRECTION('',(1.,0.,0.));
#14690 = ORIENTED_EDGE('',*,*,#14660,.T.);
#14691 = ORIENTED_EDGE('',*,*,#12326,.F.);
#14692 = PLANE('',#14693);
#14693 = AXIS2_PLACEMENT_3D('',#14694,#14695,#14696);
#14694 = CARTESIAN_POINT('',(-0.32,-7.94,-3.));
#14695 = DIRECTION('',(0.,1.,0.));
#14696 = DIRECTION('',(0.,-0.,1.));
#14697 = ADVANCED_FACE('',(#14698),#14723,.F.);
#14698 = FACE_BOUND('',#14699,.F.);
#14699 = EDGE_LOOP('',(#14700,#14708,#14716,#14722));
#14700 = ORIENTED_EDGE('',*,*,#14701,.F.);
#14701 = EDGE_CURVE('',#14702,#12351,#14704,.T.);
#14702 = VERTEX_POINT('',#14703);
#14703 = CARTESIAN_POINT('',(0.32,-18.1,-2.84));
#14704 = LINE('',#14705,#14706);
#14705 = CARTESIAN_POINT('',(0.32,-18.1,-3.));
#14706 = VECTOR('',#14707,1.);
#14707 = DIRECTION('',(0.,0.,1.));
#14708 = ORIENTED_EDGE('',*,*,#14709,.F.);
#14709 = EDGE_CURVE('',#14710,#14702,#14712,.T.);
#14710 = VERTEX_POINT('',#14711);
#14711 = CARTESIAN_POINT('',(-0.32,-18.1,-2.84));
#14712 = LINE('',#14713,#14714);
#14713 = CARTESIAN_POINT('',(-0.32,-18.1,-2.84));
#14714 = VECTOR('',#14715,1.);
#14715 = DIRECTION('',(1.,0.,0.));
#14716 = ORIENTED_EDGE('',*,*,#14717,.T.);
#14717 = EDGE_CURVE('',#14710,#12353,#14718,.T.);
#14718 = LINE('',#14719,#14720);
#14719 = CARTESIAN_POINT('',(-0.32,-18.1,-3.));
#14720 = VECTOR('',#14721,1.);
#14721 = DIRECTION('',(0.,0.,1.));
#14722 = ORIENTED_EDGE('',*,*,#12350,.F.);
#14723 = PLANE('',#14724);
#14724 = AXIS2_PLACEMENT_3D('',#14725,#14726,#14727);
#14725 = CARTESIAN_POINT('',(-0.32,-18.1,-3.));
#14726 = DIRECTION('',(0.,1.,0.));
#14727 = DIRECTION('',(0.,-0.,1.));
#14728 = ADVANCED_FACE('',(#14729),#14747,.T.);
#14729 = FACE_BOUND('',#14730,.T.);
#14730 = EDGE_LOOP('',(#14731,#14732,#14740,#14746));
#14731 = ORIENTED_EDGE('',*,*,#14701,.F.);
#14732 = ORIENTED_EDGE('',*,*,#14733,.T.);
#14733 = EDGE_CURVE('',#14702,#14734,#14736,.T.);
#14734 = VERTEX_POINT('',#14735);
#14735 = CARTESIAN_POINT('',(0.32,-17.46,-2.84));
#14736 = LINE('',#14737,#14738);
#14737 = CARTESIAN_POINT('',(0.32,-18.1,-2.84));
#14738 = VECTOR('',#14739,1.);
#14739 = DIRECTION('',(0.,1.,0.));
#14740 = ORIENTED_EDGE('',*,*,#14741,.T.);
#14741 = EDGE_CURVE('',#14734,#12369,#14742,.T.);
#14742 = LINE('',#14743,#14744);
#14743 = CARTESIAN_POINT('',(0.32,-17.46,-3.));
#14744 = VECTOR('',#14745,1.);
#14745 = DIRECTION('',(0.,0.,1.));
#14746 = ORIENTED_EDGE('',*,*,#12376,.F.);
#14747 = PLANE('',#14748);
#14748 = AXIS2_PLACEMENT_3D('',#14749,#14750,#14751);
#14749 = CARTESIAN_POINT('',(0.32,-18.1,-3.));
#14750 = DIRECTION('',(1.,0.,0.));
#14751 = DIRECTION('',(0.,0.,1.));
#14752 = ADVANCED_FACE('',(#14753),#14771,.T.);
#14753 = FACE_BOUND('',#14754,.T.);
#14754 = EDGE_LOOP('',(#14755,#14756,#14764,#14770));
#14755 = ORIENTED_EDGE('',*,*,#14741,.F.);
#14756 = ORIENTED_EDGE('',*,*,#14757,.F.);
#14757 = EDGE_CURVE('',#14758,#14734,#14760,.T.);
#14758 = VERTEX_POINT('',#14759);
#14759 = CARTESIAN_POINT('',(-0.32,-17.46,-2.84));
#14760 = LINE('',#14761,#14762);
#14761 = CARTESIAN_POINT('',(-0.32,-17.46,-2.84));
#14762 = VECTOR('',#14763,1.);
#14763 = DIRECTION('',(1.,0.,0.));
#14764 = ORIENTED_EDGE('',*,*,#14765,.T.);
#14765 = EDGE_CURVE('',#14758,#12361,#14766,.T.);
#14766 = LINE('',#14767,#14768);
#14767 = CARTESIAN_POINT('',(-0.32,-17.46,-3.));
#14768 = VECTOR('',#14769,1.);
#14769 = DIRECTION('',(0.,0.,1.));
#14770 = ORIENTED_EDGE('',*,*,#12368,.F.);
#14771 = PLANE('',#14772);
#14772 = AXIS2_PLACEMENT_3D('',#14773,#14774,#14775);
#14773 = CARTESIAN_POINT('',(-0.32,-17.46,-3.));
#14774 = DIRECTION('',(0.,1.,0.));
#14775 = DIRECTION('',(0.,-0.,1.));
#14776 = ADVANCED_FACE('',(#14777),#14788,.F.);
#14777 = FACE_BOUND('',#14778,.F.);
#14778 = EDGE_LOOP('',(#14779,#14780,#14786,#14787));
#14779 = ORIENTED_EDGE('',*,*,#14717,.F.);
#14780 = ORIENTED_EDGE('',*,*,#14781,.T.);
#14781 = EDGE_CURVE('',#14710,#14758,#14782,.T.);
#14782 = LINE('',#14783,#14784);
#14783 = CARTESIAN_POINT('',(-0.32,-18.1,-2.84));
#14784 = VECTOR('',#14785,1.);
#14785 = DIRECTION('',(0.,1.,0.));
#14786 = ORIENTED_EDGE('',*,*,#14765,.T.);
#14787 = ORIENTED_EDGE('',*,*,#12360,.F.);
#14788 = PLANE('',#14789);
#14789 = AXIS2_PLACEMENT_3D('',#14790,#14791,#14792);
#14790 = CARTESIAN_POINT('',(-0.32,-18.1,-3.));
#14791 = DIRECTION('',(1.,0.,0.));
#14792 = DIRECTION('',(0.,0.,1.));
#14793 = ADVANCED_FACE('',(#14794),#14819,.T.);
#14794 = FACE_BOUND('',#14795,.T.);
#14795 = EDGE_LOOP('',(#14796,#14804,#14812,#14818));
#14796 = ORIENTED_EDGE('',*,*,#14797,.F.);
#14797 = EDGE_CURVE('',#14798,#12385,#14800,.T.);
#14798 = VERTEX_POINT('',#14799);
#14799 = CARTESIAN_POINT('',(0.32,-15.56,-2.84));
#14800 = LINE('',#14801,#14802);
#14801 = CARTESIAN_POINT('',(0.32,-15.56,-3.));
#14802 = VECTOR('',#14803,1.);
#14803 = DIRECTION('',(0.,0.,1.));
#14804 = ORIENTED_EDGE('',*,*,#14805,.T.);
#14805 = EDGE_CURVE('',#14798,#14806,#14808,.T.);
#14806 = VERTEX_POINT('',#14807);
#14807 = CARTESIAN_POINT('',(0.32,-14.92,-2.84));
#14808 = LINE('',#14809,#14810);
#14809 = CARTESIAN_POINT('',(0.32,-15.56,-2.84));
#14810 = VECTOR('',#14811,1.);
#14811 = DIRECTION('',(0.,1.,0.));
#14812 = ORIENTED_EDGE('',*,*,#14813,.T.);
#14813 = EDGE_CURVE('',#14806,#12387,#14814,.T.);
#14814 = LINE('',#14815,#14816);
#14815 = CARTESIAN_POINT('',(0.32,-14.92,-3.));
#14816 = VECTOR('',#14817,1.);
#14817 = DIRECTION('',(0.,0.,1.));
#14818 = ORIENTED_EDGE('',*,*,#12384,.F.);
#14819 = PLANE('',#14820);
#14820 = AXIS2_PLACEMENT_3D('',#14821,#14822,#14823);
#14821 = CARTESIAN_POINT('',(0.32,-15.56,-3.));
#14822 = DIRECTION('',(1.,0.,0.));
#14823 = DIRECTION('',(0.,0.,1.));
#14824 = ADVANCED_FACE('',(#14825),#14843,.T.);
#14825 = FACE_BOUND('',#14826,.T.);
#14826 = EDGE_LOOP('',(#14827,#14828,#14836,#14842));
#14827 = ORIENTED_EDGE('',*,*,#14813,.F.);
#14828 = ORIENTED_EDGE('',*,*,#14829,.F.);
#14829 = EDGE_CURVE('',#14830,#14806,#14832,.T.);
#14830 = VERTEX_POINT('',#14831);
#14831 = CARTESIAN_POINT('',(-0.32,-14.92,-2.84));
#14832 = LINE('',#14833,#14834);
#14833 = CARTESIAN_POINT('',(-0.32,-14.92,-2.84));
#14834 = VECTOR('',#14835,1.);
#14835 = DIRECTION('',(1.,0.,0.));
#14836 = ORIENTED_EDGE('',*,*,#14837,.T.);
#14837 = EDGE_CURVE('',#14830,#12403,#14838,.T.);
#14838 = LINE('',#14839,#14840);
#14839 = CARTESIAN_POINT('',(-0.32,-14.92,-3.));
#14840 = VECTOR('',#14841,1.);
#14841 = DIRECTION('',(0.,0.,1.));
#14842 = ORIENTED_EDGE('',*,*,#12410,.F.);
#14843 = PLANE('',#14844);
#14844 = AXIS2_PLACEMENT_3D('',#14845,#14846,#14847);
#14845 = CARTESIAN_POINT('',(-0.32,-14.92,-3.));
#14846 = DIRECTION('',(0.,1.,0.));
#14847 = DIRECTION('',(0.,-0.,1.));
#14848 = ADVANCED_FACE('',(#14849),#14867,.F.);
#14849 = FACE_BOUND('',#14850,.F.);
#14850 = EDGE_LOOP('',(#14851,#14859,#14865,#14866));
#14851 = ORIENTED_EDGE('',*,*,#14852,.F.);
#14852 = EDGE_CURVE('',#14853,#12395,#14855,.T.);
#14853 = VERTEX_POINT('',#14854);
#14854 = CARTESIAN_POINT('',(-0.32,-15.56,-2.84));
#14855 = LINE('',#14856,#14857);
#14856 = CARTESIAN_POINT('',(-0.32,-15.56,-3.));
#14857 = VECTOR('',#14858,1.);
#14858 = DIRECTION('',(0.,0.,1.));
#14859 = ORIENTED_EDGE('',*,*,#14860,.T.);
#14860 = EDGE_CURVE('',#14853,#14830,#14861,.T.);
#14861 = LINE('',#14862,#14863);
#14862 = CARTESIAN_POINT('',(-0.32,-15.56,-2.84));
#14863 = VECTOR('',#14864,1.);
#14864 = DIRECTION('',(0.,1.,0.));
#14865 = ORIENTED_EDGE('',*,*,#14837,.T.);
#14866 = ORIENTED_EDGE('',*,*,#12402,.F.);
#14867 = PLANE('',#14868);
#14868 = AXIS2_PLACEMENT_3D('',#14869,#14870,#14871);
#14869 = CARTESIAN_POINT('',(-0.32,-15.56,-3.));
#14870 = DIRECTION('',(1.,0.,0.));
#14871 = DIRECTION('',(0.,0.,1.));
#14872 = ADVANCED_FACE('',(#14873),#14884,.F.);
#14873 = FACE_BOUND('',#14874,.F.);
#14874 = EDGE_LOOP('',(#14875,#14876,#14882,#14883));
#14875 = ORIENTED_EDGE('',*,*,#14797,.F.);
#14876 = ORIENTED_EDGE('',*,*,#14877,.F.);
#14877 = EDGE_CURVE('',#14853,#14798,#14878,.T.);
#14878 = LINE('',#14879,#14880);
#14879 = CARTESIAN_POINT('',(-0.32,-15.56,-2.84));
#14880 = VECTOR('',#14881,1.);
#14881 = DIRECTION('',(1.,0.,0.));
#14882 = ORIENTED_EDGE('',*,*,#14852,.T.);
#14883 = ORIENTED_EDGE('',*,*,#12394,.F.);
#14884 = PLANE('',#14885);
#14885 = AXIS2_PLACEMENT_3D('',#14886,#14887,#14888);
#14886 = CARTESIAN_POINT('',(-0.32,-15.56,-3.));
#14887 = DIRECTION('',(0.,1.,0.));
#14888 = DIRECTION('',(0.,-0.,1.));
#14889 = ADVANCED_FACE('',(#14890),#14915,.T.);
#14890 = FACE_BOUND('',#14891,.T.);
#14891 = EDGE_LOOP('',(#14892,#14900,#14908,#14914));
#14892 = ORIENTED_EDGE('',*,*,#14893,.F.);
#14893 = EDGE_CURVE('',#14894,#12419,#14896,.T.);
#14894 = VERTEX_POINT('',#14895);
#14895 = CARTESIAN_POINT('',(0.32,-23.18,-2.84));
#14896 = LINE('',#14897,#14898);
#14897 = CARTESIAN_POINT('',(0.32,-23.18,-3.));
#14898 = VECTOR('',#14899,1.);
#14899 = DIRECTION('',(0.,0.,1.));
#14900 = ORIENTED_EDGE('',*,*,#14901,.T.);
#14901 = EDGE_CURVE('',#14894,#14902,#14904,.T.);
#14902 = VERTEX_POINT('',#14903);
#14903 = CARTESIAN_POINT('',(0.32,-22.54,-2.84));
#14904 = LINE('',#14905,#14906);
#14905 = CARTESIAN_POINT('',(0.32,-23.18,-2.84));
#14906 = VECTOR('',#14907,1.);
#14907 = DIRECTION('',(0.,1.,0.));
#14908 = ORIENTED_EDGE('',*,*,#14909,.T.);
#14909 = EDGE_CURVE('',#14902,#12421,#14910,.T.);
#14910 = LINE('',#14911,#14912);
#14911 = CARTESIAN_POINT('',(0.32,-22.54,-3.));
#14912 = VECTOR('',#14913,1.);
#14913 = DIRECTION('',(0.,0.,1.));
#14914 = ORIENTED_EDGE('',*,*,#12418,.F.);
#14915 = PLANE('',#14916);
#14916 = AXIS2_PLACEMENT_3D('',#14917,#14918,#14919);
#14917 = CARTESIAN_POINT('',(0.32,-23.18,-3.));
#14918 = DIRECTION('',(1.,0.,0.));
#14919 = DIRECTION('',(0.,0.,1.));
#14920 = ADVANCED_FACE('',(#14921),#14939,.T.);
#14921 = FACE_BOUND('',#14922,.T.);
#14922 = EDGE_LOOP('',(#14923,#14924,#14932,#14938));
#14923 = ORIENTED_EDGE('',*,*,#14909,.F.);
#14924 = ORIENTED_EDGE('',*,*,#14925,.F.);
#14925 = EDGE_CURVE('',#14926,#14902,#14928,.T.);
#14926 = VERTEX_POINT('',#14927);
#14927 = CARTESIAN_POINT('',(-0.32,-22.54,-2.84));
#14928 = LINE('',#14929,#14930);
#14929 = CARTESIAN_POINT('',(-0.32,-22.54,-2.84));
#14930 = VECTOR('',#14931,1.);
#14931 = DIRECTION('',(1.,0.,0.));
#14932 = ORIENTED_EDGE('',*,*,#14933,.T.);
#14933 = EDGE_CURVE('',#14926,#12437,#14934,.T.);
#14934 = LINE('',#14935,#14936);
#14935 = CARTESIAN_POINT('',(-0.32,-22.54,-3.));
#14936 = VECTOR('',#14937,1.);
#14937 = DIRECTION('',(0.,0.,1.));
#14938 = ORIENTED_EDGE('',*,*,#12444,.F.);
#14939 = PLANE('',#14940);
#14940 = AXIS2_PLACEMENT_3D('',#14941,#14942,#14943);
#14941 = CARTESIAN_POINT('',(-0.32,-22.54,-3.));
#14942 = DIRECTION('',(0.,1.,0.));
#14943 = DIRECTION('',(0.,-0.,1.));
#14944 = ADVANCED_FACE('',(#14945),#14963,.F.);
#14945 = FACE_BOUND('',#14946,.F.);
#14946 = EDGE_LOOP('',(#14947,#14955,#14961,#14962));
#14947 = ORIENTED_EDGE('',*,*,#14948,.F.);
#14948 = EDGE_CURVE('',#14949,#12429,#14951,.T.);
#14949 = VERTEX_POINT('',#14950);
#14950 = CARTESIAN_POINT('',(-0.32,-23.18,-2.84));
#14951 = LINE('',#14952,#14953);
#14952 = CARTESIAN_POINT('',(-0.32,-23.18,-3.));
#14953 = VECTOR('',#14954,1.);
#14954 = DIRECTION('',(0.,0.,1.));
#14955 = ORIENTED_EDGE('',*,*,#14956,.T.);
#14956 = EDGE_CURVE('',#14949,#14926,#14957,.T.);
#14957 = LINE('',#14958,#14959);
#14958 = CARTESIAN_POINT('',(-0.32,-23.18,-2.84));
#14959 = VECTOR('',#14960,1.);
#14960 = DIRECTION('',(0.,1.,0.));
#14961 = ORIENTED_EDGE('',*,*,#14933,.T.);
#14962 = ORIENTED_EDGE('',*,*,#12436,.F.);
#14963 = PLANE('',#14964);
#14964 = AXIS2_PLACEMENT_3D('',#14965,#14966,#14967);
#14965 = CARTESIAN_POINT('',(-0.32,-23.18,-3.));
#14966 = DIRECTION('',(1.,0.,0.));
#14967 = DIRECTION('',(0.,0.,1.));
#14968 = ADVANCED_FACE('',(#14969),#14980,.F.);
#14969 = FACE_BOUND('',#14970,.F.);
#14970 = EDGE_LOOP('',(#14971,#14972,#14978,#14979));
#14971 = ORIENTED_EDGE('',*,*,#14893,.F.);
#14972 = ORIENTED_EDGE('',*,*,#14973,.F.);
#14973 = EDGE_CURVE('',#14949,#14894,#14974,.T.);
#14974 = LINE('',#14975,#14976);
#14975 = CARTESIAN_POINT('',(-0.32,-23.18,-2.84));
#14976 = VECTOR('',#14977,1.);
#14977 = DIRECTION('',(1.,0.,0.));
#14978 = ORIENTED_EDGE('',*,*,#14948,.T.);
#14979 = ORIENTED_EDGE('',*,*,#12428,.F.);
#14980 = PLANE('',#14981);
#14981 = AXIS2_PLACEMENT_3D('',#14982,#14983,#14984);
#14982 = CARTESIAN_POINT('',(-0.32,-23.18,-3.));
#14983 = DIRECTION('',(0.,1.,0.));
#14984 = DIRECTION('',(0.,-0.,1.));
#14985 = ADVANCED_FACE('',(#14986),#15011,.F.);
#14986 = FACE_BOUND('',#14987,.F.);
#14987 = EDGE_LOOP('',(#14988,#14996,#15004,#15010));
#14988 = ORIENTED_EDGE('',*,*,#14989,.F.);
#14989 = EDGE_CURVE('',#14990,#12453,#14992,.T.);
#14990 = VERTEX_POINT('',#14991);
#14991 = CARTESIAN_POINT('',(0.32,-20.64,-2.84));
#14992 = LINE('',#14993,#14994);
#14993 = CARTESIAN_POINT('',(0.32,-20.64,-3.));
#14994 = VECTOR('',#14995,1.);
#14995 = DIRECTION('',(0.,0.,1.));
#14996 = ORIENTED_EDGE('',*,*,#14997,.F.);
#14997 = EDGE_CURVE('',#14998,#14990,#15000,.T.);
#14998 = VERTEX_POINT('',#14999);
#14999 = CARTESIAN_POINT('',(-0.32,-20.64,-2.84));
#15000 = LINE('',#15001,#15002);
#15001 = CARTESIAN_POINT('',(-0.32,-20.64,-2.84));
#15002 = VECTOR('',#15003,1.);
#15003 = DIRECTION('',(1.,0.,0.));
#15004 = ORIENTED_EDGE('',*,*,#15005,.T.);
#15005 = EDGE_CURVE('',#14998,#12455,#15006,.T.);
#15006 = LINE('',#15007,#15008);
#15007 = CARTESIAN_POINT('',(-0.32,-20.64,-3.));
#15008 = VECTOR('',#15009,1.);
#15009 = DIRECTION('',(0.,0.,1.));
#15010 = ORIENTED_EDGE('',*,*,#12452,.F.);
#15011 = PLANE('',#15012);
#15012 = AXIS2_PLACEMENT_3D('',#15013,#15014,#15015);
#15013 = CARTESIAN_POINT('',(-0.32,-20.64,-3.));
#15014 = DIRECTION('',(0.,1.,0.));
#15015 = DIRECTION('',(0.,-0.,1.));
#15016 = ADVANCED_FACE('',(#15017),#15035,.T.);
#15017 = FACE_BOUND('',#15018,.T.);
#15018 = EDGE_LOOP('',(#15019,#15020,#15028,#15034));
#15019 = ORIENTED_EDGE('',*,*,#14989,.F.);
#15020 = ORIENTED_EDGE('',*,*,#15021,.T.);
#15021 = EDGE_CURVE('',#14990,#15022,#15024,.T.);
#15022 = VERTEX_POINT('',#15023);
#15023 = CARTESIAN_POINT('',(0.32,-20.,-2.84));
#15024 = LINE('',#15025,#15026);
#15025 = CARTESIAN_POINT('',(0.32,-20.64,-2.84));
#15026 = VECTOR('',#15027,1.);
#15027 = DIRECTION('',(0.,1.,0.));
#15028 = ORIENTED_EDGE('',*,*,#15029,.T.);
#15029 = EDGE_CURVE('',#15022,#12471,#15030,.T.);
#15030 = LINE('',#15031,#15032);
#15031 = CARTESIAN_POINT('',(0.32,-20.,-3.));
#15032 = VECTOR('',#15033,1.);
#15033 = DIRECTION('',(0.,0.,1.));
#15034 = ORIENTED_EDGE('',*,*,#12478,.F.);
#15035 = PLANE('',#15036);
#15036 = AXIS2_PLACEMENT_3D('',#15037,#15038,#15039);
#15037 = CARTESIAN_POINT('',(0.32,-20.64,-3.));
#15038 = DIRECTION('',(1.,0.,0.));
#15039 = DIRECTION('',(0.,0.,1.));
#15040 = ADVANCED_FACE('',(#15041),#15059,.T.);
#15041 = FACE_BOUND('',#15042,.T.);
#15042 = EDGE_LOOP('',(#15043,#15044,#15052,#15058));
#15043 = ORIENTED_EDGE('',*,*,#15029,.F.);
#15044 = ORIENTED_EDGE('',*,*,#15045,.F.);
#15045 = EDGE_CURVE('',#15046,#15022,#15048,.T.);
#15046 = VERTEX_POINT('',#15047);
#15047 = CARTESIAN_POINT('',(-0.32,-20.,-2.84));
#15048 = LINE('',#15049,#15050);
#15049 = CARTESIAN_POINT('',(-0.32,-20.,-2.84));
#15050 = VECTOR('',#15051,1.);
#15051 = DIRECTION('',(1.,0.,0.));
#15052 = ORIENTED_EDGE('',*,*,#15053,.T.);
#15053 = EDGE_CURVE('',#15046,#12463,#15054,.T.);
#15054 = LINE('',#15055,#15056);
#15055 = CARTESIAN_POINT('',(-0.32,-20.,-3.));
#15056 = VECTOR('',#15057,1.);
#15057 = DIRECTION('',(0.,0.,1.));
#15058 = ORIENTED_EDGE('',*,*,#12470,.F.);
#15059 = PLANE('',#15060);
#15060 = AXIS2_PLACEMENT_3D('',#15061,#15062,#15063);
#15061 = CARTESIAN_POINT('',(-0.32,-20.,-3.));
#15062 = DIRECTION('',(0.,1.,0.));
#15063 = DIRECTION('',(0.,-0.,1.));
#15064 = ADVANCED_FACE('',(#15065),#15076,.F.);
#15065 = FACE_BOUND('',#15066,.F.);
#15066 = EDGE_LOOP('',(#15067,#15068,#15074,#15075));
#15067 = ORIENTED_EDGE('',*,*,#15005,.F.);
#15068 = ORIENTED_EDGE('',*,*,#15069,.T.);
#15069 = EDGE_CURVE('',#14998,#15046,#15070,.T.);
#15070 = LINE('',#15071,#15072);
#15071 = CARTESIAN_POINT('',(-0.32,-20.64,-2.84));
#15072 = VECTOR('',#15073,1.);
#15073 = DIRECTION('',(0.,1.,0.));
#15074 = ORIENTED_EDGE('',*,*,#15053,.T.);
#15075 = ORIENTED_EDGE('',*,*,#12462,.F.);
#15076 = PLANE('',#15077);
#15077 = AXIS2_PLACEMENT_3D('',#15078,#15079,#15080);
#15078 = CARTESIAN_POINT('',(-0.32,-20.64,-3.));
#15079 = DIRECTION('',(1.,0.,0.));
#15080 = DIRECTION('',(0.,0.,1.));
#15081 = ADVANCED_FACE('',(#15082),#15107,.F.);
#15082 = FACE_BOUND('',#15083,.F.);
#15083 = EDGE_LOOP('',(#15084,#15092,#15100,#15106));
#15084 = ORIENTED_EDGE('',*,*,#15085,.F.);
#15085 = EDGE_CURVE('',#15086,#12487,#15088,.T.);
#15086 = VERTEX_POINT('',#15087);
#15087 = CARTESIAN_POINT('',(0.32,-0.32,-2.84));
#15088 = LINE('',#15089,#15090);
#15089 = CARTESIAN_POINT('',(0.32,-0.32,-3.));
#15090 = VECTOR('',#15091,1.);
#15091 = DIRECTION('',(0.,0.,1.));
#15092 = ORIENTED_EDGE('',*,*,#15093,.F.);
#15093 = EDGE_CURVE('',#15094,#15086,#15096,.T.);
#15094 = VERTEX_POINT('',#15095);
#15095 = CARTESIAN_POINT('',(-0.32,-0.32,-2.84));
#15096 = LINE('',#15097,#15098);
#15097 = CARTESIAN_POINT('',(-0.32,-0.32,-2.84));
#15098 = VECTOR('',#15099,1.);
#15099 = DIRECTION('',(1.,0.,0.));
#15100 = ORIENTED_EDGE('',*,*,#15101,.T.);
#15101 = EDGE_CURVE('',#15094,#12489,#15102,.T.);
#15102 = LINE('',#15103,#15104);
#15103 = CARTESIAN_POINT('',(-0.32,-0.32,-3.));
#15104 = VECTOR('',#15105,1.);
#15105 = DIRECTION('',(0.,0.,1.));
#15106 = ORIENTED_EDGE('',*,*,#12486,.F.);
#15107 = PLANE('',#15108);
#15108 = AXIS2_PLACEMENT_3D('',#15109,#15110,#15111);
#15109 = CARTESIAN_POINT('',(-0.32,-0.32,-3.));
#15110 = DIRECTION('',(0.,1.,0.));
#15111 = DIRECTION('',(0.,-0.,1.));
#15112 = ADVANCED_FACE('',(#15113),#15131,.T.);
#15113 = FACE_BOUND('',#15114,.T.);
#15114 = EDGE_LOOP('',(#15115,#15116,#15124,#15130));
#15115 = ORIENTED_EDGE('',*,*,#15085,.F.);
#15116 = ORIENTED_EDGE('',*,*,#15117,.T.);
#15117 = EDGE_CURVE('',#15086,#15118,#15120,.T.);
#15118 = VERTEX_POINT('',#15119);
#15119 = CARTESIAN_POINT('',(0.32,0.32,-2.84));
#15120 = LINE('',#15121,#15122);
#15121 = CARTESIAN_POINT('',(0.32,-0.32,-2.84));
#15122 = VECTOR('',#15123,1.);
#15123 = DIRECTION('',(0.,1.,0.));
#15124 = ORIENTED_EDGE('',*,*,#15125,.T.);
#15125 = EDGE_CURVE('',#15118,#12505,#15126,.T.);
#15126 = LINE('',#15127,#15128);
#15127 = CARTESIAN_POINT('',(0.32,0.32,-3.));
#15128 = VECTOR('',#15129,1.);
#15129 = DIRECTION('',(0.,0.,1.));
#15130 = ORIENTED_EDGE('',*,*,#12512,.F.);
#15131 = PLANE('',#15132);
#15132 = AXIS2_PLACEMENT_3D('',#15133,#15134,#15135);
#15133 = CARTESIAN_POINT('',(0.32,-0.32,-3.));
#15134 = DIRECTION('',(1.,0.,0.));
#15135 = DIRECTION('',(0.,0.,1.));
#15136 = ADVANCED_FACE('',(#15137),#15155,.T.);
#15137 = FACE_BOUND('',#15138,.T.);
#15138 = EDGE_LOOP('',(#15139,#15140,#15148,#15154));
#15139 = ORIENTED_EDGE('',*,*,#15125,.F.);
#15140 = ORIENTED_EDGE('',*,*,#15141,.F.);
#15141 = EDGE_CURVE('',#15142,#15118,#15144,.T.);
#15142 = VERTEX_POINT('',#15143);
#15143 = CARTESIAN_POINT('',(-0.32,0.32,-2.84));
#15144 = LINE('',#15145,#15146);
#15145 = CARTESIAN_POINT('',(-0.32,0.32,-2.84));
#15146 = VECTOR('',#15147,1.);
#15147 = DIRECTION('',(1.,0.,0.));
#15148 = ORIENTED_EDGE('',*,*,#15149,.T.);
#15149 = EDGE_CURVE('',#15142,#12497,#15150,.T.);
#15150 = LINE('',#15151,#15152);
#15151 = CARTESIAN_POINT('',(-0.32,0.32,-3.));
#15152 = VECTOR('',#15153,1.);
#15153 = DIRECTION('',(0.,0.,1.));
#15154 = ORIENTED_EDGE('',*,*,#12504,.F.);
#15155 = PLANE('',#15156);
#15156 = AXIS2_PLACEMENT_3D('',#15157,#15158,#15159);
#15157 = CARTESIAN_POINT('',(-0.32,0.32,-3.));
#15158 = DIRECTION('',(0.,1.,0.));
#15159 = DIRECTION('',(0.,-0.,1.));
#15160 = ADVANCED_FACE('',(#15161),#15172,.F.);
#15161 = FACE_BOUND('',#15162,.F.);
#15162 = EDGE_LOOP('',(#15163,#15164,#15170,#15171));
#15163 = ORIENTED_EDGE('',*,*,#15101,.F.);
#15164 = ORIENTED_EDGE('',*,*,#15165,.T.);
#15165 = EDGE_CURVE('',#15094,#15142,#15166,.T.);
#15166 = LINE('',#15167,#15168);
#15167 = CARTESIAN_POINT('',(-0.32,-0.32,-2.84));
#15168 = VECTOR('',#15169,1.);
#15169 = DIRECTION('',(0.,1.,0.));
#15170 = ORIENTED_EDGE('',*,*,#15149,.T.);
#15171 = ORIENTED_EDGE('',*,*,#12496,.F.);
#15172 = PLANE('',#15173);
#15173 = AXIS2_PLACEMENT_3D('',#15174,#15175,#15176);
#15174 = CARTESIAN_POINT('',(-0.32,-0.32,-3.));
#15175 = DIRECTION('',(1.,0.,0.));
#15176 = DIRECTION('',(0.,0.,1.));
#15177 = ADVANCED_FACE('',(#15178),#15203,.T.);
#15178 = FACE_BOUND('',#15179,.T.);
#15179 = EDGE_LOOP('',(#15180,#15188,#15196,#15202));
#15180 = ORIENTED_EDGE('',*,*,#15181,.F.);
#15181 = EDGE_CURVE('',#15182,#12521,#15184,.T.);
#15182 = VERTEX_POINT('',#15183);
#15183 = CARTESIAN_POINT('',(0.32,-2.86,-2.84));
#15184 = LINE('',#15185,#15186);
#15185 = CARTESIAN_POINT('',(0.32,-2.86,-3.));
#15186 = VECTOR('',#15187,1.);
#15187 = DIRECTION('',(0.,0.,1.));
#15188 = ORIENTED_EDGE('',*,*,#15189,.T.);
#15189 = EDGE_CURVE('',#15182,#15190,#15192,.T.);
#15190 = VERTEX_POINT('',#15191);
#15191 = CARTESIAN_POINT('',(0.32,-2.22,-2.84));
#15192 = LINE('',#15193,#15194);
#15193 = CARTESIAN_POINT('',(0.32,-2.86,-2.84));
#15194 = VECTOR('',#15195,1.);
#15195 = DIRECTION('',(0.,1.,0.));
#15196 = ORIENTED_EDGE('',*,*,#15197,.T.);
#15197 = EDGE_CURVE('',#15190,#12523,#15198,.T.);
#15198 = LINE('',#15199,#15200);
#15199 = CARTESIAN_POINT('',(0.32,-2.22,-3.));
#15200 = VECTOR('',#15201,1.);
#15201 = DIRECTION('',(0.,0.,1.));
#15202 = ORIENTED_EDGE('',*,*,#12520,.F.);
#15203 = PLANE('',#15204);
#15204 = AXIS2_PLACEMENT_3D('',#15205,#15206,#15207);
#15205 = CARTESIAN_POINT('',(0.32,-2.86,-3.));
#15206 = DIRECTION('',(1.,0.,0.));
#15207 = DIRECTION('',(0.,0.,1.));
#15208 = ADVANCED_FACE('',(#15209),#15227,.T.);
#15209 = FACE_BOUND('',#15210,.T.);
#15210 = EDGE_LOOP('',(#15211,#15212,#15220,#15226));
#15211 = ORIENTED_EDGE('',*,*,#15197,.F.);
#15212 = ORIENTED_EDGE('',*,*,#15213,.F.);
#15213 = EDGE_CURVE('',#15214,#15190,#15216,.T.);
#15214 = VERTEX_POINT('',#15215);
#15215 = CARTESIAN_POINT('',(-0.32,-2.22,-2.84));
#15216 = LINE('',#15217,#15218);
#15217 = CARTESIAN_POINT('',(-0.32,-2.22,-2.84));
#15218 = VECTOR('',#15219,1.);
#15219 = DIRECTION('',(1.,0.,0.));
#15220 = ORIENTED_EDGE('',*,*,#15221,.T.);
#15221 = EDGE_CURVE('',#15214,#12539,#15222,.T.);
#15222 = LINE('',#15223,#15224);
#15223 = CARTESIAN_POINT('',(-0.32,-2.22,-3.));
#15224 = VECTOR('',#15225,1.);
#15225 = DIRECTION('',(0.,0.,1.));
#15226 = ORIENTED_EDGE('',*,*,#12546,.F.);
#15227 = PLANE('',#15228);
#15228 = AXIS2_PLACEMENT_3D('',#15229,#15230,#15231);
#15229 = CARTESIAN_POINT('',(-0.32,-2.22,-3.));
#15230 = DIRECTION('',(0.,1.,0.));
#15231 = DIRECTION('',(0.,-0.,1.));
#15232 = ADVANCED_FACE('',(#15233),#15251,.F.);
#15233 = FACE_BOUND('',#15234,.F.);
#15234 = EDGE_LOOP('',(#15235,#15243,#15249,#15250));
#15235 = ORIENTED_EDGE('',*,*,#15236,.F.);
#15236 = EDGE_CURVE('',#15237,#12531,#15239,.T.);
#15237 = VERTEX_POINT('',#15238);
#15238 = CARTESIAN_POINT('',(-0.32,-2.86,-2.84));
#15239 = LINE('',#15240,#15241);
#15240 = CARTESIAN_POINT('',(-0.32,-2.86,-3.));
#15241 = VECTOR('',#15242,1.);
#15242 = DIRECTION('',(0.,0.,1.));
#15243 = ORIENTED_EDGE('',*,*,#15244,.T.);
#15244 = EDGE_CURVE('',#15237,#15214,#15245,.T.);
#15245 = LINE('',#15246,#15247);
#15246 = CARTESIAN_POINT('',(-0.32,-2.86,-2.84));
#15247 = VECTOR('',#15248,1.);
#15248 = DIRECTION('',(0.,1.,0.));
#15249 = ORIENTED_EDGE('',*,*,#15221,.T.);
#15250 = ORIENTED_EDGE('',*,*,#12538,.F.);
#15251 = PLANE('',#15252);
#15252 = AXIS2_PLACEMENT_3D('',#15253,#15254,#15255);
#15253 = CARTESIAN_POINT('',(-0.32,-2.86,-3.));
#15254 = DIRECTION('',(1.,0.,0.));
#15255 = DIRECTION('',(0.,0.,1.));
#15256 = ADVANCED_FACE('',(#15257),#15268,.F.);
#15257 = FACE_BOUND('',#15258,.F.);
#15258 = EDGE_LOOP('',(#15259,#15260,#15266,#15267));
#15259 = ORIENTED_EDGE('',*,*,#15181,.F.);
#15260 = ORIENTED_EDGE('',*,*,#15261,.F.);
#15261 = EDGE_CURVE('',#15237,#15182,#15262,.T.);
#15262 = LINE('',#15263,#15264);
#15263 = CARTESIAN_POINT('',(-0.32,-2.86,-2.84));
#15264 = VECTOR('',#15265,1.);
#15265 = DIRECTION('',(1.,0.,0.));
#15266 = ORIENTED_EDGE('',*,*,#15236,.T.);
#15267 = ORIENTED_EDGE('',*,*,#12530,.F.);
#15268 = PLANE('',#15269);
#15269 = AXIS2_PLACEMENT_3D('',#15270,#15271,#15272);
#15270 = CARTESIAN_POINT('',(-0.32,-2.86,-3.));
#15271 = DIRECTION('',(0.,1.,0.));
#15272 = DIRECTION('',(0.,-0.,1.));
#15273 = ADVANCED_FACE('',(#15274),#15299,.T.);
#15274 = FACE_BOUND('',#15275,.T.);
#15275 = EDGE_LOOP('',(#15276,#15284,#15292,#15298));
#15276 = ORIENTED_EDGE('',*,*,#15277,.F.);
#15277 = EDGE_CURVE('',#15278,#12555,#15280,.T.);
#15278 = VERTEX_POINT('',#15279);
#15279 = CARTESIAN_POINT('',(0.32,-5.4,-2.84));
#15280 = LINE('',#15281,#15282);
#15281 = CARTESIAN_POINT('',(0.32,-5.4,-3.));
#15282 = VECTOR('',#15283,1.);
#15283 = DIRECTION('',(0.,0.,1.));
#15284 = ORIENTED_EDGE('',*,*,#15285,.T.);
#15285 = EDGE_CURVE('',#15278,#15286,#15288,.T.);
#15286 = VERTEX_POINT('',#15287);
#15287 = CARTESIAN_POINT('',(0.32,-4.76,-2.84));
#15288 = LINE('',#15289,#15290);
#15289 = CARTESIAN_POINT('',(0.32,-5.4,-2.84));
#15290 = VECTOR('',#15291,1.);
#15291 = DIRECTION('',(0.,1.,0.));
#15292 = ORIENTED_EDGE('',*,*,#15293,.T.);
#15293 = EDGE_CURVE('',#15286,#12557,#15294,.T.);
#15294 = LINE('',#15295,#15296);
#15295 = CARTESIAN_POINT('',(0.32,-4.76,-3.));
#15296 = VECTOR('',#15297,1.);
#15297 = DIRECTION('',(0.,0.,1.));
#15298 = ORIENTED_EDGE('',*,*,#12554,.F.);
#15299 = PLANE('',#15300);
#15300 = AXIS2_PLACEMENT_3D('',#15301,#15302,#15303);
#15301 = CARTESIAN_POINT('',(0.32,-5.4,-3.));
#15302 = DIRECTION('',(1.,0.,0.));
#15303 = DIRECTION('',(0.,0.,1.));
#15304 = ADVANCED_FACE('',(#15305),#15323,.T.);
#15305 = FACE_BOUND('',#15306,.T.);
#15306 = EDGE_LOOP('',(#15307,#15308,#15316,#15322));
#15307 = ORIENTED_EDGE('',*,*,#15293,.F.);
#15308 = ORIENTED_EDGE('',*,*,#15309,.F.);
#15309 = EDGE_CURVE('',#15310,#15286,#15312,.T.);
#15310 = VERTEX_POINT('',#15311);
#15311 = CARTESIAN_POINT('',(-0.32,-4.76,-2.84));
#15312 = LINE('',#15313,#15314);
#15313 = CARTESIAN_POINT('',(-0.32,-4.76,-2.84));
#15314 = VECTOR('',#15315,1.);
#15315 = DIRECTION('',(1.,0.,0.));
#15316 = ORIENTED_EDGE('',*,*,#15317,.T.);
#15317 = EDGE_CURVE('',#15310,#12573,#15318,.T.);
#15318 = LINE('',#15319,#15320);
#15319 = CARTESIAN_POINT('',(-0.32,-4.76,-3.));
#15320 = VECTOR('',#15321,1.);
#15321 = DIRECTION('',(0.,0.,1.));
#15322 = ORIENTED_EDGE('',*,*,#12580,.F.);
#15323 = PLANE('',#15324);
#15324 = AXIS2_PLACEMENT_3D('',#15325,#15326,#15327);
#15325 = CARTESIAN_POINT('',(-0.32,-4.76,-3.));
#15326 = DIRECTION('',(0.,1.,0.));
#15327 = DIRECTION('',(0.,-0.,1.));
#15328 = ADVANCED_FACE('',(#15329),#15347,.F.);
#15329 = FACE_BOUND('',#15330,.F.);
#15330 = EDGE_LOOP('',(#15331,#15339,#15345,#15346));
#15331 = ORIENTED_EDGE('',*,*,#15332,.F.);
#15332 = EDGE_CURVE('',#15333,#12565,#15335,.T.);
#15333 = VERTEX_POINT('',#15334);
#15334 = CARTESIAN_POINT('',(-0.32,-5.4,-2.84));
#15335 = LINE('',#15336,#15337);
#15336 = CARTESIAN_POINT('',(-0.32,-5.4,-3.));
#15337 = VECTOR('',#15338,1.);
#15338 = DIRECTION('',(0.,0.,1.));
#15339 = ORIENTED_EDGE('',*,*,#15340,.T.);
#15340 = EDGE_CURVE('',#15333,#15310,#15341,.T.);
#15341 = LINE('',#15342,#15343);
#15342 = CARTESIAN_POINT('',(-0.32,-5.4,-2.84));
#15343 = VECTOR('',#15344,1.);
#15344 = DIRECTION('',(0.,1.,0.));
#15345 = ORIENTED_EDGE('',*,*,#15317,.T.);
#15346 = ORIENTED_EDGE('',*,*,#12572,.F.);
#15347 = PLANE('',#15348);
#15348 = AXIS2_PLACEMENT_3D('',#15349,#15350,#15351);
#15349 = CARTESIAN_POINT('',(-0.32,-5.4,-3.));
#15350 = DIRECTION('',(1.,0.,0.));
#15351 = DIRECTION('',(0.,0.,1.));
#15352 = ADVANCED_FACE('',(#15353),#15364,.F.);
#15353 = FACE_BOUND('',#15354,.F.);
#15354 = EDGE_LOOP('',(#15355,#15356,#15362,#15363));
#15355 = ORIENTED_EDGE('',*,*,#15277,.F.);
#15356 = ORIENTED_EDGE('',*,*,#15357,.F.);
#15357 = EDGE_CURVE('',#15333,#15278,#15358,.T.);
#15358 = LINE('',#15359,#15360);
#15359 = CARTESIAN_POINT('',(-0.32,-5.4,-2.84));
#15360 = VECTOR('',#15361,1.);
#15361 = DIRECTION('',(1.,0.,0.));
#15362 = ORIENTED_EDGE('',*,*,#15332,.T.);
#15363 = ORIENTED_EDGE('',*,*,#12564,.F.);
#15364 = PLANE('',#15365);
#15365 = AXIS2_PLACEMENT_3D('',#15366,#15367,#15368);
#15366 = CARTESIAN_POINT('',(-0.32,-5.4,-3.));
#15367 = DIRECTION('',(0.,1.,0.));
#15368 = DIRECTION('',(0.,-0.,1.));
#15369 = ADVANCED_FACE('',(#15370),#15395,.T.);
#15370 = FACE_BOUND('',#15371,.T.);
#15371 = EDGE_LOOP('',(#15372,#15380,#15381,#15389));
#15372 = ORIENTED_EDGE('',*,*,#15373,.F.);
#15373 = EDGE_CURVE('',#13070,#15374,#15376,.T.);
#15374 = VERTEX_POINT('',#15375);
#15375 = CARTESIAN_POINT('',(0.32,-13.02,8.38));
#15376 = LINE('',#15377,#15378);
#15377 = CARTESIAN_POINT('',(0.32,-13.02,-3.));
#15378 = VECTOR('',#15379,1.);
#15379 = DIRECTION('',(0.,0.,1.));
#15380 = ORIENTED_EDGE('',*,*,#13069,.T.);
#15381 = ORIENTED_EDGE('',*,*,#15382,.T.);
#15382 = EDGE_CURVE('',#13072,#15383,#15385,.T.);
#15383 = VERTEX_POINT('',#15384);
#15384 = CARTESIAN_POINT('',(0.32,-12.38,8.38));
#15385 = LINE('',#15386,#15387);
#15386 = CARTESIAN_POINT('',(0.32,-12.38,-3.));
#15387 = VECTOR('',#15388,1.);
#15388 = DIRECTION('',(0.,0.,1.));
#15389 = ORIENTED_EDGE('',*,*,#15390,.F.);
#15390 = EDGE_CURVE('',#15374,#15383,#15391,.T.);
#15391 = LINE('',#15392,#15393);
#15392 = CARTESIAN_POINT('',(0.32,-13.02,8.38));
#15393 = VECTOR('',#15394,1.);
#15394 = DIRECTION('',(0.,1.,0.));
#15395 = PLANE('',#15396);
#15396 = AXIS2_PLACEMENT_3D('',#15397,#15398,#15399);
#15397 = CARTESIAN_POINT('',(0.32,-13.02,-3.));
#15398 = DIRECTION('',(1.,0.,0.));
#15399 = DIRECTION('',(0.,0.,1.));
#15400 = ADVANCED_FACE('',(#15401),#15419,.T.);
#15401 = FACE_BOUND('',#15402,.T.);
#15402 = EDGE_LOOP('',(#15403,#15404,#15405,#15413));
#15403 = ORIENTED_EDGE('',*,*,#15382,.F.);
#15404 = ORIENTED_EDGE('',*,*,#13095,.T.);
#15405 = ORIENTED_EDGE('',*,*,#15406,.T.);
#15406 = EDGE_CURVE('',#13088,#15407,#15409,.T.);
#15407 = VERTEX_POINT('',#15408);
#15408 = CARTESIAN_POINT('',(-0.32,-12.38,8.38));
#15409 = LINE('',#15410,#15411);
#15410 = CARTESIAN_POINT('',(-0.32,-12.38,-3.));
#15411 = VECTOR('',#15412,1.);
#15412 = DIRECTION('',(0.,0.,1.));
#15413 = ORIENTED_EDGE('',*,*,#15414,.T.);
#15414 = EDGE_CURVE('',#15407,#15383,#15415,.T.);
#15415 = LINE('',#15416,#15417);
#15416 = CARTESIAN_POINT('',(-0.32,-12.38,8.38));
#15417 = VECTOR('',#15418,1.);
#15418 = DIRECTION('',(1.,0.,0.));
#15419 = PLANE('',#15420);
#15420 = AXIS2_PLACEMENT_3D('',#15421,#15422,#15423);
#15421 = CARTESIAN_POINT('',(-0.32,-12.38,-3.));
#15422 = DIRECTION('',(0.,1.,0.));
#15423 = DIRECTION('',(0.,-0.,1.));
#15424 = ADVANCED_FACE('',(#15425),#15443,.F.);
#15425 = FACE_BOUND('',#15426,.F.);
#15426 = EDGE_LOOP('',(#15427,#15435,#15436,#15437));
#15427 = ORIENTED_EDGE('',*,*,#15428,.F.);
#15428 = EDGE_CURVE('',#13080,#15429,#15431,.T.);
#15429 = VERTEX_POINT('',#15430);
#15430 = CARTESIAN_POINT('',(-0.32,-13.02,8.38));
#15431 = LINE('',#15432,#15433);
#15432 = CARTESIAN_POINT('',(-0.32,-13.02,-3.));
#15433 = VECTOR('',#15434,1.);
#15434 = DIRECTION('',(0.,0.,1.));
#15435 = ORIENTED_EDGE('',*,*,#13087,.T.);
#15436 = ORIENTED_EDGE('',*,*,#15406,.T.);
#15437 = ORIENTED_EDGE('',*,*,#15438,.F.);
#15438 = EDGE_CURVE('',#15429,#15407,#15439,.T.);
#15439 = LINE('',#15440,#15441);
#15440 = CARTESIAN_POINT('',(-0.32,-13.02,8.38));
#15441 = VECTOR('',#15442,1.);
#15442 = DIRECTION('',(0.,1.,0.));
#15443 = PLANE('',#15444);
#15444 = AXIS2_PLACEMENT_3D('',#15445,#15446,#15447);
#15445 = CARTESIAN_POINT('',(-0.32,-13.02,-3.));
#15446 = DIRECTION('',(1.,0.,0.));
#15447 = DIRECTION('',(0.,0.,1.));
#15448 = ADVANCED_FACE('',(#15449),#15460,.F.);
#15449 = FACE_BOUND('',#15450,.F.);
#15450 = EDGE_LOOP('',(#15451,#15452,#15453,#15454));
#15451 = ORIENTED_EDGE('',*,*,#15373,.F.);
#15452 = ORIENTED_EDGE('',*,*,#13079,.T.);
#15453 = ORIENTED_EDGE('',*,*,#15428,.T.);
#15454 = ORIENTED_EDGE('',*,*,#15455,.T.);
#15455 = EDGE_CURVE('',#15429,#15374,#15456,.T.);
#15456 = LINE('',#15457,#15458);
#15457 = CARTESIAN_POINT('',(-0.32,-13.02,8.38));
#15458 = VECTOR('',#15459,1.);
#15459 = DIRECTION('',(1.,0.,0.));
#15460 = PLANE('',#15461);
#15461 = AXIS2_PLACEMENT_3D('',#15462,#15463,#15464);
#15462 = CARTESIAN_POINT('',(-0.32,-13.02,-3.));
#15463 = DIRECTION('',(0.,1.,0.));
#15464 = DIRECTION('',(0.,-0.,1.));
#15465 = ADVANCED_FACE('',(#15466),#15491,.T.);
#15466 = FACE_BOUND('',#15467,.T.);
#15467 = EDGE_LOOP('',(#15468,#15476,#15477,#15485));
#15468 = ORIENTED_EDGE('',*,*,#15469,.F.);
#15469 = EDGE_CURVE('',#13104,#15470,#15472,.T.);
#15470 = VERTEX_POINT('',#15471);
#15471 = CARTESIAN_POINT('',(0.32,-10.48,8.38));
#15472 = LINE('',#15473,#15474);
#15473 = CARTESIAN_POINT('',(0.32,-10.48,-3.));
#15474 = VECTOR('',#15475,1.);
#15475 = DIRECTION('',(0.,0.,1.));
#15476 = ORIENTED_EDGE('',*,*,#13103,.T.);
#15477 = ORIENTED_EDGE('',*,*,#15478,.T.);
#15478 = EDGE_CURVE('',#13106,#15479,#15481,.T.);
#15479 = VERTEX_POINT('',#15480);
#15480 = CARTESIAN_POINT('',(0.32,-9.84,8.38));
#15481 = LINE('',#15482,#15483);
#15482 = CARTESIAN_POINT('',(0.32,-9.84,-3.));
#15483 = VECTOR('',#15484,1.);
#15484 = DIRECTION('',(0.,0.,1.));
#15485 = ORIENTED_EDGE('',*,*,#15486,.F.);
#15486 = EDGE_CURVE('',#15470,#15479,#15487,.T.);
#15487 = LINE('',#15488,#15489);
#15488 = CARTESIAN_POINT('',(0.32,-10.48,8.38));
#15489 = VECTOR('',#15490,1.);
#15490 = DIRECTION('',(0.,1.,0.));
#15491 = PLANE('',#15492);
#15492 = AXIS2_PLACEMENT_3D('',#15493,#15494,#15495);
#15493 = CARTESIAN_POINT('',(0.32,-10.48,-3.));
#15494 = DIRECTION('',(1.,0.,0.));
#15495 = DIRECTION('',(0.,0.,1.));
#15496 = ADVANCED_FACE('',(#15497),#15515,.T.);
#15497 = FACE_BOUND('',#15498,.T.);
#15498 = EDGE_LOOP('',(#15499,#15500,#15501,#15509));
#15499 = ORIENTED_EDGE('',*,*,#15478,.F.);
#15500 = ORIENTED_EDGE('',*,*,#13129,.T.);
#15501 = ORIENTED_EDGE('',*,*,#15502,.T.);
#15502 = EDGE_CURVE('',#13122,#15503,#15505,.T.);
#15503 = VERTEX_POINT('',#15504);
#15504 = CARTESIAN_POINT('',(-0.32,-9.84,8.38));
#15505 = LINE('',#15506,#15507);
#15506 = CARTESIAN_POINT('',(-0.32,-9.84,-3.));
#15507 = VECTOR('',#15508,1.);
#15508 = DIRECTION('',(0.,0.,1.));
#15509 = ORIENTED_EDGE('',*,*,#15510,.T.);
#15510 = EDGE_CURVE('',#15503,#15479,#15511,.T.);
#15511 = LINE('',#15512,#15513);
#15512 = CARTESIAN_POINT('',(-0.32,-9.84,8.38));
#15513 = VECTOR('',#15514,1.);
#15514 = DIRECTION('',(1.,0.,0.));
#15515 = PLANE('',#15516);
#15516 = AXIS2_PLACEMENT_3D('',#15517,#15518,#15519);
#15517 = CARTESIAN_POINT('',(-0.32,-9.84,-3.));
#15518 = DIRECTION('',(0.,1.,0.));
#15519 = DIRECTION('',(0.,-0.,1.));
#15520 = ADVANCED_FACE('',(#15521),#15539,.F.);
#15521 = FACE_BOUND('',#15522,.F.);
#15522 = EDGE_LOOP('',(#15523,#15531,#15532,#15533));
#15523 = ORIENTED_EDGE('',*,*,#15524,.F.);
#15524 = EDGE_CURVE('',#13114,#15525,#15527,.T.);
#15525 = VERTEX_POINT('',#15526);
#15526 = CARTESIAN_POINT('',(-0.32,-10.48,8.38));
#15527 = LINE('',#15528,#15529);
#15528 = CARTESIAN_POINT('',(-0.32,-10.48,-3.));
#15529 = VECTOR('',#15530,1.);
#15530 = DIRECTION('',(0.,0.,1.));
#15531 = ORIENTED_EDGE('',*,*,#13121,.T.);
#15532 = ORIENTED_EDGE('',*,*,#15502,.T.);
#15533 = ORIENTED_EDGE('',*,*,#15534,.F.);
#15534 = EDGE_CURVE('',#15525,#15503,#15535,.T.);
#15535 = LINE('',#15536,#15537);
#15536 = CARTESIAN_POINT('',(-0.32,-10.48,8.38));
#15537 = VECTOR('',#15538,1.);
#15538 = DIRECTION('',(0.,1.,0.));
#15539 = PLANE('',#15540);
#15540 = AXIS2_PLACEMENT_3D('',#15541,#15542,#15543);
#15541 = CARTESIAN_POINT('',(-0.32,-10.48,-3.));
#15542 = DIRECTION('',(1.,0.,0.));
#15543 = DIRECTION('',(0.,0.,1.));
#15544 = ADVANCED_FACE('',(#15545),#15556,.F.);
#15545 = FACE_BOUND('',#15546,.F.);
#15546 = EDGE_LOOP('',(#15547,#15548,#15549,#15550));
#15547 = ORIENTED_EDGE('',*,*,#15469,.F.);
#15548 = ORIENTED_EDGE('',*,*,#13113,.T.);
#15549 = ORIENTED_EDGE('',*,*,#15524,.T.);
#15550 = ORIENTED_EDGE('',*,*,#15551,.T.);
#15551 = EDGE_CURVE('',#15525,#15470,#15552,.T.);
#15552 = LINE('',#15553,#15554);
#15553 = CARTESIAN_POINT('',(-0.32,-10.48,8.38));
#15554 = VECTOR('',#15555,1.);
#15555 = DIRECTION('',(1.,0.,0.));
#15556 = PLANE('',#15557);
#15557 = AXIS2_PLACEMENT_3D('',#15558,#15559,#15560);
#15558 = CARTESIAN_POINT('',(-0.32,-10.48,-3.));
#15559 = DIRECTION('',(0.,1.,0.));
#15560 = DIRECTION('',(0.,-0.,1.));
#15561 = ADVANCED_FACE('',(#15562),#15587,.T.);
#15562 = FACE_BOUND('',#15563,.T.);
#15563 = EDGE_LOOP('',(#15564,#15572,#15573,#15581));
#15564 = ORIENTED_EDGE('',*,*,#15565,.F.);
#15565 = EDGE_CURVE('',#13138,#15566,#15568,.T.);
#15566 = VERTEX_POINT('',#15567);
#15567 = CARTESIAN_POINT('',(0.32,-7.94,8.38));
#15568 = LINE('',#15569,#15570);
#15569 = CARTESIAN_POINT('',(0.32,-7.94,-3.));
#15570 = VECTOR('',#15571,1.);
#15571 = DIRECTION('',(0.,0.,1.));
#15572 = ORIENTED_EDGE('',*,*,#13137,.T.);
#15573 = ORIENTED_EDGE('',*,*,#15574,.T.);
#15574 = EDGE_CURVE('',#13140,#15575,#15577,.T.);
#15575 = VERTEX_POINT('',#15576);
#15576 = CARTESIAN_POINT('',(0.32,-7.3,8.38));
#15577 = LINE('',#15578,#15579);
#15578 = CARTESIAN_POINT('',(0.32,-7.3,-3.));
#15579 = VECTOR('',#15580,1.);
#15580 = DIRECTION('',(0.,0.,1.));
#15581 = ORIENTED_EDGE('',*,*,#15582,.F.);
#15582 = EDGE_CURVE('',#15566,#15575,#15583,.T.);
#15583 = LINE('',#15584,#15585);
#15584 = CARTESIAN_POINT('',(0.32,-7.94,8.38));
#15585 = VECTOR('',#15586,1.);
#15586 = DIRECTION('',(0.,1.,0.));
#15587 = PLANE('',#15588);
#15588 = AXIS2_PLACEMENT_3D('',#15589,#15590,#15591);
#15589 = CARTESIAN_POINT('',(0.32,-7.94,-3.));
#15590 = DIRECTION('',(1.,0.,0.));
#15591 = DIRECTION('',(0.,0.,1.));
#15592 = ADVANCED_FACE('',(#15593),#15611,.T.);
#15593 = FACE_BOUND('',#15594,.T.);
#15594 = EDGE_LOOP('',(#15595,#15596,#15597,#15605));
#15595 = ORIENTED_EDGE('',*,*,#15574,.F.);
#15596 = ORIENTED_EDGE('',*,*,#13163,.T.);
#15597 = ORIENTED_EDGE('',*,*,#15598,.T.);
#15598 = EDGE_CURVE('',#13156,#15599,#15601,.T.);
#15599 = VERTEX_POINT('',#15600);
#15600 = CARTESIAN_POINT('',(-0.32,-7.3,8.38));
#15601 = LINE('',#15602,#15603);
#15602 = CARTESIAN_POINT('',(-0.32,-7.3,-3.));
#15603 = VECTOR('',#15604,1.);
#15604 = DIRECTION('',(0.,0.,1.));
#15605 = ORIENTED_EDGE('',*,*,#15606,.T.);
#15606 = EDGE_CURVE('',#15599,#15575,#15607,.T.);
#15607 = LINE('',#15608,#15609);
#15608 = CARTESIAN_POINT('',(-0.32,-7.3,8.38));
#15609 = VECTOR('',#15610,1.);
#15610 = DIRECTION('',(1.,0.,0.));
#15611 = PLANE('',#15612);
#15612 = AXIS2_PLACEMENT_3D('',#15613,#15614,#15615);
#15613 = CARTESIAN_POINT('',(-0.32,-7.3,-3.));
#15614 = DIRECTION('',(0.,1.,0.));
#15615 = DIRECTION('',(0.,-0.,1.));
#15616 = ADVANCED_FACE('',(#15617),#15635,.F.);
#15617 = FACE_BOUND('',#15618,.F.);
#15618 = EDGE_LOOP('',(#15619,#15627,#15628,#15629));
#15619 = ORIENTED_EDGE('',*,*,#15620,.F.);
#15620 = EDGE_CURVE('',#13148,#15621,#15623,.T.);
#15621 = VERTEX_POINT('',#15622);
#15622 = CARTESIAN_POINT('',(-0.32,-7.94,8.38));
#15623 = LINE('',#15624,#15625);
#15624 = CARTESIAN_POINT('',(-0.32,-7.94,-3.));
#15625 = VECTOR('',#15626,1.);
#15626 = DIRECTION('',(0.,0.,1.));
#15627 = ORIENTED_EDGE('',*,*,#13155,.T.);
#15628 = ORIENTED_EDGE('',*,*,#15598,.T.);
#15629 = ORIENTED_EDGE('',*,*,#15630,.F.);
#15630 = EDGE_CURVE('',#15621,#15599,#15631,.T.);
#15631 = LINE('',#15632,#15633);
#15632 = CARTESIAN_POINT('',(-0.32,-7.94,8.38));
#15633 = VECTOR('',#15634,1.);
#15634 = DIRECTION('',(0.,1.,0.));
#15635 = PLANE('',#15636);
#15636 = AXIS2_PLACEMENT_3D('',#15637,#15638,#15639);
#15637 = CARTESIAN_POINT('',(-0.32,-7.94,-3.));
#15638 = DIRECTION('',(1.,0.,0.));
#15639 = DIRECTION('',(0.,0.,1.));
#15640 = ADVANCED_FACE('',(#15641),#15652,.F.);
#15641 = FACE_BOUND('',#15642,.F.);
#15642 = EDGE_LOOP('',(#15643,#15644,#15645,#15646));
#15643 = ORIENTED_EDGE('',*,*,#15565,.F.);
#15644 = ORIENTED_EDGE('',*,*,#13147,.T.);
#15645 = ORIENTED_EDGE('',*,*,#15620,.T.);
#15646 = ORIENTED_EDGE('',*,*,#15647,.T.);
#15647 = EDGE_CURVE('',#15621,#15566,#15648,.T.);
#15648 = LINE('',#15649,#15650);
#15649 = CARTESIAN_POINT('',(-0.32,-7.94,8.38));
#15650 = VECTOR('',#15651,1.);
#15651 = DIRECTION('',(1.,0.,0.));
#15652 = PLANE('',#15653);
#15653 = AXIS2_PLACEMENT_3D('',#15654,#15655,#15656);
#15654 = CARTESIAN_POINT('',(-0.32,-7.94,-3.));
#15655 = DIRECTION('',(0.,1.,0.));
#15656 = DIRECTION('',(0.,-0.,1.));
#15657 = ADVANCED_FACE('',(#15658),#15683,.F.);
#15658 = FACE_BOUND('',#15659,.F.);
#15659 = EDGE_LOOP('',(#15660,#15668,#15669,#15677));
#15660 = ORIENTED_EDGE('',*,*,#15661,.F.);
#15661 = EDGE_CURVE('',#13172,#15662,#15664,.T.);
#15662 = VERTEX_POINT('',#15663);
#15663 = CARTESIAN_POINT('',(0.32,-18.1,8.38));
#15664 = LINE('',#15665,#15666);
#15665 = CARTESIAN_POINT('',(0.32,-18.1,-3.));
#15666 = VECTOR('',#15667,1.);
#15667 = DIRECTION('',(0.,0.,1.));
#15668 = ORIENTED_EDGE('',*,*,#13171,.T.);
#15669 = ORIENTED_EDGE('',*,*,#15670,.T.);
#15670 = EDGE_CURVE('',#13174,#15671,#15673,.T.);
#15671 = VERTEX_POINT('',#15672);
#15672 = CARTESIAN_POINT('',(-0.32,-18.1,8.38));
#15673 = LINE('',#15674,#15675);
#15674 = CARTESIAN_POINT('',(-0.32,-18.1,-3.));
#15675 = VECTOR('',#15676,1.);
#15676 = DIRECTION('',(0.,0.,1.));
#15677 = ORIENTED_EDGE('',*,*,#15678,.T.);
#15678 = EDGE_CURVE('',#15671,#15662,#15679,.T.);
#15679 = LINE('',#15680,#15681);
#15680 = CARTESIAN_POINT('',(-0.32,-18.1,8.38));
#15681 = VECTOR('',#15682,1.);
#15682 = DIRECTION('',(1.,0.,0.));
#15683 = PLANE('',#15684);
#15684 = AXIS2_PLACEMENT_3D('',#15685,#15686,#15687);
#15685 = CARTESIAN_POINT('',(-0.32,-18.1,-3.));
#15686 = DIRECTION('',(0.,1.,0.));
#15687 = DIRECTION('',(0.,-0.,1.));
#15688 = ADVANCED_FACE('',(#15689),#15707,.T.);
#15689 = FACE_BOUND('',#15690,.T.);
#15690 = EDGE_LOOP('',(#15691,#15692,#15693,#15701));
#15691 = ORIENTED_EDGE('',*,*,#15661,.F.);
#15692 = ORIENTED_EDGE('',*,*,#13197,.T.);
#15693 = ORIENTED_EDGE('',*,*,#15694,.T.);
#15694 = EDGE_CURVE('',#13190,#15695,#15697,.T.);
#15695 = VERTEX_POINT('',#15696);
#15696 = CARTESIAN_POINT('',(0.32,-17.46,8.38));
#15697 = LINE('',#15698,#15699);
#15698 = CARTESIAN_POINT('',(0.32,-17.46,-3.));
#15699 = VECTOR('',#15700,1.);
#15700 = DIRECTION('',(0.,0.,1.));
#15701 = ORIENTED_EDGE('',*,*,#15702,.F.);
#15702 = EDGE_CURVE('',#15662,#15695,#15703,.T.);
#15703 = LINE('',#15704,#15705);
#15704 = CARTESIAN_POINT('',(0.32,-18.1,8.38));
#15705 = VECTOR('',#15706,1.);
#15706 = DIRECTION('',(0.,1.,0.));
#15707 = PLANE('',#15708);
#15708 = AXIS2_PLACEMENT_3D('',#15709,#15710,#15711);
#15709 = CARTESIAN_POINT('',(0.32,-18.1,-3.));
#15710 = DIRECTION('',(1.,0.,0.));
#15711 = DIRECTION('',(0.,0.,1.));
#15712 = ADVANCED_FACE('',(#15713),#15731,.T.);
#15713 = FACE_BOUND('',#15714,.T.);
#15714 = EDGE_LOOP('',(#15715,#15716,#15717,#15725));
#15715 = ORIENTED_EDGE('',*,*,#15694,.F.);
#15716 = ORIENTED_EDGE('',*,*,#13189,.T.);
#15717 = ORIENTED_EDGE('',*,*,#15718,.T.);
#15718 = EDGE_CURVE('',#13182,#15719,#15721,.T.);
#15719 = VERTEX_POINT('',#15720);
#15720 = CARTESIAN_POINT('',(-0.32,-17.46,8.38));
#15721 = LINE('',#15722,#15723);
#15722 = CARTESIAN_POINT('',(-0.32,-17.46,-3.));
#15723 = VECTOR('',#15724,1.);
#15724 = DIRECTION('',(0.,0.,1.));
#15725 = ORIENTED_EDGE('',*,*,#15726,.T.);
#15726 = EDGE_CURVE('',#15719,#15695,#15727,.T.);
#15727 = LINE('',#15728,#15729);
#15728 = CARTESIAN_POINT('',(-0.32,-17.46,8.38));
#15729 = VECTOR('',#15730,1.);
#15730 = DIRECTION('',(1.,0.,0.));
#15731 = PLANE('',#15732);
#15732 = AXIS2_PLACEMENT_3D('',#15733,#15734,#15735);
#15733 = CARTESIAN_POINT('',(-0.32,-17.46,-3.));
#15734 = DIRECTION('',(0.,1.,0.));
#15735 = DIRECTION('',(0.,-0.,1.));
#15736 = ADVANCED_FACE('',(#15737),#15748,.F.);
#15737 = FACE_BOUND('',#15738,.F.);
#15738 = EDGE_LOOP('',(#15739,#15740,#15741,#15742));
#15739 = ORIENTED_EDGE('',*,*,#15670,.F.);
#15740 = ORIENTED_EDGE('',*,*,#13181,.T.);
#15741 = ORIENTED_EDGE('',*,*,#15718,.T.);
#15742 = ORIENTED_EDGE('',*,*,#15743,.F.);
#15743 = EDGE_CURVE('',#15671,#15719,#15744,.T.);
#15744 = LINE('',#15745,#15746);
#15745 = CARTESIAN_POINT('',(-0.32,-18.1,8.38));
#15746 = VECTOR('',#15747,1.);
#15747 = DIRECTION('',(0.,1.,0.));
#15748 = PLANE('',#15749);
#15749 = AXIS2_PLACEMENT_3D('',#15750,#15751,#15752);
#15750 = CARTESIAN_POINT('',(-0.32,-18.1,-3.));
#15751 = DIRECTION('',(1.,0.,0.));
#15752 = DIRECTION('',(0.,0.,1.));
#15753 = ADVANCED_FACE('',(#15754),#15779,.T.);
#15754 = FACE_BOUND('',#15755,.T.);
#15755 = EDGE_LOOP('',(#15756,#15764,#15765,#15773));
#15756 = ORIENTED_EDGE('',*,*,#15757,.F.);
#15757 = EDGE_CURVE('',#13206,#15758,#15760,.T.);
#15758 = VERTEX_POINT('',#15759);
#15759 = CARTESIAN_POINT('',(0.32,-15.56,8.38));
#15760 = LINE('',#15761,#15762);
#15761 = CARTESIAN_POINT('',(0.32,-15.56,-3.));
#15762 = VECTOR('',#15763,1.);
#15763 = DIRECTION('',(0.,0.,1.));
#15764 = ORIENTED_EDGE('',*,*,#13205,.T.);
#15765 = ORIENTED_EDGE('',*,*,#15766,.T.);
#15766 = EDGE_CURVE('',#13208,#15767,#15769,.T.);
#15767 = VERTEX_POINT('',#15768);
#15768 = CARTESIAN_POINT('',(0.32,-14.92,8.38));
#15769 = LINE('',#15770,#15771);
#15770 = CARTESIAN_POINT('',(0.32,-14.92,-3.));
#15771 = VECTOR('',#15772,1.);
#15772 = DIRECTION('',(0.,0.,1.));
#15773 = ORIENTED_EDGE('',*,*,#15774,.F.);
#15774 = EDGE_CURVE('',#15758,#15767,#15775,.T.);
#15775 = LINE('',#15776,#15777);
#15776 = CARTESIAN_POINT('',(0.32,-15.56,8.38));
#15777 = VECTOR('',#15778,1.);
#15778 = DIRECTION('',(0.,1.,0.));
#15779 = PLANE('',#15780);
#15780 = AXIS2_PLACEMENT_3D('',#15781,#15782,#15783);
#15781 = CARTESIAN_POINT('',(0.32,-15.56,-3.));
#15782 = DIRECTION('',(1.,0.,0.));
#15783 = DIRECTION('',(0.,0.,1.));
#15784 = ADVANCED_FACE('',(#15785),#15803,.T.);
#15785 = FACE_BOUND('',#15786,.T.);
#15786 = EDGE_LOOP('',(#15787,#15788,#15789,#15797));
#15787 = ORIENTED_EDGE('',*,*,#15766,.F.);
#15788 = ORIENTED_EDGE('',*,*,#13231,.T.);
#15789 = ORIENTED_EDGE('',*,*,#15790,.T.);
#15790 = EDGE_CURVE('',#13224,#15791,#15793,.T.);
#15791 = VERTEX_POINT('',#15792);
#15792 = CARTESIAN_POINT('',(-0.32,-14.92,8.38));
#15793 = LINE('',#15794,#15795);
#15794 = CARTESIAN_POINT('',(-0.32,-14.92,-3.));
#15795 = VECTOR('',#15796,1.);
#15796 = DIRECTION('',(0.,0.,1.));
#15797 = ORIENTED_EDGE('',*,*,#15798,.T.);
#15798 = EDGE_CURVE('',#15791,#15767,#15799,.T.);
#15799 = LINE('',#15800,#15801);
#15800 = CARTESIAN_POINT('',(-0.32,-14.92,8.38));
#15801 = VECTOR('',#15802,1.);
#15802 = DIRECTION('',(1.,0.,0.));
#15803 = PLANE('',#15804);
#15804 = AXIS2_PLACEMENT_3D('',#15805,#15806,#15807);
#15805 = CARTESIAN_POINT('',(-0.32,-14.92,-3.));
#15806 = DIRECTION('',(0.,1.,0.));
#15807 = DIRECTION('',(0.,-0.,1.));
#15808 = ADVANCED_FACE('',(#15809),#15827,.F.);
#15809 = FACE_BOUND('',#15810,.F.);
#15810 = EDGE_LOOP('',(#15811,#15819,#15820,#15821));
#15811 = ORIENTED_EDGE('',*,*,#15812,.F.);
#15812 = EDGE_CURVE('',#13216,#15813,#15815,.T.);
#15813 = VERTEX_POINT('',#15814);
#15814 = CARTESIAN_POINT('',(-0.32,-15.56,8.38));
#15815 = LINE('',#15816,#15817);
#15816 = CARTESIAN_POINT('',(-0.32,-15.56,-3.));
#15817 = VECTOR('',#15818,1.);
#15818 = DIRECTION('',(0.,0.,1.));
#15819 = ORIENTED_EDGE('',*,*,#13223,.T.);
#15820 = ORIENTED_EDGE('',*,*,#15790,.T.);
#15821 = ORIENTED_EDGE('',*,*,#15822,.F.);
#15822 = EDGE_CURVE('',#15813,#15791,#15823,.T.);
#15823 = LINE('',#15824,#15825);
#15824 = CARTESIAN_POINT('',(-0.32,-15.56,8.38));
#15825 = VECTOR('',#15826,1.);
#15826 = DIRECTION('',(0.,1.,0.));
#15827 = PLANE('',#15828);
#15828 = AXIS2_PLACEMENT_3D('',#15829,#15830,#15831);
#15829 = CARTESIAN_POINT('',(-0.32,-15.56,-3.));
#15830 = DIRECTION('',(1.,0.,0.));
#15831 = DIRECTION('',(0.,0.,1.));
#15832 = ADVANCED_FACE('',(#15833),#15844,.F.);
#15833 = FACE_BOUND('',#15834,.F.);
#15834 = EDGE_LOOP('',(#15835,#15836,#15837,#15838));
#15835 = ORIENTED_EDGE('',*,*,#15757,.F.);
#15836 = ORIENTED_EDGE('',*,*,#13215,.T.);
#15837 = ORIENTED_EDGE('',*,*,#15812,.T.);
#15838 = ORIENTED_EDGE('',*,*,#15839,.T.);
#15839 = EDGE_CURVE('',#15813,#15758,#15840,.T.);
#15840 = LINE('',#15841,#15842);
#15841 = CARTESIAN_POINT('',(-0.32,-15.56,8.38));
#15842 = VECTOR('',#15843,1.);
#15843 = DIRECTION('',(1.,0.,0.));
#15844 = PLANE('',#15845);
#15845 = AXIS2_PLACEMENT_3D('',#15846,#15847,#15848);
#15846 = CARTESIAN_POINT('',(-0.32,-15.56,-3.));
#15847 = DIRECTION('',(0.,1.,0.));
#15848 = DIRECTION('',(0.,-0.,1.));
#15849 = ADVANCED_FACE('',(#15850),#15875,.T.);
#15850 = FACE_BOUND('',#15851,.T.);
#15851 = EDGE_LOOP('',(#15852,#15860,#15861,#15869));
#15852 = ORIENTED_EDGE('',*,*,#15853,.F.);
#15853 = EDGE_CURVE('',#13240,#15854,#15856,.T.);
#15854 = VERTEX_POINT('',#15855);
#15855 = CARTESIAN_POINT('',(0.32,-23.18,8.38));
#15856 = LINE('',#15857,#15858);
#15857 = CARTESIAN_POINT('',(0.32,-23.18,-3.));
#15858 = VECTOR('',#15859,1.);
#15859 = DIRECTION('',(0.,0.,1.));
#15860 = ORIENTED_EDGE('',*,*,#13239,.T.);
#15861 = ORIENTED_EDGE('',*,*,#15862,.T.);
#15862 = EDGE_CURVE('',#13242,#15863,#15865,.T.);
#15863 = VERTEX_POINT('',#15864);
#15864 = CARTESIAN_POINT('',(0.32,-22.54,8.38));
#15865 = LINE('',#15866,#15867);
#15866 = CARTESIAN_POINT('',(0.32,-22.54,-3.));
#15867 = VECTOR('',#15868,1.);
#15868 = DIRECTION('',(0.,0.,1.));
#15869 = ORIENTED_EDGE('',*,*,#15870,.F.);
#15870 = EDGE_CURVE('',#15854,#15863,#15871,.T.);
#15871 = LINE('',#15872,#15873);
#15872 = CARTESIAN_POINT('',(0.32,-23.18,8.38));
#15873 = VECTOR('',#15874,1.);
#15874 = DIRECTION('',(0.,1.,0.));
#15875 = PLANE('',#15876);
#15876 = AXIS2_PLACEMENT_3D('',#15877,#15878,#15879);
#15877 = CARTESIAN_POINT('',(0.32,-23.18,-3.));
#15878 = DIRECTION('',(1.,0.,0.));
#15879 = DIRECTION('',(0.,0.,1.));
#15880 = ADVANCED_FACE('',(#15881),#15899,.T.);
#15881 = FACE_BOUND('',#15882,.T.);
#15882 = EDGE_LOOP('',(#15883,#15884,#15885,#15893));
#15883 = ORIENTED_EDGE('',*,*,#15862,.F.);
#15884 = ORIENTED_EDGE('',*,*,#13265,.T.);
#15885 = ORIENTED_EDGE('',*,*,#15886,.T.);
#15886 = EDGE_CURVE('',#13258,#15887,#15889,.T.);
#15887 = VERTEX_POINT('',#15888);
#15888 = CARTESIAN_POINT('',(-0.32,-22.54,8.38));
#15889 = LINE('',#15890,#15891);
#15890 = CARTESIAN_POINT('',(-0.32,-22.54,-3.));
#15891 = VECTOR('',#15892,1.);
#15892 = DIRECTION('',(0.,0.,1.));
#15893 = ORIENTED_EDGE('',*,*,#15894,.T.);
#15894 = EDGE_CURVE('',#15887,#15863,#15895,.T.);
#15895 = LINE('',#15896,#15897);
#15896 = CARTESIAN_POINT('',(-0.32,-22.54,8.38));
#15897 = VECTOR('',#15898,1.);
#15898 = DIRECTION('',(1.,0.,0.));
#15899 = PLANE('',#15900);
#15900 = AXIS2_PLACEMENT_3D('',#15901,#15902,#15903);
#15901 = CARTESIAN_POINT('',(-0.32,-22.54,-3.));
#15902 = DIRECTION('',(0.,1.,0.));
#15903 = DIRECTION('',(0.,-0.,1.));
#15904 = ADVANCED_FACE('',(#15905),#15923,.F.);
#15905 = FACE_BOUND('',#15906,.F.);
#15906 = EDGE_LOOP('',(#15907,#15915,#15916,#15917));
#15907 = ORIENTED_EDGE('',*,*,#15908,.F.);
#15908 = EDGE_CURVE('',#13250,#15909,#15911,.T.);
#15909 = VERTEX_POINT('',#15910);
#15910 = CARTESIAN_POINT('',(-0.32,-23.18,8.38));
#15911 = LINE('',#15912,#15913);
#15912 = CARTESIAN_POINT('',(-0.32,-23.18,-3.));
#15913 = VECTOR('',#15914,1.);
#15914 = DIRECTION('',(0.,0.,1.));
#15915 = ORIENTED_EDGE('',*,*,#13257,.T.);
#15916 = ORIENTED_EDGE('',*,*,#15886,.T.);
#15917 = ORIENTED_EDGE('',*,*,#15918,.F.);
#15918 = EDGE_CURVE('',#15909,#15887,#15919,.T.);
#15919 = LINE('',#15920,#15921);
#15920 = CARTESIAN_POINT('',(-0.32,-23.18,8.38));
#15921 = VECTOR('',#15922,1.);
#15922 = DIRECTION('',(0.,1.,0.));
#15923 = PLANE('',#15924);
#15924 = AXIS2_PLACEMENT_3D('',#15925,#15926,#15927);
#15925 = CARTESIAN_POINT('',(-0.32,-23.18,-3.));
#15926 = DIRECTION('',(1.,0.,0.));
#15927 = DIRECTION('',(0.,0.,1.));
#15928 = ADVANCED_FACE('',(#15929),#15940,.F.);
#15929 = FACE_BOUND('',#15930,.F.);
#15930 = EDGE_LOOP('',(#15931,#15932,#15933,#15934));
#15931 = ORIENTED_EDGE('',*,*,#15853,.F.);
#15932 = ORIENTED_EDGE('',*,*,#13249,.T.);
#15933 = ORIENTED_EDGE('',*,*,#15908,.T.);
#15934 = ORIENTED_EDGE('',*,*,#15935,.T.);
#15935 = EDGE_CURVE('',#15909,#15854,#15936,.T.);
#15936 = LINE('',#15937,#15938);
#15937 = CARTESIAN_POINT('',(-0.32,-23.18,8.38));
#15938 = VECTOR('',#15939,1.);
#15939 = DIRECTION('',(1.,0.,0.));
#15940 = PLANE('',#15941);
#15941 = AXIS2_PLACEMENT_3D('',#15942,#15943,#15944);
#15942 = CARTESIAN_POINT('',(-0.32,-23.18,-3.));
#15943 = DIRECTION('',(0.,1.,0.));
#15944 = DIRECTION('',(0.,-0.,1.));
#15945 = ADVANCED_FACE('',(#15946),#15971,.F.);
#15946 = FACE_BOUND('',#15947,.F.);
#15947 = EDGE_LOOP('',(#15948,#15956,#15957,#15965));
#15948 = ORIENTED_EDGE('',*,*,#15949,.F.);
#15949 = EDGE_CURVE('',#13274,#15950,#15952,.T.);
#15950 = VERTEX_POINT('',#15951);
#15951 = CARTESIAN_POINT('',(0.32,-20.64,8.38));
#15952 = LINE('',#15953,#15954);
#15953 = CARTESIAN_POINT('',(0.32,-20.64,-3.));
#15954 = VECTOR('',#15955,1.);
#15955 = DIRECTION('',(0.,0.,1.));
#15956 = ORIENTED_EDGE('',*,*,#13273,.T.);
#15957 = ORIENTED_EDGE('',*,*,#15958,.T.);
#15958 = EDGE_CURVE('',#13276,#15959,#15961,.T.);
#15959 = VERTEX_POINT('',#15960);
#15960 = CARTESIAN_POINT('',(-0.32,-20.64,8.38));
#15961 = LINE('',#15962,#15963);
#15962 = CARTESIAN_POINT('',(-0.32,-20.64,-3.));
#15963 = VECTOR('',#15964,1.);
#15964 = DIRECTION('',(0.,0.,1.));
#15965 = ORIENTED_EDGE('',*,*,#15966,.T.);
#15966 = EDGE_CURVE('',#15959,#15950,#15967,.T.);
#15967 = LINE('',#15968,#15969);
#15968 = CARTESIAN_POINT('',(-0.32,-20.64,8.38));
#15969 = VECTOR('',#15970,1.);
#15970 = DIRECTION('',(1.,0.,0.));
#15971 = PLANE('',#15972);
#15972 = AXIS2_PLACEMENT_3D('',#15973,#15974,#15975);
#15973 = CARTESIAN_POINT('',(-0.32,-20.64,-3.));
#15974 = DIRECTION('',(0.,1.,0.));
#15975 = DIRECTION('',(0.,-0.,1.));
#15976 = ADVANCED_FACE('',(#15977),#15995,.T.);
#15977 = FACE_BOUND('',#15978,.T.);
#15978 = EDGE_LOOP('',(#15979,#15980,#15981,#15989));
#15979 = ORIENTED_EDGE('',*,*,#15949,.F.);
#15980 = ORIENTED_EDGE('',*,*,#13299,.T.);
#15981 = ORIENTED_EDGE('',*,*,#15982,.T.);
#15982 = EDGE_CURVE('',#13292,#15983,#15985,.T.);
#15983 = VERTEX_POINT('',#15984);
#15984 = CARTESIAN_POINT('',(0.32,-20.,8.38));
#15985 = LINE('',#15986,#15987);
#15986 = CARTESIAN_POINT('',(0.32,-20.,-3.));
#15987 = VECTOR('',#15988,1.);
#15988 = DIRECTION('',(0.,0.,1.));
#15989 = ORIENTED_EDGE('',*,*,#15990,.F.);
#15990 = EDGE_CURVE('',#15950,#15983,#15991,.T.);
#15991 = LINE('',#15992,#15993);
#15992 = CARTESIAN_POINT('',(0.32,-20.64,8.38));
#15993 = VECTOR('',#15994,1.);
#15994 = DIRECTION('',(0.,1.,0.));
#15995 = PLANE('',#15996);
#15996 = AXIS2_PLACEMENT_3D('',#15997,#15998,#15999);
#15997 = CARTESIAN_POINT('',(0.32,-20.64,-3.));
#15998 = DIRECTION('',(1.,0.,0.));
#15999 = DIRECTION('',(0.,0.,1.));
#16000 = ADVANCED_FACE('',(#16001),#16019,.T.);
#16001 = FACE_BOUND('',#16002,.T.);
#16002 = EDGE_LOOP('',(#16003,#16004,#16005,#16013));
#16003 = ORIENTED_EDGE('',*,*,#15982,.F.);
#16004 = ORIENTED_EDGE('',*,*,#13291,.T.);
#16005 = ORIENTED_EDGE('',*,*,#16006,.T.);
#16006 = EDGE_CURVE('',#13284,#16007,#16009,.T.);
#16007 = VERTEX_POINT('',#16008);
#16008 = CARTESIAN_POINT('',(-0.32,-20.,8.38));
#16009 = LINE('',#16010,#16011);
#16010 = CARTESIAN_POINT('',(-0.32,-20.,-3.));
#16011 = VECTOR('',#16012,1.);
#16012 = DIRECTION('',(0.,0.,1.));
#16013 = ORIENTED_EDGE('',*,*,#16014,.T.);
#16014 = EDGE_CURVE('',#16007,#15983,#16015,.T.);
#16015 = LINE('',#16016,#16017);
#16016 = CARTESIAN_POINT('',(-0.32,-20.,8.38));
#16017 = VECTOR('',#16018,1.);
#16018 = DIRECTION('',(1.,0.,0.));
#16019 = PLANE('',#16020);
#16020 = AXIS2_PLACEMENT_3D('',#16021,#16022,#16023);
#16021 = CARTESIAN_POINT('',(-0.32,-20.,-3.));
#16022 = DIRECTION('',(0.,1.,0.));
#16023 = DIRECTION('',(0.,-0.,1.));
#16024 = ADVANCED_FACE('',(#16025),#16036,.F.);
#16025 = FACE_BOUND('',#16026,.F.);
#16026 = EDGE_LOOP('',(#16027,#16028,#16029,#16030));
#16027 = ORIENTED_EDGE('',*,*,#15958,.F.);
#16028 = ORIENTED_EDGE('',*,*,#13283,.T.);
#16029 = ORIENTED_EDGE('',*,*,#16006,.T.);
#16030 = ORIENTED_EDGE('',*,*,#16031,.F.);
#16031 = EDGE_CURVE('',#15959,#16007,#16032,.T.);
#16032 = LINE('',#16033,#16034);
#16033 = CARTESIAN_POINT('',(-0.32,-20.64,8.38));
#16034 = VECTOR('',#16035,1.);
#16035 = DIRECTION('',(0.,1.,0.));
#16036 = PLANE('',#16037);
#16037 = AXIS2_PLACEMENT_3D('',#16038,#16039,#16040);
#16038 = CARTESIAN_POINT('',(-0.32,-20.64,-3.));
#16039 = DIRECTION('',(1.,0.,0.));
#16040 = DIRECTION('',(0.,0.,1.));
#16041 = ADVANCED_FACE('',(#16042),#16067,.F.);
#16042 = FACE_BOUND('',#16043,.F.);
#16043 = EDGE_LOOP('',(#16044,#16052,#16053,#16061));
#16044 = ORIENTED_EDGE('',*,*,#16045,.F.);
#16045 = EDGE_CURVE('',#13308,#16046,#16048,.T.);
#16046 = VERTEX_POINT('',#16047);
#16047 = CARTESIAN_POINT('',(0.32,-0.32,8.38));
#16048 = LINE('',#16049,#16050);
#16049 = CARTESIAN_POINT('',(0.32,-0.32,-3.));
#16050 = VECTOR('',#16051,1.);
#16051 = DIRECTION('',(0.,0.,1.));
#16052 = ORIENTED_EDGE('',*,*,#13307,.T.);
#16053 = ORIENTED_EDGE('',*,*,#16054,.T.);
#16054 = EDGE_CURVE('',#13310,#16055,#16057,.T.);
#16055 = VERTEX_POINT('',#16056);
#16056 = CARTESIAN_POINT('',(-0.32,-0.32,8.38));
#16057 = LINE('',#16058,#16059);
#16058 = CARTESIAN_POINT('',(-0.32,-0.32,-3.));
#16059 = VECTOR('',#16060,1.);
#16060 = DIRECTION('',(0.,0.,1.));
#16061 = ORIENTED_EDGE('',*,*,#16062,.T.);
#16062 = EDGE_CURVE('',#16055,#16046,#16063,.T.);
#16063 = LINE('',#16064,#16065);
#16064 = CARTESIAN_POINT('',(-0.32,-0.32,8.38));
#16065 = VECTOR('',#16066,1.);
#16066 = DIRECTION('',(1.,0.,0.));
#16067 = PLANE('',#16068);
#16068 = AXIS2_PLACEMENT_3D('',#16069,#16070,#16071);
#16069 = CARTESIAN_POINT('',(-0.32,-0.32,-3.));
#16070 = DIRECTION('',(0.,1.,0.));
#16071 = DIRECTION('',(0.,-0.,1.));
#16072 = ADVANCED_FACE('',(#16073),#16091,.T.);
#16073 = FACE_BOUND('',#16074,.T.);
#16074 = EDGE_LOOP('',(#16075,#16076,#16077,#16085));
#16075 = ORIENTED_EDGE('',*,*,#16045,.F.);
#16076 = ORIENTED_EDGE('',*,*,#13333,.T.);
#16077 = ORIENTED_EDGE('',*,*,#16078,.T.);
#16078 = EDGE_CURVE('',#13326,#16079,#16081,.T.);
#16079 = VERTEX_POINT('',#16080);
#16080 = CARTESIAN_POINT('',(0.32,0.32,8.38));
#16081 = LINE('',#16082,#16083);
#16082 = CARTESIAN_POINT('',(0.32,0.32,-3.));
#16083 = VECTOR('',#16084,1.);
#16084 = DIRECTION('',(0.,0.,1.));
#16085 = ORIENTED_EDGE('',*,*,#16086,.F.);
#16086 = EDGE_CURVE('',#16046,#16079,#16087,.T.);
#16087 = LINE('',#16088,#16089);
#16088 = CARTESIAN_POINT('',(0.32,-0.32,8.38));
#16089 = VECTOR('',#16090,1.);
#16090 = DIRECTION('',(0.,1.,0.));
#16091 = PLANE('',#16092);
#16092 = AXIS2_PLACEMENT_3D('',#16093,#16094,#16095);
#16093 = CARTESIAN_POINT('',(0.32,-0.32,-3.));
#16094 = DIRECTION('',(1.,0.,0.));
#16095 = DIRECTION('',(0.,0.,1.));
#16096 = ADVANCED_FACE('',(#16097),#16115,.T.);
#16097 = FACE_BOUND('',#16098,.T.);
#16098 = EDGE_LOOP('',(#16099,#16100,#16101,#16109));
#16099 = ORIENTED_EDGE('',*,*,#16078,.F.);
#16100 = ORIENTED_EDGE('',*,*,#13325,.T.);
#16101 = ORIENTED_EDGE('',*,*,#16102,.T.);
#16102 = EDGE_CURVE('',#13318,#16103,#16105,.T.);
#16103 = VERTEX_POINT('',#16104);
#16104 = CARTESIAN_POINT('',(-0.32,0.32,8.38));
#16105 = LINE('',#16106,#16107);
#16106 = CARTESIAN_POINT('',(-0.32,0.32,-3.));
#16107 = VECTOR('',#16108,1.);
#16108 = DIRECTION('',(0.,0.,1.));
#16109 = ORIENTED_EDGE('',*,*,#16110,.T.);
#16110 = EDGE_CURVE('',#16103,#16079,#16111,.T.);
#16111 = LINE('',#16112,#16113);
#16112 = CARTESIAN_POINT('',(-0.32,0.32,8.38));
#16113 = VECTOR('',#16114,1.);
#16114 = DIRECTION('',(1.,0.,0.));
#16115 = PLANE('',#16116);
#16116 = AXIS2_PLACEMENT_3D('',#16117,#16118,#16119);
#16117 = CARTESIAN_POINT('',(-0.32,0.32,-3.));
#16118 = DIRECTION('',(0.,1.,0.));
#16119 = DIRECTION('',(0.,-0.,1.));
#16120 = ADVANCED_FACE('',(#16121),#16132,.F.);
#16121 = FACE_BOUND('',#16122,.F.);
#16122 = EDGE_LOOP('',(#16123,#16124,#16125,#16126));
#16123 = ORIENTED_EDGE('',*,*,#16054,.F.);
#16124 = ORIENTED_EDGE('',*,*,#13317,.T.);
#16125 = ORIENTED_EDGE('',*,*,#16102,.T.);
#16126 = ORIENTED_EDGE('',*,*,#16127,.F.);
#16127 = EDGE_CURVE('',#16055,#16103,#16128,.T.);
#16128 = LINE('',#16129,#16130);
#16129 = CARTESIAN_POINT('',(-0.32,-0.32,8.38));
#16130 = VECTOR('',#16131,1.);
#16131 = DIRECTION('',(0.,1.,0.));
#16132 = PLANE('',#16133);
#16133 = AXIS2_PLACEMENT_3D('',#16134,#16135,#16136);
#16134 = CARTESIAN_POINT('',(-0.32,-0.32,-3.));
#16135 = DIRECTION('',(1.,0.,0.));
#16136 = DIRECTION('',(0.,0.,1.));
#16137 = ADVANCED_FACE('',(#16138),#16163,.T.);
#16138 = FACE_BOUND('',#16139,.T.);
#16139 = EDGE_LOOP('',(#16140,#16148,#16149,#16157));
#16140 = ORIENTED_EDGE('',*,*,#16141,.F.);
#16141 = EDGE_CURVE('',#13342,#16142,#16144,.T.);
#16142 = VERTEX_POINT('',#16143);
#16143 = CARTESIAN_POINT('',(0.32,-2.86,8.38));
#16144 = LINE('',#16145,#16146);
#16145 = CARTESIAN_POINT('',(0.32,-2.86,-3.));
#16146 = VECTOR('',#16147,1.);
#16147 = DIRECTION('',(0.,0.,1.));
#16148 = ORIENTED_EDGE('',*,*,#13341,.T.);
#16149 = ORIENTED_EDGE('',*,*,#16150,.T.);
#16150 = EDGE_CURVE('',#13344,#16151,#16153,.T.);
#16151 = VERTEX_POINT('',#16152);
#16152 = CARTESIAN_POINT('',(0.32,-2.22,8.38));
#16153 = LINE('',#16154,#16155);
#16154 = CARTESIAN_POINT('',(0.32,-2.22,-3.));
#16155 = VECTOR('',#16156,1.);
#16156 = DIRECTION('',(0.,0.,1.));
#16157 = ORIENTED_EDGE('',*,*,#16158,.F.);
#16158 = EDGE_CURVE('',#16142,#16151,#16159,.T.);
#16159 = LINE('',#16160,#16161);
#16160 = CARTESIAN_POINT('',(0.32,-2.86,8.38));
#16161 = VECTOR('',#16162,1.);
#16162 = DIRECTION('',(0.,1.,0.));
#16163 = PLANE('',#16164);
#16164 = AXIS2_PLACEMENT_3D('',#16165,#16166,#16167);
#16165 = CARTESIAN_POINT('',(0.32,-2.86,-3.));
#16166 = DIRECTION('',(1.,0.,0.));
#16167 = DIRECTION('',(0.,0.,1.));
#16168 = ADVANCED_FACE('',(#16169),#16187,.T.);
#16169 = FACE_BOUND('',#16170,.T.);
#16170 = EDGE_LOOP('',(#16171,#16172,#16173,#16181));
#16171 = ORIENTED_EDGE('',*,*,#16150,.F.);
#16172 = ORIENTED_EDGE('',*,*,#13367,.T.);
#16173 = ORIENTED_EDGE('',*,*,#16174,.T.);
#16174 = EDGE_CURVE('',#13360,#16175,#16177,.T.);
#16175 = VERTEX_POINT('',#16176);
#16176 = CARTESIAN_POINT('',(-0.32,-2.22,8.38));
#16177 = LINE('',#16178,#16179);
#16178 = CARTESIAN_POINT('',(-0.32,-2.22,-3.));
#16179 = VECTOR('',#16180,1.);
#16180 = DIRECTION('',(0.,0.,1.));
#16181 = ORIENTED_EDGE('',*,*,#16182,.T.);
#16182 = EDGE_CURVE('',#16175,#16151,#16183,.T.);
#16183 = LINE('',#16184,#16185);
#16184 = CARTESIAN_POINT('',(-0.32,-2.22,8.38));
#16185 = VECTOR('',#16186,1.);
#16186 = DIRECTION('',(1.,0.,0.));
#16187 = PLANE('',#16188);
#16188 = AXIS2_PLACEMENT_3D('',#16189,#16190,#16191);
#16189 = CARTESIAN_POINT('',(-0.32,-2.22,-3.));
#16190 = DIRECTION('',(0.,1.,0.));
#16191 = DIRECTION('',(0.,-0.,1.));
#16192 = ADVANCED_FACE('',(#16193),#16211,.F.);
#16193 = FACE_BOUND('',#16194,.F.);
#16194 = EDGE_LOOP('',(#16195,#16203,#16204,#16205));
#16195 = ORIENTED_EDGE('',*,*,#16196,.F.);
#16196 = EDGE_CURVE('',#13352,#16197,#16199,.T.);
#16197 = VERTEX_POINT('',#16198);
#16198 = CARTESIAN_POINT('',(-0.32,-2.86,8.38));
#16199 = LINE('',#16200,#16201);
#16200 = CARTESIAN_POINT('',(-0.32,-2.86,-3.));
#16201 = VECTOR('',#16202,1.);
#16202 = DIRECTION('',(0.,0.,1.));
#16203 = ORIENTED_EDGE('',*,*,#13359,.T.);
#16204 = ORIENTED_EDGE('',*,*,#16174,.T.);
#16205 = ORIENTED_EDGE('',*,*,#16206,.F.);
#16206 = EDGE_CURVE('',#16197,#16175,#16207,.T.);
#16207 = LINE('',#16208,#16209);
#16208 = CARTESIAN_POINT('',(-0.32,-2.86,8.38));
#16209 = VECTOR('',#16210,1.);
#16210 = DIRECTION('',(0.,1.,0.));
#16211 = PLANE('',#16212);
#16212 = AXIS2_PLACEMENT_3D('',#16213,#16214,#16215);
#16213 = CARTESIAN_POINT('',(-0.32,-2.86,-3.));
#16214 = DIRECTION('',(1.,0.,0.));
#16215 = DIRECTION('',(0.,0.,1.));
#16216 = ADVANCED_FACE('',(#16217),#16228,.F.);
#16217 = FACE_BOUND('',#16218,.F.);
#16218 = EDGE_LOOP('',(#16219,#16220,#16221,#16222));
#16219 = ORIENTED_EDGE('',*,*,#16141,.F.);
#16220 = ORIENTED_EDGE('',*,*,#13351,.T.);
#16221 = ORIENTED_EDGE('',*,*,#16196,.T.);
#16222 = ORIENTED_EDGE('',*,*,#16223,.T.);
#16223 = EDGE_CURVE('',#16197,#16142,#16224,.T.);
#16224 = LINE('',#16225,#16226);
#16225 = CARTESIAN_POINT('',(-0.32,-2.86,8.38));
#16226 = VECTOR('',#16227,1.);
#16227 = DIRECTION('',(1.,0.,0.));
#16228 = PLANE('',#16229);
#16229 = AXIS2_PLACEMENT_3D('',#16230,#16231,#16232);
#16230 = CARTESIAN_POINT('',(-0.32,-2.86,-3.));
#16231 = DIRECTION('',(0.,1.,0.));
#16232 = DIRECTION('',(0.,-0.,1.));
#16233 = ADVANCED_FACE('',(#16234),#16259,.T.);
#16234 = FACE_BOUND('',#16235,.T.);
#16235 = EDGE_LOOP('',(#16236,#16244,#16245,#16253));
#16236 = ORIENTED_EDGE('',*,*,#16237,.F.);
#16237 = EDGE_CURVE('',#13376,#16238,#16240,.T.);
#16238 = VERTEX_POINT('',#16239);
#16239 = CARTESIAN_POINT('',(0.32,-5.4,8.38));
#16240 = LINE('',#16241,#16242);
#16241 = CARTESIAN_POINT('',(0.32,-5.4,-3.));
#16242 = VECTOR('',#16243,1.);
#16243 = DIRECTION('',(0.,0.,1.));
#16244 = ORIENTED_EDGE('',*,*,#13375,.T.);
#16245 = ORIENTED_EDGE('',*,*,#16246,.T.);
#16246 = EDGE_CURVE('',#13378,#16247,#16249,.T.);
#16247 = VERTEX_POINT('',#16248);
#16248 = CARTESIAN_POINT('',(0.32,-4.76,8.38));
#16249 = LINE('',#16250,#16251);
#16250 = CARTESIAN_POINT('',(0.32,-4.76,-3.));
#16251 = VECTOR('',#16252,1.);
#16252 = DIRECTION('',(0.,0.,1.));
#16253 = ORIENTED_EDGE('',*,*,#16254,.F.);
#16254 = EDGE_CURVE('',#16238,#16247,#16255,.T.);
#16255 = LINE('',#16256,#16257);
#16256 = CARTESIAN_POINT('',(0.32,-5.4,8.38));
#16257 = VECTOR('',#16258,1.);
#16258 = DIRECTION('',(0.,1.,0.));
#16259 = PLANE('',#16260);
#16260 = AXIS2_PLACEMENT_3D('',#16261,#16262,#16263);
#16261 = CARTESIAN_POINT('',(0.32,-5.4,-3.));
#16262 = DIRECTION('',(1.,0.,0.));
#16263 = DIRECTION('',(0.,0.,1.));
#16264 = ADVANCED_FACE('',(#16265),#16283,.T.);
#16265 = FACE_BOUND('',#16266,.T.);
#16266 = EDGE_LOOP('',(#16267,#16268,#16269,#16277));
#16267 = ORIENTED_EDGE('',*,*,#16246,.F.);
#16268 = ORIENTED_EDGE('',*,*,#13401,.T.);
#16269 = ORIENTED_EDGE('',*,*,#16270,.T.);
#16270 = EDGE_CURVE('',#13394,#16271,#16273,.T.);
#16271 = VERTEX_POINT('',#16272);
#16272 = CARTESIAN_POINT('',(-0.32,-4.76,8.38));
#16273 = LINE('',#16274,#16275);
#16274 = CARTESIAN_POINT('',(-0.32,-4.76,-3.));
#16275 = VECTOR('',#16276,1.);
#16276 = DIRECTION('',(0.,0.,1.));
#16277 = ORIENTED_EDGE('',*,*,#16278,.T.);
#16278 = EDGE_CURVE('',#16271,#16247,#16279,.T.);
#16279 = LINE('',#16280,#16281);
#16280 = CARTESIAN_POINT('',(-0.32,-4.76,8.38));
#16281 = VECTOR('',#16282,1.);
#16282 = DIRECTION('',(1.,0.,0.));
#16283 = PLANE('',#16284);
#16284 = AXIS2_PLACEMENT_3D('',#16285,#16286,#16287);
#16285 = CARTESIAN_POINT('',(-0.32,-4.76,-3.));
#16286 = DIRECTION('',(0.,1.,0.));
#16287 = DIRECTION('',(0.,-0.,1.));
#16288 = ADVANCED_FACE('',(#16289),#16307,.F.);
#16289 = FACE_BOUND('',#16290,.F.);
#16290 = EDGE_LOOP('',(#16291,#16299,#16300,#16301));
#16291 = ORIENTED_EDGE('',*,*,#16292,.F.);
#16292 = EDGE_CURVE('',#13386,#16293,#16295,.T.);
#16293 = VERTEX_POINT('',#16294);
#16294 = CARTESIAN_POINT('',(-0.32,-5.4,8.38));
#16295 = LINE('',#16296,#16297);
#16296 = CARTESIAN_POINT('',(-0.32,-5.4,-3.));
#16297 = VECTOR('',#16298,1.);
#16298 = DIRECTION('',(0.,0.,1.));
#16299 = ORIENTED_EDGE('',*,*,#13393,.T.);
#16300 = ORIENTED_EDGE('',*,*,#16270,.T.);
#16301 = ORIENTED_EDGE('',*,*,#16302,.F.);
#16302 = EDGE_CURVE('',#16293,#16271,#16303,.T.);
#16303 = LINE('',#16304,#16305);
#16304 = CARTESIAN_POINT('',(-0.32,-5.4,8.38));
#16305 = VECTOR('',#16306,1.);
#16306 = DIRECTION('',(0.,1.,0.));
#16307 = PLANE('',#16308);
#16308 = AXIS2_PLACEMENT_3D('',#16309,#16310,#16311);
#16309 = CARTESIAN_POINT('',(-0.32,-5.4,-3.));
#16310 = DIRECTION('',(1.,0.,0.));
#16311 = DIRECTION('',(0.,0.,1.));
#16312 = ADVANCED_FACE('',(#16313),#16324,.F.);
#16313 = FACE_BOUND('',#16314,.F.);
#16314 = EDGE_LOOP('',(#16315,#16316,#16317,#16318));
#16315 = ORIENTED_EDGE('',*,*,#16237,.F.);
#16316 = ORIENTED_EDGE('',*,*,#13385,.T.);
#16317 = ORIENTED_EDGE('',*,*,#16292,.T.);
#16318 = ORIENTED_EDGE('',*,*,#16319,.T.);
#16319 = EDGE_CURVE('',#16293,#16238,#16320,.T.);
#16320 = LINE('',#16321,#16322);
#16321 = CARTESIAN_POINT('',(-0.32,-5.4,8.38));
#16322 = VECTOR('',#16323,1.);
#16323 = DIRECTION('',(1.,0.,0.));
#16324 = PLANE('',#16325);
#16325 = AXIS2_PLACEMENT_3D('',#16326,#16327,#16328);
#16326 = CARTESIAN_POINT('',(-0.32,-5.4,-3.));
#16327 = DIRECTION('',(0.,1.,0.));
#16328 = DIRECTION('',(0.,-0.,1.));
#16329 = ADVANCED_FACE('',(#16330),#16355,.F.);
#16330 = FACE_BOUND('',#16331,.F.);
#16331 = EDGE_LOOP('',(#16332,#16340,#16341,#16349));
#16332 = ORIENTED_EDGE('',*,*,#16333,.F.);
#16333 = EDGE_CURVE('',#14414,#16334,#16336,.T.);
#16334 = VERTEX_POINT('',#16335);
#16335 = CARTESIAN_POINT('',(0.16,-12.86,-3.));
#16336 = LINE('',#16337,#16338);
#16337 = CARTESIAN_POINT('',(0.16,-12.86,-3.));
#16338 = VECTOR('',#16339,1.);
#16339 = DIRECTION('',(-0.57735026919,0.57735026919,-0.57735026919));
#16340 = ORIENTED_EDGE('',*,*,#14421,.T.);
#16341 = ORIENTED_EDGE('',*,*,#16342,.T.);
#16342 = EDGE_CURVE('',#14422,#16343,#16345,.T.);
#16343 = VERTEX_POINT('',#16344);
#16344 = CARTESIAN_POINT('',(0.16,-12.54,-3.));
#16345 = LINE('',#16346,#16347);
#16346 = CARTESIAN_POINT('',(5.333333333333E-02,-12.64666666666,
    -3.106666666667));
#16347 = VECTOR('',#16348,1.);
#16348 = DIRECTION('',(-0.57735026919,-0.57735026919,-0.57735026919));
#16349 = ORIENTED_EDGE('',*,*,#16350,.F.);
#16350 = EDGE_CURVE('',#16334,#16343,#16351,.T.);
#16351 = LINE('',#16352,#16353);
#16352 = CARTESIAN_POINT('',(0.16,-13.02,-3.));
#16353 = VECTOR('',#16354,1.);
#16354 = DIRECTION('',(0.,1.,0.));
#16355 = PLANE('',#16356);
#16356 = AXIS2_PLACEMENT_3D('',#16357,#16358,#16359);
#16357 = CARTESIAN_POINT('',(0.24,-13.02,-2.92));
#16358 = DIRECTION('',(-0.707106781187,1.735167508357E-18,0.707106781187
    ));
#16359 = DIRECTION('',(1.226948711654E-18,1.,-1.226948711654E-18));
#16360 = ADVANCED_FACE('',(#16361),#16379,.F.);
#16361 = FACE_BOUND('',#16362,.T.);
#16362 = EDGE_LOOP('',(#16363,#16371,#16372,#16373));
#16363 = ORIENTED_EDGE('',*,*,#16364,.F.);
#16364 = EDGE_CURVE('',#14446,#16365,#16367,.T.);
#16365 = VERTEX_POINT('',#16366);
#16366 = CARTESIAN_POINT('',(-0.16,-12.54,-3.));
#16367 = LINE('',#16368,#16369);
#16368 = CARTESIAN_POINT('',(-0.16,-12.54,-3.));
#16369 = VECTOR('',#16370,1.);
#16370 = DIRECTION('',(0.57735026919,-0.57735026919,-0.57735026919));
#16371 = ORIENTED_EDGE('',*,*,#14445,.T.);
#16372 = ORIENTED_EDGE('',*,*,#16342,.T.);
#16373 = ORIENTED_EDGE('',*,*,#16374,.F.);
#16374 = EDGE_CURVE('',#16365,#16343,#16375,.T.);
#16375 = LINE('',#16376,#16377);
#16376 = CARTESIAN_POINT('',(-0.32,-12.54,-3.));
#16377 = VECTOR('',#16378,1.);
#16378 = DIRECTION('',(1.,0.,0.));
#16379 = PLANE('',#16380);
#16380 = AXIS2_PLACEMENT_3D('',#16381,#16382,#16383);
#16381 = CARTESIAN_POINT('',(-0.32,-12.46,-2.92));
#16382 = DIRECTION('',(-1.735167508357E-18,-0.707106781187,
    0.707106781187));
#16383 = DIRECTION('',(-1.,1.226948711654E-18,-1.226948711654E-18));
#16384 = ADVANCED_FACE('',(#16385),#16403,.T.);
#16385 = FACE_BOUND('',#16386,.T.);
#16386 = EDGE_LOOP('',(#16387,#16395,#16396,#16397));
#16387 = ORIENTED_EDGE('',*,*,#16388,.F.);
#16388 = EDGE_CURVE('',#14469,#16389,#16391,.T.);
#16389 = VERTEX_POINT('',#16390);
#16390 = CARTESIAN_POINT('',(-0.16,-12.86,-3.));
#16391 = LINE('',#16392,#16393);
#16392 = CARTESIAN_POINT('',(-0.266666666667,-12.96666666666,
    -2.893333333333));
#16393 = VECTOR('',#16394,1.);
#16394 = DIRECTION('',(0.57735026919,0.57735026919,-0.57735026919));
#16395 = ORIENTED_EDGE('',*,*,#14476,.T.);
#16396 = ORIENTED_EDGE('',*,*,#16364,.T.);
#16397 = ORIENTED_EDGE('',*,*,#16398,.F.);
#16398 = EDGE_CURVE('',#16389,#16365,#16399,.T.);
#16399 = LINE('',#16400,#16401);
#16400 = CARTESIAN_POINT('',(-0.16,-13.02,-3.));
#16401 = VECTOR('',#16402,1.);
#16402 = DIRECTION('',(0.,1.,0.));
#16403 = PLANE('',#16404);
#16404 = AXIS2_PLACEMENT_3D('',#16405,#16406,#16407);
#16405 = CARTESIAN_POINT('',(-0.24,-13.02,-2.92));
#16406 = DIRECTION('',(-0.707106781187,-1.735167508357E-18,
    -0.707106781187));
#16407 = DIRECTION('',(-1.226948711654E-18,1.,-1.226948711654E-18));
#16408 = ADVANCED_FACE('',(#16409),#16420,.T.);
#16409 = FACE_BOUND('',#16410,.F.);
#16410 = EDGE_LOOP('',(#16411,#16412,#16413,#16414));
#16411 = ORIENTED_EDGE('',*,*,#16388,.F.);
#16412 = ORIENTED_EDGE('',*,*,#14493,.T.);
#16413 = ORIENTED_EDGE('',*,*,#16333,.T.);
#16414 = ORIENTED_EDGE('',*,*,#16415,.F.);
#16415 = EDGE_CURVE('',#16389,#16334,#16416,.T.);
#16416 = LINE('',#16417,#16418);
#16417 = CARTESIAN_POINT('',(-0.32,-12.86,-3.));
#16418 = VECTOR('',#16419,1.);
#16419 = DIRECTION('',(1.,0.,0.));
#16420 = PLANE('',#16421);
#16421 = AXIS2_PLACEMENT_3D('',#16422,#16423,#16424);
#16422 = CARTESIAN_POINT('',(-0.32,-12.94,-2.92));
#16423 = DIRECTION('',(1.735167508357E-18,-0.707106781187,
    -0.707106781187));
#16424 = DIRECTION('',(-1.,-1.226948711654E-18,-1.226948711654E-18));
#16425 = ADVANCED_FACE('',(#16426),#16451,.F.);
#16426 = FACE_BOUND('',#16427,.F.);
#16427 = EDGE_LOOP('',(#16428,#16436,#16437,#16445));
#16428 = ORIENTED_EDGE('',*,*,#16429,.F.);
#16429 = EDGE_CURVE('',#14510,#16430,#16432,.T.);
#16430 = VERTEX_POINT('',#16431);
#16431 = CARTESIAN_POINT('',(0.16,-10.32,-3.));
#16432 = LINE('',#16433,#16434);
#16433 = CARTESIAN_POINT('',(0.16,-10.32,-3.));
#16434 = VECTOR('',#16435,1.);
#16435 = DIRECTION('',(-0.57735026919,0.57735026919,-0.57735026919));
#16436 = ORIENTED_EDGE('',*,*,#14517,.T.);
#16437 = ORIENTED_EDGE('',*,*,#16438,.T.);
#16438 = EDGE_CURVE('',#14518,#16439,#16441,.T.);
#16439 = VERTEX_POINT('',#16440);
#16440 = CARTESIAN_POINT('',(0.16,-10.,-3.));
#16441 = LINE('',#16442,#16443);
#16442 = CARTESIAN_POINT('',(5.333333333333E-02,-10.10666666666,
    -3.106666666667));
#16443 = VECTOR('',#16444,1.);
#16444 = DIRECTION('',(-0.57735026919,-0.57735026919,-0.57735026919));
#16445 = ORIENTED_EDGE('',*,*,#16446,.F.);
#16446 = EDGE_CURVE('',#16430,#16439,#16447,.T.);
#16447 = LINE('',#16448,#16449);
#16448 = CARTESIAN_POINT('',(0.16,-10.48,-3.));
#16449 = VECTOR('',#16450,1.);
#16450 = DIRECTION('',(0.,1.,0.));
#16451 = PLANE('',#16452);
#16452 = AXIS2_PLACEMENT_3D('',#16453,#16454,#16455);
#16453 = CARTESIAN_POINT('',(0.24,-10.48,-2.92));
#16454 = DIRECTION('',(-0.707106781187,1.735167508357E-18,0.707106781187
    ));
#16455 = DIRECTION('',(1.226948711654E-18,1.,-1.226948711654E-18));
#16456 = ADVANCED_FACE('',(#16457),#16475,.F.);
#16457 = FACE_BOUND('',#16458,.T.);
#16458 = EDGE_LOOP('',(#16459,#16467,#16468,#16469));
#16459 = ORIENTED_EDGE('',*,*,#16460,.F.);
#16460 = EDGE_CURVE('',#14542,#16461,#16463,.T.);
#16461 = VERTEX_POINT('',#16462);
#16462 = CARTESIAN_POINT('',(-0.16,-10.,-3.));
#16463 = LINE('',#16464,#16465);
#16464 = CARTESIAN_POINT('',(-0.16,-10.,-3.));
#16465 = VECTOR('',#16466,1.);
#16466 = DIRECTION('',(0.57735026919,-0.57735026919,-0.57735026919));
#16467 = ORIENTED_EDGE('',*,*,#14541,.T.);
#16468 = ORIENTED_EDGE('',*,*,#16438,.T.);
#16469 = ORIENTED_EDGE('',*,*,#16470,.F.);
#16470 = EDGE_CURVE('',#16461,#16439,#16471,.T.);
#16471 = LINE('',#16472,#16473);
#16472 = CARTESIAN_POINT('',(-0.32,-10.,-3.));
#16473 = VECTOR('',#16474,1.);
#16474 = DIRECTION('',(1.,0.,0.));
#16475 = PLANE('',#16476);
#16476 = AXIS2_PLACEMENT_3D('',#16477,#16478,#16479);
#16477 = CARTESIAN_POINT('',(-0.32,-9.92,-2.92));
#16478 = DIRECTION('',(-1.735167508357E-18,-0.707106781187,
    0.707106781187));
#16479 = DIRECTION('',(-1.,1.226948711654E-18,-1.226948711654E-18));
#16480 = ADVANCED_FACE('',(#16481),#16499,.T.);
#16481 = FACE_BOUND('',#16482,.T.);
#16482 = EDGE_LOOP('',(#16483,#16491,#16492,#16493));
#16483 = ORIENTED_EDGE('',*,*,#16484,.F.);
#16484 = EDGE_CURVE('',#14565,#16485,#16487,.T.);
#16485 = VERTEX_POINT('',#16486);
#16486 = CARTESIAN_POINT('',(-0.16,-10.32,-3.));
#16487 = LINE('',#16488,#16489);
#16488 = CARTESIAN_POINT('',(-0.266666666667,-10.42666666666,
    -2.893333333333));
#16489 = VECTOR('',#16490,1.);
#16490 = DIRECTION('',(0.57735026919,0.57735026919,-0.57735026919));
#16491 = ORIENTED_EDGE('',*,*,#14572,.T.);
#16492 = ORIENTED_EDGE('',*,*,#16460,.T.);
#16493 = ORIENTED_EDGE('',*,*,#16494,.F.);
#16494 = EDGE_CURVE('',#16485,#16461,#16495,.T.);
#16495 = LINE('',#16496,#16497);
#16496 = CARTESIAN_POINT('',(-0.16,-10.48,-3.));
#16497 = VECTOR('',#16498,1.);
#16498 = DIRECTION('',(0.,1.,0.));
#16499 = PLANE('',#16500);
#16500 = AXIS2_PLACEMENT_3D('',#16501,#16502,#16503);
#16501 = CARTESIAN_POINT('',(-0.24,-10.48,-2.92));
#16502 = DIRECTION('',(-0.707106781187,-1.735167508357E-18,
    -0.707106781187));
#16503 = DIRECTION('',(-1.226948711654E-18,1.,-1.226948711654E-18));
#16504 = ADVANCED_FACE('',(#16505),#16516,.T.);
#16505 = FACE_BOUND('',#16506,.F.);
#16506 = EDGE_LOOP('',(#16507,#16508,#16509,#16510));
#16507 = ORIENTED_EDGE('',*,*,#16484,.F.);
#16508 = ORIENTED_EDGE('',*,*,#14589,.T.);
#16509 = ORIENTED_EDGE('',*,*,#16429,.T.);
#16510 = ORIENTED_EDGE('',*,*,#16511,.F.);
#16511 = EDGE_CURVE('',#16485,#16430,#16512,.T.);
#16512 = LINE('',#16513,#16514);
#16513 = CARTESIAN_POINT('',(-0.32,-10.32,-3.));
#16514 = VECTOR('',#16515,1.);
#16515 = DIRECTION('',(1.,0.,0.));
#16516 = PLANE('',#16517);
#16517 = AXIS2_PLACEMENT_3D('',#16518,#16519,#16520);
#16518 = CARTESIAN_POINT('',(-0.32,-10.4,-2.92));
#16519 = DIRECTION('',(1.735167508357E-18,-0.707106781187,
    -0.707106781187));
#16520 = DIRECTION('',(-1.,-1.226948711654E-18,-1.226948711654E-18));
#16521 = ADVANCED_FACE('',(#16522),#16547,.F.);
#16522 = FACE_BOUND('',#16523,.F.);
#16523 = EDGE_LOOP('',(#16524,#16532,#16533,#16541));
#16524 = ORIENTED_EDGE('',*,*,#16525,.F.);
#16525 = EDGE_CURVE('',#14606,#16526,#16528,.T.);
#16526 = VERTEX_POINT('',#16527);
#16527 = CARTESIAN_POINT('',(0.16,-7.78,-3.));
#16528 = LINE('',#16529,#16530);
#16529 = CARTESIAN_POINT('',(0.16,-7.78,-3.));
#16530 = VECTOR('',#16531,1.);
#16531 = DIRECTION('',(-0.57735026919,0.57735026919,-0.57735026919));
#16532 = ORIENTED_EDGE('',*,*,#14613,.T.);
#16533 = ORIENTED_EDGE('',*,*,#16534,.T.);
#16534 = EDGE_CURVE('',#14614,#16535,#16537,.T.);
#16535 = VERTEX_POINT('',#16536);
#16536 = CARTESIAN_POINT('',(0.16,-7.46,-3.));
#16537 = LINE('',#16538,#16539);
#16538 = CARTESIAN_POINT('',(5.333333333333E-02,-7.566666666667,
    -3.106666666667));
#16539 = VECTOR('',#16540,1.);
#16540 = DIRECTION('',(-0.57735026919,-0.57735026919,-0.57735026919));
#16541 = ORIENTED_EDGE('',*,*,#16542,.F.);
#16542 = EDGE_CURVE('',#16526,#16535,#16543,.T.);
#16543 = LINE('',#16544,#16545);
#16544 = CARTESIAN_POINT('',(0.16,-7.94,-3.));
#16545 = VECTOR('',#16546,1.);
#16546 = DIRECTION('',(0.,1.,0.));
#16547 = PLANE('',#16548);
#16548 = AXIS2_PLACEMENT_3D('',#16549,#16550,#16551);
#16549 = CARTESIAN_POINT('',(0.24,-7.94,-2.92));
#16550 = DIRECTION('',(-0.707106781187,1.735167508357E-18,0.707106781187
    ));
#16551 = DIRECTION('',(1.226948711654E-18,1.,-1.226948711654E-18));
#16552 = ADVANCED_FACE('',(#16553),#16571,.F.);
#16553 = FACE_BOUND('',#16554,.T.);
#16554 = EDGE_LOOP('',(#16555,#16563,#16564,#16565));
#16555 = ORIENTED_EDGE('',*,*,#16556,.F.);
#16556 = EDGE_CURVE('',#14638,#16557,#16559,.T.);
#16557 = VERTEX_POINT('',#16558);
#16558 = CARTESIAN_POINT('',(-0.16,-7.46,-3.));
#16559 = LINE('',#16560,#16561);
#16560 = CARTESIAN_POINT('',(-0.16,-7.46,-3.));
#16561 = VECTOR('',#16562,1.);
#16562 = DIRECTION('',(0.57735026919,-0.57735026919,-0.57735026919));
#16563 = ORIENTED_EDGE('',*,*,#14637,.T.);
#16564 = ORIENTED_EDGE('',*,*,#16534,.T.);
#16565 = ORIENTED_EDGE('',*,*,#16566,.F.);
#16566 = EDGE_CURVE('',#16557,#16535,#16567,.T.);
#16567 = LINE('',#16568,#16569);
#16568 = CARTESIAN_POINT('',(-0.32,-7.46,-3.));
#16569 = VECTOR('',#16570,1.);
#16570 = DIRECTION('',(1.,0.,0.));
#16571 = PLANE('',#16572);
#16572 = AXIS2_PLACEMENT_3D('',#16573,#16574,#16575);
#16573 = CARTESIAN_POINT('',(-0.32,-7.38,-2.92));
#16574 = DIRECTION('',(-1.735167508357E-18,-0.707106781187,
    0.707106781187));
#16575 = DIRECTION('',(-1.,1.226948711654E-18,-1.226948711654E-18));
#16576 = ADVANCED_FACE('',(#16577),#16595,.T.);
#16577 = FACE_BOUND('',#16578,.T.);
#16578 = EDGE_LOOP('',(#16579,#16587,#16588,#16589));
#16579 = ORIENTED_EDGE('',*,*,#16580,.F.);
#16580 = EDGE_CURVE('',#14661,#16581,#16583,.T.);
#16581 = VERTEX_POINT('',#16582);
#16582 = CARTESIAN_POINT('',(-0.16,-7.78,-3.));
#16583 = LINE('',#16584,#16585);
#16584 = CARTESIAN_POINT('',(-0.266666666667,-7.886666666667,
    -2.893333333333));
#16585 = VECTOR('',#16586,1.);
#16586 = DIRECTION('',(0.57735026919,0.57735026919,-0.57735026919));
#16587 = ORIENTED_EDGE('',*,*,#14668,.T.);
#16588 = ORIENTED_EDGE('',*,*,#16556,.T.);
#16589 = ORIENTED_EDGE('',*,*,#16590,.F.);
#16590 = EDGE_CURVE('',#16581,#16557,#16591,.T.);
#16591 = LINE('',#16592,#16593);
#16592 = CARTESIAN_POINT('',(-0.16,-7.94,-3.));
#16593 = VECTOR('',#16594,1.);
#16594 = DIRECTION('',(0.,1.,0.));
#16595 = PLANE('',#16596);
#16596 = AXIS2_PLACEMENT_3D('',#16597,#16598,#16599);
#16597 = CARTESIAN_POINT('',(-0.24,-7.94,-2.92));
#16598 = DIRECTION('',(-0.707106781187,-1.735167508357E-18,
    -0.707106781187));
#16599 = DIRECTION('',(-1.226948711654E-18,1.,-1.226948711654E-18));
#16600 = ADVANCED_FACE('',(#16601),#16612,.T.);
#16601 = FACE_BOUND('',#16602,.F.);
#16602 = EDGE_LOOP('',(#16603,#16604,#16605,#16606));
#16603 = ORIENTED_EDGE('',*,*,#16580,.F.);
#16604 = ORIENTED_EDGE('',*,*,#14685,.T.);
#16605 = ORIENTED_EDGE('',*,*,#16525,.T.);
#16606 = ORIENTED_EDGE('',*,*,#16607,.F.);
#16607 = EDGE_CURVE('',#16581,#16526,#16608,.T.);
#16608 = LINE('',#16609,#16610);
#16609 = CARTESIAN_POINT('',(-0.32,-7.78,-3.));
#16610 = VECTOR('',#16611,1.);
#16611 = DIRECTION('',(1.,0.,0.));
#16612 = PLANE('',#16613);
#16613 = AXIS2_PLACEMENT_3D('',#16614,#16615,#16616);
#16614 = CARTESIAN_POINT('',(-0.32,-7.86,-2.92));
#16615 = DIRECTION('',(1.735167508357E-18,-0.707106781187,
    -0.707106781187));
#16616 = DIRECTION('',(-1.,-1.226948711654E-18,-1.226948711654E-18));
#16617 = ADVANCED_FACE('',(#16618),#16643,.T.);
#16618 = FACE_BOUND('',#16619,.F.);
#16619 = EDGE_LOOP('',(#16620,#16628,#16629,#16637));
#16620 = ORIENTED_EDGE('',*,*,#16621,.F.);
#16621 = EDGE_CURVE('',#14710,#16622,#16624,.T.);
#16622 = VERTEX_POINT('',#16623);
#16623 = CARTESIAN_POINT('',(-0.16,-17.94,-3.));
#16624 = LINE('',#16625,#16626);
#16625 = CARTESIAN_POINT('',(-0.266666666667,-18.04666666666,
    -2.893333333333));
#16626 = VECTOR('',#16627,1.);
#16627 = DIRECTION('',(0.57735026919,0.57735026919,-0.57735026919));
#16628 = ORIENTED_EDGE('',*,*,#14709,.T.);
#16629 = ORIENTED_EDGE('',*,*,#16630,.T.);
#16630 = EDGE_CURVE('',#14702,#16631,#16633,.T.);
#16631 = VERTEX_POINT('',#16632);
#16632 = CARTESIAN_POINT('',(0.16,-17.94,-3.));
#16633 = LINE('',#16634,#16635);
#16634 = CARTESIAN_POINT('',(0.16,-17.94,-3.));
#16635 = VECTOR('',#16636,1.);
#16636 = DIRECTION('',(-0.57735026919,0.57735026919,-0.57735026919));
#16637 = ORIENTED_EDGE('',*,*,#16638,.F.);
#16638 = EDGE_CURVE('',#16622,#16631,#16639,.T.);
#16639 = LINE('',#16640,#16641);
#16640 = CARTESIAN_POINT('',(-0.32,-17.94,-3.));
#16641 = VECTOR('',#16642,1.);
#16642 = DIRECTION('',(1.,0.,0.));
#16643 = PLANE('',#16644);
#16644 = AXIS2_PLACEMENT_3D('',#16645,#16646,#16647);
#16645 = CARTESIAN_POINT('',(-0.32,-18.02,-2.92));
#16646 = DIRECTION('',(1.735167508357E-18,-0.707106781187,
    -0.707106781187));
#16647 = DIRECTION('',(-1.,-1.226948711654E-18,-1.226948711654E-18));
#16648 = ADVANCED_FACE('',(#16649),#16667,.F.);
#16649 = FACE_BOUND('',#16650,.F.);
#16650 = EDGE_LOOP('',(#16651,#16652,#16653,#16661));
#16651 = ORIENTED_EDGE('',*,*,#16630,.F.);
#16652 = ORIENTED_EDGE('',*,*,#14733,.T.);
#16653 = ORIENTED_EDGE('',*,*,#16654,.T.);
#16654 = EDGE_CURVE('',#14734,#16655,#16657,.T.);
#16655 = VERTEX_POINT('',#16656);
#16656 = CARTESIAN_POINT('',(0.16,-17.62,-3.));
#16657 = LINE('',#16658,#16659);
#16658 = CARTESIAN_POINT('',(5.333333333333E-02,-17.72666666666,
    -3.106666666667));
#16659 = VECTOR('',#16660,1.);
#16660 = DIRECTION('',(-0.57735026919,-0.57735026919,-0.57735026919));
#16661 = ORIENTED_EDGE('',*,*,#16662,.F.);
#16662 = EDGE_CURVE('',#16631,#16655,#16663,.T.);
#16663 = LINE('',#16664,#16665);
#16664 = CARTESIAN_POINT('',(0.16,-18.1,-3.));
#16665 = VECTOR('',#16666,1.);
#16666 = DIRECTION('',(0.,1.,0.));
#16667 = PLANE('',#16668);
#16668 = AXIS2_PLACEMENT_3D('',#16669,#16670,#16671);
#16669 = CARTESIAN_POINT('',(0.24,-18.1,-2.92));
#16670 = DIRECTION('',(-0.707106781187,1.735167508357E-18,0.707106781187
    ));
#16671 = DIRECTION('',(1.226948711654E-18,1.,-1.226948711654E-18));
#16672 = ADVANCED_FACE('',(#16673),#16691,.F.);
#16673 = FACE_BOUND('',#16674,.T.);
#16674 = EDGE_LOOP('',(#16675,#16683,#16684,#16685));
#16675 = ORIENTED_EDGE('',*,*,#16676,.F.);
#16676 = EDGE_CURVE('',#14758,#16677,#16679,.T.);
#16677 = VERTEX_POINT('',#16678);
#16678 = CARTESIAN_POINT('',(-0.16,-17.62,-3.));
#16679 = LINE('',#16680,#16681);
#16680 = CARTESIAN_POINT('',(-0.16,-17.62,-3.));
#16681 = VECTOR('',#16682,1.);
#16682 = DIRECTION('',(0.57735026919,-0.57735026919,-0.57735026919));
#16683 = ORIENTED_EDGE('',*,*,#14757,.T.);
#16684 = ORIENTED_EDGE('',*,*,#16654,.T.);
#16685 = ORIENTED_EDGE('',*,*,#16686,.F.);
#16686 = EDGE_CURVE('',#16677,#16655,#16687,.T.);
#16687 = LINE('',#16688,#16689);
#16688 = CARTESIAN_POINT('',(-0.32,-17.62,-3.));
#16689 = VECTOR('',#16690,1.);
#16690 = DIRECTION('',(1.,0.,0.));
#16691 = PLANE('',#16692);
#16692 = AXIS2_PLACEMENT_3D('',#16693,#16694,#16695);
#16693 = CARTESIAN_POINT('',(-0.32,-17.54,-2.92));
#16694 = DIRECTION('',(-1.735167508357E-18,-0.707106781187,
    0.707106781187));
#16695 = DIRECTION('',(-1.,1.226948711654E-18,-1.226948711654E-18));
#16696 = ADVANCED_FACE('',(#16697),#16708,.T.);
#16697 = FACE_BOUND('',#16698,.T.);
#16698 = EDGE_LOOP('',(#16699,#16700,#16701,#16702));
#16699 = ORIENTED_EDGE('',*,*,#16621,.F.);
#16700 = ORIENTED_EDGE('',*,*,#14781,.T.);
#16701 = ORIENTED_EDGE('',*,*,#16676,.T.);
#16702 = ORIENTED_EDGE('',*,*,#16703,.F.);
#16703 = EDGE_CURVE('',#16622,#16677,#16704,.T.);
#16704 = LINE('',#16705,#16706);
#16705 = CARTESIAN_POINT('',(-0.16,-18.1,-3.));
#16706 = VECTOR('',#16707,1.);
#16707 = DIRECTION('',(0.,1.,0.));
#16708 = PLANE('',#16709);
#16709 = AXIS2_PLACEMENT_3D('',#16710,#16711,#16712);
#16710 = CARTESIAN_POINT('',(-0.24,-18.1,-2.92));
#16711 = DIRECTION('',(-0.707106781187,-1.735167508357E-18,
    -0.707106781187));
#16712 = DIRECTION('',(-1.226948711654E-18,1.,-1.226948711654E-18));
#16713 = ADVANCED_FACE('',(#16714),#16739,.F.);
#16714 = FACE_BOUND('',#16715,.F.);
#16715 = EDGE_LOOP('',(#16716,#16724,#16725,#16733));
#16716 = ORIENTED_EDGE('',*,*,#16717,.F.);
#16717 = EDGE_CURVE('',#14798,#16718,#16720,.T.);
#16718 = VERTEX_POINT('',#16719);
#16719 = CARTESIAN_POINT('',(0.16,-15.4,-3.));
#16720 = LINE('',#16721,#16722);
#16721 = CARTESIAN_POINT('',(0.16,-15.4,-3.));
#16722 = VECTOR('',#16723,1.);
#16723 = DIRECTION('',(-0.57735026919,0.57735026919,-0.57735026919));
#16724 = ORIENTED_EDGE('',*,*,#14805,.T.);
#16725 = ORIENTED_EDGE('',*,*,#16726,.T.);
#16726 = EDGE_CURVE('',#14806,#16727,#16729,.T.);
#16727 = VERTEX_POINT('',#16728);
#16728 = CARTESIAN_POINT('',(0.16,-15.08,-3.));
#16729 = LINE('',#16730,#16731);
#16730 = CARTESIAN_POINT('',(5.333333333333E-02,-15.18666666666,
    -3.106666666667));
#16731 = VECTOR('',#16732,1.);
#16732 = DIRECTION('',(-0.57735026919,-0.57735026919,-0.57735026919));
#16733 = ORIENTED_EDGE('',*,*,#16734,.F.);
#16734 = EDGE_CURVE('',#16718,#16727,#16735,.T.);
#16735 = LINE('',#16736,#16737);
#16736 = CARTESIAN_POINT('',(0.16,-15.56,-3.));
#16737 = VECTOR('',#16738,1.);
#16738 = DIRECTION('',(0.,1.,0.));
#16739 = PLANE('',#16740);
#16740 = AXIS2_PLACEMENT_3D('',#16741,#16742,#16743);
#16741 = CARTESIAN_POINT('',(0.24,-15.56,-2.92));
#16742 = DIRECTION('',(-0.707106781187,1.735167508357E-18,0.707106781187
    ));
#16743 = DIRECTION('',(1.226948711654E-18,1.,-1.226948711654E-18));
#16744 = ADVANCED_FACE('',(#16745),#16763,.F.);
#16745 = FACE_BOUND('',#16746,.T.);
#16746 = EDGE_LOOP('',(#16747,#16755,#16756,#16757));
#16747 = ORIENTED_EDGE('',*,*,#16748,.F.);
#16748 = EDGE_CURVE('',#14830,#16749,#16751,.T.);
#16749 = VERTEX_POINT('',#16750);
#16750 = CARTESIAN_POINT('',(-0.16,-15.08,-3.));
#16751 = LINE('',#16752,#16753);
#16752 = CARTESIAN_POINT('',(-0.16,-15.08,-3.));
#16753 = VECTOR('',#16754,1.);
#16754 = DIRECTION('',(0.57735026919,-0.57735026919,-0.57735026919));
#16755 = ORIENTED_EDGE('',*,*,#14829,.T.);
#16756 = ORIENTED_EDGE('',*,*,#16726,.T.);
#16757 = ORIENTED_EDGE('',*,*,#16758,.F.);
#16758 = EDGE_CURVE('',#16749,#16727,#16759,.T.);
#16759 = LINE('',#16760,#16761);
#16760 = CARTESIAN_POINT('',(-0.32,-15.08,-3.));
#16761 = VECTOR('',#16762,1.);
#16762 = DIRECTION('',(1.,0.,0.));
#16763 = PLANE('',#16764);
#16764 = AXIS2_PLACEMENT_3D('',#16765,#16766,#16767);
#16765 = CARTESIAN_POINT('',(-0.32,-15.,-2.92));
#16766 = DIRECTION('',(-1.735167508357E-18,-0.707106781187,
    0.707106781187));
#16767 = DIRECTION('',(-1.,1.226948711654E-18,-1.226948711654E-18));
#16768 = ADVANCED_FACE('',(#16769),#16787,.T.);
#16769 = FACE_BOUND('',#16770,.T.);
#16770 = EDGE_LOOP('',(#16771,#16779,#16780,#16781));
#16771 = ORIENTED_EDGE('',*,*,#16772,.F.);
#16772 = EDGE_CURVE('',#14853,#16773,#16775,.T.);
#16773 = VERTEX_POINT('',#16774);
#16774 = CARTESIAN_POINT('',(-0.16,-15.4,-3.));
#16775 = LINE('',#16776,#16777);
#16776 = CARTESIAN_POINT('',(-0.266666666667,-15.50666666666,
    -2.893333333333));
#16777 = VECTOR('',#16778,1.);
#16778 = DIRECTION('',(0.57735026919,0.57735026919,-0.57735026919));
#16779 = ORIENTED_EDGE('',*,*,#14860,.T.);
#16780 = ORIENTED_EDGE('',*,*,#16748,.T.);
#16781 = ORIENTED_EDGE('',*,*,#16782,.F.);
#16782 = EDGE_CURVE('',#16773,#16749,#16783,.T.);
#16783 = LINE('',#16784,#16785);
#16784 = CARTESIAN_POINT('',(-0.16,-15.56,-3.));
#16785 = VECTOR('',#16786,1.);
#16786 = DIRECTION('',(0.,1.,0.));
#16787 = PLANE('',#16788);
#16788 = AXIS2_PLACEMENT_3D('',#16789,#16790,#16791);
#16789 = CARTESIAN_POINT('',(-0.24,-15.56,-2.92));
#16790 = DIRECTION('',(-0.707106781187,-1.735167508357E-18,
    -0.707106781187));
#16791 = DIRECTION('',(-1.226948711654E-18,1.,-1.226948711654E-18));
#16792 = ADVANCED_FACE('',(#16793),#16804,.T.);
#16793 = FACE_BOUND('',#16794,.F.);
#16794 = EDGE_LOOP('',(#16795,#16796,#16797,#16798));
#16795 = ORIENTED_EDGE('',*,*,#16772,.F.);
#16796 = ORIENTED_EDGE('',*,*,#14877,.T.);
#16797 = ORIENTED_EDGE('',*,*,#16717,.T.);
#16798 = ORIENTED_EDGE('',*,*,#16799,.F.);
#16799 = EDGE_CURVE('',#16773,#16718,#16800,.T.);
#16800 = LINE('',#16801,#16802);
#16801 = CARTESIAN_POINT('',(-0.32,-15.4,-3.));
#16802 = VECTOR('',#16803,1.);
#16803 = DIRECTION('',(1.,0.,0.));
#16804 = PLANE('',#16805);
#16805 = AXIS2_PLACEMENT_3D('',#16806,#16807,#16808);
#16806 = CARTESIAN_POINT('',(-0.32,-15.48,-2.92));
#16807 = DIRECTION('',(1.735167508357E-18,-0.707106781187,
    -0.707106781187));
#16808 = DIRECTION('',(-1.,-1.226948711654E-18,-1.226948711654E-18));
#16809 = ADVANCED_FACE('',(#16810),#16835,.F.);
#16810 = FACE_BOUND('',#16811,.F.);
#16811 = EDGE_LOOP('',(#16812,#16820,#16821,#16829));
#16812 = ORIENTED_EDGE('',*,*,#16813,.F.);
#16813 = EDGE_CURVE('',#14894,#16814,#16816,.T.);
#16814 = VERTEX_POINT('',#16815);
#16815 = CARTESIAN_POINT('',(0.16,-23.02,-3.));
#16816 = LINE('',#16817,#16818);
#16817 = CARTESIAN_POINT('',(0.16,-23.02,-3.));
#16818 = VECTOR('',#16819,1.);
#16819 = DIRECTION('',(-0.57735026919,0.57735026919,-0.57735026919));
#16820 = ORIENTED_EDGE('',*,*,#14901,.T.);
#16821 = ORIENTED_EDGE('',*,*,#16822,.T.);
#16822 = EDGE_CURVE('',#14902,#16823,#16825,.T.);
#16823 = VERTEX_POINT('',#16824);
#16824 = CARTESIAN_POINT('',(0.16,-22.7,-3.));
#16825 = LINE('',#16826,#16827);
#16826 = CARTESIAN_POINT('',(5.333333333333E-02,-22.80666666666,
    -3.106666666667));
#16827 = VECTOR('',#16828,1.);
#16828 = DIRECTION('',(-0.57735026919,-0.57735026919,-0.57735026919));
#16829 = ORIENTED_EDGE('',*,*,#16830,.F.);
#16830 = EDGE_CURVE('',#16814,#16823,#16831,.T.);
#16831 = LINE('',#16832,#16833);
#16832 = CARTESIAN_POINT('',(0.16,-23.18,-3.));
#16833 = VECTOR('',#16834,1.);
#16834 = DIRECTION('',(0.,1.,0.));
#16835 = PLANE('',#16836);
#16836 = AXIS2_PLACEMENT_3D('',#16837,#16838,#16839);
#16837 = CARTESIAN_POINT('',(0.24,-23.18,-2.92));
#16838 = DIRECTION('',(-0.707106781187,1.735167508357E-18,0.707106781187
    ));
#16839 = DIRECTION('',(1.226948711654E-18,1.,-1.226948711654E-18));
#16840 = ADVANCED_FACE('',(#16841),#16859,.F.);
#16841 = FACE_BOUND('',#16842,.T.);
#16842 = EDGE_LOOP('',(#16843,#16851,#16852,#16853));
#16843 = ORIENTED_EDGE('',*,*,#16844,.F.);
#16844 = EDGE_CURVE('',#14926,#16845,#16847,.T.);
#16845 = VERTEX_POINT('',#16846);
#16846 = CARTESIAN_POINT('',(-0.16,-22.7,-3.));
#16847 = LINE('',#16848,#16849);
#16848 = CARTESIAN_POINT('',(-0.16,-22.7,-3.));
#16849 = VECTOR('',#16850,1.);
#16850 = DIRECTION('',(0.57735026919,-0.57735026919,-0.57735026919));
#16851 = ORIENTED_EDGE('',*,*,#14925,.T.);
#16852 = ORIENTED_EDGE('',*,*,#16822,.T.);
#16853 = ORIENTED_EDGE('',*,*,#16854,.F.);
#16854 = EDGE_CURVE('',#16845,#16823,#16855,.T.);
#16855 = LINE('',#16856,#16857);
#16856 = CARTESIAN_POINT('',(-0.32,-22.7,-3.));
#16857 = VECTOR('',#16858,1.);
#16858 = DIRECTION('',(1.,0.,0.));
#16859 = PLANE('',#16860);
#16860 = AXIS2_PLACEMENT_3D('',#16861,#16862,#16863);
#16861 = CARTESIAN_POINT('',(-0.32,-22.62,-2.92));
#16862 = DIRECTION('',(-1.735167508357E-18,-0.707106781187,
    0.707106781187));
#16863 = DIRECTION('',(-1.,1.226948711654E-18,-1.226948711654E-18));
#16864 = ADVANCED_FACE('',(#16865),#16883,.T.);
#16865 = FACE_BOUND('',#16866,.T.);
#16866 = EDGE_LOOP('',(#16867,#16875,#16876,#16877));
#16867 = ORIENTED_EDGE('',*,*,#16868,.F.);
#16868 = EDGE_CURVE('',#14949,#16869,#16871,.T.);
#16869 = VERTEX_POINT('',#16870);
#16870 = CARTESIAN_POINT('',(-0.16,-23.02,-3.));
#16871 = LINE('',#16872,#16873);
#16872 = CARTESIAN_POINT('',(-0.266666666667,-23.12666666666,
    -2.893333333333));
#16873 = VECTOR('',#16874,1.);
#16874 = DIRECTION('',(0.57735026919,0.57735026919,-0.57735026919));
#16875 = ORIENTED_EDGE('',*,*,#14956,.T.);
#16876 = ORIENTED_EDGE('',*,*,#16844,.T.);
#16877 = ORIENTED_EDGE('',*,*,#16878,.F.);
#16878 = EDGE_CURVE('',#16869,#16845,#16879,.T.);
#16879 = LINE('',#16880,#16881);
#16880 = CARTESIAN_POINT('',(-0.16,-23.18,-3.));
#16881 = VECTOR('',#16882,1.);
#16882 = DIRECTION('',(0.,1.,0.));
#16883 = PLANE('',#16884);
#16884 = AXIS2_PLACEMENT_3D('',#16885,#16886,#16887);
#16885 = CARTESIAN_POINT('',(-0.24,-23.18,-2.92));
#16886 = DIRECTION('',(-0.707106781187,-1.735167508357E-18,
    -0.707106781187));
#16887 = DIRECTION('',(-1.226948711654E-18,1.,-1.226948711654E-18));
#16888 = ADVANCED_FACE('',(#16889),#16900,.T.);
#16889 = FACE_BOUND('',#16890,.F.);
#16890 = EDGE_LOOP('',(#16891,#16892,#16893,#16894));
#16891 = ORIENTED_EDGE('',*,*,#16868,.F.);
#16892 = ORIENTED_EDGE('',*,*,#14973,.T.);
#16893 = ORIENTED_EDGE('',*,*,#16813,.T.);
#16894 = ORIENTED_EDGE('',*,*,#16895,.F.);
#16895 = EDGE_CURVE('',#16869,#16814,#16896,.T.);
#16896 = LINE('',#16897,#16898);
#16897 = CARTESIAN_POINT('',(-0.32,-23.02,-3.));
#16898 = VECTOR('',#16899,1.);
#16899 = DIRECTION('',(1.,0.,0.));
#16900 = PLANE('',#16901);
#16901 = AXIS2_PLACEMENT_3D('',#16902,#16903,#16904);
#16902 = CARTESIAN_POINT('',(-0.32,-23.1,-2.92));
#16903 = DIRECTION('',(1.735167508357E-18,-0.707106781187,
    -0.707106781187));
#16904 = DIRECTION('',(-1.,-1.226948711654E-18,-1.226948711654E-18));
#16905 = ADVANCED_FACE('',(#16906),#16931,.T.);
#16906 = FACE_BOUND('',#16907,.F.);
#16907 = EDGE_LOOP('',(#16908,#16916,#16917,#16925));
#16908 = ORIENTED_EDGE('',*,*,#16909,.F.);
#16909 = EDGE_CURVE('',#14998,#16910,#16912,.T.);
#16910 = VERTEX_POINT('',#16911);
#16911 = CARTESIAN_POINT('',(-0.16,-20.48,-3.));
#16912 = LINE('',#16913,#16914);
#16913 = CARTESIAN_POINT('',(-0.266666666667,-20.58666666666,
    -2.893333333333));
#16914 = VECTOR('',#16915,1.);
#16915 = DIRECTION('',(0.57735026919,0.57735026919,-0.57735026919));
#16916 = ORIENTED_EDGE('',*,*,#14997,.T.);
#16917 = ORIENTED_EDGE('',*,*,#16918,.T.);
#16918 = EDGE_CURVE('',#14990,#16919,#16921,.T.);
#16919 = VERTEX_POINT('',#16920);
#16920 = CARTESIAN_POINT('',(0.16,-20.48,-3.));
#16921 = LINE('',#16922,#16923);
#16922 = CARTESIAN_POINT('',(0.16,-20.48,-3.));
#16923 = VECTOR('',#16924,1.);
#16924 = DIRECTION('',(-0.57735026919,0.57735026919,-0.57735026919));
#16925 = ORIENTED_EDGE('',*,*,#16926,.F.);
#16926 = EDGE_CURVE('',#16910,#16919,#16927,.T.);
#16927 = LINE('',#16928,#16929);
#16928 = CARTESIAN_POINT('',(-0.32,-20.48,-3.));
#16929 = VECTOR('',#16930,1.);
#16930 = DIRECTION('',(1.,0.,0.));
#16931 = PLANE('',#16932);
#16932 = AXIS2_PLACEMENT_3D('',#16933,#16934,#16935);
#16933 = CARTESIAN_POINT('',(-0.32,-20.56,-2.92));
#16934 = DIRECTION('',(1.735167508357E-18,-0.707106781187,
    -0.707106781187));
#16935 = DIRECTION('',(-1.,-1.226948711654E-18,-1.226948711654E-18));
#16936 = ADVANCED_FACE('',(#16937),#16955,.F.);
#16937 = FACE_BOUND('',#16938,.F.);
#16938 = EDGE_LOOP('',(#16939,#16940,#16941,#16949));
#16939 = ORIENTED_EDGE('',*,*,#16918,.F.);
#16940 = ORIENTED_EDGE('',*,*,#15021,.T.);
#16941 = ORIENTED_EDGE('',*,*,#16942,.T.);
#16942 = EDGE_CURVE('',#15022,#16943,#16945,.T.);
#16943 = VERTEX_POINT('',#16944);
#16944 = CARTESIAN_POINT('',(0.16,-20.16,-3.));
#16945 = LINE('',#16946,#16947);
#16946 = CARTESIAN_POINT('',(5.333333333333E-02,-20.26666666666,
    -3.106666666667));
#16947 = VECTOR('',#16948,1.);
#16948 = DIRECTION('',(-0.57735026919,-0.57735026919,-0.57735026919));
#16949 = ORIENTED_EDGE('',*,*,#16950,.F.);
#16950 = EDGE_CURVE('',#16919,#16943,#16951,.T.);
#16951 = LINE('',#16952,#16953);
#16952 = CARTESIAN_POINT('',(0.16,-20.64,-3.));
#16953 = VECTOR('',#16954,1.);
#16954 = DIRECTION('',(0.,1.,0.));
#16955 = PLANE('',#16956);
#16956 = AXIS2_PLACEMENT_3D('',#16957,#16958,#16959);
#16957 = CARTESIAN_POINT('',(0.24,-20.64,-2.92));
#16958 = DIRECTION('',(-0.707106781187,1.735167508357E-18,0.707106781187
    ));
#16959 = DIRECTION('',(1.226948711654E-18,1.,-1.226948711654E-18));
#16960 = ADVANCED_FACE('',(#16961),#16979,.F.);
#16961 = FACE_BOUND('',#16962,.T.);
#16962 = EDGE_LOOP('',(#16963,#16971,#16972,#16973));
#16963 = ORIENTED_EDGE('',*,*,#16964,.F.);
#16964 = EDGE_CURVE('',#15046,#16965,#16967,.T.);
#16965 = VERTEX_POINT('',#16966);
#16966 = CARTESIAN_POINT('',(-0.16,-20.16,-3.));
#16967 = LINE('',#16968,#16969);
#16968 = CARTESIAN_POINT('',(-0.16,-20.16,-3.));
#16969 = VECTOR('',#16970,1.);
#16970 = DIRECTION('',(0.57735026919,-0.57735026919,-0.57735026919));
#16971 = ORIENTED_EDGE('',*,*,#15045,.T.);
#16972 = ORIENTED_EDGE('',*,*,#16942,.T.);
#16973 = ORIENTED_EDGE('',*,*,#16974,.F.);
#16974 = EDGE_CURVE('',#16965,#16943,#16975,.T.);
#16975 = LINE('',#16976,#16977);
#16976 = CARTESIAN_POINT('',(-0.32,-20.16,-3.));
#16977 = VECTOR('',#16978,1.);
#16978 = DIRECTION('',(1.,0.,0.));
#16979 = PLANE('',#16980);
#16980 = AXIS2_PLACEMENT_3D('',#16981,#16982,#16983);
#16981 = CARTESIAN_POINT('',(-0.32,-20.08,-2.92));
#16982 = DIRECTION('',(-1.735167508357E-18,-0.707106781187,
    0.707106781187));
#16983 = DIRECTION('',(-1.,1.226948711654E-18,-1.226948711654E-18));
#16984 = ADVANCED_FACE('',(#16985),#16996,.T.);
#16985 = FACE_BOUND('',#16986,.T.);
#16986 = EDGE_LOOP('',(#16987,#16988,#16989,#16990));
#16987 = ORIENTED_EDGE('',*,*,#16909,.F.);
#16988 = ORIENTED_EDGE('',*,*,#15069,.T.);
#16989 = ORIENTED_EDGE('',*,*,#16964,.T.);
#16990 = ORIENTED_EDGE('',*,*,#16991,.F.);
#16991 = EDGE_CURVE('',#16910,#16965,#16992,.T.);
#16992 = LINE('',#16993,#16994);
#16993 = CARTESIAN_POINT('',(-0.16,-20.64,-3.));
#16994 = VECTOR('',#16995,1.);
#16995 = DIRECTION('',(0.,1.,0.));
#16996 = PLANE('',#16997);
#16997 = AXIS2_PLACEMENT_3D('',#16998,#16999,#17000);
#16998 = CARTESIAN_POINT('',(-0.24,-20.64,-2.92));
#16999 = DIRECTION('',(-0.707106781187,-1.735167508357E-18,
    -0.707106781187));
#17000 = DIRECTION('',(-1.226948711654E-18,1.,-1.226948711654E-18));
#17001 = ADVANCED_FACE('',(#17002),#17027,.T.);
#17002 = FACE_BOUND('',#17003,.F.);
#17003 = EDGE_LOOP('',(#17004,#17012,#17013,#17021));
#17004 = ORIENTED_EDGE('',*,*,#17005,.F.);
#17005 = EDGE_CURVE('',#15094,#17006,#17008,.T.);
#17006 = VERTEX_POINT('',#17007);
#17007 = CARTESIAN_POINT('',(-0.16,-0.16,-3.));
#17008 = LINE('',#17009,#17010);
#17009 = CARTESIAN_POINT('',(-0.266666666667,-0.266666666667,
    -2.893333333333));
#17010 = VECTOR('',#17011,1.);
#17011 = DIRECTION('',(0.57735026919,0.57735026919,-0.57735026919));
#17012 = ORIENTED_EDGE('',*,*,#15093,.T.);
#17013 = ORIENTED_EDGE('',*,*,#17014,.T.);
#17014 = EDGE_CURVE('',#15086,#17015,#17017,.T.);
#17015 = VERTEX_POINT('',#17016);
#17016 = CARTESIAN_POINT('',(0.16,-0.16,-3.));
#17017 = LINE('',#17018,#17019);
#17018 = CARTESIAN_POINT('',(0.16,-0.16,-3.));
#17019 = VECTOR('',#17020,1.);
#17020 = DIRECTION('',(-0.57735026919,0.57735026919,-0.57735026919));
#17021 = ORIENTED_EDGE('',*,*,#17022,.F.);
#17022 = EDGE_CURVE('',#17006,#17015,#17023,.T.);
#17023 = LINE('',#17024,#17025);
#17024 = CARTESIAN_POINT('',(-0.32,-0.16,-3.));
#17025 = VECTOR('',#17026,1.);
#17026 = DIRECTION('',(1.,0.,0.));
#17027 = PLANE('',#17028);
#17028 = AXIS2_PLACEMENT_3D('',#17029,#17030,#17031);
#17029 = CARTESIAN_POINT('',(-0.32,-0.24,-2.92));
#17030 = DIRECTION('',(1.735167508357E-18,-0.707106781187,
    -0.707106781187));
#17031 = DIRECTION('',(-1.,-1.226948711654E-18,-1.226948711654E-18));
#17032 = ADVANCED_FACE('',(#17033),#17051,.F.);
#17033 = FACE_BOUND('',#17034,.F.);
#17034 = EDGE_LOOP('',(#17035,#17036,#17037,#17045));
#17035 = ORIENTED_EDGE('',*,*,#17014,.F.);
#17036 = ORIENTED_EDGE('',*,*,#15117,.T.);
#17037 = ORIENTED_EDGE('',*,*,#17038,.T.);
#17038 = EDGE_CURVE('',#15118,#17039,#17041,.T.);
#17039 = VERTEX_POINT('',#17040);
#17040 = CARTESIAN_POINT('',(0.16,0.16,-3.));
#17041 = LINE('',#17042,#17043);
#17042 = CARTESIAN_POINT('',(5.333333333333E-02,5.333333333333E-02,
    -3.106666666667));
#17043 = VECTOR('',#17044,1.);
#17044 = DIRECTION('',(-0.57735026919,-0.57735026919,-0.57735026919));
#17045 = ORIENTED_EDGE('',*,*,#17046,.F.);
#17046 = EDGE_CURVE('',#17015,#17039,#17047,.T.);
#17047 = LINE('',#17048,#17049);
#17048 = CARTESIAN_POINT('',(0.16,-0.32,-3.));
#17049 = VECTOR('',#17050,1.);
#17050 = DIRECTION('',(0.,1.,0.));
#17051 = PLANE('',#17052);
#17052 = AXIS2_PLACEMENT_3D('',#17053,#17054,#17055);
#17053 = CARTESIAN_POINT('',(0.24,-0.32,-2.92));
#17054 = DIRECTION('',(-0.707106781187,1.735167508357E-18,0.707106781187
    ));
#17055 = DIRECTION('',(1.226948711654E-18,1.,-1.226948711654E-18));
#17056 = ADVANCED_FACE('',(#17057),#17075,.F.);
#17057 = FACE_BOUND('',#17058,.T.);
#17058 = EDGE_LOOP('',(#17059,#17067,#17068,#17069));
#17059 = ORIENTED_EDGE('',*,*,#17060,.F.);
#17060 = EDGE_CURVE('',#15142,#17061,#17063,.T.);
#17061 = VERTEX_POINT('',#17062);
#17062 = CARTESIAN_POINT('',(-0.16,0.16,-3.));
#17063 = LINE('',#17064,#17065);
#17064 = CARTESIAN_POINT('',(-0.16,0.16,-3.));
#17065 = VECTOR('',#17066,1.);
#17066 = DIRECTION('',(0.57735026919,-0.57735026919,-0.57735026919));
#17067 = ORIENTED_EDGE('',*,*,#15141,.T.);
#17068 = ORIENTED_EDGE('',*,*,#17038,.T.);
#17069 = ORIENTED_EDGE('',*,*,#17070,.F.);
#17070 = EDGE_CURVE('',#17061,#17039,#17071,.T.);
#17071 = LINE('',#17072,#17073);
#17072 = CARTESIAN_POINT('',(-0.32,0.16,-3.));
#17073 = VECTOR('',#17074,1.);
#17074 = DIRECTION('',(1.,0.,0.));
#17075 = PLANE('',#17076);
#17076 = AXIS2_PLACEMENT_3D('',#17077,#17078,#17079);
#17077 = CARTESIAN_POINT('',(-0.32,0.24,-2.92));
#17078 = DIRECTION('',(-1.735167508357E-18,-0.707106781187,
    0.707106781187));
#17079 = DIRECTION('',(-1.,1.226948711654E-18,-1.226948711654E-18));
#17080 = ADVANCED_FACE('',(#17081),#17092,.T.);
#17081 = FACE_BOUND('',#17082,.T.);
#17082 = EDGE_LOOP('',(#17083,#17084,#17085,#17086));
#17083 = ORIENTED_EDGE('',*,*,#17005,.F.);
#17084 = ORIENTED_EDGE('',*,*,#15165,.T.);
#17085 = ORIENTED_EDGE('',*,*,#17060,.T.);
#17086 = ORIENTED_EDGE('',*,*,#17087,.F.);
#17087 = EDGE_CURVE('',#17006,#17061,#17088,.T.);
#17088 = LINE('',#17089,#17090);
#17089 = CARTESIAN_POINT('',(-0.16,-0.32,-3.));
#17090 = VECTOR('',#17091,1.);
#17091 = DIRECTION('',(0.,1.,0.));
#17092 = PLANE('',#17093);
#17093 = AXIS2_PLACEMENT_3D('',#17094,#17095,#17096);
#17094 = CARTESIAN_POINT('',(-0.24,-0.32,-2.92));
#17095 = DIRECTION('',(-0.707106781187,-1.735167508357E-18,
    -0.707106781187));
#17096 = DIRECTION('',(-1.226948711654E-18,1.,-1.226948711654E-18));
#17097 = ADVANCED_FACE('',(#17098),#17123,.F.);
#17098 = FACE_BOUND('',#17099,.F.);
#17099 = EDGE_LOOP('',(#17100,#17108,#17109,#17117));
#17100 = ORIENTED_EDGE('',*,*,#17101,.F.);
#17101 = EDGE_CURVE('',#15182,#17102,#17104,.T.);
#17102 = VERTEX_POINT('',#17103);
#17103 = CARTESIAN_POINT('',(0.16,-2.7,-3.));
#17104 = LINE('',#17105,#17106);
#17105 = CARTESIAN_POINT('',(0.16,-2.7,-3.));
#17106 = VECTOR('',#17107,1.);
#17107 = DIRECTION('',(-0.57735026919,0.57735026919,-0.57735026919));
#17108 = ORIENTED_EDGE('',*,*,#15189,.T.);
#17109 = ORIENTED_EDGE('',*,*,#17110,.T.);
#17110 = EDGE_CURVE('',#15190,#17111,#17113,.T.);
#17111 = VERTEX_POINT('',#17112);
#17112 = CARTESIAN_POINT('',(0.16,-2.38,-3.));
#17113 = LINE('',#17114,#17115);
#17114 = CARTESIAN_POINT('',(5.333333333333E-02,-2.486666666667,
    -3.106666666667));
#17115 = VECTOR('',#17116,1.);
#17116 = DIRECTION('',(-0.57735026919,-0.57735026919,-0.57735026919));
#17117 = ORIENTED_EDGE('',*,*,#17118,.F.);
#17118 = EDGE_CURVE('',#17102,#17111,#17119,.T.);
#17119 = LINE('',#17120,#17121);
#17120 = CARTESIAN_POINT('',(0.16,-2.86,-3.));
#17121 = VECTOR('',#17122,1.);
#17122 = DIRECTION('',(0.,1.,0.));
#17123 = PLANE('',#17124);
#17124 = AXIS2_PLACEMENT_3D('',#17125,#17126,#17127);
#17125 = CARTESIAN_POINT('',(0.24,-2.86,-2.92));
#17126 = DIRECTION('',(-0.707106781187,1.735167508357E-18,0.707106781187
    ));
#17127 = DIRECTION('',(1.226948711654E-18,1.,-1.226948711654E-18));
#17128 = ADVANCED_FACE('',(#17129),#17147,.F.);
#17129 = FACE_BOUND('',#17130,.T.);
#17130 = EDGE_LOOP('',(#17131,#17139,#17140,#17141));
#17131 = ORIENTED_EDGE('',*,*,#17132,.F.);
#17132 = EDGE_CURVE('',#15214,#17133,#17135,.T.);
#17133 = VERTEX_POINT('',#17134);
#17134 = CARTESIAN_POINT('',(-0.16,-2.38,-3.));
#17135 = LINE('',#17136,#17137);
#17136 = CARTESIAN_POINT('',(-0.16,-2.38,-3.));
#17137 = VECTOR('',#17138,1.);
#17138 = DIRECTION('',(0.57735026919,-0.57735026919,-0.57735026919));
#17139 = ORIENTED_EDGE('',*,*,#15213,.T.);
#17140 = ORIENTED_EDGE('',*,*,#17110,.T.);
#17141 = ORIENTED_EDGE('',*,*,#17142,.F.);
#17142 = EDGE_CURVE('',#17133,#17111,#17143,.T.);
#17143 = LINE('',#17144,#17145);
#17144 = CARTESIAN_POINT('',(-0.32,-2.38,-3.));
#17145 = VECTOR('',#17146,1.);
#17146 = DIRECTION('',(1.,0.,0.));
#17147 = PLANE('',#17148);
#17148 = AXIS2_PLACEMENT_3D('',#17149,#17150,#17151);
#17149 = CARTESIAN_POINT('',(-0.32,-2.3,-2.92));
#17150 = DIRECTION('',(-1.735167508357E-18,-0.707106781187,
    0.707106781187));
#17151 = DIRECTION('',(-1.,1.226948711654E-18,-1.226948711654E-18));
#17152 = ADVANCED_FACE('',(#17153),#17171,.T.);
#17153 = FACE_BOUND('',#17154,.T.);
#17154 = EDGE_LOOP('',(#17155,#17163,#17164,#17165));
#17155 = ORIENTED_EDGE('',*,*,#17156,.F.);
#17156 = EDGE_CURVE('',#15237,#17157,#17159,.T.);
#17157 = VERTEX_POINT('',#17158);
#17158 = CARTESIAN_POINT('',(-0.16,-2.7,-3.));
#17159 = LINE('',#17160,#17161);
#17160 = CARTESIAN_POINT('',(-0.266666666667,-2.806666666667,
    -2.893333333333));
#17161 = VECTOR('',#17162,1.);
#17162 = DIRECTION('',(0.57735026919,0.57735026919,-0.57735026919));
#17163 = ORIENTED_EDGE('',*,*,#15244,.T.);
#17164 = ORIENTED_EDGE('',*,*,#17132,.T.);
#17165 = ORIENTED_EDGE('',*,*,#17166,.F.);
#17166 = EDGE_CURVE('',#17157,#17133,#17167,.T.);
#17167 = LINE('',#17168,#17169);
#17168 = CARTESIAN_POINT('',(-0.16,-2.86,-3.));
#17169 = VECTOR('',#17170,1.);
#17170 = DIRECTION('',(0.,1.,0.));
#17171 = PLANE('',#17172);
#17172 = AXIS2_PLACEMENT_3D('',#17173,#17174,#17175);
#17173 = CARTESIAN_POINT('',(-0.24,-2.86,-2.92));
#17174 = DIRECTION('',(-0.707106781187,-1.735167508357E-18,
    -0.707106781187));
#17175 = DIRECTION('',(-1.226948711654E-18,1.,-1.226948711654E-18));
#17176 = ADVANCED_FACE('',(#17177),#17188,.T.);
#17177 = FACE_BOUND('',#17178,.F.);
#17178 = EDGE_LOOP('',(#17179,#17180,#17181,#17182));
#17179 = ORIENTED_EDGE('',*,*,#17156,.F.);
#17180 = ORIENTED_EDGE('',*,*,#15261,.T.);
#17181 = ORIENTED_EDGE('',*,*,#17101,.T.);
#17182 = ORIENTED_EDGE('',*,*,#17183,.F.);
#17183 = EDGE_CURVE('',#17157,#17102,#17184,.T.);
#17184 = LINE('',#17185,#17186);
#17185 = CARTESIAN_POINT('',(-0.32,-2.7,-3.));
#17186 = VECTOR('',#17187,1.);
#17187 = DIRECTION('',(1.,0.,0.));
#17188 = PLANE('',#17189);
#17189 = AXIS2_PLACEMENT_3D('',#17190,#17191,#17192);
#17190 = CARTESIAN_POINT('',(-0.32,-2.78,-2.92));
#17191 = DIRECTION('',(1.735167508357E-18,-0.707106781187,
    -0.707106781187));
#17192 = DIRECTION('',(-1.,-1.226948711654E-18,-1.226948711654E-18));
#17193 = ADVANCED_FACE('',(#17194),#17219,.F.);
#17194 = FACE_BOUND('',#17195,.F.);
#17195 = EDGE_LOOP('',(#17196,#17204,#17205,#17213));
#17196 = ORIENTED_EDGE('',*,*,#17197,.F.);
#17197 = EDGE_CURVE('',#15278,#17198,#17200,.T.);
#17198 = VERTEX_POINT('',#17199);
#17199 = CARTESIAN_POINT('',(0.16,-5.24,-3.));
#17200 = LINE('',#17201,#17202);
#17201 = CARTESIAN_POINT('',(0.16,-5.24,-3.));
#17202 = VECTOR('',#17203,1.);
#17203 = DIRECTION('',(-0.57735026919,0.57735026919,-0.57735026919));
#17204 = ORIENTED_EDGE('',*,*,#15285,.T.);
#17205 = ORIENTED_EDGE('',*,*,#17206,.T.);
#17206 = EDGE_CURVE('',#15286,#17207,#17209,.T.);
#17207 = VERTEX_POINT('',#17208);
#17208 = CARTESIAN_POINT('',(0.16,-4.92,-3.));
#17209 = LINE('',#17210,#17211);
#17210 = CARTESIAN_POINT('',(5.333333333333E-02,-5.026666666667,
    -3.106666666667));
#17211 = VECTOR('',#17212,1.);
#17212 = DIRECTION('',(-0.57735026919,-0.57735026919,-0.57735026919));
#17213 = ORIENTED_EDGE('',*,*,#17214,.F.);
#17214 = EDGE_CURVE('',#17198,#17207,#17215,.T.);
#17215 = LINE('',#17216,#17217);
#17216 = CARTESIAN_POINT('',(0.16,-5.4,-3.));
#17217 = VECTOR('',#17218,1.);
#17218 = DIRECTION('',(0.,1.,0.));
#17219 = PLANE('',#17220);
#17220 = AXIS2_PLACEMENT_3D('',#17221,#17222,#17223);
#17221 = CARTESIAN_POINT('',(0.24,-5.4,-2.92));
#17222 = DIRECTION('',(-0.707106781187,1.735167508357E-18,0.707106781187
    ));
#17223 = DIRECTION('',(1.226948711654E-18,1.,-1.226948711654E-18));
#17224 = ADVANCED_FACE('',(#17225),#17243,.F.);
#17225 = FACE_BOUND('',#17226,.T.);
#17226 = EDGE_LOOP('',(#17227,#17235,#17236,#17237));
#17227 = ORIENTED_EDGE('',*,*,#17228,.F.);
#17228 = EDGE_CURVE('',#15310,#17229,#17231,.T.);
#17229 = VERTEX_POINT('',#17230);
#17230 = CARTESIAN_POINT('',(-0.16,-4.92,-3.));
#17231 = LINE('',#17232,#17233);
#17232 = CARTESIAN_POINT('',(-0.16,-4.92,-3.));
#17233 = VECTOR('',#17234,1.);
#17234 = DIRECTION('',(0.57735026919,-0.57735026919,-0.57735026919));
#17235 = ORIENTED_EDGE('',*,*,#15309,.T.);
#17236 = ORIENTED_EDGE('',*,*,#17206,.T.);
#17237 = ORIENTED_EDGE('',*,*,#17238,.F.);
#17238 = EDGE_CURVE('',#17229,#17207,#17239,.T.);
#17239 = LINE('',#17240,#17241);
#17240 = CARTESIAN_POINT('',(-0.32,-4.92,-3.));
#17241 = VECTOR('',#17242,1.);
#17242 = DIRECTION('',(1.,0.,0.));
#17243 = PLANE('',#17244);
#17244 = AXIS2_PLACEMENT_3D('',#17245,#17246,#17247);
#17245 = CARTESIAN_POINT('',(-0.32,-4.84,-2.92));
#17246 = DIRECTION('',(-1.735167508357E-18,-0.707106781187,
    0.707106781187));
#17247 = DIRECTION('',(-1.,1.226948711654E-18,-1.226948711654E-18));
#17248 = ADVANCED_FACE('',(#17249),#17267,.T.);
#17249 = FACE_BOUND('',#17250,.T.);
#17250 = EDGE_LOOP('',(#17251,#17259,#17260,#17261));
#17251 = ORIENTED_EDGE('',*,*,#17252,.F.);
#17252 = EDGE_CURVE('',#15333,#17253,#17255,.T.);
#17253 = VERTEX_POINT('',#17254);
#17254 = CARTESIAN_POINT('',(-0.16,-5.24,-3.));
#17255 = LINE('',#17256,#17257);
#17256 = CARTESIAN_POINT('',(-0.266666666667,-5.346666666667,
    -2.893333333333));
#17257 = VECTOR('',#17258,1.);
#17258 = DIRECTION('',(0.57735026919,0.57735026919,-0.57735026919));
#17259 = ORIENTED_EDGE('',*,*,#15340,.T.);
#17260 = ORIENTED_EDGE('',*,*,#17228,.T.);
#17261 = ORIENTED_EDGE('',*,*,#17262,.F.);
#17262 = EDGE_CURVE('',#17253,#17229,#17263,.T.);
#17263 = LINE('',#17264,#17265);
#17264 = CARTESIAN_POINT('',(-0.16,-5.4,-3.));
#17265 = VECTOR('',#17266,1.);
#17266 = DIRECTION('',(0.,1.,0.));
#17267 = PLANE('',#17268);
#17268 = AXIS2_PLACEMENT_3D('',#17269,#17270,#17271);
#17269 = CARTESIAN_POINT('',(-0.24,-5.4,-2.92));
#17270 = DIRECTION('',(-0.707106781187,-1.735167508357E-18,
    -0.707106781187));
#17271 = DIRECTION('',(-1.226948711654E-18,1.,-1.226948711654E-18));
#17272 = ADVANCED_FACE('',(#17273),#17284,.T.);
#17273 = FACE_BOUND('',#17274,.F.);
#17274 = EDGE_LOOP('',(#17275,#17276,#17277,#17278));
#17275 = ORIENTED_EDGE('',*,*,#17252,.F.);
#17276 = ORIENTED_EDGE('',*,*,#15357,.T.);
#17277 = ORIENTED_EDGE('',*,*,#17197,.T.);
#17278 = ORIENTED_EDGE('',*,*,#17279,.F.);
#17279 = EDGE_CURVE('',#17253,#17198,#17280,.T.);
#17280 = LINE('',#17281,#17282);
#17281 = CARTESIAN_POINT('',(-0.32,-5.24,-3.));
#17282 = VECTOR('',#17283,1.);
#17283 = DIRECTION('',(1.,0.,0.));
#17284 = PLANE('',#17285);
#17285 = AXIS2_PLACEMENT_3D('',#17286,#17287,#17288);
#17286 = CARTESIAN_POINT('',(-0.32,-5.32,-2.92));
#17287 = DIRECTION('',(1.735167508357E-18,-0.707106781187,
    -0.707106781187));
#17288 = DIRECTION('',(-1.,-1.226948711654E-18,-1.226948711654E-18));
#17289 = ADVANCED_FACE('',(#17290),#17315,.T.);
#17290 = FACE_BOUND('',#17291,.T.);
#17291 = EDGE_LOOP('',(#17292,#17300,#17301,#17309));
#17292 = ORIENTED_EDGE('',*,*,#17293,.F.);
#17293 = EDGE_CURVE('',#15374,#17294,#17296,.T.);
#17294 = VERTEX_POINT('',#17295);
#17295 = CARTESIAN_POINT('',(0.16,-12.86,8.54));
#17296 = LINE('',#17297,#17298);
#17297 = CARTESIAN_POINT('',(0.16,-12.86,8.54));
#17298 = VECTOR('',#17299,1.);
#17299 = DIRECTION('',(-0.57735026919,0.57735026919,0.57735026919));
#17300 = ORIENTED_EDGE('',*,*,#15390,.T.);
#17301 = ORIENTED_EDGE('',*,*,#17302,.T.);
#17302 = EDGE_CURVE('',#15383,#17303,#17305,.T.);
#17303 = VERTEX_POINT('',#17304);
#17304 = CARTESIAN_POINT('',(0.16,-12.54,8.54));
#17305 = LINE('',#17306,#17307);
#17306 = CARTESIAN_POINT('',(5.333333333333E-02,-12.64666666666,
    8.646666666667));
#17307 = VECTOR('',#17308,1.);
#17308 = DIRECTION('',(-0.57735026919,-0.57735026919,0.57735026919));
#17309 = ORIENTED_EDGE('',*,*,#17310,.F.);
#17310 = EDGE_CURVE('',#17294,#17303,#17311,.T.);
#17311 = LINE('',#17312,#17313);
#17312 = CARTESIAN_POINT('',(0.16,-13.02,8.54));
#17313 = VECTOR('',#17314,1.);
#17314 = DIRECTION('',(0.,1.,0.));
#17315 = PLANE('',#17316);
#17316 = AXIS2_PLACEMENT_3D('',#17317,#17318,#17319);
#17317 = CARTESIAN_POINT('',(0.24,-13.02,8.46));
#17318 = DIRECTION('',(0.707106781187,-1.735167508357E-18,0.707106781187
    ));
#17319 = DIRECTION('',(1.226948711654E-18,1.,1.226948711654E-18));
#17320 = ADVANCED_FACE('',(#17321),#17339,.T.);
#17321 = FACE_BOUND('',#17322,.F.);
#17322 = EDGE_LOOP('',(#17323,#17331,#17332,#17333));
#17323 = ORIENTED_EDGE('',*,*,#17324,.F.);
#17324 = EDGE_CURVE('',#15407,#17325,#17327,.T.);
#17325 = VERTEX_POINT('',#17326);
#17326 = CARTESIAN_POINT('',(-0.16,-12.54,8.54));
#17327 = LINE('',#17328,#17329);
#17328 = CARTESIAN_POINT('',(-0.16,-12.54,8.54));
#17329 = VECTOR('',#17330,1.);
#17330 = DIRECTION('',(0.57735026919,-0.57735026919,0.57735026919));
#17331 = ORIENTED_EDGE('',*,*,#15414,.T.);
#17332 = ORIENTED_EDGE('',*,*,#17302,.T.);
#17333 = ORIENTED_EDGE('',*,*,#17334,.F.);
#17334 = EDGE_CURVE('',#17325,#17303,#17335,.T.);
#17335 = LINE('',#17336,#17337);
#17336 = CARTESIAN_POINT('',(-0.32,-12.54,8.54));
#17337 = VECTOR('',#17338,1.);
#17338 = DIRECTION('',(1.,0.,0.));
#17339 = PLANE('',#17340);
#17340 = AXIS2_PLACEMENT_3D('',#17341,#17342,#17343);
#17341 = CARTESIAN_POINT('',(-0.32,-12.46,8.46));
#17342 = DIRECTION('',(1.735167508357E-18,0.707106781187,0.707106781187)
  );
#17343 = DIRECTION('',(-1.,1.226948711654E-18,1.226948711654E-18));
#17344 = ADVANCED_FACE('',(#17345),#17363,.F.);
#17345 = FACE_BOUND('',#17346,.F.);
#17346 = EDGE_LOOP('',(#17347,#17355,#17356,#17357));
#17347 = ORIENTED_EDGE('',*,*,#17348,.F.);
#17348 = EDGE_CURVE('',#15429,#17349,#17351,.T.);
#17349 = VERTEX_POINT('',#17350);
#17350 = CARTESIAN_POINT('',(-0.16,-12.86,8.54));
#17351 = LINE('',#17352,#17353);
#17352 = CARTESIAN_POINT('',(-0.266666666667,-12.96666666666,
    8.433333333333));
#17353 = VECTOR('',#17354,1.);
#17354 = DIRECTION('',(0.57735026919,0.57735026919,0.57735026919));
#17355 = ORIENTED_EDGE('',*,*,#15438,.T.);
#17356 = ORIENTED_EDGE('',*,*,#17324,.T.);
#17357 = ORIENTED_EDGE('',*,*,#17358,.F.);
#17358 = EDGE_CURVE('',#17349,#17325,#17359,.T.);
#17359 = LINE('',#17360,#17361);
#17360 = CARTESIAN_POINT('',(-0.16,-13.02,8.54));
#17361 = VECTOR('',#17362,1.);
#17362 = DIRECTION('',(0.,1.,0.));
#17363 = PLANE('',#17364);
#17364 = AXIS2_PLACEMENT_3D('',#17365,#17366,#17367);
#17365 = CARTESIAN_POINT('',(-0.24,-13.02,8.46));
#17366 = DIRECTION('',(0.707106781187,1.735167508357E-18,-0.707106781187
    ));
#17367 = DIRECTION('',(-1.226948711654E-18,1.,1.226948711654E-18));
#17368 = ADVANCED_FACE('',(#17369),#17380,.F.);
#17369 = FACE_BOUND('',#17370,.T.);
#17370 = EDGE_LOOP('',(#17371,#17372,#17373,#17374));
#17371 = ORIENTED_EDGE('',*,*,#17348,.F.);
#17372 = ORIENTED_EDGE('',*,*,#15455,.T.);
#17373 = ORIENTED_EDGE('',*,*,#17293,.T.);
#17374 = ORIENTED_EDGE('',*,*,#17375,.F.);
#17375 = EDGE_CURVE('',#17349,#17294,#17376,.T.);
#17376 = LINE('',#17377,#17378);
#17377 = CARTESIAN_POINT('',(-0.32,-12.86,8.54));
#17378 = VECTOR('',#17379,1.);
#17379 = DIRECTION('',(1.,0.,0.));
#17380 = PLANE('',#17381);
#17381 = AXIS2_PLACEMENT_3D('',#17382,#17383,#17384);
#17382 = CARTESIAN_POINT('',(-0.32,-12.94,8.46));
#17383 = DIRECTION('',(-1.735167508357E-18,0.707106781187,
    -0.707106781187));
#17384 = DIRECTION('',(-1.,-1.226948711654E-18,1.226948711654E-18));
#17385 = ADVANCED_FACE('',(#17386),#17411,.T.);
#17386 = FACE_BOUND('',#17387,.T.);
#17387 = EDGE_LOOP('',(#17388,#17396,#17397,#17405));
#17388 = ORIENTED_EDGE('',*,*,#17389,.F.);
#17389 = EDGE_CURVE('',#15470,#17390,#17392,.T.);
#17390 = VERTEX_POINT('',#17391);
#17391 = CARTESIAN_POINT('',(0.16,-10.32,8.54));
#17392 = LINE('',#17393,#17394);
#17393 = CARTESIAN_POINT('',(0.16,-10.32,8.54));
#17394 = VECTOR('',#17395,1.);
#17395 = DIRECTION('',(-0.57735026919,0.57735026919,0.57735026919));
#17396 = ORIENTED_EDGE('',*,*,#15486,.T.);
#17397 = ORIENTED_EDGE('',*,*,#17398,.T.);
#17398 = EDGE_CURVE('',#15479,#17399,#17401,.T.);
#17399 = VERTEX_POINT('',#17400);
#17400 = CARTESIAN_POINT('',(0.16,-10.,8.54));
#17401 = LINE('',#17402,#17403);
#17402 = CARTESIAN_POINT('',(5.333333333333E-02,-10.10666666666,
    8.646666666667));
#17403 = VECTOR('',#17404,1.);
#17404 = DIRECTION('',(-0.57735026919,-0.57735026919,0.57735026919));
#17405 = ORIENTED_EDGE('',*,*,#17406,.F.);
#17406 = EDGE_CURVE('',#17390,#17399,#17407,.T.);
#17407 = LINE('',#17408,#17409);
#17408 = CARTESIAN_POINT('',(0.16,-10.48,8.54));
#17409 = VECTOR('',#17410,1.);
#17410 = DIRECTION('',(0.,1.,0.));
#17411 = PLANE('',#17412);
#17412 = AXIS2_PLACEMENT_3D('',#17413,#17414,#17415);
#17413 = CARTESIAN_POINT('',(0.24,-10.48,8.46));
#17414 = DIRECTION('',(0.707106781187,-1.735167508357E-18,0.707106781187
    ));
#17415 = DIRECTION('',(1.226948711654E-18,1.,1.226948711654E-18));
#17416 = ADVANCED_FACE('',(#17417),#17435,.T.);
#17417 = FACE_BOUND('',#17418,.F.);
#17418 = EDGE_LOOP('',(#17419,#17427,#17428,#17429));
#17419 = ORIENTED_EDGE('',*,*,#17420,.F.);
#17420 = EDGE_CURVE('',#15503,#17421,#17423,.T.);
#17421 = VERTEX_POINT('',#17422);
#17422 = CARTESIAN_POINT('',(-0.16,-10.,8.54));
#17423 = LINE('',#17424,#17425);
#17424 = CARTESIAN_POINT('',(-0.16,-10.,8.54));
#17425 = VECTOR('',#17426,1.);
#17426 = DIRECTION('',(0.57735026919,-0.57735026919,0.57735026919));
#17427 = ORIENTED_EDGE('',*,*,#15510,.T.);
#17428 = ORIENTED_EDGE('',*,*,#17398,.T.);
#17429 = ORIENTED_EDGE('',*,*,#17430,.F.);
#17430 = EDGE_CURVE('',#17421,#17399,#17431,.T.);
#17431 = LINE('',#17432,#17433);
#17432 = CARTESIAN_POINT('',(-0.32,-10.,8.54));
#17433 = VECTOR('',#17434,1.);
#17434 = DIRECTION('',(1.,0.,0.));
#17435 = PLANE('',#17436);
#17436 = AXIS2_PLACEMENT_3D('',#17437,#17438,#17439);
#17437 = CARTESIAN_POINT('',(-0.32,-9.92,8.46));
#17438 = DIRECTION('',(1.735167508357E-18,0.707106781187,0.707106781187)
  );
#17439 = DIRECTION('',(-1.,1.226948711654E-18,1.226948711654E-18));
#17440 = ADVANCED_FACE('',(#17441),#17459,.F.);
#17441 = FACE_BOUND('',#17442,.F.);
#17442 = EDGE_LOOP('',(#17443,#17451,#17452,#17453));
#17443 = ORIENTED_EDGE('',*,*,#17444,.F.);
#17444 = EDGE_CURVE('',#15525,#17445,#17447,.T.);
#17445 = VERTEX_POINT('',#17446);
#17446 = CARTESIAN_POINT('',(-0.16,-10.32,8.54));
#17447 = LINE('',#17448,#17449);
#17448 = CARTESIAN_POINT('',(-0.266666666667,-10.42666666666,
    8.433333333333));
#17449 = VECTOR('',#17450,1.);
#17450 = DIRECTION('',(0.57735026919,0.57735026919,0.57735026919));
#17451 = ORIENTED_EDGE('',*,*,#15534,.T.);
#17452 = ORIENTED_EDGE('',*,*,#17420,.T.);
#17453 = ORIENTED_EDGE('',*,*,#17454,.F.);
#17454 = EDGE_CURVE('',#17445,#17421,#17455,.T.);
#17455 = LINE('',#17456,#17457);
#17456 = CARTESIAN_POINT('',(-0.16,-10.48,8.54));
#17457 = VECTOR('',#17458,1.);
#17458 = DIRECTION('',(0.,1.,0.));
#17459 = PLANE('',#17460);
#17460 = AXIS2_PLACEMENT_3D('',#17461,#17462,#17463);
#17461 = CARTESIAN_POINT('',(-0.24,-10.48,8.46));
#17462 = DIRECTION('',(0.707106781187,1.735167508357E-18,-0.707106781187
    ));
#17463 = DIRECTION('',(-1.226948711654E-18,1.,1.226948711654E-18));
#17464 = ADVANCED_FACE('',(#17465),#17476,.F.);
#17465 = FACE_BOUND('',#17466,.T.);
#17466 = EDGE_LOOP('',(#17467,#17468,#17469,#17470));
#17467 = ORIENTED_EDGE('',*,*,#17444,.F.);
#17468 = ORIENTED_EDGE('',*,*,#15551,.T.);
#17469 = ORIENTED_EDGE('',*,*,#17389,.T.);
#17470 = ORIENTED_EDGE('',*,*,#17471,.F.);
#17471 = EDGE_CURVE('',#17445,#17390,#17472,.T.);
#17472 = LINE('',#17473,#17474);
#17473 = CARTESIAN_POINT('',(-0.32,-10.32,8.54));
#17474 = VECTOR('',#17475,1.);
#17475 = DIRECTION('',(1.,0.,0.));
#17476 = PLANE('',#17477);
#17477 = AXIS2_PLACEMENT_3D('',#17478,#17479,#17480);
#17478 = CARTESIAN_POINT('',(-0.32,-10.4,8.46));
#17479 = DIRECTION('',(-1.735167508357E-18,0.707106781187,
    -0.707106781187));
#17480 = DIRECTION('',(-1.,-1.226948711654E-18,1.226948711654E-18));
#17481 = ADVANCED_FACE('',(#17482),#17507,.T.);
#17482 = FACE_BOUND('',#17483,.T.);
#17483 = EDGE_LOOP('',(#17484,#17492,#17493,#17501));
#17484 = ORIENTED_EDGE('',*,*,#17485,.F.);
#17485 = EDGE_CURVE('',#15566,#17486,#17488,.T.);
#17486 = VERTEX_POINT('',#17487);
#17487 = CARTESIAN_POINT('',(0.16,-7.78,8.54));
#17488 = LINE('',#17489,#17490);
#17489 = CARTESIAN_POINT('',(0.16,-7.78,8.54));
#17490 = VECTOR('',#17491,1.);
#17491 = DIRECTION('',(-0.57735026919,0.57735026919,0.57735026919));
#17492 = ORIENTED_EDGE('',*,*,#15582,.T.);
#17493 = ORIENTED_EDGE('',*,*,#17494,.T.);
#17494 = EDGE_CURVE('',#15575,#17495,#17497,.T.);
#17495 = VERTEX_POINT('',#17496);
#17496 = CARTESIAN_POINT('',(0.16,-7.46,8.54));
#17497 = LINE('',#17498,#17499);
#17498 = CARTESIAN_POINT('',(5.333333333333E-02,-7.566666666667,
    8.646666666667));
#17499 = VECTOR('',#17500,1.);
#17500 = DIRECTION('',(-0.57735026919,-0.57735026919,0.57735026919));
#17501 = ORIENTED_EDGE('',*,*,#17502,.F.);
#17502 = EDGE_CURVE('',#17486,#17495,#17503,.T.);
#17503 = LINE('',#17504,#17505);
#17504 = CARTESIAN_POINT('',(0.16,-7.94,8.54));
#17505 = VECTOR('',#17506,1.);
#17506 = DIRECTION('',(0.,1.,0.));
#17507 = PLANE('',#17508);
#17508 = AXIS2_PLACEMENT_3D('',#17509,#17510,#17511);
#17509 = CARTESIAN_POINT('',(0.24,-7.94,8.46));
#17510 = DIRECTION('',(0.707106781187,-1.735167508357E-18,0.707106781187
    ));
#17511 = DIRECTION('',(1.226948711654E-18,1.,1.226948711654E-18));
#17512 = ADVANCED_FACE('',(#17513),#17531,.T.);
#17513 = FACE_BOUND('',#17514,.F.);
#17514 = EDGE_LOOP('',(#17515,#17523,#17524,#17525));
#17515 = ORIENTED_EDGE('',*,*,#17516,.F.);
#17516 = EDGE_CURVE('',#15599,#17517,#17519,.T.);
#17517 = VERTEX_POINT('',#17518);
#17518 = CARTESIAN_POINT('',(-0.16,-7.46,8.54));
#17519 = LINE('',#17520,#17521);
#17520 = CARTESIAN_POINT('',(-0.16,-7.46,8.54));
#17521 = VECTOR('',#17522,1.);
#17522 = DIRECTION('',(0.57735026919,-0.57735026919,0.57735026919));
#17523 = ORIENTED_EDGE('',*,*,#15606,.T.);
#17524 = ORIENTED_EDGE('',*,*,#17494,.T.);
#17525 = ORIENTED_EDGE('',*,*,#17526,.F.);
#17526 = EDGE_CURVE('',#17517,#17495,#17527,.T.);
#17527 = LINE('',#17528,#17529);
#17528 = CARTESIAN_POINT('',(-0.32,-7.46,8.54));
#17529 = VECTOR('',#17530,1.);
#17530 = DIRECTION('',(1.,0.,0.));
#17531 = PLANE('',#17532);
#17532 = AXIS2_PLACEMENT_3D('',#17533,#17534,#17535);
#17533 = CARTESIAN_POINT('',(-0.32,-7.38,8.46));
#17534 = DIRECTION('',(1.735167508357E-18,0.707106781187,0.707106781187)
  );
#17535 = DIRECTION('',(-1.,1.226948711654E-18,1.226948711654E-18));
#17536 = ADVANCED_FACE('',(#17537),#17555,.F.);
#17537 = FACE_BOUND('',#17538,.F.);
#17538 = EDGE_LOOP('',(#17539,#17547,#17548,#17549));
#17539 = ORIENTED_EDGE('',*,*,#17540,.F.);
#17540 = EDGE_CURVE('',#15621,#17541,#17543,.T.);
#17541 = VERTEX_POINT('',#17542);
#17542 = CARTESIAN_POINT('',(-0.16,-7.78,8.54));
#17543 = LINE('',#17544,#17545);
#17544 = CARTESIAN_POINT('',(-0.266666666667,-7.886666666667,
    8.433333333333));
#17545 = VECTOR('',#17546,1.);
#17546 = DIRECTION('',(0.57735026919,0.57735026919,0.57735026919));
#17547 = ORIENTED_EDGE('',*,*,#15630,.T.);
#17548 = ORIENTED_EDGE('',*,*,#17516,.T.);
#17549 = ORIENTED_EDGE('',*,*,#17550,.F.);
#17550 = EDGE_CURVE('',#17541,#17517,#17551,.T.);
#17551 = LINE('',#17552,#17553);
#17552 = CARTESIAN_POINT('',(-0.16,-7.94,8.54));
#17553 = VECTOR('',#17554,1.);
#17554 = DIRECTION('',(0.,1.,0.));
#17555 = PLANE('',#17556);
#17556 = AXIS2_PLACEMENT_3D('',#17557,#17558,#17559);
#17557 = CARTESIAN_POINT('',(-0.24,-7.94,8.46));
#17558 = DIRECTION('',(0.707106781187,1.735167508357E-18,-0.707106781187
    ));
#17559 = DIRECTION('',(-1.226948711654E-18,1.,1.226948711654E-18));
#17560 = ADVANCED_FACE('',(#17561),#17572,.F.);
#17561 = FACE_BOUND('',#17562,.T.);
#17562 = EDGE_LOOP('',(#17563,#17564,#17565,#17566));
#17563 = ORIENTED_EDGE('',*,*,#17540,.F.);
#17564 = ORIENTED_EDGE('',*,*,#15647,.T.);
#17565 = ORIENTED_EDGE('',*,*,#17485,.T.);
#17566 = ORIENTED_EDGE('',*,*,#17567,.F.);
#17567 = EDGE_CURVE('',#17541,#17486,#17568,.T.);
#17568 = LINE('',#17569,#17570);
#17569 = CARTESIAN_POINT('',(-0.32,-7.78,8.54));
#17570 = VECTOR('',#17571,1.);
#17571 = DIRECTION('',(1.,0.,0.));
#17572 = PLANE('',#17573);
#17573 = AXIS2_PLACEMENT_3D('',#17574,#17575,#17576);
#17574 = CARTESIAN_POINT('',(-0.32,-7.86,8.46));
#17575 = DIRECTION('',(-1.735167508357E-18,0.707106781187,
    -0.707106781187));
#17576 = DIRECTION('',(-1.,-1.226948711654E-18,1.226948711654E-18));
#17577 = ADVANCED_FACE('',(#17578),#17603,.F.);
#17578 = FACE_BOUND('',#17579,.T.);
#17579 = EDGE_LOOP('',(#17580,#17588,#17589,#17597));
#17580 = ORIENTED_EDGE('',*,*,#17581,.F.);
#17581 = EDGE_CURVE('',#15671,#17582,#17584,.T.);
#17582 = VERTEX_POINT('',#17583);
#17583 = CARTESIAN_POINT('',(-0.16,-17.94,8.54));
#17584 = LINE('',#17585,#17586);
#17585 = CARTESIAN_POINT('',(-0.266666666667,-18.04666666666,
    8.433333333333));
#17586 = VECTOR('',#17587,1.);
#17587 = DIRECTION('',(0.57735026919,0.57735026919,0.57735026919));
#17588 = ORIENTED_EDGE('',*,*,#15678,.T.);
#17589 = ORIENTED_EDGE('',*,*,#17590,.T.);
#17590 = EDGE_CURVE('',#15662,#17591,#17593,.T.);
#17591 = VERTEX_POINT('',#17592);
#17592 = CARTESIAN_POINT('',(0.16,-17.94,8.54));
#17593 = LINE('',#17594,#17595);
#17594 = CARTESIAN_POINT('',(0.16,-17.94,8.54));
#17595 = VECTOR('',#17596,1.);
#17596 = DIRECTION('',(-0.57735026919,0.57735026919,0.57735026919));
#17597 = ORIENTED_EDGE('',*,*,#17598,.F.);
#17598 = EDGE_CURVE('',#17582,#17591,#17599,.T.);
#17599 = LINE('',#17600,#17601);
#17600 = CARTESIAN_POINT('',(-0.32,-17.94,8.54));
#17601 = VECTOR('',#17602,1.);
#17602 = DIRECTION('',(1.,0.,0.));
#17603 = PLANE('',#17604);
#17604 = AXIS2_PLACEMENT_3D('',#17605,#17606,#17607);
#17605 = CARTESIAN_POINT('',(-0.32,-18.02,8.46));
#17606 = DIRECTION('',(-1.735167508357E-18,0.707106781187,
    -0.707106781187));
#17607 = DIRECTION('',(-1.,-1.226948711654E-18,1.226948711654E-18));
#17608 = ADVANCED_FACE('',(#17609),#17627,.T.);
#17609 = FACE_BOUND('',#17610,.T.);
#17610 = EDGE_LOOP('',(#17611,#17612,#17613,#17621));
#17611 = ORIENTED_EDGE('',*,*,#17590,.F.);
#17612 = ORIENTED_EDGE('',*,*,#15702,.T.);
#17613 = ORIENTED_EDGE('',*,*,#17614,.T.);
#17614 = EDGE_CURVE('',#15695,#17615,#17617,.T.);
#17615 = VERTEX_POINT('',#17616);
#17616 = CARTESIAN_POINT('',(0.16,-17.62,8.54));
#17617 = LINE('',#17618,#17619);
#17618 = CARTESIAN_POINT('',(5.333333333333E-02,-17.72666666666,
    8.646666666667));
#17619 = VECTOR('',#17620,1.);
#17620 = DIRECTION('',(-0.57735026919,-0.57735026919,0.57735026919));
#17621 = ORIENTED_EDGE('',*,*,#17622,.F.);
#17622 = EDGE_CURVE('',#17591,#17615,#17623,.T.);
#17623 = LINE('',#17624,#17625);
#17624 = CARTESIAN_POINT('',(0.16,-18.1,8.54));
#17625 = VECTOR('',#17626,1.);
#17626 = DIRECTION('',(0.,1.,0.));
#17627 = PLANE('',#17628);
#17628 = AXIS2_PLACEMENT_3D('',#17629,#17630,#17631);
#17629 = CARTESIAN_POINT('',(0.24,-18.1,8.46));
#17630 = DIRECTION('',(0.707106781187,-1.735167508357E-18,0.707106781187
    ));
#17631 = DIRECTION('',(1.226948711654E-18,1.,1.226948711654E-18));
#17632 = ADVANCED_FACE('',(#17633),#17651,.T.);
#17633 = FACE_BOUND('',#17634,.F.);
#17634 = EDGE_LOOP('',(#17635,#17643,#17644,#17645));
#17635 = ORIENTED_EDGE('',*,*,#17636,.F.);
#17636 = EDGE_CURVE('',#15719,#17637,#17639,.T.);
#17637 = VERTEX_POINT('',#17638);
#17638 = CARTESIAN_POINT('',(-0.16,-17.62,8.54));
#17639 = LINE('',#17640,#17641);
#17640 = CARTESIAN_POINT('',(-0.16,-17.62,8.54));
#17641 = VECTOR('',#17642,1.);
#17642 = DIRECTION('',(0.57735026919,-0.57735026919,0.57735026919));
#17643 = ORIENTED_EDGE('',*,*,#15726,.T.);
#17644 = ORIENTED_EDGE('',*,*,#17614,.T.);
#17645 = ORIENTED_EDGE('',*,*,#17646,.F.);
#17646 = EDGE_CURVE('',#17637,#17615,#17647,.T.);
#17647 = LINE('',#17648,#17649);
#17648 = CARTESIAN_POINT('',(-0.32,-17.62,8.54));
#17649 = VECTOR('',#17650,1.);
#17650 = DIRECTION('',(1.,0.,0.));
#17651 = PLANE('',#17652);
#17652 = AXIS2_PLACEMENT_3D('',#17653,#17654,#17655);
#17653 = CARTESIAN_POINT('',(-0.32,-17.54,8.46));
#17654 = DIRECTION('',(1.735167508357E-18,0.707106781187,0.707106781187)
  );
#17655 = DIRECTION('',(-1.,1.226948711654E-18,1.226948711654E-18));
#17656 = ADVANCED_FACE('',(#17657),#17668,.F.);
#17657 = FACE_BOUND('',#17658,.F.);
#17658 = EDGE_LOOP('',(#17659,#17660,#17661,#17662));
#17659 = ORIENTED_EDGE('',*,*,#17581,.F.);
#17660 = ORIENTED_EDGE('',*,*,#15743,.T.);
#17661 = ORIENTED_EDGE('',*,*,#17636,.T.);
#17662 = ORIENTED_EDGE('',*,*,#17663,.F.);
#17663 = EDGE_CURVE('',#17582,#17637,#17664,.T.);
#17664 = LINE('',#17665,#17666);
#17665 = CARTESIAN_POINT('',(-0.16,-18.1,8.54));
#17666 = VECTOR('',#17667,1.);
#17667 = DIRECTION('',(0.,1.,0.));
#17668 = PLANE('',#17669);
#17669 = AXIS2_PLACEMENT_3D('',#17670,#17671,#17672);
#17670 = CARTESIAN_POINT('',(-0.24,-18.1,8.46));
#17671 = DIRECTION('',(0.707106781187,1.735167508357E-18,-0.707106781187
    ));
#17672 = DIRECTION('',(-1.226948711654E-18,1.,1.226948711654E-18));
#17673 = ADVANCED_FACE('',(#17674),#17699,.T.);
#17674 = FACE_BOUND('',#17675,.T.);
#17675 = EDGE_LOOP('',(#17676,#17684,#17685,#17693));
#17676 = ORIENTED_EDGE('',*,*,#17677,.F.);
#17677 = EDGE_CURVE('',#15758,#17678,#17680,.T.);
#17678 = VERTEX_POINT('',#17679);
#17679 = CARTESIAN_POINT('',(0.16,-15.4,8.54));
#17680 = LINE('',#17681,#17682);
#17681 = CARTESIAN_POINT('',(0.16,-15.4,8.54));
#17682 = VECTOR('',#17683,1.);
#17683 = DIRECTION('',(-0.57735026919,0.57735026919,0.57735026919));
#17684 = ORIENTED_EDGE('',*,*,#15774,.T.);
#17685 = ORIENTED_EDGE('',*,*,#17686,.T.);
#17686 = EDGE_CURVE('',#15767,#17687,#17689,.T.);
#17687 = VERTEX_POINT('',#17688);
#17688 = CARTESIAN_POINT('',(0.16,-15.08,8.54));
#17689 = LINE('',#17690,#17691);
#17690 = CARTESIAN_POINT('',(5.333333333333E-02,-15.18666666666,
    8.646666666667));
#17691 = VECTOR('',#17692,1.);
#17692 = DIRECTION('',(-0.57735026919,-0.57735026919,0.57735026919));
#17693 = ORIENTED_EDGE('',*,*,#17694,.F.);
#17694 = EDGE_CURVE('',#17678,#17687,#17695,.T.);
#17695 = LINE('',#17696,#17697);
#17696 = CARTESIAN_POINT('',(0.16,-15.56,8.54));
#17697 = VECTOR('',#17698,1.);
#17698 = DIRECTION('',(0.,1.,0.));
#17699 = PLANE('',#17700);
#17700 = AXIS2_PLACEMENT_3D('',#17701,#17702,#17703);
#17701 = CARTESIAN_POINT('',(0.24,-15.56,8.46));
#17702 = DIRECTION('',(0.707106781187,-1.735167508357E-18,0.707106781187
    ));
#17703 = DIRECTION('',(1.226948711654E-18,1.,1.226948711654E-18));
#17704 = ADVANCED_FACE('',(#17705),#17723,.T.);
#17705 = FACE_BOUND('',#17706,.F.);
#17706 = EDGE_LOOP('',(#17707,#17715,#17716,#17717));
#17707 = ORIENTED_EDGE('',*,*,#17708,.F.);
#17708 = EDGE_CURVE('',#15791,#17709,#17711,.T.);
#17709 = VERTEX_POINT('',#17710);
#17710 = CARTESIAN_POINT('',(-0.16,-15.08,8.54));
#17711 = LINE('',#17712,#17713);
#17712 = CARTESIAN_POINT('',(-0.16,-15.08,8.54));
#17713 = VECTOR('',#17714,1.);
#17714 = DIRECTION('',(0.57735026919,-0.57735026919,0.57735026919));
#17715 = ORIENTED_EDGE('',*,*,#15798,.T.);
#17716 = ORIENTED_EDGE('',*,*,#17686,.T.);
#17717 = ORIENTED_EDGE('',*,*,#17718,.F.);
#17718 = EDGE_CURVE('',#17709,#17687,#17719,.T.);
#17719 = LINE('',#17720,#17721);
#17720 = CARTESIAN_POINT('',(-0.32,-15.08,8.54));
#17721 = VECTOR('',#17722,1.);
#17722 = DIRECTION('',(1.,0.,0.));
#17723 = PLANE('',#17724);
#17724 = AXIS2_PLACEMENT_3D('',#17725,#17726,#17727);
#17725 = CARTESIAN_POINT('',(-0.32,-15.,8.46));
#17726 = DIRECTION('',(1.735167508357E-18,0.707106781187,0.707106781187)
  );
#17727 = DIRECTION('',(-1.,1.226948711654E-18,1.226948711654E-18));
#17728 = ADVANCED_FACE('',(#17729),#17747,.F.);
#17729 = FACE_BOUND('',#17730,.F.);
#17730 = EDGE_LOOP('',(#17731,#17739,#17740,#17741));
#17731 = ORIENTED_EDGE('',*,*,#17732,.F.);
#17732 = EDGE_CURVE('',#15813,#17733,#17735,.T.);
#17733 = VERTEX_POINT('',#17734);
#17734 = CARTESIAN_POINT('',(-0.16,-15.4,8.54));
#17735 = LINE('',#17736,#17737);
#17736 = CARTESIAN_POINT('',(-0.266666666667,-15.50666666666,
    8.433333333333));
#17737 = VECTOR('',#17738,1.);
#17738 = DIRECTION('',(0.57735026919,0.57735026919,0.57735026919));
#17739 = ORIENTED_EDGE('',*,*,#15822,.T.);
#17740 = ORIENTED_EDGE('',*,*,#17708,.T.);
#17741 = ORIENTED_EDGE('',*,*,#17742,.F.);
#17742 = EDGE_CURVE('',#17733,#17709,#17743,.T.);
#17743 = LINE('',#17744,#17745);
#17744 = CARTESIAN_POINT('',(-0.16,-15.56,8.54));
#17745 = VECTOR('',#17746,1.);
#17746 = DIRECTION('',(0.,1.,0.));
#17747 = PLANE('',#17748);
#17748 = AXIS2_PLACEMENT_3D('',#17749,#17750,#17751);
#17749 = CARTESIAN_POINT('',(-0.24,-15.56,8.46));
#17750 = DIRECTION('',(0.707106781187,1.735167508357E-18,-0.707106781187
    ));
#17751 = DIRECTION('',(-1.226948711654E-18,1.,1.226948711654E-18));
#17752 = ADVANCED_FACE('',(#17753),#17764,.F.);
#17753 = FACE_BOUND('',#17754,.T.);
#17754 = EDGE_LOOP('',(#17755,#17756,#17757,#17758));
#17755 = ORIENTED_EDGE('',*,*,#17732,.F.);
#17756 = ORIENTED_EDGE('',*,*,#15839,.T.);
#17757 = ORIENTED_EDGE('',*,*,#17677,.T.);
#17758 = ORIENTED_EDGE('',*,*,#17759,.F.);
#17759 = EDGE_CURVE('',#17733,#17678,#17760,.T.);
#17760 = LINE('',#17761,#17762);
#17761 = CARTESIAN_POINT('',(-0.32,-15.4,8.54));
#17762 = VECTOR('',#17763,1.);
#17763 = DIRECTION('',(1.,0.,0.));
#17764 = PLANE('',#17765);
#17765 = AXIS2_PLACEMENT_3D('',#17766,#17767,#17768);
#17766 = CARTESIAN_POINT('',(-0.32,-15.48,8.46));
#17767 = DIRECTION('',(-1.735167508357E-18,0.707106781187,
    -0.707106781187));
#17768 = DIRECTION('',(-1.,-1.226948711654E-18,1.226948711654E-18));
#17769 = ADVANCED_FACE('',(#17770),#17795,.T.);
#17770 = FACE_BOUND('',#17771,.T.);
#17771 = EDGE_LOOP('',(#17772,#17780,#17781,#17789));
#17772 = ORIENTED_EDGE('',*,*,#17773,.F.);
#17773 = EDGE_CURVE('',#15854,#17774,#17776,.T.);
#17774 = VERTEX_POINT('',#17775);
#17775 = CARTESIAN_POINT('',(0.16,-23.02,8.54));
#17776 = LINE('',#17777,#17778);
#17777 = CARTESIAN_POINT('',(0.16,-23.02,8.54));
#17778 = VECTOR('',#17779,1.);
#17779 = DIRECTION('',(-0.57735026919,0.57735026919,0.57735026919));
#17780 = ORIENTED_EDGE('',*,*,#15870,.T.);
#17781 = ORIENTED_EDGE('',*,*,#17782,.T.);
#17782 = EDGE_CURVE('',#15863,#17783,#17785,.T.);
#17783 = VERTEX_POINT('',#17784);
#17784 = CARTESIAN_POINT('',(0.16,-22.7,8.54));
#17785 = LINE('',#17786,#17787);
#17786 = CARTESIAN_POINT('',(5.333333333333E-02,-22.80666666666,
    8.646666666667));
#17787 = VECTOR('',#17788,1.);
#17788 = DIRECTION('',(-0.57735026919,-0.57735026919,0.57735026919));
#17789 = ORIENTED_EDGE('',*,*,#17790,.F.);
#17790 = EDGE_CURVE('',#17774,#17783,#17791,.T.);
#17791 = LINE('',#17792,#17793);
#17792 = CARTESIAN_POINT('',(0.16,-23.18,8.54));
#17793 = VECTOR('',#17794,1.);
#17794 = DIRECTION('',(0.,1.,0.));
#17795 = PLANE('',#17796);
#17796 = AXIS2_PLACEMENT_3D('',#17797,#17798,#17799);
#17797 = CARTESIAN_POINT('',(0.24,-23.18,8.46));
#17798 = DIRECTION('',(0.707106781187,-1.735167508357E-18,0.707106781187
    ));
#17799 = DIRECTION('',(1.226948711654E-18,1.,1.226948711654E-18));
#17800 = ADVANCED_FACE('',(#17801),#17819,.T.);
#17801 = FACE_BOUND('',#17802,.F.);
#17802 = EDGE_LOOP('',(#17803,#17811,#17812,#17813));
#17803 = ORIENTED_EDGE('',*,*,#17804,.F.);
#17804 = EDGE_CURVE('',#15887,#17805,#17807,.T.);
#17805 = VERTEX_POINT('',#17806);
#17806 = CARTESIAN_POINT('',(-0.16,-22.7,8.54));
#17807 = LINE('',#17808,#17809);
#17808 = CARTESIAN_POINT('',(-0.16,-22.7,8.54));
#17809 = VECTOR('',#17810,1.);
#17810 = DIRECTION('',(0.57735026919,-0.57735026919,0.57735026919));
#17811 = ORIENTED_EDGE('',*,*,#15894,.T.);
#17812 = ORIENTED_EDGE('',*,*,#17782,.T.);
#17813 = ORIENTED_EDGE('',*,*,#17814,.F.);
#17814 = EDGE_CURVE('',#17805,#17783,#17815,.T.);
#17815 = LINE('',#17816,#17817);
#17816 = CARTESIAN_POINT('',(-0.32,-22.7,8.54));
#17817 = VECTOR('',#17818,1.);
#17818 = DIRECTION('',(1.,0.,0.));
#17819 = PLANE('',#17820);
#17820 = AXIS2_PLACEMENT_3D('',#17821,#17822,#17823);
#17821 = CARTESIAN_POINT('',(-0.32,-22.62,8.46));
#17822 = DIRECTION('',(1.735167508357E-18,0.707106781187,0.707106781187)
  );
#17823 = DIRECTION('',(-1.,1.226948711654E-18,1.226948711654E-18));
#17824 = ADVANCED_FACE('',(#17825),#17843,.F.);
#17825 = FACE_BOUND('',#17826,.F.);
#17826 = EDGE_LOOP('',(#17827,#17835,#17836,#17837));
#17827 = ORIENTED_EDGE('',*,*,#17828,.F.);
#17828 = EDGE_CURVE('',#15909,#17829,#17831,.T.);
#17829 = VERTEX_POINT('',#17830);
#17830 = CARTESIAN_POINT('',(-0.16,-23.02,8.54));
#17831 = LINE('',#17832,#17833);
#17832 = CARTESIAN_POINT('',(-0.266666666667,-23.12666666666,
    8.433333333333));
#17833 = VECTOR('',#17834,1.);
#17834 = DIRECTION('',(0.57735026919,0.57735026919,0.57735026919));
#17835 = ORIENTED_EDGE('',*,*,#15918,.T.);
#17836 = ORIENTED_EDGE('',*,*,#17804,.T.);
#17837 = ORIENTED_EDGE('',*,*,#17838,.F.);
#17838 = EDGE_CURVE('',#17829,#17805,#17839,.T.);
#17839 = LINE('',#17840,#17841);
#17840 = CARTESIAN_POINT('',(-0.16,-23.18,8.54));
#17841 = VECTOR('',#17842,1.);
#17842 = DIRECTION('',(0.,1.,0.));
#17843 = PLANE('',#17844);
#17844 = AXIS2_PLACEMENT_3D('',#17845,#17846,#17847);
#17845 = CARTESIAN_POINT('',(-0.24,-23.18,8.46));
#17846 = DIRECTION('',(0.707106781187,1.735167508357E-18,-0.707106781187
    ));
#17847 = DIRECTION('',(-1.226948711654E-18,1.,1.226948711654E-18));
#17848 = ADVANCED_FACE('',(#17849),#17860,.F.);
#17849 = FACE_BOUND('',#17850,.T.);
#17850 = EDGE_LOOP('',(#17851,#17852,#17853,#17854));
#17851 = ORIENTED_EDGE('',*,*,#17828,.F.);
#17852 = ORIENTED_EDGE('',*,*,#15935,.T.);
#17853 = ORIENTED_EDGE('',*,*,#17773,.T.);
#17854 = ORIENTED_EDGE('',*,*,#17855,.F.);
#17855 = EDGE_CURVE('',#17829,#17774,#17856,.T.);
#17856 = LINE('',#17857,#17858);
#17857 = CARTESIAN_POINT('',(-0.32,-23.02,8.54));
#17858 = VECTOR('',#17859,1.);
#17859 = DIRECTION('',(1.,0.,0.));
#17860 = PLANE('',#17861);
#17861 = AXIS2_PLACEMENT_3D('',#17862,#17863,#17864);
#17862 = CARTESIAN_POINT('',(-0.32,-23.1,8.46));
#17863 = DIRECTION('',(-1.735167508357E-18,0.707106781187,
    -0.707106781187));
#17864 = DIRECTION('',(-1.,-1.226948711654E-18,1.226948711654E-18));
#17865 = ADVANCED_FACE('',(#17866),#17891,.F.);
#17866 = FACE_BOUND('',#17867,.T.);
#17867 = EDGE_LOOP('',(#17868,#17876,#17877,#17885));
#17868 = ORIENTED_EDGE('',*,*,#17869,.F.);
#17869 = EDGE_CURVE('',#15959,#17870,#17872,.T.);
#17870 = VERTEX_POINT('',#17871);
#17871 = CARTESIAN_POINT('',(-0.16,-20.48,8.54));
#17872 = LINE('',#17873,#17874);
#17873 = CARTESIAN_POINT('',(-0.266666666667,-20.58666666666,
    8.433333333333));
#17874 = VECTOR('',#17875,1.);
#17875 = DIRECTION('',(0.57735026919,0.57735026919,0.57735026919));
#17876 = ORIENTED_EDGE('',*,*,#15966,.T.);
#17877 = ORIENTED_EDGE('',*,*,#17878,.T.);
#17878 = EDGE_CURVE('',#15950,#17879,#17881,.T.);
#17879 = VERTEX_POINT('',#17880);
#17880 = CARTESIAN_POINT('',(0.16,-20.48,8.54));
#17881 = LINE('',#17882,#17883);
#17882 = CARTESIAN_POINT('',(0.16,-20.48,8.54));
#17883 = VECTOR('',#17884,1.);
#17884 = DIRECTION('',(-0.57735026919,0.57735026919,0.57735026919));
#17885 = ORIENTED_EDGE('',*,*,#17886,.F.);
#17886 = EDGE_CURVE('',#17870,#17879,#17887,.T.);
#17887 = LINE('',#17888,#17889);
#17888 = CARTESIAN_POINT('',(-0.32,-20.48,8.54));
#17889 = VECTOR('',#17890,1.);
#17890 = DIRECTION('',(1.,0.,0.));
#17891 = PLANE('',#17892);
#17892 = AXIS2_PLACEMENT_3D('',#17893,#17894,#17895);
#17893 = CARTESIAN_POINT('',(-0.32,-20.56,8.46));
#17894 = DIRECTION('',(-1.735167508357E-18,0.707106781187,
    -0.707106781187));
#17895 = DIRECTION('',(-1.,-1.226948711654E-18,1.226948711654E-18));
#17896 = ADVANCED_FACE('',(#17897),#17915,.T.);
#17897 = FACE_BOUND('',#17898,.T.);
#17898 = EDGE_LOOP('',(#17899,#17900,#17901,#17909));
#17899 = ORIENTED_EDGE('',*,*,#17878,.F.);
#17900 = ORIENTED_EDGE('',*,*,#15990,.T.);
#17901 = ORIENTED_EDGE('',*,*,#17902,.T.);
#17902 = EDGE_CURVE('',#15983,#17903,#17905,.T.);
#17903 = VERTEX_POINT('',#17904);
#17904 = CARTESIAN_POINT('',(0.16,-20.16,8.54));
#17905 = LINE('',#17906,#17907);
#17906 = CARTESIAN_POINT('',(5.333333333333E-02,-20.26666666666,
    8.646666666667));
#17907 = VECTOR('',#17908,1.);
#17908 = DIRECTION('',(-0.57735026919,-0.57735026919,0.57735026919));
#17909 = ORIENTED_EDGE('',*,*,#17910,.F.);
#17910 = EDGE_CURVE('',#17879,#17903,#17911,.T.);
#17911 = LINE('',#17912,#17913);
#17912 = CARTESIAN_POINT('',(0.16,-20.64,8.54));
#17913 = VECTOR('',#17914,1.);
#17914 = DIRECTION('',(0.,1.,0.));
#17915 = PLANE('',#17916);
#17916 = AXIS2_PLACEMENT_3D('',#17917,#17918,#17919);
#17917 = CARTESIAN_POINT('',(0.24,-20.64,8.46));
#17918 = DIRECTION('',(0.707106781187,-1.735167508357E-18,0.707106781187
    ));
#17919 = DIRECTION('',(1.226948711654E-18,1.,1.226948711654E-18));
#17920 = ADVANCED_FACE('',(#17921),#17939,.T.);
#17921 = FACE_BOUND('',#17922,.F.);
#17922 = EDGE_LOOP('',(#17923,#17931,#17932,#17933));
#17923 = ORIENTED_EDGE('',*,*,#17924,.F.);
#17924 = EDGE_CURVE('',#16007,#17925,#17927,.T.);
#17925 = VERTEX_POINT('',#17926);
#17926 = CARTESIAN_POINT('',(-0.16,-20.16,8.54));
#17927 = LINE('',#17928,#17929);
#17928 = CARTESIAN_POINT('',(-0.16,-20.16,8.54));
#17929 = VECTOR('',#17930,1.);
#17930 = DIRECTION('',(0.57735026919,-0.57735026919,0.57735026919));
#17931 = ORIENTED_EDGE('',*,*,#16014,.T.);
#17932 = ORIENTED_EDGE('',*,*,#17902,.T.);
#17933 = ORIENTED_EDGE('',*,*,#17934,.F.);
#17934 = EDGE_CURVE('',#17925,#17903,#17935,.T.);
#17935 = LINE('',#17936,#17937);
#17936 = CARTESIAN_POINT('',(-0.32,-20.16,8.54));
#17937 = VECTOR('',#17938,1.);
#17938 = DIRECTION('',(1.,0.,0.));
#17939 = PLANE('',#17940);
#17940 = AXIS2_PLACEMENT_3D('',#17941,#17942,#17943);
#17941 = CARTESIAN_POINT('',(-0.32,-20.08,8.46));
#17942 = DIRECTION('',(1.735167508357E-18,0.707106781187,0.707106781187)
  );
#17943 = DIRECTION('',(-1.,1.226948711654E-18,1.226948711654E-18));
#17944 = ADVANCED_FACE('',(#17945),#17956,.F.);
#17945 = FACE_BOUND('',#17946,.F.);
#17946 = EDGE_LOOP('',(#17947,#17948,#17949,#17950));
#17947 = ORIENTED_EDGE('',*,*,#17869,.F.);
#17948 = ORIENTED_EDGE('',*,*,#16031,.T.);
#17949 = ORIENTED_EDGE('',*,*,#17924,.T.);
#17950 = ORIENTED_EDGE('',*,*,#17951,.F.);
#17951 = EDGE_CURVE('',#17870,#17925,#17952,.T.);
#17952 = LINE('',#17953,#17954);
#17953 = CARTESIAN_POINT('',(-0.16,-20.64,8.54));
#17954 = VECTOR('',#17955,1.);
#17955 = DIRECTION('',(0.,1.,0.));
#17956 = PLANE('',#17957);
#17957 = AXIS2_PLACEMENT_3D('',#17958,#17959,#17960);
#17958 = CARTESIAN_POINT('',(-0.24,-20.64,8.46));
#17959 = DIRECTION('',(0.707106781187,1.735167508357E-18,-0.707106781187
    ));
#17960 = DIRECTION('',(-1.226948711654E-18,1.,1.226948711654E-18));
#17961 = ADVANCED_FACE('',(#17962),#17987,.F.);
#17962 = FACE_BOUND('',#17963,.T.);
#17963 = EDGE_LOOP('',(#17964,#17972,#17973,#17981));
#17964 = ORIENTED_EDGE('',*,*,#17965,.F.);
#17965 = EDGE_CURVE('',#16055,#17966,#17968,.T.);
#17966 = VERTEX_POINT('',#17967);
#17967 = CARTESIAN_POINT('',(-0.16,-0.16,8.54));
#17968 = LINE('',#17969,#17970);
#17969 = CARTESIAN_POINT('',(-0.266666666667,-0.266666666667,
    8.433333333333));
#17970 = VECTOR('',#17971,1.);
#17971 = DIRECTION('',(0.57735026919,0.57735026919,0.57735026919));
#17972 = ORIENTED_EDGE('',*,*,#16062,.T.);
#17973 = ORIENTED_EDGE('',*,*,#17974,.T.);
#17974 = EDGE_CURVE('',#16046,#17975,#17977,.T.);
#17975 = VERTEX_POINT('',#17976);
#17976 = CARTESIAN_POINT('',(0.16,-0.16,8.54));
#17977 = LINE('',#17978,#17979);
#17978 = CARTESIAN_POINT('',(0.16,-0.16,8.54));
#17979 = VECTOR('',#17980,1.);
#17980 = DIRECTION('',(-0.57735026919,0.57735026919,0.57735026919));
#17981 = ORIENTED_EDGE('',*,*,#17982,.F.);
#17982 = EDGE_CURVE('',#17966,#17975,#17983,.T.);
#17983 = LINE('',#17984,#17985);
#17984 = CARTESIAN_POINT('',(-0.32,-0.16,8.54));
#17985 = VECTOR('',#17986,1.);
#17986 = DIRECTION('',(1.,0.,0.));
#17987 = PLANE('',#17988);
#17988 = AXIS2_PLACEMENT_3D('',#17989,#17990,#17991);
#17989 = CARTESIAN_POINT('',(-0.32,-0.24,8.46));
#17990 = DIRECTION('',(-1.735167508357E-18,0.707106781187,
    -0.707106781187));
#17991 = DIRECTION('',(-1.,-1.226948711654E-18,1.226948711654E-18));
#17992 = ADVANCED_FACE('',(#17993),#18011,.T.);
#17993 = FACE_BOUND('',#17994,.T.);
#17994 = EDGE_LOOP('',(#17995,#17996,#17997,#18005));
#17995 = ORIENTED_EDGE('',*,*,#17974,.F.);
#17996 = ORIENTED_EDGE('',*,*,#16086,.T.);
#17997 = ORIENTED_EDGE('',*,*,#17998,.T.);
#17998 = EDGE_CURVE('',#16079,#17999,#18001,.T.);
#17999 = VERTEX_POINT('',#18000);
#18000 = CARTESIAN_POINT('',(0.16,0.16,8.54));
#18001 = LINE('',#18002,#18003);
#18002 = CARTESIAN_POINT('',(5.333333333333E-02,5.333333333333E-02,
    8.646666666667));
#18003 = VECTOR('',#18004,1.);
#18004 = DIRECTION('',(-0.57735026919,-0.57735026919,0.57735026919));
#18005 = ORIENTED_EDGE('',*,*,#18006,.F.);
#18006 = EDGE_CURVE('',#17975,#17999,#18007,.T.);
#18007 = LINE('',#18008,#18009);
#18008 = CARTESIAN_POINT('',(0.16,-0.32,8.54));
#18009 = VECTOR('',#18010,1.);
#18010 = DIRECTION('',(0.,1.,0.));
#18011 = PLANE('',#18012);
#18012 = AXIS2_PLACEMENT_3D('',#18013,#18014,#18015);
#18013 = CARTESIAN_POINT('',(0.24,-0.32,8.46));
#18014 = DIRECTION('',(0.707106781187,-1.735167508357E-18,0.707106781187
    ));
#18015 = DIRECTION('',(1.226948711654E-18,1.,1.226948711654E-18));
#18016 = ADVANCED_FACE('',(#18017),#18035,.T.);
#18017 = FACE_BOUND('',#18018,.F.);
#18018 = EDGE_LOOP('',(#18019,#18027,#18028,#18029));
#18019 = ORIENTED_EDGE('',*,*,#18020,.F.);
#18020 = EDGE_CURVE('',#16103,#18021,#18023,.T.);
#18021 = VERTEX_POINT('',#18022);
#18022 = CARTESIAN_POINT('',(-0.16,0.16,8.54));
#18023 = LINE('',#18024,#18025);
#18024 = CARTESIAN_POINT('',(-0.16,0.16,8.54));
#18025 = VECTOR('',#18026,1.);
#18026 = DIRECTION('',(0.57735026919,-0.57735026919,0.57735026919));
#18027 = ORIENTED_EDGE('',*,*,#16110,.T.);
#18028 = ORIENTED_EDGE('',*,*,#17998,.T.);
#18029 = ORIENTED_EDGE('',*,*,#18030,.F.);
#18030 = EDGE_CURVE('',#18021,#17999,#18031,.T.);
#18031 = LINE('',#18032,#18033);
#18032 = CARTESIAN_POINT('',(-0.32,0.16,8.54));
#18033 = VECTOR('',#18034,1.);
#18034 = DIRECTION('',(1.,0.,0.));
#18035 = PLANE('',#18036);
#18036 = AXIS2_PLACEMENT_3D('',#18037,#18038,#18039);
#18037 = CARTESIAN_POINT('',(-0.32,0.24,8.46));
#18038 = DIRECTION('',(1.735167508357E-18,0.707106781187,0.707106781187)
  );
#18039 = DIRECTION('',(-1.,1.226948711654E-18,1.226948711654E-18));
#18040 = ADVANCED_FACE('',(#18041),#18052,.F.);
#18041 = FACE_BOUND('',#18042,.F.);
#18042 = EDGE_LOOP('',(#18043,#18044,#18045,#18046));
#18043 = ORIENTED_EDGE('',*,*,#17965,.F.);
#18044 = ORIENTED_EDGE('',*,*,#16127,.T.);
#18045 = ORIENTED_EDGE('',*,*,#18020,.T.);
#18046 = ORIENTED_EDGE('',*,*,#18047,.F.);
#18047 = EDGE_CURVE('',#17966,#18021,#18048,.T.);
#18048 = LINE('',#18049,#18050);
#18049 = CARTESIAN_POINT('',(-0.16,-0.32,8.54));
#18050 = VECTOR('',#18051,1.);
#18051 = DIRECTION('',(0.,1.,0.));
#18052 = PLANE('',#18053);
#18053 = AXIS2_PLACEMENT_3D('',#18054,#18055,#18056);
#18054 = CARTESIAN_POINT('',(-0.24,-0.32,8.46));
#18055 = DIRECTION('',(0.707106781187,1.735167508357E-18,-0.707106781187
    ));
#18056 = DIRECTION('',(-1.226948711654E-18,1.,1.226948711654E-18));
#18057 = ADVANCED_FACE('',(#18058),#18083,.T.);
#18058 = FACE_BOUND('',#18059,.T.);
#18059 = EDGE_LOOP('',(#18060,#18068,#18069,#18077));
#18060 = ORIENTED_EDGE('',*,*,#18061,.F.);
#18061 = EDGE_CURVE('',#16142,#18062,#18064,.T.);
#18062 = VERTEX_POINT('',#18063);
#18063 = CARTESIAN_POINT('',(0.16,-2.7,8.54));
#18064 = LINE('',#18065,#18066);
#18065 = CARTESIAN_POINT('',(0.16,-2.7,8.54));
#18066 = VECTOR('',#18067,1.);
#18067 = DIRECTION('',(-0.57735026919,0.57735026919,0.57735026919));
#18068 = ORIENTED_EDGE('',*,*,#16158,.T.);
#18069 = ORIENTED_EDGE('',*,*,#18070,.T.);
#18070 = EDGE_CURVE('',#16151,#18071,#18073,.T.);
#18071 = VERTEX_POINT('',#18072);
#18072 = CARTESIAN_POINT('',(0.16,-2.38,8.54));
#18073 = LINE('',#18074,#18075);
#18074 = CARTESIAN_POINT('',(5.333333333333E-02,-2.486666666667,
    8.646666666667));
#18075 = VECTOR('',#18076,1.);
#18076 = DIRECTION('',(-0.57735026919,-0.57735026919,0.57735026919));
#18077 = ORIENTED_EDGE('',*,*,#18078,.F.);
#18078 = EDGE_CURVE('',#18062,#18071,#18079,.T.);
#18079 = LINE('',#18080,#18081);
#18080 = CARTESIAN_POINT('',(0.16,-2.86,8.54));
#18081 = VECTOR('',#18082,1.);
#18082 = DIRECTION('',(0.,1.,0.));
#18083 = PLANE('',#18084);
#18084 = AXIS2_PLACEMENT_3D('',#18085,#18086,#18087);
#18085 = CARTESIAN_POINT('',(0.24,-2.86,8.46));
#18086 = DIRECTION('',(0.707106781187,-1.735167508357E-18,0.707106781187
    ));
#18087 = DIRECTION('',(1.226948711654E-18,1.,1.226948711654E-18));
#18088 = ADVANCED_FACE('',(#18089),#18107,.T.);
#18089 = FACE_BOUND('',#18090,.F.);
#18090 = EDGE_LOOP('',(#18091,#18099,#18100,#18101));
#18091 = ORIENTED_EDGE('',*,*,#18092,.F.);
#18092 = EDGE_CURVE('',#16175,#18093,#18095,.T.);
#18093 = VERTEX_POINT('',#18094);
#18094 = CARTESIAN_POINT('',(-0.16,-2.38,8.54));
#18095 = LINE('',#18096,#18097);
#18096 = CARTESIAN_POINT('',(-0.16,-2.38,8.54));
#18097 = VECTOR('',#18098,1.);
#18098 = DIRECTION('',(0.57735026919,-0.57735026919,0.57735026919));
#18099 = ORIENTED_EDGE('',*,*,#16182,.T.);
#18100 = ORIENTED_EDGE('',*,*,#18070,.T.);
#18101 = ORIENTED_EDGE('',*,*,#18102,.F.);
#18102 = EDGE_CURVE('',#18093,#18071,#18103,.T.);
#18103 = LINE('',#18104,#18105);
#18104 = CARTESIAN_POINT('',(-0.32,-2.38,8.54));
#18105 = VECTOR('',#18106,1.);
#18106 = DIRECTION('',(1.,0.,0.));
#18107 = PLANE('',#18108);
#18108 = AXIS2_PLACEMENT_3D('',#18109,#18110,#18111);
#18109 = CARTESIAN_POINT('',(-0.32,-2.3,8.46));
#18110 = DIRECTION('',(1.735167508357E-18,0.707106781187,0.707106781187)
  );
#18111 = DIRECTION('',(-1.,1.226948711654E-18,1.226948711654E-18));
#18112 = ADVANCED_FACE('',(#18113),#18131,.F.);
#18113 = FACE_BOUND('',#18114,.F.);
#18114 = EDGE_LOOP('',(#18115,#18123,#18124,#18125));
#18115 = ORIENTED_EDGE('',*,*,#18116,.F.);
#18116 = EDGE_CURVE('',#16197,#18117,#18119,.T.);
#18117 = VERTEX_POINT('',#18118);
#18118 = CARTESIAN_POINT('',(-0.16,-2.7,8.54));
#18119 = LINE('',#18120,#18121);
#18120 = CARTESIAN_POINT('',(-0.266666666667,-2.806666666667,
    8.433333333333));
#18121 = VECTOR('',#18122,1.);
#18122 = DIRECTION('',(0.57735026919,0.57735026919,0.57735026919));
#18123 = ORIENTED_EDGE('',*,*,#16206,.T.);
#18124 = ORIENTED_EDGE('',*,*,#18092,.T.);
#18125 = ORIENTED_EDGE('',*,*,#18126,.F.);
#18126 = EDGE_CURVE('',#18117,#18093,#18127,.T.);
#18127 = LINE('',#18128,#18129);
#18128 = CARTESIAN_POINT('',(-0.16,-2.86,8.54));
#18129 = VECTOR('',#18130,1.);
#18130 = DIRECTION('',(0.,1.,0.));
#18131 = PLANE('',#18132);
#18132 = AXIS2_PLACEMENT_3D('',#18133,#18134,#18135);
#18133 = CARTESIAN_POINT('',(-0.24,-2.86,8.46));
#18134 = DIRECTION('',(0.707106781187,1.735167508357E-18,-0.707106781187
    ));
#18135 = DIRECTION('',(-1.226948711654E-18,1.,1.226948711654E-18));
#18136 = ADVANCED_FACE('',(#18137),#18148,.F.);
#18137 = FACE_BOUND('',#18138,.T.);
#18138 = EDGE_LOOP('',(#18139,#18140,#18141,#18142));
#18139 = ORIENTED_EDGE('',*,*,#18116,.F.);
#18140 = ORIENTED_EDGE('',*,*,#16223,.T.);
#18141 = ORIENTED_EDGE('',*,*,#18061,.T.);
#18142 = ORIENTED_EDGE('',*,*,#18143,.F.);
#18143 = EDGE_CURVE('',#18117,#18062,#18144,.T.);
#18144 = LINE('',#18145,#18146);
#18145 = CARTESIAN_POINT('',(-0.32,-2.7,8.54));
#18146 = VECTOR('',#18147,1.);
#18147 = DIRECTION('',(1.,0.,0.));
#18148 = PLANE('',#18149);
#18149 = AXIS2_PLACEMENT_3D('',#18150,#18151,#18152);
#18150 = CARTESIAN_POINT('',(-0.32,-2.78,8.46));
#18151 = DIRECTION('',(-1.735167508357E-18,0.707106781187,
    -0.707106781187));
#18152 = DIRECTION('',(-1.,-1.226948711654E-18,1.226948711654E-18));
#18153 = ADVANCED_FACE('',(#18154),#18179,.T.);
#18154 = FACE_BOUND('',#18155,.T.);
#18155 = EDGE_LOOP('',(#18156,#18164,#18165,#18173));
#18156 = ORIENTED_EDGE('',*,*,#18157,.F.);
#18157 = EDGE_CURVE('',#16238,#18158,#18160,.T.);
#18158 = VERTEX_POINT('',#18159);
#18159 = CARTESIAN_POINT('',(0.16,-5.24,8.54));
#18160 = LINE('',#18161,#18162);
#18161 = CARTESIAN_POINT('',(0.16,-5.24,8.54));
#18162 = VECTOR('',#18163,1.);
#18163 = DIRECTION('',(-0.57735026919,0.57735026919,0.57735026919));
#18164 = ORIENTED_EDGE('',*,*,#16254,.T.);
#18165 = ORIENTED_EDGE('',*,*,#18166,.T.);
#18166 = EDGE_CURVE('',#16247,#18167,#18169,.T.);
#18167 = VERTEX_POINT('',#18168);
#18168 = CARTESIAN_POINT('',(0.16,-4.92,8.54));
#18169 = LINE('',#18170,#18171);
#18170 = CARTESIAN_POINT('',(5.333333333333E-02,-5.026666666667,
    8.646666666667));
#18171 = VECTOR('',#18172,1.);
#18172 = DIRECTION('',(-0.57735026919,-0.57735026919,0.57735026919));
#18173 = ORIENTED_EDGE('',*,*,#18174,.F.);
#18174 = EDGE_CURVE('',#18158,#18167,#18175,.T.);
#18175 = LINE('',#18176,#18177);
#18176 = CARTESIAN_POINT('',(0.16,-5.4,8.54));
#18177 = VECTOR('',#18178,1.);
#18178 = DIRECTION('',(0.,1.,0.));
#18179 = PLANE('',#18180);
#18180 = AXIS2_PLACEMENT_3D('',#18181,#18182,#18183);
#18181 = CARTESIAN_POINT('',(0.24,-5.4,8.46));
#18182 = DIRECTION('',(0.707106781187,-1.735167508357E-18,0.707106781187
    ));
#18183 = DIRECTION('',(1.226948711654E-18,1.,1.226948711654E-18));
#18184 = ADVANCED_FACE('',(#18185),#18203,.T.);
#18185 = FACE_BOUND('',#18186,.F.);
#18186 = EDGE_LOOP('',(#18187,#18195,#18196,#18197));
#18187 = ORIENTED_EDGE('',*,*,#18188,.F.);
#18188 = EDGE_CURVE('',#16271,#18189,#18191,.T.);
#18189 = VERTEX_POINT('',#18190);
#18190 = CARTESIAN_POINT('',(-0.16,-4.92,8.54));
#18191 = LINE('',#18192,#18193);
#18192 = CARTESIAN_POINT('',(-0.16,-4.92,8.54));
#18193 = VECTOR('',#18194,1.);
#18194 = DIRECTION('',(0.57735026919,-0.57735026919,0.57735026919));
#18195 = ORIENTED_EDGE('',*,*,#16278,.T.);
#18196 = ORIENTED_EDGE('',*,*,#18166,.T.);
#18197 = ORIENTED_EDGE('',*,*,#18198,.F.);
#18198 = EDGE_CURVE('',#18189,#18167,#18199,.T.);
#18199 = LINE('',#18200,#18201);
#18200 = CARTESIAN_POINT('',(-0.32,-4.92,8.54));
#18201 = VECTOR('',#18202,1.);
#18202 = DIRECTION('',(1.,0.,0.));
#18203 = PLANE('',#18204);
#18204 = AXIS2_PLACEMENT_3D('',#18205,#18206,#18207);
#18205 = CARTESIAN_POINT('',(-0.32,-4.84,8.46));
#18206 = DIRECTION('',(1.735167508357E-18,0.707106781187,0.707106781187)
  );
#18207 = DIRECTION('',(-1.,1.226948711654E-18,1.226948711654E-18));
#18208 = ADVANCED_FACE('',(#18209),#18227,.F.);
#18209 = FACE_BOUND('',#18210,.F.);
#18210 = EDGE_LOOP('',(#18211,#18219,#18220,#18221));
#18211 = ORIENTED_EDGE('',*,*,#18212,.F.);
#18212 = EDGE_CURVE('',#16293,#18213,#18215,.T.);
#18213 = VERTEX_POINT('',#18214);
#18214 = CARTESIAN_POINT('',(-0.16,-5.24,8.54));
#18215 = LINE('',#18216,#18217);
#18216 = CARTESIAN_POINT('',(-0.266666666667,-5.346666666667,
    8.433333333333));
#18217 = VECTOR('',#18218,1.);
#18218 = DIRECTION('',(0.57735026919,0.57735026919,0.57735026919));
#18219 = ORIENTED_EDGE('',*,*,#16302,.T.);
#18220 = ORIENTED_EDGE('',*,*,#18188,.T.);
#18221 = ORIENTED_EDGE('',*,*,#18222,.F.);
#18222 = EDGE_CURVE('',#18213,#18189,#18223,.T.);
#18223 = LINE('',#18224,#18225);
#18224 = CARTESIAN_POINT('',(-0.16,-5.4,8.54));
#18225 = VECTOR('',#18226,1.);
#18226 = DIRECTION('',(0.,1.,0.));
#18227 = PLANE('',#18228);
#18228 = AXIS2_PLACEMENT_3D('',#18229,#18230,#18231);
#18229 = CARTESIAN_POINT('',(-0.24,-5.4,8.46));
#18230 = DIRECTION('',(0.707106781187,1.735167508357E-18,-0.707106781187
    ));
#18231 = DIRECTION('',(-1.226948711654E-18,1.,1.226948711654E-18));
#18232 = ADVANCED_FACE('',(#18233),#18244,.F.);
#18233 = FACE_BOUND('',#18234,.T.);
#18234 = EDGE_LOOP('',(#18235,#18236,#18237,#18238));
#18235 = ORIENTED_EDGE('',*,*,#18212,.F.);
#18236 = ORIENTED_EDGE('',*,*,#16319,.T.);
#18237 = ORIENTED_EDGE('',*,*,#18157,.T.);
#18238 = ORIENTED_EDGE('',*,*,#18239,.F.);
#18239 = EDGE_CURVE('',#18213,#18158,#18240,.T.);
#18240 = LINE('',#18241,#18242);
#18241 = CARTESIAN_POINT('',(-0.32,-5.24,8.54));
#18242 = VECTOR('',#18243,1.);
#18243 = DIRECTION('',(1.,0.,0.));
#18244 = PLANE('',#18245);
#18245 = AXIS2_PLACEMENT_3D('',#18246,#18247,#18248);
#18246 = CARTESIAN_POINT('',(-0.32,-5.32,8.46));
#18247 = DIRECTION('',(-1.735167508357E-18,0.707106781187,
    -0.707106781187));
#18248 = DIRECTION('',(-1.,-1.226948711654E-18,1.226948711654E-18));
#18249 = ADVANCED_FACE('',(#18250),#18256,.F.);
#18250 = FACE_BOUND('',#18251,.F.);
#18251 = EDGE_LOOP('',(#18252,#18253,#18254,#18255));
#18252 = ORIENTED_EDGE('',*,*,#16374,.F.);
#18253 = ORIENTED_EDGE('',*,*,#16398,.F.);
#18254 = ORIENTED_EDGE('',*,*,#16415,.T.);
#18255 = ORIENTED_EDGE('',*,*,#16350,.T.);
#18256 = PLANE('',#18257);
#18257 = AXIS2_PLACEMENT_3D('',#18258,#18259,#18260);
#18258 = CARTESIAN_POINT('',(-0.32,-13.02,-3.));
#18259 = DIRECTION('',(0.,0.,1.));
#18260 = DIRECTION('',(1.,0.,-0.));
#18261 = ADVANCED_FACE('',(#18262),#18268,.F.);
#18262 = FACE_BOUND('',#18263,.F.);
#18263 = EDGE_LOOP('',(#18264,#18265,#18266,#18267));
#18264 = ORIENTED_EDGE('',*,*,#16470,.F.);
#18265 = ORIENTED_EDGE('',*,*,#16494,.F.);
#18266 = ORIENTED_EDGE('',*,*,#16511,.T.);
#18267 = ORIENTED_EDGE('',*,*,#16446,.T.);
#18268 = PLANE('',#18269);
#18269 = AXIS2_PLACEMENT_3D('',#18270,#18271,#18272);
#18270 = CARTESIAN_POINT('',(-0.32,-10.48,-3.));
#18271 = DIRECTION('',(0.,0.,1.));
#18272 = DIRECTION('',(1.,0.,-0.));
#18273 = ADVANCED_FACE('',(#18274),#18280,.F.);
#18274 = FACE_BOUND('',#18275,.F.);
#18275 = EDGE_LOOP('',(#18276,#18277,#18278,#18279));
#18276 = ORIENTED_EDGE('',*,*,#16566,.F.);
#18277 = ORIENTED_EDGE('',*,*,#16590,.F.);
#18278 = ORIENTED_EDGE('',*,*,#16607,.T.);
#18279 = ORIENTED_EDGE('',*,*,#16542,.T.);
#18280 = PLANE('',#18281);
#18281 = AXIS2_PLACEMENT_3D('',#18282,#18283,#18284);
#18282 = CARTESIAN_POINT('',(-0.32,-7.94,-3.));
#18283 = DIRECTION('',(0.,0.,1.));
#18284 = DIRECTION('',(1.,0.,-0.));
#18285 = ADVANCED_FACE('',(#18286),#18292,.F.);
#18286 = FACE_BOUND('',#18287,.F.);
#18287 = EDGE_LOOP('',(#18288,#18289,#18290,#18291));
#18288 = ORIENTED_EDGE('',*,*,#16686,.F.);
#18289 = ORIENTED_EDGE('',*,*,#16703,.F.);
#18290 = ORIENTED_EDGE('',*,*,#16638,.T.);
#18291 = ORIENTED_EDGE('',*,*,#16662,.T.);
#18292 = PLANE('',#18293);
#18293 = AXIS2_PLACEMENT_3D('',#18294,#18295,#18296);
#18294 = CARTESIAN_POINT('',(-0.32,-18.1,-3.));
#18295 = DIRECTION('',(0.,0.,1.));
#18296 = DIRECTION('',(1.,0.,-0.));
#18297 = ADVANCED_FACE('',(#18298),#18304,.F.);
#18298 = FACE_BOUND('',#18299,.F.);
#18299 = EDGE_LOOP('',(#18300,#18301,#18302,#18303));
#18300 = ORIENTED_EDGE('',*,*,#16758,.F.);
#18301 = ORIENTED_EDGE('',*,*,#16782,.F.);
#18302 = ORIENTED_EDGE('',*,*,#16799,.T.);
#18303 = ORIENTED_EDGE('',*,*,#16734,.T.);
#18304 = PLANE('',#18305);
#18305 = AXIS2_PLACEMENT_3D('',#18306,#18307,#18308);
#18306 = CARTESIAN_POINT('',(-0.32,-15.56,-3.));
#18307 = DIRECTION('',(0.,0.,1.));
#18308 = DIRECTION('',(1.,0.,-0.));
#18309 = ADVANCED_FACE('',(#18310),#18316,.F.);
#18310 = FACE_BOUND('',#18311,.F.);
#18311 = EDGE_LOOP('',(#18312,#18313,#18314,#18315));
#18312 = ORIENTED_EDGE('',*,*,#16854,.F.);
#18313 = ORIENTED_EDGE('',*,*,#16878,.F.);
#18314 = ORIENTED_EDGE('',*,*,#16895,.T.);
#18315 = ORIENTED_EDGE('',*,*,#16830,.T.);
#18316 = PLANE('',#18317);
#18317 = AXIS2_PLACEMENT_3D('',#18318,#18319,#18320);
#18318 = CARTESIAN_POINT('',(-0.32,-23.18,-3.));
#18319 = DIRECTION('',(0.,0.,1.));
#18320 = DIRECTION('',(1.,0.,-0.));
#18321 = ADVANCED_FACE('',(#18322),#18328,.F.);
#18322 = FACE_BOUND('',#18323,.F.);
#18323 = EDGE_LOOP('',(#18324,#18325,#18326,#18327));
#18324 = ORIENTED_EDGE('',*,*,#16974,.F.);
#18325 = ORIENTED_EDGE('',*,*,#16991,.F.);
#18326 = ORIENTED_EDGE('',*,*,#16926,.T.);
#18327 = ORIENTED_EDGE('',*,*,#16950,.T.);
#18328 = PLANE('',#18329);
#18329 = AXIS2_PLACEMENT_3D('',#18330,#18331,#18332);
#18330 = CARTESIAN_POINT('',(-0.32,-20.64,-3.));
#18331 = DIRECTION('',(0.,0.,1.));
#18332 = DIRECTION('',(1.,0.,-0.));
#18333 = ADVANCED_FACE('',(#18334),#18340,.F.);
#18334 = FACE_BOUND('',#18335,.F.);
#18335 = EDGE_LOOP('',(#18336,#18337,#18338,#18339));
#18336 = ORIENTED_EDGE('',*,*,#17070,.F.);
#18337 = ORIENTED_EDGE('',*,*,#17087,.F.);
#18338 = ORIENTED_EDGE('',*,*,#17022,.T.);
#18339 = ORIENTED_EDGE('',*,*,#17046,.T.);
#18340 = PLANE('',#18341);
#18341 = AXIS2_PLACEMENT_3D('',#18342,#18343,#18344);
#18342 = CARTESIAN_POINT('',(-0.32,-0.32,-3.));
#18343 = DIRECTION('',(0.,0.,1.));
#18344 = DIRECTION('',(1.,0.,-0.));
#18345 = ADVANCED_FACE('',(#18346),#18352,.F.);
#18346 = FACE_BOUND('',#18347,.F.);
#18347 = EDGE_LOOP('',(#18348,#18349,#18350,#18351));
#18348 = ORIENTED_EDGE('',*,*,#17142,.F.);
#18349 = ORIENTED_EDGE('',*,*,#17166,.F.);
#18350 = ORIENTED_EDGE('',*,*,#17183,.T.);
#18351 = ORIENTED_EDGE('',*,*,#17118,.T.);
#18352 = PLANE('',#18353);
#18353 = AXIS2_PLACEMENT_3D('',#18354,#18355,#18356);
#18354 = CARTESIAN_POINT('',(-0.32,-2.86,-3.));
#18355 = DIRECTION('',(0.,0.,1.));
#18356 = DIRECTION('',(1.,0.,-0.));
#18357 = ADVANCED_FACE('',(#18358),#18364,.F.);
#18358 = FACE_BOUND('',#18359,.F.);
#18359 = EDGE_LOOP('',(#18360,#18361,#18362,#18363));
#18360 = ORIENTED_EDGE('',*,*,#17238,.F.);
#18361 = ORIENTED_EDGE('',*,*,#17262,.F.);
#18362 = ORIENTED_EDGE('',*,*,#17279,.T.);
#18363 = ORIENTED_EDGE('',*,*,#17214,.T.);
#18364 = PLANE('',#18365);
#18365 = AXIS2_PLACEMENT_3D('',#18366,#18367,#18368);
#18366 = CARTESIAN_POINT('',(-0.32,-5.4,-3.));
#18367 = DIRECTION('',(0.,0.,1.));
#18368 = DIRECTION('',(1.,0.,-0.));
#18369 = ADVANCED_FACE('',(#18370),#18376,.T.);
#18370 = FACE_BOUND('',#18371,.T.);
#18371 = EDGE_LOOP('',(#18372,#18373,#18374,#18375));
#18372 = ORIENTED_EDGE('',*,*,#17358,.F.);
#18373 = ORIENTED_EDGE('',*,*,#17375,.T.);
#18374 = ORIENTED_EDGE('',*,*,#17310,.T.);
#18375 = ORIENTED_EDGE('',*,*,#17334,.F.);
#18376 = PLANE('',#18377);
#18377 = AXIS2_PLACEMENT_3D('',#18378,#18379,#18380);
#18378 = CARTESIAN_POINT('',(-0.32,-13.02,8.54));
#18379 = DIRECTION('',(0.,0.,1.));
#18380 = DIRECTION('',(1.,0.,-0.));
#18381 = ADVANCED_FACE('',(#18382),#18388,.T.);
#18382 = FACE_BOUND('',#18383,.T.);
#18383 = EDGE_LOOP('',(#18384,#18385,#18386,#18387));
#18384 = ORIENTED_EDGE('',*,*,#17454,.F.);
#18385 = ORIENTED_EDGE('',*,*,#17471,.T.);
#18386 = ORIENTED_EDGE('',*,*,#17406,.T.);
#18387 = ORIENTED_EDGE('',*,*,#17430,.F.);
#18388 = PLANE('',#18389);
#18389 = AXIS2_PLACEMENT_3D('',#18390,#18391,#18392);
#18390 = CARTESIAN_POINT('',(-0.32,-10.48,8.54));
#18391 = DIRECTION('',(0.,0.,1.));
#18392 = DIRECTION('',(1.,0.,-0.));
#18393 = ADVANCED_FACE('',(#18394),#18400,.T.);
#18394 = FACE_BOUND('',#18395,.T.);
#18395 = EDGE_LOOP('',(#18396,#18397,#18398,#18399));
#18396 = ORIENTED_EDGE('',*,*,#17550,.F.);
#18397 = ORIENTED_EDGE('',*,*,#17567,.T.);
#18398 = ORIENTED_EDGE('',*,*,#17502,.T.);
#18399 = ORIENTED_EDGE('',*,*,#17526,.F.);
#18400 = PLANE('',#18401);
#18401 = AXIS2_PLACEMENT_3D('',#18402,#18403,#18404);
#18402 = CARTESIAN_POINT('',(-0.32,-7.94,8.54));
#18403 = DIRECTION('',(0.,0.,1.));
#18404 = DIRECTION('',(1.,0.,-0.));
#18405 = ADVANCED_FACE('',(#18406),#18412,.T.);
#18406 = FACE_BOUND('',#18407,.T.);
#18407 = EDGE_LOOP('',(#18408,#18409,#18410,#18411));
#18408 = ORIENTED_EDGE('',*,*,#17663,.F.);
#18409 = ORIENTED_EDGE('',*,*,#17598,.T.);
#18410 = ORIENTED_EDGE('',*,*,#17622,.T.);
#18411 = ORIENTED_EDGE('',*,*,#17646,.F.);
#18412 = PLANE('',#18413);
#18413 = AXIS2_PLACEMENT_3D('',#18414,#18415,#18416);
#18414 = CARTESIAN_POINT('',(-0.32,-18.1,8.54));
#18415 = DIRECTION('',(0.,0.,1.));
#18416 = DIRECTION('',(1.,0.,-0.));
#18417 = ADVANCED_FACE('',(#18418),#18424,.T.);
#18418 = FACE_BOUND('',#18419,.T.);
#18419 = EDGE_LOOP('',(#18420,#18421,#18422,#18423));
#18420 = ORIENTED_EDGE('',*,*,#17742,.F.);
#18421 = ORIENTED_EDGE('',*,*,#17759,.T.);
#18422 = ORIENTED_EDGE('',*,*,#17694,.T.);
#18423 = ORIENTED_EDGE('',*,*,#17718,.F.);
#18424 = PLANE('',#18425);
#18425 = AXIS2_PLACEMENT_3D('',#18426,#18427,#18428);
#18426 = CARTESIAN_POINT('',(-0.32,-15.56,8.54));
#18427 = DIRECTION('',(0.,0.,1.));
#18428 = DIRECTION('',(1.,0.,-0.));
#18429 = ADVANCED_FACE('',(#18430),#18436,.T.);
#18430 = FACE_BOUND('',#18431,.T.);
#18431 = EDGE_LOOP('',(#18432,#18433,#18434,#18435));
#18432 = ORIENTED_EDGE('',*,*,#17838,.F.);
#18433 = ORIENTED_EDGE('',*,*,#17855,.T.);
#18434 = ORIENTED_EDGE('',*,*,#17790,.T.);
#18435 = ORIENTED_EDGE('',*,*,#17814,.F.);
#18436 = PLANE('',#18437);
#18437 = AXIS2_PLACEMENT_3D('',#18438,#18439,#18440);
#18438 = CARTESIAN_POINT('',(-0.32,-23.18,8.54));
#18439 = DIRECTION('',(0.,0.,1.));
#18440 = DIRECTION('',(1.,0.,-0.));
#18441 = ADVANCED_FACE('',(#18442),#18448,.T.);
#18442 = FACE_BOUND('',#18443,.T.);
#18443 = EDGE_LOOP('',(#18444,#18445,#18446,#18447));
#18444 = ORIENTED_EDGE('',*,*,#17951,.F.);
#18445 = ORIENTED_EDGE('',*,*,#17886,.T.);
#18446 = ORIENTED_EDGE('',*,*,#17910,.T.);
#18447 = ORIENTED_EDGE('',*,*,#17934,.F.);
#18448 = PLANE('',#18449);
#18449 = AXIS2_PLACEMENT_3D('',#18450,#18451,#18452);
#18450 = CARTESIAN_POINT('',(-0.32,-20.64,8.54));
#18451 = DIRECTION('',(0.,0.,1.));
#18452 = DIRECTION('',(1.,0.,-0.));
#18453 = ADVANCED_FACE('',(#18454),#18460,.T.);
#18454 = FACE_BOUND('',#18455,.T.);
#18455 = EDGE_LOOP('',(#18456,#18457,#18458,#18459));
#18456 = ORIENTED_EDGE('',*,*,#18047,.F.);
#18457 = ORIENTED_EDGE('',*,*,#17982,.T.);
#18458 = ORIENTED_EDGE('',*,*,#18006,.T.);
#18459 = ORIENTED_EDGE('',*,*,#18030,.F.);
#18460 = PLANE('',#18461);
#18461 = AXIS2_PLACEMENT_3D('',#18462,#18463,#18464);
#18462 = CARTESIAN_POINT('',(-0.32,-0.32,8.54));
#18463 = DIRECTION('',(0.,0.,1.));
#18464 = DIRECTION('',(1.,0.,-0.));
#18465 = ADVANCED_FACE('',(#18466),#18472,.T.);
#18466 = FACE_BOUND('',#18467,.T.);
#18467 = EDGE_LOOP('',(#18468,#18469,#18470,#18471));
#18468 = ORIENTED_EDGE('',*,*,#18126,.F.);
#18469 = ORIENTED_EDGE('',*,*,#18143,.T.);
#18470 = ORIENTED_EDGE('',*,*,#18078,.T.);
#18471 = ORIENTED_EDGE('',*,*,#18102,.F.);
#18472 = PLANE('',#18473);
#18473 = AXIS2_PLACEMENT_3D('',#18474,#18475,#18476);
#18474 = CARTESIAN_POINT('',(-0.32,-2.86,8.54));
#18475 = DIRECTION('',(0.,0.,1.));
#18476 = DIRECTION('',(1.,0.,-0.));
#18477 = ADVANCED_FACE('',(#18478),#18484,.T.);
#18478 = FACE_BOUND('',#18479,.T.);
#18479 = EDGE_LOOP('',(#18480,#18481,#18482,#18483));
#18480 = ORIENTED_EDGE('',*,*,#18222,.F.);
#18481 = ORIENTED_EDGE('',*,*,#18239,.T.);
#18482 = ORIENTED_EDGE('',*,*,#18174,.T.);
#18483 = ORIENTED_EDGE('',*,*,#18198,.F.);
#18484 = PLANE('',#18485);
#18485 = AXIS2_PLACEMENT_3D('',#18486,#18487,#18488);
#18486 = CARTESIAN_POINT('',(-0.32,-5.4,8.54));
#18487 = DIRECTION('',(0.,0.,1.));
#18488 = DIRECTION('',(1.,0.,-0.));
#18489 = ( GEOMETRIC_REPRESENTATION_CONTEXT(3) 
GLOBAL_UNCERTAINTY_ASSIGNED_CONTEXT((#18493)) 
GLOBAL_UNIT_ASSIGNED_CONTEXT((#18490,#18491,#18492)) 
REPRESENTATION_CONTEXT('Context #1',
  '3D Context with UNIT and UNCERTAINTY') );
#18490 = ( LENGTH_UNIT() NAMED_UNIT(*) SI_UNIT(.MILLI.,.METRE.) );
#18491 = ( NAMED_UNIT(*) PLANE_ANGLE_UNIT() SI_UNIT($,.RADIAN.) );
#18492 = ( NAMED_UNIT(*) SI_UNIT($,.STERADIAN.) SOLID_ANGLE_UNIT() );
#18493 = UNCERTAINTY_MEASURE_WITH_UNIT(LENGTH_MEASURE(1.E-07),#18490,
  'distance_accuracy_value','confusion accuracy');
#18494 = CONTEXT_DEPENDENT_SHAPE_REPRESENTATION(#18495,#18497);
#18495 = ( REPRESENTATION_RELATIONSHIP('','',#11664,#10) 
REPRESENTATION_RELATIONSHIP_WITH_TRANSFORMATION(#18496) 
SHAPE_REPRESENTATION_RELATIONSHIP() );
#18496 = ITEM_DEFINED_TRANSFORMATION('','',#11,#23);
#18497 = PRODUCT_DEFINITION_SHAPE('Placement','Placement of an item',
  #18498);
#18498 = NEXT_ASSEMBLY_USAGE_OCCURRENCE('3','J4','',#5,#11659,$);
#18499 = PRODUCT_RELATED_PRODUCT_CATEGORY('part',$,(#11661));
#18500 = CONTEXT_DEPENDENT_SHAPE_REPRESENTATION(#18501,#18503);
#18501 = ( REPRESENTATION_RELATIONSHIP('','',#11664,#10) 
REPRESENTATION_RELATIONSHIP_WITH_TRANSFORMATION(#18502) 
SHAPE_REPRESENTATION_RELATIONSHIP() );
#18502 = ITEM_DEFINED_TRANSFORMATION('','',#11,#27);
#18503 = PRODUCT_DEFINITION_SHAPE('Placement','Placement of an item',
  #18504);
#18504 = NEXT_ASSEMBLY_USAGE_OCCURRENCE('4','J6','',#5,#11659,$);
#18505 = CONTEXT_DEPENDENT_SHAPE_REPRESENTATION(#18506,#18508);
#18506 = ( REPRESENTATION_RELATIONSHIP('','',#11664,#10) 
REPRESENTATION_RELATIONSHIP_WITH_TRANSFORMATION(#18507) 
SHAPE_REPRESENTATION_RELATIONSHIP() );
#18507 = ITEM_DEFINED_TRANSFORMATION('','',#11,#31);
#18508 = PRODUCT_DEFINITION_SHAPE('Placement','Placement of an item',
  #18509);
#18509 = NEXT_ASSEMBLY_USAGE_OCCURRENCE('5','J3','',#5,#11659,$);
#18510 = CONTEXT_DEPENDENT_SHAPE_REPRESENTATION(#18511,#18513);
#18511 = ( REPRESENTATION_RELATIONSHIP('','',#11664,#10) 
REPRESENTATION_RELATIONSHIP_WITH_TRANSFORMATION(#18512) 
SHAPE_REPRESENTATION_RELATIONSHIP() );
#18512 = ITEM_DEFINED_TRANSFORMATION('','',#11,#35);
#18513 = PRODUCT_DEFINITION_SHAPE('Placement','Placement of an item',
  #18514);
#18514 = NEXT_ASSEMBLY_USAGE_OCCURRENCE('6','J5','',#5,#11659,$);
#18515 = SHAPE_DEFINITION_REPRESENTATION(#18516,#18522);
#18516 = PRODUCT_DEFINITION_SHAPE('','',#18517);
#18517 = PRODUCT_DEFINITION('design','',#18518,#18521);
#18518 = PRODUCT_DEFINITION_FORMATION('','',#18519);
#18519 = PRODUCT('kibot_s_oprhmq_PCB','kibot_s_oprhmq_PCB','',(#18520));
#18520 = PRODUCT_CONTEXT('',#2,'mechanical');
#18521 = PRODUCT_DEFINITION_CONTEXT('part definition',#2,'design');
#18522 = ADVANCED_BREP_SHAPE_REPRESENTATION('',(#11,#18523),#21933);
#18523 = MANIFOLD_SOLID_BREP('',#18524);
#18524 = CLOSED_SHELL('',(#18525,#18567,#18598,#18629,#19561,#20493,
    #20510,#20527,#20544,#20561,#20573,#20590,#20607,#20624,#20641,
    #20658,#20675,#20692,#20709,#20726,#20743,#20760,#20777,#20794,
    #20811,#20828,#20845,#20862,#20879,#20896,#20913,#20930,#20947,
    #20964,#20981,#20998,#21015,#21032,#21049,#21066,#21083,#21100,
    #21117,#21134,#21151,#21168,#21185,#21202,#21219,#21236,#21253,
    #21270,#21287,#21304,#21321,#21338,#21355,#21372,#21389,#21406,
    #21423,#21440,#21457,#21474,#21491,#21508,#21525,#21542,#21559,
    #21576,#21593,#21610,#21627,#21644,#21661,#21678,#21695,#21712,
    #21729,#21746,#21763,#21780,#21797,#21814,#21831,#21848,#21865,
    #21882,#21899,#21916));
#18525 = ADVANCED_FACE('',(#18526),#18562,.T.);
#18526 = FACE_BOUND('',#18527,.T.);
#18527 = EDGE_LOOP('',(#18528,#18538,#18547,#18555));
#18528 = ORIENTED_EDGE('',*,*,#18529,.T.);
#18529 = EDGE_CURVE('',#18530,#18532,#18534,.T.);
#18530 = VERTEX_POINT('',#18531);
#18531 = CARTESIAN_POINT('',(178.138927,-79.999798,0.));
#18532 = VERTEX_POINT('',#18533);
#18533 = CARTESIAN_POINT('',(178.138927,-79.999798,1.51));
#18534 = LINE('',#18535,#18536);
#18535 = CARTESIAN_POINT('',(178.138927,-79.999798,0.));
#18536 = VECTOR('',#18537,1.);
#18537 = DIRECTION('',(0.,0.,1.));
#18538 = ORIENTED_EDGE('',*,*,#18539,.T.);
#18539 = EDGE_CURVE('',#18532,#18540,#18542,.T.);
#18540 = VERTEX_POINT('',#18541);
#18541 = CARTESIAN_POINT('',(179.138927,-80.999798,1.51));
#18542 = CIRCLE('',#18543,0.999999252925);
#18543 = AXIS2_PLACEMENT_3D('',#18544,#18545,#18546);
#18544 = CARTESIAN_POINT('',(178.13892774707,-80.99979725292,1.51));
#18545 = DIRECTION('',(0.,0.,-1.));
#18546 = DIRECTION('',(-7.470757349539E-07,1.,0.));
#18547 = ORIENTED_EDGE('',*,*,#18548,.F.);
#18548 = EDGE_CURVE('',#18549,#18540,#18551,.T.);
#18549 = VERTEX_POINT('',#18550);
#18550 = CARTESIAN_POINT('',(179.138927,-80.999798,0.));
#18551 = LINE('',#18552,#18553);
#18552 = CARTESIAN_POINT('',(179.138927,-80.999798,0.));
#18553 = VECTOR('',#18554,1.);
#18554 = DIRECTION('',(0.,0.,1.));
#18555 = ORIENTED_EDGE('',*,*,#18556,.F.);
#18556 = EDGE_CURVE('',#18530,#18549,#18557,.T.);
#18557 = CIRCLE('',#18558,0.999999252925);
#18558 = AXIS2_PLACEMENT_3D('',#18559,#18560,#18561);
#18559 = CARTESIAN_POINT('',(178.13892774707,-80.99979725292,0.));
#18560 = DIRECTION('',(0.,0.,-1.));
#18561 = DIRECTION('',(-7.470757349539E-07,1.,0.));
#18562 = CYLINDRICAL_SURFACE('',#18563,0.999999252925);
#18563 = AXIS2_PLACEMENT_3D('',#18564,#18565,#18566);
#18564 = CARTESIAN_POINT('',(178.13892774707,-80.99979725292,0.));
#18565 = DIRECTION('',(0.,0.,-1.));
#18566 = DIRECTION('',(-7.470757349539E-07,1.,0.));
#18567 = ADVANCED_FACE('',(#18568),#18593,.T.);
#18568 = FACE_BOUND('',#18569,.T.);
#18569 = EDGE_LOOP('',(#18570,#18580,#18586,#18587));
#18570 = ORIENTED_EDGE('',*,*,#18571,.T.);
#18571 = EDGE_CURVE('',#18572,#18574,#18576,.T.);
#18572 = VERTEX_POINT('',#18573);
#18573 = CARTESIAN_POINT('',(90.138927,-79.999798,0.));
#18574 = VERTEX_POINT('',#18575);
#18575 = CARTESIAN_POINT('',(90.138927,-79.999798,1.51));
#18576 = LINE('',#18577,#18578);
#18577 = CARTESIAN_POINT('',(90.138927,-79.999798,0.));
#18578 = VECTOR('',#18579,1.);
#18579 = DIRECTION('',(0.,0.,1.));
#18580 = ORIENTED_EDGE('',*,*,#18581,.T.);
#18581 = EDGE_CURVE('',#18574,#18532,#18582,.T.);
#18582 = LINE('',#18583,#18584);
#18583 = CARTESIAN_POINT('',(90.138927,-79.999798,1.51));
#18584 = VECTOR('',#18585,1.);
#18585 = DIRECTION('',(1.,0.,0.));
#18586 = ORIENTED_EDGE('',*,*,#18529,.F.);
#18587 = ORIENTED_EDGE('',*,*,#18588,.F.);
#18588 = EDGE_CURVE('',#18572,#18530,#18589,.T.);
#18589 = LINE('',#18590,#18591);
#18590 = CARTESIAN_POINT('',(90.138927,-79.999798,0.));
#18591 = VECTOR('',#18592,1.);
#18592 = DIRECTION('',(1.,0.,0.));
#18593 = PLANE('',#18594);
#18594 = AXIS2_PLACEMENT_3D('',#18595,#18596,#18597);
#18595 = CARTESIAN_POINT('',(90.138927,-79.999798,0.));
#18596 = DIRECTION('',(0.,1.,0.));
#18597 = DIRECTION('',(1.,0.,0.));
#18598 = ADVANCED_FACE('',(#18599),#18624,.T.);
#18599 = FACE_BOUND('',#18600,.T.);
#18600 = EDGE_LOOP('',(#18601,#18602,#18610,#18618));
#18601 = ORIENTED_EDGE('',*,*,#18548,.T.);
#18602 = ORIENTED_EDGE('',*,*,#18603,.T.);
#18603 = EDGE_CURVE('',#18540,#18604,#18606,.T.);
#18604 = VERTEX_POINT('',#18605);
#18605 = CARTESIAN_POINT('',(179.138927,-113.999798,1.51));
#18606 = LINE('',#18607,#18608);
#18607 = CARTESIAN_POINT('',(179.138927,-80.999798,1.51));
#18608 = VECTOR('',#18609,1.);
#18609 = DIRECTION('',(0.,-1.,0.));
#18610 = ORIENTED_EDGE('',*,*,#18611,.F.);
#18611 = EDGE_CURVE('',#18612,#18604,#18614,.T.);
#18612 = VERTEX_POINT('',#18613);
#18613 = CARTESIAN_POINT('',(179.138927,-113.999798,0.));
#18614 = LINE('',#18615,#18616);
#18615 = CARTESIAN_POINT('',(179.138927,-113.999798,0.));
#18616 = VECTOR('',#18617,1.);
#18617 = DIRECTION('',(0.,0.,1.));
#18618 = ORIENTED_EDGE('',*,*,#18619,.F.);
#18619 = EDGE_CURVE('',#18549,#18612,#18620,.T.);
#18620 = LINE('',#18621,#18622);
#18621 = CARTESIAN_POINT('',(179.138927,-80.999798,0.));
#18622 = VECTOR('',#18623,1.);
#18623 = DIRECTION('',(0.,-1.,0.));
#18624 = PLANE('',#18625);
#18625 = AXIS2_PLACEMENT_3D('',#18626,#18627,#18628);
#18626 = CARTESIAN_POINT('',(179.138927,-80.999798,0.));
#18627 = DIRECTION('',(1.,0.,-0.));
#18628 = DIRECTION('',(0.,-1.,0.));
#18629 = ADVANCED_FACE('',(#18630,#18676,#18687,#18698,#18709,#18720,
    #18731,#18742,#18753,#18764,#18775,#18786,#18797,#18808,#18819,
    #18830,#18841,#18852,#18863,#18874,#18885,#18896,#18907,#18918,
    #18929,#18940,#18951,#18962,#18973,#18984,#18995,#19006,#19017,
    #19028,#19039,#19050,#19061,#19072,#19083,#19094,#19105,#19116,
    #19127,#19138,#19149,#19160,#19171,#19182,#19193,#19204,#19215,
    #19226,#19237,#19248,#19259,#19270,#19281,#19292,#19303,#19314,
    #19325,#19336,#19347,#19358,#19369,#19380,#19391,#19402,#19413,
    #19424,#19435,#19446,#19457,#19468,#19479,#19490,#19501,#19512,
    #19523,#19534,#19545),#19556,.F.);
#18630 = FACE_BOUND('',#18631,.F.);
#18631 = EDGE_LOOP('',(#18632,#18633,#18634,#18643,#18651,#18660,#18668,
    #18675));
#18632 = ORIENTED_EDGE('',*,*,#18556,.F.);
#18633 = ORIENTED_EDGE('',*,*,#18588,.F.);
#18634 = ORIENTED_EDGE('',*,*,#18635,.F.);
#18635 = EDGE_CURVE('',#18636,#18572,#18638,.T.);
#18636 = VERTEX_POINT('',#18637);
#18637 = CARTESIAN_POINT('',(89.138927,-80.999798,0.));
#18638 = CIRCLE('',#18639,0.999999252925);
#18639 = AXIS2_PLACEMENT_3D('',#18640,#18641,#18642);
#18640 = CARTESIAN_POINT('',(90.138926252925,-80.99979725292,0.));
#18641 = DIRECTION('',(0.,0.,-1.));
#18642 = DIRECTION('',(-1.,-7.47075720743E-07,-0.));
#18643 = ORIENTED_EDGE('',*,*,#18644,.F.);
#18644 = EDGE_CURVE('',#18645,#18636,#18647,.T.);
#18645 = VERTEX_POINT('',#18646);
#18646 = CARTESIAN_POINT('',(89.138927,-113.999798,0.));
#18647 = LINE('',#18648,#18649);
#18648 = CARTESIAN_POINT('',(89.138927,-113.999798,0.));
#18649 = VECTOR('',#18650,1.);
#18650 = DIRECTION('',(0.,1.,0.));
#18651 = ORIENTED_EDGE('',*,*,#18652,.F.);
#18652 = EDGE_CURVE('',#18653,#18645,#18655,.T.);
#18653 = VERTEX_POINT('',#18654);
#18654 = CARTESIAN_POINT('',(90.138927,-114.999798,0.));
#18655 = CIRCLE('',#18656,0.999999252925);
#18656 = AXIS2_PLACEMENT_3D('',#18657,#18658,#18659);
#18657 = CARTESIAN_POINT('',(90.138926252925,-113.999798747,0.));
#18658 = DIRECTION('',(0.,0.,-1.));
#18659 = DIRECTION('',(7.470757491648E-07,-1.,0.));
#18660 = ORIENTED_EDGE('',*,*,#18661,.F.);
#18661 = EDGE_CURVE('',#18662,#18653,#18664,.T.);
#18662 = VERTEX_POINT('',#18663);
#18663 = CARTESIAN_POINT('',(178.138927,-114.999798,0.));
#18664 = LINE('',#18665,#18666);
#18665 = CARTESIAN_POINT('',(178.138927,-114.999798,0.));
#18666 = VECTOR('',#18667,1.);
#18667 = DIRECTION('',(-1.,0.,0.));
#18668 = ORIENTED_EDGE('',*,*,#18669,.F.);
#18669 = EDGE_CURVE('',#18612,#18662,#18670,.T.);
#18670 = CIRCLE('',#18671,0.999999252925);
#18671 = AXIS2_PLACEMENT_3D('',#18672,#18673,#18674);
#18672 = CARTESIAN_POINT('',(178.13892774707,-113.999798747,0.));
#18673 = DIRECTION('',(0.,0.,-1.));
#18674 = DIRECTION('',(1.,7.470757633756E-07,0.));
#18675 = ORIENTED_EDGE('',*,*,#18619,.F.);
#18676 = FACE_BOUND('',#18677,.F.);
#18677 = EDGE_LOOP('',(#18678));
#18678 = ORIENTED_EDGE('',*,*,#18679,.T.);
#18679 = EDGE_CURVE('',#18680,#18680,#18682,.T.);
#18680 = VERTEX_POINT('',#18681);
#18681 = CARTESIAN_POINT('',(100.836469,-110.58,0.));
#18682 = CIRCLE('',#18683,0.5);
#18683 = AXIS2_PLACEMENT_3D('',#18684,#18685,#18686);
#18684 = CARTESIAN_POINT('',(100.836469,-110.08,0.));
#18685 = DIRECTION('',(-0.,0.,-1.));
#18686 = DIRECTION('',(-0.,-1.,0.));
#18687 = FACE_BOUND('',#18688,.F.);
#18688 = EDGE_LOOP('',(#18689));
#18689 = ORIENTED_EDGE('',*,*,#18690,.T.);
#18690 = EDGE_CURVE('',#18691,#18691,#18693,.T.);
#18691 = VERTEX_POINT('',#18692);
#18692 = CARTESIAN_POINT('',(108.086469,-110.58,0.));
#18693 = CIRCLE('',#18694,0.5);
#18694 = AXIS2_PLACEMENT_3D('',#18695,#18696,#18697);
#18695 = CARTESIAN_POINT('',(108.086469,-110.08,0.));
#18696 = DIRECTION('',(-0.,0.,-1.));
#18697 = DIRECTION('',(-0.,-1.,0.));
#18698 = FACE_BOUND('',#18699,.F.);
#18699 = EDGE_LOOP('',(#18700));
#18700 = ORIENTED_EDGE('',*,*,#18701,.T.);
#18701 = EDGE_CURVE('',#18702,#18702,#18704,.T.);
#18702 = VERTEX_POINT('',#18703);
#18703 = CARTESIAN_POINT('',(100.836469,-108.04,0.));
#18704 = CIRCLE('',#18705,0.5);
#18705 = AXIS2_PLACEMENT_3D('',#18706,#18707,#18708);
#18706 = CARTESIAN_POINT('',(100.836469,-107.54,0.));
#18707 = DIRECTION('',(-0.,0.,-1.));
#18708 = DIRECTION('',(-0.,-1.,0.));
#18709 = FACE_BOUND('',#18710,.F.);
#18710 = EDGE_LOOP('',(#18711));
#18711 = ORIENTED_EDGE('',*,*,#18712,.T.);
#18712 = EDGE_CURVE('',#18713,#18713,#18715,.T.);
#18713 = VERTEX_POINT('',#18714);
#18714 = CARTESIAN_POINT('',(108.086469,-108.04,0.));
#18715 = CIRCLE('',#18716,0.5);
#18716 = AXIS2_PLACEMENT_3D('',#18717,#18718,#18719);
#18717 = CARTESIAN_POINT('',(108.086469,-107.54,0.));
#18718 = DIRECTION('',(-0.,0.,-1.));
#18719 = DIRECTION('',(-0.,-1.,0.));
#18720 = FACE_BOUND('',#18721,.F.);
#18721 = EDGE_LOOP('',(#18722));
#18722 = ORIENTED_EDGE('',*,*,#18723,.T.);
#18723 = EDGE_CURVE('',#18724,#18724,#18726,.T.);
#18724 = VERTEX_POINT('',#18725);
#18725 = CARTESIAN_POINT('',(100.836469,-105.5,0.));
#18726 = CIRCLE('',#18727,0.5);
#18727 = AXIS2_PLACEMENT_3D('',#18728,#18729,#18730);
#18728 = CARTESIAN_POINT('',(100.836469,-105.,0.));
#18729 = DIRECTION('',(-0.,0.,-1.));
#18730 = DIRECTION('',(-0.,-1.,0.));
#18731 = FACE_BOUND('',#18732,.F.);
#18732 = EDGE_LOOP('',(#18733));
#18733 = ORIENTED_EDGE('',*,*,#18734,.T.);
#18734 = EDGE_CURVE('',#18735,#18735,#18737,.T.);
#18735 = VERTEX_POINT('',#18736);
#18736 = CARTESIAN_POINT('',(108.086469,-105.5,0.));
#18737 = CIRCLE('',#18738,0.5);
#18738 = AXIS2_PLACEMENT_3D('',#18739,#18740,#18741);
#18739 = CARTESIAN_POINT('',(108.086469,-105.,0.));
#18740 = DIRECTION('',(-0.,0.,-1.));
#18741 = DIRECTION('',(-0.,-1.,0.));
#18742 = FACE_BOUND('',#18743,.F.);
#18743 = EDGE_LOOP('',(#18744));
#18744 = ORIENTED_EDGE('',*,*,#18745,.T.);
#18745 = EDGE_CURVE('',#18746,#18746,#18748,.T.);
#18746 = VERTEX_POINT('',#18747);
#18747 = CARTESIAN_POINT('',(126.141369,-110.624556,0.));
#18748 = CIRCLE('',#18749,0.5);
#18749 = AXIS2_PLACEMENT_3D('',#18750,#18751,#18752);
#18750 = CARTESIAN_POINT('',(126.141369,-110.124556,0.));
#18751 = DIRECTION('',(-0.,0.,-1.));
#18752 = DIRECTION('',(-0.,-1.,0.));
#18753 = FACE_BOUND('',#18754,.F.);
#18754 = EDGE_LOOP('',(#18755));
#18755 = ORIENTED_EDGE('',*,*,#18756,.T.);
#18756 = EDGE_CURVE('',#18757,#18757,#18759,.T.);
#18757 = VERTEX_POINT('',#18758);
#18758 = CARTESIAN_POINT('',(128.681369,-110.624556,0.));
#18759 = CIRCLE('',#18760,0.5);
#18760 = AXIS2_PLACEMENT_3D('',#18761,#18762,#18763);
#18761 = CARTESIAN_POINT('',(128.681369,-110.124556,0.));
#18762 = DIRECTION('',(-0.,0.,-1.));
#18763 = DIRECTION('',(-0.,-1.,0.));
#18764 = FACE_BOUND('',#18765,.F.);
#18765 = EDGE_LOOP('',(#18766));
#18766 = ORIENTED_EDGE('',*,*,#18767,.T.);
#18767 = EDGE_CURVE('',#18768,#18768,#18770,.T.);
#18768 = VERTEX_POINT('',#18769);
#18769 = CARTESIAN_POINT('',(126.141369,-108.084556,0.));
#18770 = CIRCLE('',#18771,0.5);
#18771 = AXIS2_PLACEMENT_3D('',#18772,#18773,#18774);
#18772 = CARTESIAN_POINT('',(126.141369,-107.584556,0.));
#18773 = DIRECTION('',(-0.,0.,-1.));
#18774 = DIRECTION('',(-0.,-1.,0.));
#18775 = FACE_BOUND('',#18776,.F.);
#18776 = EDGE_LOOP('',(#18777));
#18777 = ORIENTED_EDGE('',*,*,#18778,.T.);
#18778 = EDGE_CURVE('',#18779,#18779,#18781,.T.);
#18779 = VERTEX_POINT('',#18780);
#18780 = CARTESIAN_POINT('',(126.141369,-105.544556,0.));
#18781 = CIRCLE('',#18782,0.5);
#18782 = AXIS2_PLACEMENT_3D('',#18783,#18784,#18785);
#18783 = CARTESIAN_POINT('',(126.141369,-105.044556,0.));
#18784 = DIRECTION('',(-0.,0.,-1.));
#18785 = DIRECTION('',(-0.,-1.,0.));
#18786 = FACE_BOUND('',#18787,.F.);
#18787 = EDGE_LOOP('',(#18788));
#18788 = ORIENTED_EDGE('',*,*,#18789,.T.);
#18789 = EDGE_CURVE('',#18790,#18790,#18792,.T.);
#18790 = VERTEX_POINT('',#18791);
#18791 = CARTESIAN_POINT('',(128.681369,-108.084556,0.));
#18792 = CIRCLE('',#18793,0.5);
#18793 = AXIS2_PLACEMENT_3D('',#18794,#18795,#18796);
#18794 = CARTESIAN_POINT('',(128.681369,-107.584556,0.));
#18795 = DIRECTION('',(-0.,0.,-1.));
#18796 = DIRECTION('',(-0.,-1.,0.));
#18797 = FACE_BOUND('',#18798,.F.);
#18798 = EDGE_LOOP('',(#18799));
#18799 = ORIENTED_EDGE('',*,*,#18800,.T.);
#18800 = EDGE_CURVE('',#18801,#18801,#18803,.T.);
#18801 = VERTEX_POINT('',#18802);
#18802 = CARTESIAN_POINT('',(128.681369,-105.544556,0.));
#18803 = CIRCLE('',#18804,0.5);
#18804 = AXIS2_PLACEMENT_3D('',#18805,#18806,#18807);
#18805 = CARTESIAN_POINT('',(128.681369,-105.044556,0.));
#18806 = DIRECTION('',(-0.,0.,-1.));
#18807 = DIRECTION('',(-0.,-1.,0.));
#18808 = FACE_BOUND('',#18809,.F.);
#18809 = EDGE_LOOP('',(#18810));
#18810 = ORIENTED_EDGE('',*,*,#18811,.T.);
#18811 = EDGE_CURVE('',#18812,#18812,#18814,.T.);
#18812 = VERTEX_POINT('',#18813);
#18813 = CARTESIAN_POINT('',(100.836469,-102.96,0.));
#18814 = CIRCLE('',#18815,0.5);
#18815 = AXIS2_PLACEMENT_3D('',#18816,#18817,#18818);
#18816 = CARTESIAN_POINT('',(100.836469,-102.46,0.));
#18817 = DIRECTION('',(-0.,0.,-1.));
#18818 = DIRECTION('',(-0.,-1.,0.));
#18819 = FACE_BOUND('',#18820,.F.);
#18820 = EDGE_LOOP('',(#18821));
#18821 = ORIENTED_EDGE('',*,*,#18822,.T.);
#18822 = EDGE_CURVE('',#18823,#18823,#18825,.T.);
#18823 = VERTEX_POINT('',#18824);
#18824 = CARTESIAN_POINT('',(108.086469,-102.96,0.));
#18825 = CIRCLE('',#18826,0.5);
#18826 = AXIS2_PLACEMENT_3D('',#18827,#18828,#18829);
#18827 = CARTESIAN_POINT('',(108.086469,-102.46,0.));
#18828 = DIRECTION('',(-0.,0.,-1.));
#18829 = DIRECTION('',(-0.,-1.,0.));
#18830 = FACE_BOUND('',#18831,.F.);
#18831 = EDGE_LOOP('',(#18832));
#18832 = ORIENTED_EDGE('',*,*,#18833,.T.);
#18833 = EDGE_CURVE('',#18834,#18834,#18836,.T.);
#18834 = VERTEX_POINT('',#18835);
#18835 = CARTESIAN_POINT('',(100.836469,-100.42,0.));
#18836 = CIRCLE('',#18837,0.5);
#18837 = AXIS2_PLACEMENT_3D('',#18838,#18839,#18840);
#18838 = CARTESIAN_POINT('',(100.836469,-99.92,0.));
#18839 = DIRECTION('',(-0.,0.,-1.));
#18840 = DIRECTION('',(-0.,-1.,0.));
#18841 = FACE_BOUND('',#18842,.F.);
#18842 = EDGE_LOOP('',(#18843));
#18843 = ORIENTED_EDGE('',*,*,#18844,.T.);
#18844 = EDGE_CURVE('',#18845,#18845,#18847,.T.);
#18845 = VERTEX_POINT('',#18846);
#18846 = CARTESIAN_POINT('',(108.086469,-100.42,0.));
#18847 = CIRCLE('',#18848,0.5);
#18848 = AXIS2_PLACEMENT_3D('',#18849,#18850,#18851);
#18849 = CARTESIAN_POINT('',(108.086469,-99.92,0.));
#18850 = DIRECTION('',(-0.,0.,-1.));
#18851 = DIRECTION('',(-0.,-1.,0.));
#18852 = FACE_BOUND('',#18853,.F.);
#18853 = EDGE_LOOP('',(#18854));
#18854 = ORIENTED_EDGE('',*,*,#18855,.T.);
#18855 = EDGE_CURVE('',#18856,#18856,#18858,.T.);
#18856 = VERTEX_POINT('',#18857);
#18857 = CARTESIAN_POINT('',(126.141369,-103.004556,0.));
#18858 = CIRCLE('',#18859,0.5);
#18859 = AXIS2_PLACEMENT_3D('',#18860,#18861,#18862);
#18860 = CARTESIAN_POINT('',(126.141369,-102.504556,0.));
#18861 = DIRECTION('',(-0.,0.,-1.));
#18862 = DIRECTION('',(-0.,-1.,0.));
#18863 = FACE_BOUND('',#18864,.F.);
#18864 = EDGE_LOOP('',(#18865));
#18865 = ORIENTED_EDGE('',*,*,#18866,.T.);
#18866 = EDGE_CURVE('',#18867,#18867,#18869,.T.);
#18867 = VERTEX_POINT('',#18868);
#18868 = CARTESIAN_POINT('',(128.681369,-103.004556,0.));
#18869 = CIRCLE('',#18870,0.5);
#18870 = AXIS2_PLACEMENT_3D('',#18871,#18872,#18873);
#18871 = CARTESIAN_POINT('',(128.681369,-102.504556,0.));
#18872 = DIRECTION('',(-0.,0.,-1.));
#18873 = DIRECTION('',(-0.,-1.,0.));
#18874 = FACE_BOUND('',#18875,.F.);
#18875 = EDGE_LOOP('',(#18876));
#18876 = ORIENTED_EDGE('',*,*,#18877,.T.);
#18877 = EDGE_CURVE('',#18878,#18878,#18880,.T.);
#18878 = VERTEX_POINT('',#18879);
#18879 = CARTESIAN_POINT('',(126.141369,-100.464556,0.));
#18880 = CIRCLE('',#18881,0.5);
#18881 = AXIS2_PLACEMENT_3D('',#18882,#18883,#18884);
#18882 = CARTESIAN_POINT('',(126.141369,-99.964556,0.));
#18883 = DIRECTION('',(-0.,0.,-1.));
#18884 = DIRECTION('',(-0.,-1.,0.));
#18885 = FACE_BOUND('',#18886,.F.);
#18886 = EDGE_LOOP('',(#18887));
#18887 = ORIENTED_EDGE('',*,*,#18888,.T.);
#18888 = EDGE_CURVE('',#18889,#18889,#18891,.T.);
#18889 = VERTEX_POINT('',#18890);
#18890 = CARTESIAN_POINT('',(128.681369,-100.464556,0.));
#18891 = CIRCLE('',#18892,0.5);
#18892 = AXIS2_PLACEMENT_3D('',#18893,#18894,#18895);
#18893 = CARTESIAN_POINT('',(128.681369,-99.964556,0.));
#18894 = DIRECTION('',(-0.,0.,-1.));
#18895 = DIRECTION('',(-0.,-1.,0.));
#18896 = FACE_BOUND('',#18897,.F.);
#18897 = EDGE_LOOP('',(#18898));
#18898 = ORIENTED_EDGE('',*,*,#18899,.T.);
#18899 = EDGE_CURVE('',#18900,#18900,#18902,.T.);
#18900 = VERTEX_POINT('',#18901);
#18901 = CARTESIAN_POINT('',(146.586469,-110.58,0.));
#18902 = CIRCLE('',#18903,0.5);
#18903 = AXIS2_PLACEMENT_3D('',#18904,#18905,#18906);
#18904 = CARTESIAN_POINT('',(146.586469,-110.08,0.));
#18905 = DIRECTION('',(-0.,0.,-1.));
#18906 = DIRECTION('',(-0.,-1.,0.));
#18907 = FACE_BOUND('',#18908,.F.);
#18908 = EDGE_LOOP('',(#18909));
#18909 = ORIENTED_EDGE('',*,*,#18910,.T.);
#18910 = EDGE_CURVE('',#18911,#18911,#18913,.T.);
#18911 = VERTEX_POINT('',#18912);
#18912 = CARTESIAN_POINT('',(153.836469,-110.58,0.));
#18913 = CIRCLE('',#18914,0.5);
#18914 = AXIS2_PLACEMENT_3D('',#18915,#18916,#18917);
#18915 = CARTESIAN_POINT('',(153.836469,-110.08,0.));
#18916 = DIRECTION('',(-0.,0.,-1.));
#18917 = DIRECTION('',(-0.,-1.,0.));
#18918 = FACE_BOUND('',#18919,.F.);
#18919 = EDGE_LOOP('',(#18920));
#18920 = ORIENTED_EDGE('',*,*,#18921,.T.);
#18921 = EDGE_CURVE('',#18922,#18922,#18924,.T.);
#18922 = VERTEX_POINT('',#18923);
#18923 = CARTESIAN_POINT('',(146.586469,-108.04,0.));
#18924 = CIRCLE('',#18925,0.5);
#18925 = AXIS2_PLACEMENT_3D('',#18926,#18927,#18928);
#18926 = CARTESIAN_POINT('',(146.586469,-107.54,0.));
#18927 = DIRECTION('',(-0.,0.,-1.));
#18928 = DIRECTION('',(-0.,-1.,0.));
#18929 = FACE_BOUND('',#18930,.F.);
#18930 = EDGE_LOOP('',(#18931));
#18931 = ORIENTED_EDGE('',*,*,#18932,.T.);
#18932 = EDGE_CURVE('',#18933,#18933,#18935,.T.);
#18933 = VERTEX_POINT('',#18934);
#18934 = CARTESIAN_POINT('',(153.836469,-108.04,0.));
#18935 = CIRCLE('',#18936,0.5);
#18936 = AXIS2_PLACEMENT_3D('',#18937,#18938,#18939);
#18937 = CARTESIAN_POINT('',(153.836469,-107.54,0.));
#18938 = DIRECTION('',(-0.,0.,-1.));
#18939 = DIRECTION('',(-0.,-1.,0.));
#18940 = FACE_BOUND('',#18941,.F.);
#18941 = EDGE_LOOP('',(#18942));
#18942 = ORIENTED_EDGE('',*,*,#18943,.T.);
#18943 = EDGE_CURVE('',#18944,#18944,#18946,.T.);
#18944 = VERTEX_POINT('',#18945);
#18945 = CARTESIAN_POINT('',(146.586469,-105.5,0.));
#18946 = CIRCLE('',#18947,0.5);
#18947 = AXIS2_PLACEMENT_3D('',#18948,#18949,#18950);
#18948 = CARTESIAN_POINT('',(146.586469,-105.,0.));
#18949 = DIRECTION('',(-0.,0.,-1.));
#18950 = DIRECTION('',(-0.,-1.,0.));
#18951 = FACE_BOUND('',#18952,.F.);
#18952 = EDGE_LOOP('',(#18953));
#18953 = ORIENTED_EDGE('',*,*,#18954,.T.);
#18954 = EDGE_CURVE('',#18955,#18955,#18957,.T.);
#18955 = VERTEX_POINT('',#18956);
#18956 = CARTESIAN_POINT('',(153.836469,-105.5,0.));
#18957 = CIRCLE('',#18958,0.5);
#18958 = AXIS2_PLACEMENT_3D('',#18959,#18960,#18961);
#18959 = CARTESIAN_POINT('',(153.836469,-105.,0.));
#18960 = DIRECTION('',(-0.,0.,-1.));
#18961 = DIRECTION('',(-0.,-1.,0.));
#18962 = FACE_BOUND('',#18963,.F.);
#18963 = EDGE_LOOP('',(#18964));
#18964 = ORIENTED_EDGE('',*,*,#18965,.T.);
#18965 = EDGE_CURVE('',#18966,#18966,#18968,.T.);
#18966 = VERTEX_POINT('',#18967);
#18967 = CARTESIAN_POINT('',(168.685369,-110.624556,0.));
#18968 = CIRCLE('',#18969,0.5);
#18969 = AXIS2_PLACEMENT_3D('',#18970,#18971,#18972);
#18970 = CARTESIAN_POINT('',(168.685369,-110.124556,0.));
#18971 = DIRECTION('',(-0.,0.,-1.));
#18972 = DIRECTION('',(-0.,-1.,0.));
#18973 = FACE_BOUND('',#18974,.F.);
#18974 = EDGE_LOOP('',(#18975));
#18975 = ORIENTED_EDGE('',*,*,#18976,.T.);
#18976 = EDGE_CURVE('',#18977,#18977,#18979,.T.);
#18977 = VERTEX_POINT('',#18978);
#18978 = CARTESIAN_POINT('',(171.225369,-110.624556,0.));
#18979 = CIRCLE('',#18980,0.5);
#18980 = AXIS2_PLACEMENT_3D('',#18981,#18982,#18983);
#18981 = CARTESIAN_POINT('',(171.225369,-110.124556,0.));
#18982 = DIRECTION('',(-0.,0.,-1.));
#18983 = DIRECTION('',(-0.,-1.,0.));
#18984 = FACE_BOUND('',#18985,.F.);
#18985 = EDGE_LOOP('',(#18986));
#18986 = ORIENTED_EDGE('',*,*,#18987,.T.);
#18987 = EDGE_CURVE('',#18988,#18988,#18990,.T.);
#18988 = VERTEX_POINT('',#18989);
#18989 = CARTESIAN_POINT('',(168.685369,-108.084556,0.));
#18990 = CIRCLE('',#18991,0.5);
#18991 = AXIS2_PLACEMENT_3D('',#18992,#18993,#18994);
#18992 = CARTESIAN_POINT('',(168.685369,-107.584556,0.));
#18993 = DIRECTION('',(-0.,0.,-1.));
#18994 = DIRECTION('',(-0.,-1.,0.));
#18995 = FACE_BOUND('',#18996,.F.);
#18996 = EDGE_LOOP('',(#18997));
#18997 = ORIENTED_EDGE('',*,*,#18998,.T.);
#18998 = EDGE_CURVE('',#18999,#18999,#19001,.T.);
#18999 = VERTEX_POINT('',#19000);
#19000 = CARTESIAN_POINT('',(171.225369,-108.084556,0.));
#19001 = CIRCLE('',#19002,0.5);
#19002 = AXIS2_PLACEMENT_3D('',#19003,#19004,#19005);
#19003 = CARTESIAN_POINT('',(171.225369,-107.584556,0.));
#19004 = DIRECTION('',(-0.,0.,-1.));
#19005 = DIRECTION('',(-0.,-1.,0.));
#19006 = FACE_BOUND('',#19007,.F.);
#19007 = EDGE_LOOP('',(#19008));
#19008 = ORIENTED_EDGE('',*,*,#19009,.T.);
#19009 = EDGE_CURVE('',#19010,#19010,#19012,.T.);
#19010 = VERTEX_POINT('',#19011);
#19011 = CARTESIAN_POINT('',(168.685369,-105.544556,0.));
#19012 = CIRCLE('',#19013,0.5);
#19013 = AXIS2_PLACEMENT_3D('',#19014,#19015,#19016);
#19014 = CARTESIAN_POINT('',(168.685369,-105.044556,0.));
#19015 = DIRECTION('',(-0.,0.,-1.));
#19016 = DIRECTION('',(-0.,-1.,0.));
#19017 = FACE_BOUND('',#19018,.F.);
#19018 = EDGE_LOOP('',(#19019));
#19019 = ORIENTED_EDGE('',*,*,#19020,.T.);
#19020 = EDGE_CURVE('',#19021,#19021,#19023,.T.);
#19021 = VERTEX_POINT('',#19022);
#19022 = CARTESIAN_POINT('',(171.225369,-105.544556,0.));
#19023 = CIRCLE('',#19024,0.5);
#19024 = AXIS2_PLACEMENT_3D('',#19025,#19026,#19027);
#19025 = CARTESIAN_POINT('',(171.225369,-105.044556,0.));
#19026 = DIRECTION('',(-0.,0.,-1.));
#19027 = DIRECTION('',(-0.,-1.,0.));
#19028 = FACE_BOUND('',#19029,.F.);
#19029 = EDGE_LOOP('',(#19030));
#19030 = ORIENTED_EDGE('',*,*,#19031,.T.);
#19031 = EDGE_CURVE('',#19032,#19032,#19034,.T.);
#19032 = VERTEX_POINT('',#19033);
#19033 = CARTESIAN_POINT('',(146.586469,-102.96,0.));
#19034 = CIRCLE('',#19035,0.5);
#19035 = AXIS2_PLACEMENT_3D('',#19036,#19037,#19038);
#19036 = CARTESIAN_POINT('',(146.586469,-102.46,0.));
#19037 = DIRECTION('',(-0.,0.,-1.));
#19038 = DIRECTION('',(-0.,-1.,0.));
#19039 = FACE_BOUND('',#19040,.F.);
#19040 = EDGE_LOOP('',(#19041));
#19041 = ORIENTED_EDGE('',*,*,#19042,.T.);
#19042 = EDGE_CURVE('',#19043,#19043,#19045,.T.);
#19043 = VERTEX_POINT('',#19044);
#19044 = CARTESIAN_POINT('',(153.836469,-102.96,0.));
#19045 = CIRCLE('',#19046,0.5);
#19046 = AXIS2_PLACEMENT_3D('',#19047,#19048,#19049);
#19047 = CARTESIAN_POINT('',(153.836469,-102.46,0.));
#19048 = DIRECTION('',(-0.,0.,-1.));
#19049 = DIRECTION('',(-0.,-1.,0.));
#19050 = FACE_BOUND('',#19051,.F.);
#19051 = EDGE_LOOP('',(#19052));
#19052 = ORIENTED_EDGE('',*,*,#19053,.T.);
#19053 = EDGE_CURVE('',#19054,#19054,#19056,.T.);
#19054 = VERTEX_POINT('',#19055);
#19055 = CARTESIAN_POINT('',(146.586469,-100.42,0.));
#19056 = CIRCLE('',#19057,0.5);
#19057 = AXIS2_PLACEMENT_3D('',#19058,#19059,#19060);
#19058 = CARTESIAN_POINT('',(146.586469,-99.92,0.));
#19059 = DIRECTION('',(-0.,0.,-1.));
#19060 = DIRECTION('',(-0.,-1.,0.));
#19061 = FACE_BOUND('',#19062,.F.);
#19062 = EDGE_LOOP('',(#19063));
#19063 = ORIENTED_EDGE('',*,*,#19064,.T.);
#19064 = EDGE_CURVE('',#19065,#19065,#19067,.T.);
#19065 = VERTEX_POINT('',#19066);
#19066 = CARTESIAN_POINT('',(153.836469,-100.42,0.));
#19067 = CIRCLE('',#19068,0.5);
#19068 = AXIS2_PLACEMENT_3D('',#19069,#19070,#19071);
#19069 = CARTESIAN_POINT('',(153.836469,-99.92,0.));
#19070 = DIRECTION('',(-0.,0.,-1.));
#19071 = DIRECTION('',(-0.,-1.,0.));
#19072 = FACE_BOUND('',#19073,.F.);
#19073 = EDGE_LOOP('',(#19074));
#19074 = ORIENTED_EDGE('',*,*,#19075,.T.);
#19075 = EDGE_CURVE('',#19076,#19076,#19078,.T.);
#19076 = VERTEX_POINT('',#19077);
#19077 = CARTESIAN_POINT('',(168.685369,-103.004556,0.));
#19078 = CIRCLE('',#19079,0.5);
#19079 = AXIS2_PLACEMENT_3D('',#19080,#19081,#19082);
#19080 = CARTESIAN_POINT('',(168.685369,-102.504556,0.));
#19081 = DIRECTION('',(-0.,0.,-1.));
#19082 = DIRECTION('',(-0.,-1.,0.));
#19083 = FACE_BOUND('',#19084,.F.);
#19084 = EDGE_LOOP('',(#19085));
#19085 = ORIENTED_EDGE('',*,*,#19086,.T.);
#19086 = EDGE_CURVE('',#19087,#19087,#19089,.T.);
#19087 = VERTEX_POINT('',#19088);
#19088 = CARTESIAN_POINT('',(171.225369,-103.004556,0.));
#19089 = CIRCLE('',#19090,0.5);
#19090 = AXIS2_PLACEMENT_3D('',#19091,#19092,#19093);
#19091 = CARTESIAN_POINT('',(171.225369,-102.504556,0.));
#19092 = DIRECTION('',(-0.,0.,-1.));
#19093 = DIRECTION('',(-0.,-1.,0.));
#19094 = FACE_BOUND('',#19095,.F.);
#19095 = EDGE_LOOP('',(#19096));
#19096 = ORIENTED_EDGE('',*,*,#19097,.T.);
#19097 = EDGE_CURVE('',#19098,#19098,#19100,.T.);
#19098 = VERTEX_POINT('',#19099);
#19099 = CARTESIAN_POINT('',(168.685369,-100.464556,0.));
#19100 = CIRCLE('',#19101,0.5);
#19101 = AXIS2_PLACEMENT_3D('',#19102,#19103,#19104);
#19102 = CARTESIAN_POINT('',(168.685369,-99.964556,0.));
#19103 = DIRECTION('',(-0.,0.,-1.));
#19104 = DIRECTION('',(-0.,-1.,0.));
#19105 = FACE_BOUND('',#19106,.F.);
#19106 = EDGE_LOOP('',(#19107));
#19107 = ORIENTED_EDGE('',*,*,#19108,.T.);
#19108 = EDGE_CURVE('',#19109,#19109,#19111,.T.);
#19109 = VERTEX_POINT('',#19110);
#19110 = CARTESIAN_POINT('',(171.225369,-100.464556,0.));
#19111 = CIRCLE('',#19112,0.5);
#19112 = AXIS2_PLACEMENT_3D('',#19113,#19114,#19115);
#19113 = CARTESIAN_POINT('',(171.225369,-99.964556,0.));
#19114 = DIRECTION('',(-0.,0.,-1.));
#19115 = DIRECTION('',(-0.,-1.,0.));
#19116 = FACE_BOUND('',#19117,.F.);
#19117 = EDGE_LOOP('',(#19118));
#19118 = ORIENTED_EDGE('',*,*,#19119,.T.);
#19119 = EDGE_CURVE('',#19120,#19120,#19122,.T.);
#19120 = VERTEX_POINT('',#19121);
#19121 = CARTESIAN_POINT('',(100.836469,-97.88,0.));
#19122 = CIRCLE('',#19123,0.5);
#19123 = AXIS2_PLACEMENT_3D('',#19124,#19125,#19126);
#19124 = CARTESIAN_POINT('',(100.836469,-97.38,0.));
#19125 = DIRECTION('',(-0.,0.,-1.));
#19126 = DIRECTION('',(-0.,-1.,0.));
#19127 = FACE_BOUND('',#19128,.F.);
#19128 = EDGE_LOOP('',(#19129));
#19129 = ORIENTED_EDGE('',*,*,#19130,.T.);
#19130 = EDGE_CURVE('',#19131,#19131,#19133,.T.);
#19131 = VERTEX_POINT('',#19132);
#19132 = CARTESIAN_POINT('',(108.086469,-97.88,0.));
#19133 = CIRCLE('',#19134,0.5);
#19134 = AXIS2_PLACEMENT_3D('',#19135,#19136,#19137);
#19135 = CARTESIAN_POINT('',(108.086469,-97.38,0.));
#19136 = DIRECTION('',(-0.,0.,-1.));
#19137 = DIRECTION('',(-0.,-1.,0.));
#19138 = FACE_BOUND('',#19139,.F.);
#19139 = EDGE_LOOP('',(#19140));
#19140 = ORIENTED_EDGE('',*,*,#19141,.T.);
#19141 = EDGE_CURVE('',#19142,#19142,#19144,.T.);
#19142 = VERTEX_POINT('',#19143);
#19143 = CARTESIAN_POINT('',(100.836469,-95.34,0.));
#19144 = CIRCLE('',#19145,0.5);
#19145 = AXIS2_PLACEMENT_3D('',#19146,#19147,#19148);
#19146 = CARTESIAN_POINT('',(100.836469,-94.84,0.));
#19147 = DIRECTION('',(-0.,0.,-1.));
#19148 = DIRECTION('',(-0.,-1.,0.));
#19149 = FACE_BOUND('',#19150,.F.);
#19150 = EDGE_LOOP('',(#19151));
#19151 = ORIENTED_EDGE('',*,*,#19152,.T.);
#19152 = EDGE_CURVE('',#19153,#19153,#19155,.T.);
#19153 = VERTEX_POINT('',#19154);
#19154 = CARTESIAN_POINT('',(108.086469,-95.34,0.));
#19155 = CIRCLE('',#19156,0.5);
#19156 = AXIS2_PLACEMENT_3D('',#19157,#19158,#19159);
#19157 = CARTESIAN_POINT('',(108.086469,-94.84,0.));
#19158 = DIRECTION('',(-0.,0.,-1.));
#19159 = DIRECTION('',(-0.,-1.,0.));
#19160 = FACE_BOUND('',#19161,.F.);
#19161 = EDGE_LOOP('',(#19162));
#19162 = ORIENTED_EDGE('',*,*,#19163,.T.);
#19163 = EDGE_CURVE('',#19164,#19164,#19166,.T.);
#19164 = VERTEX_POINT('',#19165);
#19165 = CARTESIAN_POINT('',(126.141369,-97.924556,0.));
#19166 = CIRCLE('',#19167,0.5);
#19167 = AXIS2_PLACEMENT_3D('',#19168,#19169,#19170);
#19168 = CARTESIAN_POINT('',(126.141369,-97.424556,0.));
#19169 = DIRECTION('',(-0.,0.,-1.));
#19170 = DIRECTION('',(-0.,-1.,0.));
#19171 = FACE_BOUND('',#19172,.F.);
#19172 = EDGE_LOOP('',(#19173));
#19173 = ORIENTED_EDGE('',*,*,#19174,.T.);
#19174 = EDGE_CURVE('',#19175,#19175,#19177,.T.);
#19175 = VERTEX_POINT('',#19176);
#19176 = CARTESIAN_POINT('',(128.681369,-97.924556,0.));
#19177 = CIRCLE('',#19178,0.5);
#19178 = AXIS2_PLACEMENT_3D('',#19179,#19180,#19181);
#19179 = CARTESIAN_POINT('',(128.681369,-97.424556,0.));
#19180 = DIRECTION('',(-0.,0.,-1.));
#19181 = DIRECTION('',(-0.,-1.,0.));
#19182 = FACE_BOUND('',#19183,.F.);
#19183 = EDGE_LOOP('',(#19184));
#19184 = ORIENTED_EDGE('',*,*,#19185,.T.);
#19185 = EDGE_CURVE('',#19186,#19186,#19188,.T.);
#19186 = VERTEX_POINT('',#19187);
#19187 = CARTESIAN_POINT('',(126.141369,-95.384556,0.));
#19188 = CIRCLE('',#19189,0.5);
#19189 = AXIS2_PLACEMENT_3D('',#19190,#19191,#19192);
#19190 = CARTESIAN_POINT('',(126.141369,-94.884556,0.));
#19191 = DIRECTION('',(-0.,0.,-1.));
#19192 = DIRECTION('',(-0.,-1.,0.));
#19193 = FACE_BOUND('',#19194,.F.);
#19194 = EDGE_LOOP('',(#19195));
#19195 = ORIENTED_EDGE('',*,*,#19196,.T.);
#19196 = EDGE_CURVE('',#19197,#19197,#19199,.T.);
#19197 = VERTEX_POINT('',#19198);
#19198 = CARTESIAN_POINT('',(128.681369,-95.384556,0.));
#19199 = CIRCLE('',#19200,0.5);
#19200 = AXIS2_PLACEMENT_3D('',#19201,#19202,#19203);
#19201 = CARTESIAN_POINT('',(128.681369,-94.884556,0.));
#19202 = DIRECTION('',(-0.,0.,-1.));
#19203 = DIRECTION('',(-0.,-1.,0.));
#19204 = FACE_BOUND('',#19205,.F.);
#19205 = EDGE_LOOP('',(#19206));
#19206 = ORIENTED_EDGE('',*,*,#19207,.T.);
#19207 = EDGE_CURVE('',#19208,#19208,#19210,.T.);
#19208 = VERTEX_POINT('',#19209);
#19209 = CARTESIAN_POINT('',(100.836469,-92.8,0.));
#19210 = CIRCLE('',#19211,0.5);
#19211 = AXIS2_PLACEMENT_3D('',#19212,#19213,#19214);
#19212 = CARTESIAN_POINT('',(100.836469,-92.3,0.));
#19213 = DIRECTION('',(-0.,0.,-1.));
#19214 = DIRECTION('',(-0.,-1.,0.));
#19215 = FACE_BOUND('',#19216,.F.);
#19216 = EDGE_LOOP('',(#19217));
#19217 = ORIENTED_EDGE('',*,*,#19218,.T.);
#19218 = EDGE_CURVE('',#19219,#19219,#19221,.T.);
#19219 = VERTEX_POINT('',#19220);
#19220 = CARTESIAN_POINT('',(108.086469,-92.8,0.));
#19221 = CIRCLE('',#19222,0.5);
#19222 = AXIS2_PLACEMENT_3D('',#19223,#19224,#19225);
#19223 = CARTESIAN_POINT('',(108.086469,-92.3,0.));
#19224 = DIRECTION('',(-0.,0.,-1.));
#19225 = DIRECTION('',(-0.,-1.,0.));
#19226 = FACE_BOUND('',#19227,.F.);
#19227 = EDGE_LOOP('',(#19228));
#19228 = ORIENTED_EDGE('',*,*,#19229,.T.);
#19229 = EDGE_CURVE('',#19230,#19230,#19232,.T.);
#19230 = VERTEX_POINT('',#19231);
#19231 = CARTESIAN_POINT('',(100.836469,-90.26,0.));
#19232 = CIRCLE('',#19233,0.5);
#19233 = AXIS2_PLACEMENT_3D('',#19234,#19235,#19236);
#19234 = CARTESIAN_POINT('',(100.836469,-89.76,0.));
#19235 = DIRECTION('',(-0.,0.,-1.));
#19236 = DIRECTION('',(-0.,-1.,0.));
#19237 = FACE_BOUND('',#19238,.F.);
#19238 = EDGE_LOOP('',(#19239));
#19239 = ORIENTED_EDGE('',*,*,#19240,.T.);
#19240 = EDGE_CURVE('',#19241,#19241,#19243,.T.);
#19241 = VERTEX_POINT('',#19242);
#19242 = CARTESIAN_POINT('',(108.086469,-90.26,0.));
#19243 = CIRCLE('',#19244,0.5);
#19244 = AXIS2_PLACEMENT_3D('',#19245,#19246,#19247);
#19245 = CARTESIAN_POINT('',(108.086469,-89.76,0.));
#19246 = DIRECTION('',(-0.,0.,-1.));
#19247 = DIRECTION('',(-0.,-1.,0.));
#19248 = FACE_BOUND('',#19249,.F.);
#19249 = EDGE_LOOP('',(#19250));
#19250 = ORIENTED_EDGE('',*,*,#19251,.T.);
#19251 = EDGE_CURVE('',#19252,#19252,#19254,.T.);
#19252 = VERTEX_POINT('',#19253);
#19253 = CARTESIAN_POINT('',(100.836469,-87.72,0.));
#19254 = CIRCLE('',#19255,0.5);
#19255 = AXIS2_PLACEMENT_3D('',#19256,#19257,#19258);
#19256 = CARTESIAN_POINT('',(100.836469,-87.22,0.));
#19257 = DIRECTION('',(-0.,0.,-1.));
#19258 = DIRECTION('',(-0.,-1.,0.));
#19259 = FACE_BOUND('',#19260,.F.);
#19260 = EDGE_LOOP('',(#19261));
#19261 = ORIENTED_EDGE('',*,*,#19262,.T.);
#19262 = EDGE_CURVE('',#19263,#19263,#19265,.T.);
#19263 = VERTEX_POINT('',#19264);
#19264 = CARTESIAN_POINT('',(108.086469,-87.72,0.));
#19265 = CIRCLE('',#19266,0.5);
#19266 = AXIS2_PLACEMENT_3D('',#19267,#19268,#19269);
#19267 = CARTESIAN_POINT('',(108.086469,-87.22,0.));
#19268 = DIRECTION('',(-0.,0.,-1.));
#19269 = DIRECTION('',(-0.,-1.,0.));
#19270 = FACE_BOUND('',#19271,.F.);
#19271 = EDGE_LOOP('',(#19272));
#19272 = ORIENTED_EDGE('',*,*,#19273,.T.);
#19273 = EDGE_CURVE('',#19274,#19274,#19276,.T.);
#19274 = VERTEX_POINT('',#19275);
#19275 = CARTESIAN_POINT('',(126.141369,-92.844556,0.));
#19276 = CIRCLE('',#19277,0.5);
#19277 = AXIS2_PLACEMENT_3D('',#19278,#19279,#19280);
#19278 = CARTESIAN_POINT('',(126.141369,-92.344556,0.));
#19279 = DIRECTION('',(-0.,0.,-1.));
#19280 = DIRECTION('',(-0.,-1.,0.));
#19281 = FACE_BOUND('',#19282,.F.);
#19282 = EDGE_LOOP('',(#19283));
#19283 = ORIENTED_EDGE('',*,*,#19284,.T.);
#19284 = EDGE_CURVE('',#19285,#19285,#19287,.T.);
#19285 = VERTEX_POINT('',#19286);
#19286 = CARTESIAN_POINT('',(126.141369,-90.304556,0.));
#19287 = CIRCLE('',#19288,0.5);
#19288 = AXIS2_PLACEMENT_3D('',#19289,#19290,#19291);
#19289 = CARTESIAN_POINT('',(126.141369,-89.804556,0.));
#19290 = DIRECTION('',(-0.,0.,-1.));
#19291 = DIRECTION('',(-0.,-1.,0.));
#19292 = FACE_BOUND('',#19293,.F.);
#19293 = EDGE_LOOP('',(#19294));
#19294 = ORIENTED_EDGE('',*,*,#19295,.T.);
#19295 = EDGE_CURVE('',#19296,#19296,#19298,.T.);
#19296 = VERTEX_POINT('',#19297);
#19297 = CARTESIAN_POINT('',(128.681369,-92.844556,0.));
#19298 = CIRCLE('',#19299,0.5);
#19299 = AXIS2_PLACEMENT_3D('',#19300,#19301,#19302);
#19300 = CARTESIAN_POINT('',(128.681369,-92.344556,0.));
#19301 = DIRECTION('',(-0.,0.,-1.));
#19302 = DIRECTION('',(-0.,-1.,0.));
#19303 = FACE_BOUND('',#19304,.F.);
#19304 = EDGE_LOOP('',(#19305));
#19305 = ORIENTED_EDGE('',*,*,#19306,.T.);
#19306 = EDGE_CURVE('',#19307,#19307,#19309,.T.);
#19307 = VERTEX_POINT('',#19308);
#19308 = CARTESIAN_POINT('',(128.681369,-90.304556,0.));
#19309 = CIRCLE('',#19310,0.5);
#19310 = AXIS2_PLACEMENT_3D('',#19311,#19312,#19313);
#19311 = CARTESIAN_POINT('',(128.681369,-89.804556,0.));
#19312 = DIRECTION('',(-0.,0.,-1.));
#19313 = DIRECTION('',(-0.,-1.,0.));
#19314 = FACE_BOUND('',#19315,.F.);
#19315 = EDGE_LOOP('',(#19316));
#19316 = ORIENTED_EDGE('',*,*,#19317,.T.);
#19317 = EDGE_CURVE('',#19318,#19318,#19320,.T.);
#19318 = VERTEX_POINT('',#19319);
#19319 = CARTESIAN_POINT('',(126.141369,-87.764556,0.));
#19320 = CIRCLE('',#19321,0.5);
#19321 = AXIS2_PLACEMENT_3D('',#19322,#19323,#19324);
#19322 = CARTESIAN_POINT('',(126.141369,-87.264556,0.));
#19323 = DIRECTION('',(-0.,0.,-1.));
#19324 = DIRECTION('',(-0.,-1.,0.));
#19325 = FACE_BOUND('',#19326,.F.);
#19326 = EDGE_LOOP('',(#19327));
#19327 = ORIENTED_EDGE('',*,*,#19328,.T.);
#19328 = EDGE_CURVE('',#19329,#19329,#19331,.T.);
#19329 = VERTEX_POINT('',#19330);
#19330 = CARTESIAN_POINT('',(128.681369,-87.764556,0.));
#19331 = CIRCLE('',#19332,0.5);
#19332 = AXIS2_PLACEMENT_3D('',#19333,#19334,#19335);
#19333 = CARTESIAN_POINT('',(128.681369,-87.264556,0.));
#19334 = DIRECTION('',(-0.,0.,-1.));
#19335 = DIRECTION('',(-0.,-1.,0.));
#19336 = FACE_BOUND('',#19337,.F.);
#19337 = EDGE_LOOP('',(#19338));
#19338 = ORIENTED_EDGE('',*,*,#19339,.T.);
#19339 = EDGE_CURVE('',#19340,#19340,#19342,.T.);
#19340 = VERTEX_POINT('',#19341);
#19341 = CARTESIAN_POINT('',(146.586469,-97.88,0.));
#19342 = CIRCLE('',#19343,0.5);
#19343 = AXIS2_PLACEMENT_3D('',#19344,#19345,#19346);
#19344 = CARTESIAN_POINT('',(146.586469,-97.38,0.));
#19345 = DIRECTION('',(-0.,0.,-1.));
#19346 = DIRECTION('',(-0.,-1.,0.));
#19347 = FACE_BOUND('',#19348,.F.);
#19348 = EDGE_LOOP('',(#19349));
#19349 = ORIENTED_EDGE('',*,*,#19350,.T.);
#19350 = EDGE_CURVE('',#19351,#19351,#19353,.T.);
#19351 = VERTEX_POINT('',#19352);
#19352 = CARTESIAN_POINT('',(153.836469,-97.88,0.));
#19353 = CIRCLE('',#19354,0.5);
#19354 = AXIS2_PLACEMENT_3D('',#19355,#19356,#19357);
#19355 = CARTESIAN_POINT('',(153.836469,-97.38,0.));
#19356 = DIRECTION('',(-0.,0.,-1.));
#19357 = DIRECTION('',(-0.,-1.,0.));
#19358 = FACE_BOUND('',#19359,.F.);
#19359 = EDGE_LOOP('',(#19360));
#19360 = ORIENTED_EDGE('',*,*,#19361,.T.);
#19361 = EDGE_CURVE('',#19362,#19362,#19364,.T.);
#19362 = VERTEX_POINT('',#19363);
#19363 = CARTESIAN_POINT('',(146.586469,-95.34,0.));
#19364 = CIRCLE('',#19365,0.5);
#19365 = AXIS2_PLACEMENT_3D('',#19366,#19367,#19368);
#19366 = CARTESIAN_POINT('',(146.586469,-94.84,0.));
#19367 = DIRECTION('',(-0.,0.,-1.));
#19368 = DIRECTION('',(-0.,-1.,0.));
#19369 = FACE_BOUND('',#19370,.F.);
#19370 = EDGE_LOOP('',(#19371));
#19371 = ORIENTED_EDGE('',*,*,#19372,.T.);
#19372 = EDGE_CURVE('',#19373,#19373,#19375,.T.);
#19373 = VERTEX_POINT('',#19374);
#19374 = CARTESIAN_POINT('',(153.836469,-95.34,0.));
#19375 = CIRCLE('',#19376,0.5);
#19376 = AXIS2_PLACEMENT_3D('',#19377,#19378,#19379);
#19377 = CARTESIAN_POINT('',(153.836469,-94.84,0.));
#19378 = DIRECTION('',(-0.,0.,-1.));
#19379 = DIRECTION('',(-0.,-1.,0.));
#19380 = FACE_BOUND('',#19381,.F.);
#19381 = EDGE_LOOP('',(#19382));
#19382 = ORIENTED_EDGE('',*,*,#19383,.T.);
#19383 = EDGE_CURVE('',#19384,#19384,#19386,.T.);
#19384 = VERTEX_POINT('',#19385);
#19385 = CARTESIAN_POINT('',(168.685369,-97.924556,0.));
#19386 = CIRCLE('',#19387,0.5);
#19387 = AXIS2_PLACEMENT_3D('',#19388,#19389,#19390);
#19388 = CARTESIAN_POINT('',(168.685369,-97.424556,0.));
#19389 = DIRECTION('',(-0.,0.,-1.));
#19390 = DIRECTION('',(-0.,-1.,0.));
#19391 = FACE_BOUND('',#19392,.F.);
#19392 = EDGE_LOOP('',(#19393));
#19393 = ORIENTED_EDGE('',*,*,#19394,.T.);
#19394 = EDGE_CURVE('',#19395,#19395,#19397,.T.);
#19395 = VERTEX_POINT('',#19396);
#19396 = CARTESIAN_POINT('',(171.225369,-97.924556,0.));
#19397 = CIRCLE('',#19398,0.5);
#19398 = AXIS2_PLACEMENT_3D('',#19399,#19400,#19401);
#19399 = CARTESIAN_POINT('',(171.225369,-97.424556,0.));
#19400 = DIRECTION('',(-0.,0.,-1.));
#19401 = DIRECTION('',(-0.,-1.,0.));
#19402 = FACE_BOUND('',#19403,.F.);
#19403 = EDGE_LOOP('',(#19404));
#19404 = ORIENTED_EDGE('',*,*,#19405,.T.);
#19405 = EDGE_CURVE('',#19406,#19406,#19408,.T.);
#19406 = VERTEX_POINT('',#19407);
#19407 = CARTESIAN_POINT('',(168.685369,-95.384556,0.));
#19408 = CIRCLE('',#19409,0.5);
#19409 = AXIS2_PLACEMENT_3D('',#19410,#19411,#19412);
#19410 = CARTESIAN_POINT('',(168.685369,-94.884556,0.));
#19411 = DIRECTION('',(-0.,0.,-1.));
#19412 = DIRECTION('',(-0.,-1.,0.));
#19413 = FACE_BOUND('',#19414,.F.);
#19414 = EDGE_LOOP('',(#19415));
#19415 = ORIENTED_EDGE('',*,*,#19416,.T.);
#19416 = EDGE_CURVE('',#19417,#19417,#19419,.T.);
#19417 = VERTEX_POINT('',#19418);
#19418 = CARTESIAN_POINT('',(171.225369,-95.384556,0.));
#19419 = CIRCLE('',#19420,0.5);
#19420 = AXIS2_PLACEMENT_3D('',#19421,#19422,#19423);
#19421 = CARTESIAN_POINT('',(171.225369,-94.884556,0.));
#19422 = DIRECTION('',(-0.,0.,-1.));
#19423 = DIRECTION('',(-0.,-1.,0.));
#19424 = FACE_BOUND('',#19425,.F.);
#19425 = EDGE_LOOP('',(#19426));
#19426 = ORIENTED_EDGE('',*,*,#19427,.T.);
#19427 = EDGE_CURVE('',#19428,#19428,#19430,.T.);
#19428 = VERTEX_POINT('',#19429);
#19429 = CARTESIAN_POINT('',(146.586469,-92.8,0.));
#19430 = CIRCLE('',#19431,0.5);
#19431 = AXIS2_PLACEMENT_3D('',#19432,#19433,#19434);
#19432 = CARTESIAN_POINT('',(146.586469,-92.3,0.));
#19433 = DIRECTION('',(-0.,0.,-1.));
#19434 = DIRECTION('',(-0.,-1.,0.));
#19435 = FACE_BOUND('',#19436,.F.);
#19436 = EDGE_LOOP('',(#19437));
#19437 = ORIENTED_EDGE('',*,*,#19438,.T.);
#19438 = EDGE_CURVE('',#19439,#19439,#19441,.T.);
#19439 = VERTEX_POINT('',#19440);
#19440 = CARTESIAN_POINT('',(153.836469,-92.8,0.));
#19441 = CIRCLE('',#19442,0.5);
#19442 = AXIS2_PLACEMENT_3D('',#19443,#19444,#19445);
#19443 = CARTESIAN_POINT('',(153.836469,-92.3,0.));
#19444 = DIRECTION('',(-0.,0.,-1.));
#19445 = DIRECTION('',(-0.,-1.,0.));
#19446 = FACE_BOUND('',#19447,.F.);
#19447 = EDGE_LOOP('',(#19448));
#19448 = ORIENTED_EDGE('',*,*,#19449,.T.);
#19449 = EDGE_CURVE('',#19450,#19450,#19452,.T.);
#19450 = VERTEX_POINT('',#19451);
#19451 = CARTESIAN_POINT('',(146.586469,-90.26,0.));
#19452 = CIRCLE('',#19453,0.5);
#19453 = AXIS2_PLACEMENT_3D('',#19454,#19455,#19456);
#19454 = CARTESIAN_POINT('',(146.586469,-89.76,0.));
#19455 = DIRECTION('',(-0.,0.,-1.));
#19456 = DIRECTION('',(-0.,-1.,0.));
#19457 = FACE_BOUND('',#19458,.F.);
#19458 = EDGE_LOOP('',(#19459));
#19459 = ORIENTED_EDGE('',*,*,#19460,.T.);
#19460 = EDGE_CURVE('',#19461,#19461,#19463,.T.);
#19461 = VERTEX_POINT('',#19462);
#19462 = CARTESIAN_POINT('',(153.836469,-90.26,0.));
#19463 = CIRCLE('',#19464,0.5);
#19464 = AXIS2_PLACEMENT_3D('',#19465,#19466,#19467);
#19465 = CARTESIAN_POINT('',(153.836469,-89.76,0.));
#19466 = DIRECTION('',(-0.,0.,-1.));
#19467 = DIRECTION('',(-0.,-1.,0.));
#19468 = FACE_BOUND('',#19469,.F.);
#19469 = EDGE_LOOP('',(#19470));
#19470 = ORIENTED_EDGE('',*,*,#19471,.T.);
#19471 = EDGE_CURVE('',#19472,#19472,#19474,.T.);
#19472 = VERTEX_POINT('',#19473);
#19473 = CARTESIAN_POINT('',(146.586469,-87.72,0.));
#19474 = CIRCLE('',#19475,0.5);
#19475 = AXIS2_PLACEMENT_3D('',#19476,#19477,#19478);
#19476 = CARTESIAN_POINT('',(146.586469,-87.22,0.));
#19477 = DIRECTION('',(-0.,0.,-1.));
#19478 = DIRECTION('',(-0.,-1.,0.));
#19479 = FACE_BOUND('',#19480,.F.);
#19480 = EDGE_LOOP('',(#19481));
#19481 = ORIENTED_EDGE('',*,*,#19482,.T.);
#19482 = EDGE_CURVE('',#19483,#19483,#19485,.T.);
#19483 = VERTEX_POINT('',#19484);
#19484 = CARTESIAN_POINT('',(153.836469,-87.72,0.));
#19485 = CIRCLE('',#19486,0.5);
#19486 = AXIS2_PLACEMENT_3D('',#19487,#19488,#19489);
#19487 = CARTESIAN_POINT('',(153.836469,-87.22,0.));
#19488 = DIRECTION('',(-0.,0.,-1.));
#19489 = DIRECTION('',(-0.,-1.,0.));
#19490 = FACE_BOUND('',#19491,.F.);
#19491 = EDGE_LOOP('',(#19492));
#19492 = ORIENTED_EDGE('',*,*,#19493,.T.);
#19493 = EDGE_CURVE('',#19494,#19494,#19496,.T.);
#19494 = VERTEX_POINT('',#19495);
#19495 = CARTESIAN_POINT('',(168.685369,-92.844556,0.));
#19496 = CIRCLE('',#19497,0.5);
#19497 = AXIS2_PLACEMENT_3D('',#19498,#19499,#19500);
#19498 = CARTESIAN_POINT('',(168.685369,-92.344556,0.));
#19499 = DIRECTION('',(-0.,0.,-1.));
#19500 = DIRECTION('',(-0.,-1.,0.));
#19501 = FACE_BOUND('',#19502,.F.);
#19502 = EDGE_LOOP('',(#19503));
#19503 = ORIENTED_EDGE('',*,*,#19504,.T.);
#19504 = EDGE_CURVE('',#19505,#19505,#19507,.T.);
#19505 = VERTEX_POINT('',#19506);
#19506 = CARTESIAN_POINT('',(171.225369,-92.844556,0.));
#19507 = CIRCLE('',#19508,0.5);
#19508 = AXIS2_PLACEMENT_3D('',#19509,#19510,#19511);
#19509 = CARTESIAN_POINT('',(171.225369,-92.344556,0.));
#19510 = DIRECTION('',(-0.,0.,-1.));
#19511 = DIRECTION('',(-0.,-1.,0.));
#19512 = FACE_BOUND('',#19513,.F.);
#19513 = EDGE_LOOP('',(#19514));
#19514 = ORIENTED_EDGE('',*,*,#19515,.T.);
#19515 = EDGE_CURVE('',#19516,#19516,#19518,.T.);
#19516 = VERTEX_POINT('',#19517);
#19517 = CARTESIAN_POINT('',(168.685369,-90.304556,0.));
#19518 = CIRCLE('',#19519,0.5);
#19519 = AXIS2_PLACEMENT_3D('',#19520,#19521,#19522);
#19520 = CARTESIAN_POINT('',(168.685369,-89.804556,0.));
#19521 = DIRECTION('',(-0.,0.,-1.));
#19522 = DIRECTION('',(-0.,-1.,0.));
#19523 = FACE_BOUND('',#19524,.F.);
#19524 = EDGE_LOOP('',(#19525));
#19525 = ORIENTED_EDGE('',*,*,#19526,.T.);
#19526 = EDGE_CURVE('',#19527,#19527,#19529,.T.);
#19527 = VERTEX_POINT('',#19528);
#19528 = CARTESIAN_POINT('',(171.225369,-90.304556,0.));
#19529 = CIRCLE('',#19530,0.5);
#19530 = AXIS2_PLACEMENT_3D('',#19531,#19532,#19533);
#19531 = CARTESIAN_POINT('',(171.225369,-89.804556,0.));
#19532 = DIRECTION('',(-0.,0.,-1.));
#19533 = DIRECTION('',(-0.,-1.,0.));
#19534 = FACE_BOUND('',#19535,.F.);
#19535 = EDGE_LOOP('',(#19536));
#19536 = ORIENTED_EDGE('',*,*,#19537,.T.);
#19537 = EDGE_CURVE('',#19538,#19538,#19540,.T.);
#19538 = VERTEX_POINT('',#19539);
#19539 = CARTESIAN_POINT('',(168.685369,-87.764556,0.));
#19540 = CIRCLE('',#19541,0.5);
#19541 = AXIS2_PLACEMENT_3D('',#19542,#19543,#19544);
#19542 = CARTESIAN_POINT('',(168.685369,-87.264556,0.));
#19543 = DIRECTION('',(-0.,0.,-1.));
#19544 = DIRECTION('',(-0.,-1.,0.));
#19545 = FACE_BOUND('',#19546,.F.);
#19546 = EDGE_LOOP('',(#19547));
#19547 = ORIENTED_EDGE('',*,*,#19548,.T.);
#19548 = EDGE_CURVE('',#19549,#19549,#19551,.T.);
#19549 = VERTEX_POINT('',#19550);
#19550 = CARTESIAN_POINT('',(171.225369,-87.764556,0.));
#19551 = CIRCLE('',#19552,0.5);
#19552 = AXIS2_PLACEMENT_3D('',#19553,#19554,#19555);
#19553 = CARTESIAN_POINT('',(171.225369,-87.264556,0.));
#19554 = DIRECTION('',(-0.,0.,-1.));
#19555 = DIRECTION('',(-0.,-1.,0.));
#19556 = PLANE('',#19557);
#19557 = AXIS2_PLACEMENT_3D('',#19558,#19559,#19560);
#19558 = CARTESIAN_POINT('',(0.,0.,0.));
#19559 = DIRECTION('',(0.,0.,1.));
#19560 = DIRECTION('',(1.,0.,-0.));
#19561 = ADVANCED_FACE('',(#19562,#19608,#19619,#19630,#19641,#19652,
    #19663,#19674,#19685,#19696,#19707,#19718,#19729,#19740,#19751,
    #19762,#19773,#19784,#19795,#19806,#19817,#19828,#19839,#19850,
    #19861,#19872,#19883,#19894,#19905,#19916,#19927,#19938,#19949,
    #19960,#19971,#19982,#19993,#20004,#20015,#20026,#20037,#20048,
    #20059,#20070,#20081,#20092,#20103,#20114,#20125,#20136,#20147,
    #20158,#20169,#20180,#20191,#20202,#20213,#20224,#20235,#20246,
    #20257,#20268,#20279,#20290,#20301,#20312,#20323,#20334,#20345,
    #20356,#20367,#20378,#20389,#20400,#20411,#20422,#20433,#20444,
    #20455,#20466,#20477),#20488,.T.);
#19562 = FACE_BOUND('',#19563,.T.);
#19563 = EDGE_LOOP('',(#19564,#19565,#19566,#19575,#19583,#19592,#19600,
    #19607));
#19564 = ORIENTED_EDGE('',*,*,#18539,.F.);
#19565 = ORIENTED_EDGE('',*,*,#18581,.F.);
#19566 = ORIENTED_EDGE('',*,*,#19567,.F.);
#19567 = EDGE_CURVE('',#19568,#18574,#19570,.T.);
#19568 = VERTEX_POINT('',#19569);
#19569 = CARTESIAN_POINT('',(89.138927,-80.999798,1.51));
#19570 = CIRCLE('',#19571,0.999999252925);
#19571 = AXIS2_PLACEMENT_3D('',#19572,#19573,#19574);
#19572 = CARTESIAN_POINT('',(90.138926252925,-80.99979725292,1.51));
#19573 = DIRECTION('',(0.,0.,-1.));
#19574 = DIRECTION('',(-1.,-7.47075720743E-07,-0.));
#19575 = ORIENTED_EDGE('',*,*,#19576,.F.);
#19576 = EDGE_CURVE('',#19577,#19568,#19579,.T.);
#19577 = VERTEX_POINT('',#19578);
#19578 = CARTESIAN_POINT('',(89.138927,-113.999798,1.51));
#19579 = LINE('',#19580,#19581);
#19580 = CARTESIAN_POINT('',(89.138927,-113.999798,1.51));
#19581 = VECTOR('',#19582,1.);
#19582 = DIRECTION('',(0.,1.,0.));
#19583 = ORIENTED_EDGE('',*,*,#19584,.F.);
#19584 = EDGE_CURVE('',#19585,#19577,#19587,.T.);
#19585 = VERTEX_POINT('',#19586);
#19586 = CARTESIAN_POINT('',(90.138927,-114.999798,1.51));
#19587 = CIRCLE('',#19588,0.999999252925);
#19588 = AXIS2_PLACEMENT_3D('',#19589,#19590,#19591);
#19589 = CARTESIAN_POINT('',(90.138926252925,-113.999798747,1.51));
#19590 = DIRECTION('',(0.,0.,-1.));
#19591 = DIRECTION('',(7.470757491648E-07,-1.,0.));
#19592 = ORIENTED_EDGE('',*,*,#19593,.F.);
#19593 = EDGE_CURVE('',#19594,#19585,#19596,.T.);
#19594 = VERTEX_POINT('',#19595);
#19595 = CARTESIAN_POINT('',(178.138927,-114.999798,1.51));
#19596 = LINE('',#19597,#19598);
#19597 = CARTESIAN_POINT('',(178.138927,-114.999798,1.51));
#19598 = VECTOR('',#19599,1.);
#19599 = DIRECTION('',(-1.,0.,0.));
#19600 = ORIENTED_EDGE('',*,*,#19601,.F.);
#19601 = EDGE_CURVE('',#18604,#19594,#19602,.T.);
#19602 = CIRCLE('',#19603,0.999999252925);
#19603 = AXIS2_PLACEMENT_3D('',#19604,#19605,#19606);
#19604 = CARTESIAN_POINT('',(178.13892774707,-113.999798747,1.51));
#19605 = DIRECTION('',(0.,0.,-1.));
#19606 = DIRECTION('',(1.,7.470757633756E-07,0.));
#19607 = ORIENTED_EDGE('',*,*,#18603,.F.);
#19608 = FACE_BOUND('',#19609,.T.);
#19609 = EDGE_LOOP('',(#19610));
#19610 = ORIENTED_EDGE('',*,*,#19611,.T.);
#19611 = EDGE_CURVE('',#19612,#19612,#19614,.T.);
#19612 = VERTEX_POINT('',#19613);
#19613 = CARTESIAN_POINT('',(100.836469,-110.58,1.51));
#19614 = CIRCLE('',#19615,0.5);
#19615 = AXIS2_PLACEMENT_3D('',#19616,#19617,#19618);
#19616 = CARTESIAN_POINT('',(100.836469,-110.08,1.51));
#19617 = DIRECTION('',(-0.,0.,-1.));
#19618 = DIRECTION('',(-0.,-1.,0.));
#19619 = FACE_BOUND('',#19620,.T.);
#19620 = EDGE_LOOP('',(#19621));
#19621 = ORIENTED_EDGE('',*,*,#19622,.T.);
#19622 = EDGE_CURVE('',#19623,#19623,#19625,.T.);
#19623 = VERTEX_POINT('',#19624);
#19624 = CARTESIAN_POINT('',(108.086469,-110.58,1.51));
#19625 = CIRCLE('',#19626,0.5);
#19626 = AXIS2_PLACEMENT_3D('',#19627,#19628,#19629);
#19627 = CARTESIAN_POINT('',(108.086469,-110.08,1.51));
#19628 = DIRECTION('',(-0.,0.,-1.));
#19629 = DIRECTION('',(-0.,-1.,0.));
#19630 = FACE_BOUND('',#19631,.T.);
#19631 = EDGE_LOOP('',(#19632));
#19632 = ORIENTED_EDGE('',*,*,#19633,.T.);
#19633 = EDGE_CURVE('',#19634,#19634,#19636,.T.);
#19634 = VERTEX_POINT('',#19635);
#19635 = CARTESIAN_POINT('',(100.836469,-108.04,1.51));
#19636 = CIRCLE('',#19637,0.5);
#19637 = AXIS2_PLACEMENT_3D('',#19638,#19639,#19640);
#19638 = CARTESIAN_POINT('',(100.836469,-107.54,1.51));
#19639 = DIRECTION('',(-0.,0.,-1.));
#19640 = DIRECTION('',(-0.,-1.,0.));
#19641 = FACE_BOUND('',#19642,.T.);
#19642 = EDGE_LOOP('',(#19643));
#19643 = ORIENTED_EDGE('',*,*,#19644,.T.);
#19644 = EDGE_CURVE('',#19645,#19645,#19647,.T.);
#19645 = VERTEX_POINT('',#19646);
#19646 = CARTESIAN_POINT('',(108.086469,-108.04,1.51));
#19647 = CIRCLE('',#19648,0.5);
#19648 = AXIS2_PLACEMENT_3D('',#19649,#19650,#19651);
#19649 = CARTESIAN_POINT('',(108.086469,-107.54,1.51));
#19650 = DIRECTION('',(-0.,0.,-1.));
#19651 = DIRECTION('',(-0.,-1.,0.));
#19652 = FACE_BOUND('',#19653,.T.);
#19653 = EDGE_LOOP('',(#19654));
#19654 = ORIENTED_EDGE('',*,*,#19655,.T.);
#19655 = EDGE_CURVE('',#19656,#19656,#19658,.T.);
#19656 = VERTEX_POINT('',#19657);
#19657 = CARTESIAN_POINT('',(100.836469,-105.5,1.51));
#19658 = CIRCLE('',#19659,0.5);
#19659 = AXIS2_PLACEMENT_3D('',#19660,#19661,#19662);
#19660 = CARTESIAN_POINT('',(100.836469,-105.,1.51));
#19661 = DIRECTION('',(-0.,0.,-1.));
#19662 = DIRECTION('',(-0.,-1.,0.));
#19663 = FACE_BOUND('',#19664,.T.);
#19664 = EDGE_LOOP('',(#19665));
#19665 = ORIENTED_EDGE('',*,*,#19666,.T.);
#19666 = EDGE_CURVE('',#19667,#19667,#19669,.T.);
#19667 = VERTEX_POINT('',#19668);
#19668 = CARTESIAN_POINT('',(108.086469,-105.5,1.51));
#19669 = CIRCLE('',#19670,0.5);
#19670 = AXIS2_PLACEMENT_3D('',#19671,#19672,#19673);
#19671 = CARTESIAN_POINT('',(108.086469,-105.,1.51));
#19672 = DIRECTION('',(-0.,0.,-1.));
#19673 = DIRECTION('',(-0.,-1.,0.));
#19674 = FACE_BOUND('',#19675,.T.);
#19675 = EDGE_LOOP('',(#19676));
#19676 = ORIENTED_EDGE('',*,*,#19677,.T.);
#19677 = EDGE_CURVE('',#19678,#19678,#19680,.T.);
#19678 = VERTEX_POINT('',#19679);
#19679 = CARTESIAN_POINT('',(126.141369,-110.624556,1.51));
#19680 = CIRCLE('',#19681,0.5);
#19681 = AXIS2_PLACEMENT_3D('',#19682,#19683,#19684);
#19682 = CARTESIAN_POINT('',(126.141369,-110.124556,1.51));
#19683 = DIRECTION('',(-0.,0.,-1.));
#19684 = DIRECTION('',(-0.,-1.,0.));
#19685 = FACE_BOUND('',#19686,.T.);
#19686 = EDGE_LOOP('',(#19687));
#19687 = ORIENTED_EDGE('',*,*,#19688,.T.);
#19688 = EDGE_CURVE('',#19689,#19689,#19691,.T.);
#19689 = VERTEX_POINT('',#19690);
#19690 = CARTESIAN_POINT('',(128.681369,-110.624556,1.51));
#19691 = CIRCLE('',#19692,0.5);
#19692 = AXIS2_PLACEMENT_3D('',#19693,#19694,#19695);
#19693 = CARTESIAN_POINT('',(128.681369,-110.124556,1.51));
#19694 = DIRECTION('',(-0.,0.,-1.));
#19695 = DIRECTION('',(-0.,-1.,0.));
#19696 = FACE_BOUND('',#19697,.T.);
#19697 = EDGE_LOOP('',(#19698));
#19698 = ORIENTED_EDGE('',*,*,#19699,.T.);
#19699 = EDGE_CURVE('',#19700,#19700,#19702,.T.);
#19700 = VERTEX_POINT('',#19701);
#19701 = CARTESIAN_POINT('',(126.141369,-108.084556,1.51));
#19702 = CIRCLE('',#19703,0.5);
#19703 = AXIS2_PLACEMENT_3D('',#19704,#19705,#19706);
#19704 = CARTESIAN_POINT('',(126.141369,-107.584556,1.51));
#19705 = DIRECTION('',(-0.,0.,-1.));
#19706 = DIRECTION('',(-0.,-1.,0.));
#19707 = FACE_BOUND('',#19708,.T.);
#19708 = EDGE_LOOP('',(#19709));
#19709 = ORIENTED_EDGE('',*,*,#19710,.T.);
#19710 = EDGE_CURVE('',#19711,#19711,#19713,.T.);
#19711 = VERTEX_POINT('',#19712);
#19712 = CARTESIAN_POINT('',(126.141369,-105.544556,1.51));
#19713 = CIRCLE('',#19714,0.5);
#19714 = AXIS2_PLACEMENT_3D('',#19715,#19716,#19717);
#19715 = CARTESIAN_POINT('',(126.141369,-105.044556,1.51));
#19716 = DIRECTION('',(-0.,0.,-1.));
#19717 = DIRECTION('',(-0.,-1.,0.));
#19718 = FACE_BOUND('',#19719,.T.);
#19719 = EDGE_LOOP('',(#19720));
#19720 = ORIENTED_EDGE('',*,*,#19721,.T.);
#19721 = EDGE_CURVE('',#19722,#19722,#19724,.T.);
#19722 = VERTEX_POINT('',#19723);
#19723 = CARTESIAN_POINT('',(128.681369,-108.084556,1.51));
#19724 = CIRCLE('',#19725,0.5);
#19725 = AXIS2_PLACEMENT_3D('',#19726,#19727,#19728);
#19726 = CARTESIAN_POINT('',(128.681369,-107.584556,1.51));
#19727 = DIRECTION('',(-0.,0.,-1.));
#19728 = DIRECTION('',(-0.,-1.,0.));
#19729 = FACE_BOUND('',#19730,.T.);
#19730 = EDGE_LOOP('',(#19731));
#19731 = ORIENTED_EDGE('',*,*,#19732,.T.);
#19732 = EDGE_CURVE('',#19733,#19733,#19735,.T.);
#19733 = VERTEX_POINT('',#19734);
#19734 = CARTESIAN_POINT('',(128.681369,-105.544556,1.51));
#19735 = CIRCLE('',#19736,0.5);
#19736 = AXIS2_PLACEMENT_3D('',#19737,#19738,#19739);
#19737 = CARTESIAN_POINT('',(128.681369,-105.044556,1.51));
#19738 = DIRECTION('',(-0.,0.,-1.));
#19739 = DIRECTION('',(-0.,-1.,0.));
#19740 = FACE_BOUND('',#19741,.T.);
#19741 = EDGE_LOOP('',(#19742));
#19742 = ORIENTED_EDGE('',*,*,#19743,.T.);
#19743 = EDGE_CURVE('',#19744,#19744,#19746,.T.);
#19744 = VERTEX_POINT('',#19745);
#19745 = CARTESIAN_POINT('',(100.836469,-102.96,1.51));
#19746 = CIRCLE('',#19747,0.5);
#19747 = AXIS2_PLACEMENT_3D('',#19748,#19749,#19750);
#19748 = CARTESIAN_POINT('',(100.836469,-102.46,1.51));
#19749 = DIRECTION('',(-0.,0.,-1.));
#19750 = DIRECTION('',(-0.,-1.,0.));
#19751 = FACE_BOUND('',#19752,.T.);
#19752 = EDGE_LOOP('',(#19753));
#19753 = ORIENTED_EDGE('',*,*,#19754,.T.);
#19754 = EDGE_CURVE('',#19755,#19755,#19757,.T.);
#19755 = VERTEX_POINT('',#19756);
#19756 = CARTESIAN_POINT('',(108.086469,-102.96,1.51));
#19757 = CIRCLE('',#19758,0.5);
#19758 = AXIS2_PLACEMENT_3D('',#19759,#19760,#19761);
#19759 = CARTESIAN_POINT('',(108.086469,-102.46,1.51));
#19760 = DIRECTION('',(-0.,0.,-1.));
#19761 = DIRECTION('',(-0.,-1.,0.));
#19762 = FACE_BOUND('',#19763,.T.);
#19763 = EDGE_LOOP('',(#19764));
#19764 = ORIENTED_EDGE('',*,*,#19765,.T.);
#19765 = EDGE_CURVE('',#19766,#19766,#19768,.T.);
#19766 = VERTEX_POINT('',#19767);
#19767 = CARTESIAN_POINT('',(100.836469,-100.42,1.51));
#19768 = CIRCLE('',#19769,0.5);
#19769 = AXIS2_PLACEMENT_3D('',#19770,#19771,#19772);
#19770 = CARTESIAN_POINT('',(100.836469,-99.92,1.51));
#19771 = DIRECTION('',(-0.,0.,-1.));
#19772 = DIRECTION('',(-0.,-1.,0.));
#19773 = FACE_BOUND('',#19774,.T.);
#19774 = EDGE_LOOP('',(#19775));
#19775 = ORIENTED_EDGE('',*,*,#19776,.T.);
#19776 = EDGE_CURVE('',#19777,#19777,#19779,.T.);
#19777 = VERTEX_POINT('',#19778);
#19778 = CARTESIAN_POINT('',(108.086469,-100.42,1.51));
#19779 = CIRCLE('',#19780,0.5);
#19780 = AXIS2_PLACEMENT_3D('',#19781,#19782,#19783);
#19781 = CARTESIAN_POINT('',(108.086469,-99.92,1.51));
#19782 = DIRECTION('',(-0.,0.,-1.));
#19783 = DIRECTION('',(-0.,-1.,0.));
#19784 = FACE_BOUND('',#19785,.T.);
#19785 = EDGE_LOOP('',(#19786));
#19786 = ORIENTED_EDGE('',*,*,#19787,.T.);
#19787 = EDGE_CURVE('',#19788,#19788,#19790,.T.);
#19788 = VERTEX_POINT('',#19789);
#19789 = CARTESIAN_POINT('',(126.141369,-103.004556,1.51));
#19790 = CIRCLE('',#19791,0.5);
#19791 = AXIS2_PLACEMENT_3D('',#19792,#19793,#19794);
#19792 = CARTESIAN_POINT('',(126.141369,-102.504556,1.51));
#19793 = DIRECTION('',(-0.,0.,-1.));
#19794 = DIRECTION('',(-0.,-1.,0.));
#19795 = FACE_BOUND('',#19796,.T.);
#19796 = EDGE_LOOP('',(#19797));
#19797 = ORIENTED_EDGE('',*,*,#19798,.T.);
#19798 = EDGE_CURVE('',#19799,#19799,#19801,.T.);
#19799 = VERTEX_POINT('',#19800);
#19800 = CARTESIAN_POINT('',(128.681369,-103.004556,1.51));
#19801 = CIRCLE('',#19802,0.5);
#19802 = AXIS2_PLACEMENT_3D('',#19803,#19804,#19805);
#19803 = CARTESIAN_POINT('',(128.681369,-102.504556,1.51));
#19804 = DIRECTION('',(-0.,0.,-1.));
#19805 = DIRECTION('',(-0.,-1.,0.));
#19806 = FACE_BOUND('',#19807,.T.);
#19807 = EDGE_LOOP('',(#19808));
#19808 = ORIENTED_EDGE('',*,*,#19809,.T.);
#19809 = EDGE_CURVE('',#19810,#19810,#19812,.T.);
#19810 = VERTEX_POINT('',#19811);
#19811 = CARTESIAN_POINT('',(126.141369,-100.464556,1.51));
#19812 = CIRCLE('',#19813,0.5);
#19813 = AXIS2_PLACEMENT_3D('',#19814,#19815,#19816);
#19814 = CARTESIAN_POINT('',(126.141369,-99.964556,1.51));
#19815 = DIRECTION('',(-0.,0.,-1.));
#19816 = DIRECTION('',(-0.,-1.,0.));
#19817 = FACE_BOUND('',#19818,.T.);
#19818 = EDGE_LOOP('',(#19819));
#19819 = ORIENTED_EDGE('',*,*,#19820,.T.);
#19820 = EDGE_CURVE('',#19821,#19821,#19823,.T.);
#19821 = VERTEX_POINT('',#19822);
#19822 = CARTESIAN_POINT('',(128.681369,-100.464556,1.51));
#19823 = CIRCLE('',#19824,0.5);
#19824 = AXIS2_PLACEMENT_3D('',#19825,#19826,#19827);
#19825 = CARTESIAN_POINT('',(128.681369,-99.964556,1.51));
#19826 = DIRECTION('',(-0.,0.,-1.));
#19827 = DIRECTION('',(-0.,-1.,0.));
#19828 = FACE_BOUND('',#19829,.T.);
#19829 = EDGE_LOOP('',(#19830));
#19830 = ORIENTED_EDGE('',*,*,#19831,.T.);
#19831 = EDGE_CURVE('',#19832,#19832,#19834,.T.);
#19832 = VERTEX_POINT('',#19833);
#19833 = CARTESIAN_POINT('',(146.586469,-110.58,1.51));
#19834 = CIRCLE('',#19835,0.5);
#19835 = AXIS2_PLACEMENT_3D('',#19836,#19837,#19838);
#19836 = CARTESIAN_POINT('',(146.586469,-110.08,1.51));
#19837 = DIRECTION('',(-0.,0.,-1.));
#19838 = DIRECTION('',(-0.,-1.,0.));
#19839 = FACE_BOUND('',#19840,.T.);
#19840 = EDGE_LOOP('',(#19841));
#19841 = ORIENTED_EDGE('',*,*,#19842,.T.);
#19842 = EDGE_CURVE('',#19843,#19843,#19845,.T.);
#19843 = VERTEX_POINT('',#19844);
#19844 = CARTESIAN_POINT('',(153.836469,-110.58,1.51));
#19845 = CIRCLE('',#19846,0.5);
#19846 = AXIS2_PLACEMENT_3D('',#19847,#19848,#19849);
#19847 = CARTESIAN_POINT('',(153.836469,-110.08,1.51));
#19848 = DIRECTION('',(-0.,0.,-1.));
#19849 = DIRECTION('',(-0.,-1.,0.));
#19850 = FACE_BOUND('',#19851,.T.);
#19851 = EDGE_LOOP('',(#19852));
#19852 = ORIENTED_EDGE('',*,*,#19853,.T.);
#19853 = EDGE_CURVE('',#19854,#19854,#19856,.T.);
#19854 = VERTEX_POINT('',#19855);
#19855 = CARTESIAN_POINT('',(146.586469,-108.04,1.51));
#19856 = CIRCLE('',#19857,0.5);
#19857 = AXIS2_PLACEMENT_3D('',#19858,#19859,#19860);
#19858 = CARTESIAN_POINT('',(146.586469,-107.54,1.51));
#19859 = DIRECTION('',(-0.,0.,-1.));
#19860 = DIRECTION('',(-0.,-1.,0.));
#19861 = FACE_BOUND('',#19862,.T.);
#19862 = EDGE_LOOP('',(#19863));
#19863 = ORIENTED_EDGE('',*,*,#19864,.T.);
#19864 = EDGE_CURVE('',#19865,#19865,#19867,.T.);
#19865 = VERTEX_POINT('',#19866);
#19866 = CARTESIAN_POINT('',(153.836469,-108.04,1.51));
#19867 = CIRCLE('',#19868,0.5);
#19868 = AXIS2_PLACEMENT_3D('',#19869,#19870,#19871);
#19869 = CARTESIAN_POINT('',(153.836469,-107.54,1.51));
#19870 = DIRECTION('',(-0.,0.,-1.));
#19871 = DIRECTION('',(-0.,-1.,0.));
#19872 = FACE_BOUND('',#19873,.T.);
#19873 = EDGE_LOOP('',(#19874));
#19874 = ORIENTED_EDGE('',*,*,#19875,.T.);
#19875 = EDGE_CURVE('',#19876,#19876,#19878,.T.);
#19876 = VERTEX_POINT('',#19877);
#19877 = CARTESIAN_POINT('',(146.586469,-105.5,1.51));
#19878 = CIRCLE('',#19879,0.5);
#19879 = AXIS2_PLACEMENT_3D('',#19880,#19881,#19882);
#19880 = CARTESIAN_POINT('',(146.586469,-105.,1.51));
#19881 = DIRECTION('',(-0.,0.,-1.));
#19882 = DIRECTION('',(-0.,-1.,0.));
#19883 = FACE_BOUND('',#19884,.T.);
#19884 = EDGE_LOOP('',(#19885));
#19885 = ORIENTED_EDGE('',*,*,#19886,.T.);
#19886 = EDGE_CURVE('',#19887,#19887,#19889,.T.);
#19887 = VERTEX_POINT('',#19888);
#19888 = CARTESIAN_POINT('',(153.836469,-105.5,1.51));
#19889 = CIRCLE('',#19890,0.5);
#19890 = AXIS2_PLACEMENT_3D('',#19891,#19892,#19893);
#19891 = CARTESIAN_POINT('',(153.836469,-105.,1.51));
#19892 = DIRECTION('',(-0.,0.,-1.));
#19893 = DIRECTION('',(-0.,-1.,0.));
#19894 = FACE_BOUND('',#19895,.T.);
#19895 = EDGE_LOOP('',(#19896));
#19896 = ORIENTED_EDGE('',*,*,#19897,.T.);
#19897 = EDGE_CURVE('',#19898,#19898,#19900,.T.);
#19898 = VERTEX_POINT('',#19899);
#19899 = CARTESIAN_POINT('',(168.685369,-110.624556,1.51));
#19900 = CIRCLE('',#19901,0.5);
#19901 = AXIS2_PLACEMENT_3D('',#19902,#19903,#19904);
#19902 = CARTESIAN_POINT('',(168.685369,-110.124556,1.51));
#19903 = DIRECTION('',(-0.,0.,-1.));
#19904 = DIRECTION('',(-0.,-1.,0.));
#19905 = FACE_BOUND('',#19906,.T.);
#19906 = EDGE_LOOP('',(#19907));
#19907 = ORIENTED_EDGE('',*,*,#19908,.T.);
#19908 = EDGE_CURVE('',#19909,#19909,#19911,.T.);
#19909 = VERTEX_POINT('',#19910);
#19910 = CARTESIAN_POINT('',(171.225369,-110.624556,1.51));
#19911 = CIRCLE('',#19912,0.5);
#19912 = AXIS2_PLACEMENT_3D('',#19913,#19914,#19915);
#19913 = CARTESIAN_POINT('',(171.225369,-110.124556,1.51));
#19914 = DIRECTION('',(-0.,0.,-1.));
#19915 = DIRECTION('',(-0.,-1.,0.));
#19916 = FACE_BOUND('',#19917,.T.);
#19917 = EDGE_LOOP('',(#19918));
#19918 = ORIENTED_EDGE('',*,*,#19919,.T.);
#19919 = EDGE_CURVE('',#19920,#19920,#19922,.T.);
#19920 = VERTEX_POINT('',#19921);
#19921 = CARTESIAN_POINT('',(168.685369,-108.084556,1.51));
#19922 = CIRCLE('',#19923,0.5);
#19923 = AXIS2_PLACEMENT_3D('',#19924,#19925,#19926);
#19924 = CARTESIAN_POINT('',(168.685369,-107.584556,1.51));
#19925 = DIRECTION('',(-0.,0.,-1.));
#19926 = DIRECTION('',(-0.,-1.,0.));
#19927 = FACE_BOUND('',#19928,.T.);
#19928 = EDGE_LOOP('',(#19929));
#19929 = ORIENTED_EDGE('',*,*,#19930,.T.);
#19930 = EDGE_CURVE('',#19931,#19931,#19933,.T.);
#19931 = VERTEX_POINT('',#19932);
#19932 = CARTESIAN_POINT('',(171.225369,-108.084556,1.51));
#19933 = CIRCLE('',#19934,0.5);
#19934 = AXIS2_PLACEMENT_3D('',#19935,#19936,#19937);
#19935 = CARTESIAN_POINT('',(171.225369,-107.584556,1.51));
#19936 = DIRECTION('',(-0.,0.,-1.));
#19937 = DIRECTION('',(-0.,-1.,0.));
#19938 = FACE_BOUND('',#19939,.T.);
#19939 = EDGE_LOOP('',(#19940));
#19940 = ORIENTED_EDGE('',*,*,#19941,.T.);
#19941 = EDGE_CURVE('',#19942,#19942,#19944,.T.);
#19942 = VERTEX_POINT('',#19943);
#19943 = CARTESIAN_POINT('',(168.685369,-105.544556,1.51));
#19944 = CIRCLE('',#19945,0.5);
#19945 = AXIS2_PLACEMENT_3D('',#19946,#19947,#19948);
#19946 = CARTESIAN_POINT('',(168.685369,-105.044556,1.51));
#19947 = DIRECTION('',(-0.,0.,-1.));
#19948 = DIRECTION('',(-0.,-1.,0.));
#19949 = FACE_BOUND('',#19950,.T.);
#19950 = EDGE_LOOP('',(#19951));
#19951 = ORIENTED_EDGE('',*,*,#19952,.T.);
#19952 = EDGE_CURVE('',#19953,#19953,#19955,.T.);
#19953 = VERTEX_POINT('',#19954);
#19954 = CARTESIAN_POINT('',(171.225369,-105.544556,1.51));
#19955 = CIRCLE('',#19956,0.5);
#19956 = AXIS2_PLACEMENT_3D('',#19957,#19958,#19959);
#19957 = CARTESIAN_POINT('',(171.225369,-105.044556,1.51));
#19958 = DIRECTION('',(-0.,0.,-1.));
#19959 = DIRECTION('',(-0.,-1.,0.));
#19960 = FACE_BOUND('',#19961,.T.);
#19961 = EDGE_LOOP('',(#19962));
#19962 = ORIENTED_EDGE('',*,*,#19963,.T.);
#19963 = EDGE_CURVE('',#19964,#19964,#19966,.T.);
#19964 = VERTEX_POINT('',#19965);
#19965 = CARTESIAN_POINT('',(146.586469,-102.96,1.51));
#19966 = CIRCLE('',#19967,0.5);
#19967 = AXIS2_PLACEMENT_3D('',#19968,#19969,#19970);
#19968 = CARTESIAN_POINT('',(146.586469,-102.46,1.51));
#19969 = DIRECTION('',(-0.,0.,-1.));
#19970 = DIRECTION('',(-0.,-1.,0.));
#19971 = FACE_BOUND('',#19972,.T.);
#19972 = EDGE_LOOP('',(#19973));
#19973 = ORIENTED_EDGE('',*,*,#19974,.T.);
#19974 = EDGE_CURVE('',#19975,#19975,#19977,.T.);
#19975 = VERTEX_POINT('',#19976);
#19976 = CARTESIAN_POINT('',(153.836469,-102.96,1.51));
#19977 = CIRCLE('',#19978,0.5);
#19978 = AXIS2_PLACEMENT_3D('',#19979,#19980,#19981);
#19979 = CARTESIAN_POINT('',(153.836469,-102.46,1.51));
#19980 = DIRECTION('',(-0.,0.,-1.));
#19981 = DIRECTION('',(-0.,-1.,0.));
#19982 = FACE_BOUND('',#19983,.T.);
#19983 = EDGE_LOOP('',(#19984));
#19984 = ORIENTED_EDGE('',*,*,#19985,.T.);
#19985 = EDGE_CURVE('',#19986,#19986,#19988,.T.);
#19986 = VERTEX_POINT('',#19987);
#19987 = CARTESIAN_POINT('',(146.586469,-100.42,1.51));
#19988 = CIRCLE('',#19989,0.5);
#19989 = AXIS2_PLACEMENT_3D('',#19990,#19991,#19992);
#19990 = CARTESIAN_POINT('',(146.586469,-99.92,1.51));
#19991 = DIRECTION('',(-0.,0.,-1.));
#19992 = DIRECTION('',(-0.,-1.,0.));
#19993 = FACE_BOUND('',#19994,.T.);
#19994 = EDGE_LOOP('',(#19995));
#19995 = ORIENTED_EDGE('',*,*,#19996,.T.);
#19996 = EDGE_CURVE('',#19997,#19997,#19999,.T.);
#19997 = VERTEX_POINT('',#19998);
#19998 = CARTESIAN_POINT('',(153.836469,-100.42,1.51));
#19999 = CIRCLE('',#20000,0.5);
#20000 = AXIS2_PLACEMENT_3D('',#20001,#20002,#20003);
#20001 = CARTESIAN_POINT('',(153.836469,-99.92,1.51));
#20002 = DIRECTION('',(-0.,0.,-1.));
#20003 = DIRECTION('',(-0.,-1.,0.));
#20004 = FACE_BOUND('',#20005,.T.);
#20005 = EDGE_LOOP('',(#20006));
#20006 = ORIENTED_EDGE('',*,*,#20007,.T.);
#20007 = EDGE_CURVE('',#20008,#20008,#20010,.T.);
#20008 = VERTEX_POINT('',#20009);
#20009 = CARTESIAN_POINT('',(168.685369,-103.004556,1.51));
#20010 = CIRCLE('',#20011,0.5);
#20011 = AXIS2_PLACEMENT_3D('',#20012,#20013,#20014);
#20012 = CARTESIAN_POINT('',(168.685369,-102.504556,1.51));
#20013 = DIRECTION('',(-0.,0.,-1.));
#20014 = DIRECTION('',(-0.,-1.,0.));
#20015 = FACE_BOUND('',#20016,.T.);
#20016 = EDGE_LOOP('',(#20017));
#20017 = ORIENTED_EDGE('',*,*,#20018,.T.);
#20018 = EDGE_CURVE('',#20019,#20019,#20021,.T.);
#20019 = VERTEX_POINT('',#20020);
#20020 = CARTESIAN_POINT('',(171.225369,-103.004556,1.51));
#20021 = CIRCLE('',#20022,0.5);
#20022 = AXIS2_PLACEMENT_3D('',#20023,#20024,#20025);
#20023 = CARTESIAN_POINT('',(171.225369,-102.504556,1.51));
#20024 = DIRECTION('',(-0.,0.,-1.));
#20025 = DIRECTION('',(-0.,-1.,0.));
#20026 = FACE_BOUND('',#20027,.T.);
#20027 = EDGE_LOOP('',(#20028));
#20028 = ORIENTED_EDGE('',*,*,#20029,.T.);
#20029 = EDGE_CURVE('',#20030,#20030,#20032,.T.);
#20030 = VERTEX_POINT('',#20031);
#20031 = CARTESIAN_POINT('',(168.685369,-100.464556,1.51));
#20032 = CIRCLE('',#20033,0.5);
#20033 = AXIS2_PLACEMENT_3D('',#20034,#20035,#20036);
#20034 = CARTESIAN_POINT('',(168.685369,-99.964556,1.51));
#20035 = DIRECTION('',(-0.,0.,-1.));
#20036 = DIRECTION('',(-0.,-1.,0.));
#20037 = FACE_BOUND('',#20038,.T.);
#20038 = EDGE_LOOP('',(#20039));
#20039 = ORIENTED_EDGE('',*,*,#20040,.T.);
#20040 = EDGE_CURVE('',#20041,#20041,#20043,.T.);
#20041 = VERTEX_POINT('',#20042);
#20042 = CARTESIAN_POINT('',(171.225369,-100.464556,1.51));
#20043 = CIRCLE('',#20044,0.5);
#20044 = AXIS2_PLACEMENT_3D('',#20045,#20046,#20047);
#20045 = CARTESIAN_POINT('',(171.225369,-99.964556,1.51));
#20046 = DIRECTION('',(-0.,0.,-1.));
#20047 = DIRECTION('',(-0.,-1.,0.));
#20048 = FACE_BOUND('',#20049,.T.);
#20049 = EDGE_LOOP('',(#20050));
#20050 = ORIENTED_EDGE('',*,*,#20051,.T.);
#20051 = EDGE_CURVE('',#20052,#20052,#20054,.T.);
#20052 = VERTEX_POINT('',#20053);
#20053 = CARTESIAN_POINT('',(100.836469,-97.88,1.51));
#20054 = CIRCLE('',#20055,0.5);
#20055 = AXIS2_PLACEMENT_3D('',#20056,#20057,#20058);
#20056 = CARTESIAN_POINT('',(100.836469,-97.38,1.51));
#20057 = DIRECTION('',(-0.,0.,-1.));
#20058 = DIRECTION('',(-0.,-1.,0.));
#20059 = FACE_BOUND('',#20060,.T.);
#20060 = EDGE_LOOP('',(#20061));
#20061 = ORIENTED_EDGE('',*,*,#20062,.T.);
#20062 = EDGE_CURVE('',#20063,#20063,#20065,.T.);
#20063 = VERTEX_POINT('',#20064);
#20064 = CARTESIAN_POINT('',(108.086469,-97.88,1.51));
#20065 = CIRCLE('',#20066,0.5);
#20066 = AXIS2_PLACEMENT_3D('',#20067,#20068,#20069);
#20067 = CARTESIAN_POINT('',(108.086469,-97.38,1.51));
#20068 = DIRECTION('',(-0.,0.,-1.));
#20069 = DIRECTION('',(-0.,-1.,0.));
#20070 = FACE_BOUND('',#20071,.T.);
#20071 = EDGE_LOOP('',(#20072));
#20072 = ORIENTED_EDGE('',*,*,#20073,.T.);
#20073 = EDGE_CURVE('',#20074,#20074,#20076,.T.);
#20074 = VERTEX_POINT('',#20075);
#20075 = CARTESIAN_POINT('',(100.836469,-95.34,1.51));
#20076 = CIRCLE('',#20077,0.5);
#20077 = AXIS2_PLACEMENT_3D('',#20078,#20079,#20080);
#20078 = CARTESIAN_POINT('',(100.836469,-94.84,1.51));
#20079 = DIRECTION('',(-0.,0.,-1.));
#20080 = DIRECTION('',(-0.,-1.,0.));
#20081 = FACE_BOUND('',#20082,.T.);
#20082 = EDGE_LOOP('',(#20083));
#20083 = ORIENTED_EDGE('',*,*,#20084,.T.);
#20084 = EDGE_CURVE('',#20085,#20085,#20087,.T.);
#20085 = VERTEX_POINT('',#20086);
#20086 = CARTESIAN_POINT('',(108.086469,-95.34,1.51));
#20087 = CIRCLE('',#20088,0.5);
#20088 = AXIS2_PLACEMENT_3D('',#20089,#20090,#20091);
#20089 = CARTESIAN_POINT('',(108.086469,-94.84,1.51));
#20090 = DIRECTION('',(-0.,0.,-1.));
#20091 = DIRECTION('',(-0.,-1.,0.));
#20092 = FACE_BOUND('',#20093,.T.);
#20093 = EDGE_LOOP('',(#20094));
#20094 = ORIENTED_EDGE('',*,*,#20095,.T.);
#20095 = EDGE_CURVE('',#20096,#20096,#20098,.T.);
#20096 = VERTEX_POINT('',#20097);
#20097 = CARTESIAN_POINT('',(126.141369,-97.924556,1.51));
#20098 = CIRCLE('',#20099,0.5);
#20099 = AXIS2_PLACEMENT_3D('',#20100,#20101,#20102);
#20100 = CARTESIAN_POINT('',(126.141369,-97.424556,1.51));
#20101 = DIRECTION('',(-0.,0.,-1.));
#20102 = DIRECTION('',(-0.,-1.,0.));
#20103 = FACE_BOUND('',#20104,.T.);
#20104 = EDGE_LOOP('',(#20105));
#20105 = ORIENTED_EDGE('',*,*,#20106,.T.);
#20106 = EDGE_CURVE('',#20107,#20107,#20109,.T.);
#20107 = VERTEX_POINT('',#20108);
#20108 = CARTESIAN_POINT('',(128.681369,-97.924556,1.51));
#20109 = CIRCLE('',#20110,0.5);
#20110 = AXIS2_PLACEMENT_3D('',#20111,#20112,#20113);
#20111 = CARTESIAN_POINT('',(128.681369,-97.424556,1.51));
#20112 = DIRECTION('',(-0.,0.,-1.));
#20113 = DIRECTION('',(-0.,-1.,0.));
#20114 = FACE_BOUND('',#20115,.T.);
#20115 = EDGE_LOOP('',(#20116));
#20116 = ORIENTED_EDGE('',*,*,#20117,.T.);
#20117 = EDGE_CURVE('',#20118,#20118,#20120,.T.);
#20118 = VERTEX_POINT('',#20119);
#20119 = CARTESIAN_POINT('',(126.141369,-95.384556,1.51));
#20120 = CIRCLE('',#20121,0.5);
#20121 = AXIS2_PLACEMENT_3D('',#20122,#20123,#20124);
#20122 = CARTESIAN_POINT('',(126.141369,-94.884556,1.51));
#20123 = DIRECTION('',(-0.,0.,-1.));
#20124 = DIRECTION('',(-0.,-1.,0.));
#20125 = FACE_BOUND('',#20126,.T.);
#20126 = EDGE_LOOP('',(#20127));
#20127 = ORIENTED_EDGE('',*,*,#20128,.T.);
#20128 = EDGE_CURVE('',#20129,#20129,#20131,.T.);
#20129 = VERTEX_POINT('',#20130);
#20130 = CARTESIAN_POINT('',(128.681369,-95.384556,1.51));
#20131 = CIRCLE('',#20132,0.5);
#20132 = AXIS2_PLACEMENT_3D('',#20133,#20134,#20135);
#20133 = CARTESIAN_POINT('',(128.681369,-94.884556,1.51));
#20134 = DIRECTION('',(-0.,0.,-1.));
#20135 = DIRECTION('',(-0.,-1.,0.));
#20136 = FACE_BOUND('',#20137,.T.);
#20137 = EDGE_LOOP('',(#20138));
#20138 = ORIENTED_EDGE('',*,*,#20139,.T.);
#20139 = EDGE_CURVE('',#20140,#20140,#20142,.T.);
#20140 = VERTEX_POINT('',#20141);
#20141 = CARTESIAN_POINT('',(100.836469,-92.8,1.51));
#20142 = CIRCLE('',#20143,0.5);
#20143 = AXIS2_PLACEMENT_3D('',#20144,#20145,#20146);
#20144 = CARTESIAN_POINT('',(100.836469,-92.3,1.51));
#20145 = DIRECTION('',(-0.,0.,-1.));
#20146 = DIRECTION('',(-0.,-1.,0.));
#20147 = FACE_BOUND('',#20148,.T.);
#20148 = EDGE_LOOP('',(#20149));
#20149 = ORIENTED_EDGE('',*,*,#20150,.T.);
#20150 = EDGE_CURVE('',#20151,#20151,#20153,.T.);
#20151 = VERTEX_POINT('',#20152);
#20152 = CARTESIAN_POINT('',(108.086469,-92.8,1.51));
#20153 = CIRCLE('',#20154,0.5);
#20154 = AXIS2_PLACEMENT_3D('',#20155,#20156,#20157);
#20155 = CARTESIAN_POINT('',(108.086469,-92.3,1.51));
#20156 = DIRECTION('',(-0.,0.,-1.));
#20157 = DIRECTION('',(-0.,-1.,0.));
#20158 = FACE_BOUND('',#20159,.T.);
#20159 = EDGE_LOOP('',(#20160));
#20160 = ORIENTED_EDGE('',*,*,#20161,.T.);
#20161 = EDGE_CURVE('',#20162,#20162,#20164,.T.);
#20162 = VERTEX_POINT('',#20163);
#20163 = CARTESIAN_POINT('',(100.836469,-90.26,1.51));
#20164 = CIRCLE('',#20165,0.5);
#20165 = AXIS2_PLACEMENT_3D('',#20166,#20167,#20168);
#20166 = CARTESIAN_POINT('',(100.836469,-89.76,1.51));
#20167 = DIRECTION('',(-0.,0.,-1.));
#20168 = DIRECTION('',(-0.,-1.,0.));
#20169 = FACE_BOUND('',#20170,.T.);
#20170 = EDGE_LOOP('',(#20171));
#20171 = ORIENTED_EDGE('',*,*,#20172,.T.);
#20172 = EDGE_CURVE('',#20173,#20173,#20175,.T.);
#20173 = VERTEX_POINT('',#20174);
#20174 = CARTESIAN_POINT('',(108.086469,-90.26,1.51));
#20175 = CIRCLE('',#20176,0.5);
#20176 = AXIS2_PLACEMENT_3D('',#20177,#20178,#20179);
#20177 = CARTESIAN_POINT('',(108.086469,-89.76,1.51));
#20178 = DIRECTION('',(-0.,0.,-1.));
#20179 = DIRECTION('',(-0.,-1.,0.));
#20180 = FACE_BOUND('',#20181,.T.);
#20181 = EDGE_LOOP('',(#20182));
#20182 = ORIENTED_EDGE('',*,*,#20183,.T.);
#20183 = EDGE_CURVE('',#20184,#20184,#20186,.T.);
#20184 = VERTEX_POINT('',#20185);
#20185 = CARTESIAN_POINT('',(100.836469,-87.72,1.51));
#20186 = CIRCLE('',#20187,0.5);
#20187 = AXIS2_PLACEMENT_3D('',#20188,#20189,#20190);
#20188 = CARTESIAN_POINT('',(100.836469,-87.22,1.51));
#20189 = DIRECTION('',(-0.,0.,-1.));
#20190 = DIRECTION('',(-0.,-1.,0.));
#20191 = FACE_BOUND('',#20192,.T.);
#20192 = EDGE_LOOP('',(#20193));
#20193 = ORIENTED_EDGE('',*,*,#20194,.T.);
#20194 = EDGE_CURVE('',#20195,#20195,#20197,.T.);
#20195 = VERTEX_POINT('',#20196);
#20196 = CARTESIAN_POINT('',(108.086469,-87.72,1.51));
#20197 = CIRCLE('',#20198,0.5);
#20198 = AXIS2_PLACEMENT_3D('',#20199,#20200,#20201);
#20199 = CARTESIAN_POINT('',(108.086469,-87.22,1.51));
#20200 = DIRECTION('',(-0.,0.,-1.));
#20201 = DIRECTION('',(-0.,-1.,0.));
#20202 = FACE_BOUND('',#20203,.T.);
#20203 = EDGE_LOOP('',(#20204));
#20204 = ORIENTED_EDGE('',*,*,#20205,.T.);
#20205 = EDGE_CURVE('',#20206,#20206,#20208,.T.);
#20206 = VERTEX_POINT('',#20207);
#20207 = CARTESIAN_POINT('',(126.141369,-92.844556,1.51));
#20208 = CIRCLE('',#20209,0.5);
#20209 = AXIS2_PLACEMENT_3D('',#20210,#20211,#20212);
#20210 = CARTESIAN_POINT('',(126.141369,-92.344556,1.51));
#20211 = DIRECTION('',(-0.,0.,-1.));
#20212 = DIRECTION('',(-0.,-1.,0.));
#20213 = FACE_BOUND('',#20214,.T.);
#20214 = EDGE_LOOP('',(#20215));
#20215 = ORIENTED_EDGE('',*,*,#20216,.T.);
#20216 = EDGE_CURVE('',#20217,#20217,#20219,.T.);
#20217 = VERTEX_POINT('',#20218);
#20218 = CARTESIAN_POINT('',(126.141369,-90.304556,1.51));
#20219 = CIRCLE('',#20220,0.5);
#20220 = AXIS2_PLACEMENT_3D('',#20221,#20222,#20223);
#20221 = CARTESIAN_POINT('',(126.141369,-89.804556,1.51));
#20222 = DIRECTION('',(-0.,0.,-1.));
#20223 = DIRECTION('',(-0.,-1.,0.));
#20224 = FACE_BOUND('',#20225,.T.);
#20225 = EDGE_LOOP('',(#20226));
#20226 = ORIENTED_EDGE('',*,*,#20227,.T.);
#20227 = EDGE_CURVE('',#20228,#20228,#20230,.T.);
#20228 = VERTEX_POINT('',#20229);
#20229 = CARTESIAN_POINT('',(128.681369,-92.844556,1.51));
#20230 = CIRCLE('',#20231,0.5);
#20231 = AXIS2_PLACEMENT_3D('',#20232,#20233,#20234);
#20232 = CARTESIAN_POINT('',(128.681369,-92.344556,1.51));
#20233 = DIRECTION('',(-0.,0.,-1.));
#20234 = DIRECTION('',(-0.,-1.,0.));
#20235 = FACE_BOUND('',#20236,.T.);
#20236 = EDGE_LOOP('',(#20237));
#20237 = ORIENTED_EDGE('',*,*,#20238,.T.);
#20238 = EDGE_CURVE('',#20239,#20239,#20241,.T.);
#20239 = VERTEX_POINT('',#20240);
#20240 = CARTESIAN_POINT('',(128.681369,-90.304556,1.51));
#20241 = CIRCLE('',#20242,0.5);
#20242 = AXIS2_PLACEMENT_3D('',#20243,#20244,#20245);
#20243 = CARTESIAN_POINT('',(128.681369,-89.804556,1.51));
#20244 = DIRECTION('',(-0.,0.,-1.));
#20245 = DIRECTION('',(-0.,-1.,0.));
#20246 = FACE_BOUND('',#20247,.T.);
#20247 = EDGE_LOOP('',(#20248));
#20248 = ORIENTED_EDGE('',*,*,#20249,.T.);
#20249 = EDGE_CURVE('',#20250,#20250,#20252,.T.);
#20250 = VERTEX_POINT('',#20251);
#20251 = CARTESIAN_POINT('',(126.141369,-87.764556,1.51));
#20252 = CIRCLE('',#20253,0.5);
#20253 = AXIS2_PLACEMENT_3D('',#20254,#20255,#20256);
#20254 = CARTESIAN_POINT('',(126.141369,-87.264556,1.51));
#20255 = DIRECTION('',(-0.,0.,-1.));
#20256 = DIRECTION('',(-0.,-1.,0.));
#20257 = FACE_BOUND('',#20258,.T.);
#20258 = EDGE_LOOP('',(#20259));
#20259 = ORIENTED_EDGE('',*,*,#20260,.T.);
#20260 = EDGE_CURVE('',#20261,#20261,#20263,.T.);
#20261 = VERTEX_POINT('',#20262);
#20262 = CARTESIAN_POINT('',(128.681369,-87.764556,1.51));
#20263 = CIRCLE('',#20264,0.5);
#20264 = AXIS2_PLACEMENT_3D('',#20265,#20266,#20267);
#20265 = CARTESIAN_POINT('',(128.681369,-87.264556,1.51));
#20266 = DIRECTION('',(-0.,0.,-1.));
#20267 = DIRECTION('',(-0.,-1.,0.));
#20268 = FACE_BOUND('',#20269,.T.);
#20269 = EDGE_LOOP('',(#20270));
#20270 = ORIENTED_EDGE('',*,*,#20271,.T.);
#20271 = EDGE_CURVE('',#20272,#20272,#20274,.T.);
#20272 = VERTEX_POINT('',#20273);
#20273 = CARTESIAN_POINT('',(146.586469,-97.88,1.51));
#20274 = CIRCLE('',#20275,0.5);
#20275 = AXIS2_PLACEMENT_3D('',#20276,#20277,#20278);
#20276 = CARTESIAN_POINT('',(146.586469,-97.38,1.51));
#20277 = DIRECTION('',(-0.,0.,-1.));
#20278 = DIRECTION('',(-0.,-1.,0.));
#20279 = FACE_BOUND('',#20280,.T.);
#20280 = EDGE_LOOP('',(#20281));
#20281 = ORIENTED_EDGE('',*,*,#20282,.T.);
#20282 = EDGE_CURVE('',#20283,#20283,#20285,.T.);
#20283 = VERTEX_POINT('',#20284);
#20284 = CARTESIAN_POINT('',(153.836469,-97.88,1.51));
#20285 = CIRCLE('',#20286,0.5);
#20286 = AXIS2_PLACEMENT_3D('',#20287,#20288,#20289);
#20287 = CARTESIAN_POINT('',(153.836469,-97.38,1.51));
#20288 = DIRECTION('',(-0.,0.,-1.));
#20289 = DIRECTION('',(-0.,-1.,0.));
#20290 = FACE_BOUND('',#20291,.T.);
#20291 = EDGE_LOOP('',(#20292));
#20292 = ORIENTED_EDGE('',*,*,#20293,.T.);
#20293 = EDGE_CURVE('',#20294,#20294,#20296,.T.);
#20294 = VERTEX_POINT('',#20295);
#20295 = CARTESIAN_POINT('',(146.586469,-95.34,1.51));
#20296 = CIRCLE('',#20297,0.5);
#20297 = AXIS2_PLACEMENT_3D('',#20298,#20299,#20300);
#20298 = CARTESIAN_POINT('',(146.586469,-94.84,1.51));
#20299 = DIRECTION('',(-0.,0.,-1.));
#20300 = DIRECTION('',(-0.,-1.,0.));
#20301 = FACE_BOUND('',#20302,.T.);
#20302 = EDGE_LOOP('',(#20303));
#20303 = ORIENTED_EDGE('',*,*,#20304,.T.);
#20304 = EDGE_CURVE('',#20305,#20305,#20307,.T.);
#20305 = VERTEX_POINT('',#20306);
#20306 = CARTESIAN_POINT('',(153.836469,-95.34,1.51));
#20307 = CIRCLE('',#20308,0.5);
#20308 = AXIS2_PLACEMENT_3D('',#20309,#20310,#20311);
#20309 = CARTESIAN_POINT('',(153.836469,-94.84,1.51));
#20310 = DIRECTION('',(-0.,0.,-1.));
#20311 = DIRECTION('',(-0.,-1.,0.));
#20312 = FACE_BOUND('',#20313,.T.);
#20313 = EDGE_LOOP('',(#20314));
#20314 = ORIENTED_EDGE('',*,*,#20315,.T.);
#20315 = EDGE_CURVE('',#20316,#20316,#20318,.T.);
#20316 = VERTEX_POINT('',#20317);
#20317 = CARTESIAN_POINT('',(168.685369,-97.924556,1.51));
#20318 = CIRCLE('',#20319,0.5);
#20319 = AXIS2_PLACEMENT_3D('',#20320,#20321,#20322);
#20320 = CARTESIAN_POINT('',(168.685369,-97.424556,1.51));
#20321 = DIRECTION('',(-0.,0.,-1.));
#20322 = DIRECTION('',(-0.,-1.,0.));
#20323 = FACE_BOUND('',#20324,.T.);
#20324 = EDGE_LOOP('',(#20325));
#20325 = ORIENTED_EDGE('',*,*,#20326,.T.);
#20326 = EDGE_CURVE('',#20327,#20327,#20329,.T.);
#20327 = VERTEX_POINT('',#20328);
#20328 = CARTESIAN_POINT('',(171.225369,-97.924556,1.51));
#20329 = CIRCLE('',#20330,0.5);
#20330 = AXIS2_PLACEMENT_3D('',#20331,#20332,#20333);
#20331 = CARTESIAN_POINT('',(171.225369,-97.424556,1.51));
#20332 = DIRECTION('',(-0.,0.,-1.));
#20333 = DIRECTION('',(-0.,-1.,0.));
#20334 = FACE_BOUND('',#20335,.T.);
#20335 = EDGE_LOOP('',(#20336));
#20336 = ORIENTED_EDGE('',*,*,#20337,.T.);
#20337 = EDGE_CURVE('',#20338,#20338,#20340,.T.);
#20338 = VERTEX_POINT('',#20339);
#20339 = CARTESIAN_POINT('',(168.685369,-95.384556,1.51));
#20340 = CIRCLE('',#20341,0.5);
#20341 = AXIS2_PLACEMENT_3D('',#20342,#20343,#20344);
#20342 = CARTESIAN_POINT('',(168.685369,-94.884556,1.51));
#20343 = DIRECTION('',(-0.,0.,-1.));
#20344 = DIRECTION('',(-0.,-1.,0.));
#20345 = FACE_BOUND('',#20346,.T.);
#20346 = EDGE_LOOP('',(#20347));
#20347 = ORIENTED_EDGE('',*,*,#20348,.T.);
#20348 = EDGE_CURVE('',#20349,#20349,#20351,.T.);
#20349 = VERTEX_POINT('',#20350);
#20350 = CARTESIAN_POINT('',(171.225369,-95.384556,1.51));
#20351 = CIRCLE('',#20352,0.5);
#20352 = AXIS2_PLACEMENT_3D('',#20353,#20354,#20355);
#20353 = CARTESIAN_POINT('',(171.225369,-94.884556,1.51));
#20354 = DIRECTION('',(-0.,0.,-1.));
#20355 = DIRECTION('',(-0.,-1.,0.));
#20356 = FACE_BOUND('',#20357,.T.);
#20357 = EDGE_LOOP('',(#20358));
#20358 = ORIENTED_EDGE('',*,*,#20359,.T.);
#20359 = EDGE_CURVE('',#20360,#20360,#20362,.T.);
#20360 = VERTEX_POINT('',#20361);
#20361 = CARTESIAN_POINT('',(146.586469,-92.8,1.51));
#20362 = CIRCLE('',#20363,0.5);
#20363 = AXIS2_PLACEMENT_3D('',#20364,#20365,#20366);
#20364 = CARTESIAN_POINT('',(146.586469,-92.3,1.51));
#20365 = DIRECTION('',(-0.,0.,-1.));
#20366 = DIRECTION('',(-0.,-1.,0.));
#20367 = FACE_BOUND('',#20368,.T.);
#20368 = EDGE_LOOP('',(#20369));
#20369 = ORIENTED_EDGE('',*,*,#20370,.T.);
#20370 = EDGE_CURVE('',#20371,#20371,#20373,.T.);
#20371 = VERTEX_POINT('',#20372);
#20372 = CARTESIAN_POINT('',(153.836469,-92.8,1.51));
#20373 = CIRCLE('',#20374,0.5);
#20374 = AXIS2_PLACEMENT_3D('',#20375,#20376,#20377);
#20375 = CARTESIAN_POINT('',(153.836469,-92.3,1.51));
#20376 = DIRECTION('',(-0.,0.,-1.));
#20377 = DIRECTION('',(-0.,-1.,0.));
#20378 = FACE_BOUND('',#20379,.T.);
#20379 = EDGE_LOOP('',(#20380));
#20380 = ORIENTED_EDGE('',*,*,#20381,.T.);
#20381 = EDGE_CURVE('',#20382,#20382,#20384,.T.);
#20382 = VERTEX_POINT('',#20383);
#20383 = CARTESIAN_POINT('',(146.586469,-90.26,1.51));
#20384 = CIRCLE('',#20385,0.5);
#20385 = AXIS2_PLACEMENT_3D('',#20386,#20387,#20388);
#20386 = CARTESIAN_POINT('',(146.586469,-89.76,1.51));
#20387 = DIRECTION('',(-0.,0.,-1.));
#20388 = DIRECTION('',(-0.,-1.,0.));
#20389 = FACE_BOUND('',#20390,.T.);
#20390 = EDGE_LOOP('',(#20391));
#20391 = ORIENTED_EDGE('',*,*,#20392,.T.);
#20392 = EDGE_CURVE('',#20393,#20393,#20395,.T.);
#20393 = VERTEX_POINT('',#20394);
#20394 = CARTESIAN_POINT('',(153.836469,-90.26,1.51));
#20395 = CIRCLE('',#20396,0.5);
#20396 = AXIS2_PLACEMENT_3D('',#20397,#20398,#20399);
#20397 = CARTESIAN_POINT('',(153.836469,-89.76,1.51));
#20398 = DIRECTION('',(-0.,0.,-1.));
#20399 = DIRECTION('',(-0.,-1.,0.));
#20400 = FACE_BOUND('',#20401,.T.);
#20401 = EDGE_LOOP('',(#20402));
#20402 = ORIENTED_EDGE('',*,*,#20403,.T.);
#20403 = EDGE_CURVE('',#20404,#20404,#20406,.T.);
#20404 = VERTEX_POINT('',#20405);
#20405 = CARTESIAN_POINT('',(146.586469,-87.72,1.51));
#20406 = CIRCLE('',#20407,0.5);
#20407 = AXIS2_PLACEMENT_3D('',#20408,#20409,#20410);
#20408 = CARTESIAN_POINT('',(146.586469,-87.22,1.51));
#20409 = DIRECTION('',(-0.,0.,-1.));
#20410 = DIRECTION('',(-0.,-1.,0.));
#20411 = FACE_BOUND('',#20412,.T.);
#20412 = EDGE_LOOP('',(#20413));
#20413 = ORIENTED_EDGE('',*,*,#20414,.T.);
#20414 = EDGE_CURVE('',#20415,#20415,#20417,.T.);
#20415 = VERTEX_POINT('',#20416);
#20416 = CARTESIAN_POINT('',(153.836469,-87.72,1.51));
#20417 = CIRCLE('',#20418,0.5);
#20418 = AXIS2_PLACEMENT_3D('',#20419,#20420,#20421);
#20419 = CARTESIAN_POINT('',(153.836469,-87.22,1.51));
#20420 = DIRECTION('',(-0.,0.,-1.));
#20421 = DIRECTION('',(-0.,-1.,0.));
#20422 = FACE_BOUND('',#20423,.T.);
#20423 = EDGE_LOOP('',(#20424));
#20424 = ORIENTED_EDGE('',*,*,#20425,.T.);
#20425 = EDGE_CURVE('',#20426,#20426,#20428,.T.);
#20426 = VERTEX_POINT('',#20427);
#20427 = CARTESIAN_POINT('',(168.685369,-92.844556,1.51));
#20428 = CIRCLE('',#20429,0.5);
#20429 = AXIS2_PLACEMENT_3D('',#20430,#20431,#20432);
#20430 = CARTESIAN_POINT('',(168.685369,-92.344556,1.51));
#20431 = DIRECTION('',(-0.,0.,-1.));
#20432 = DIRECTION('',(-0.,-1.,0.));
#20433 = FACE_BOUND('',#20434,.T.);
#20434 = EDGE_LOOP('',(#20435));
#20435 = ORIENTED_EDGE('',*,*,#20436,.T.);
#20436 = EDGE_CURVE('',#20437,#20437,#20439,.T.);
#20437 = VERTEX_POINT('',#20438);
#20438 = CARTESIAN_POINT('',(171.225369,-92.844556,1.51));
#20439 = CIRCLE('',#20440,0.5);
#20440 = AXIS2_PLACEMENT_3D('',#20441,#20442,#20443);
#20441 = CARTESIAN_POINT('',(171.225369,-92.344556,1.51));
#20442 = DIRECTION('',(-0.,0.,-1.));
#20443 = DIRECTION('',(-0.,-1.,0.));
#20444 = FACE_BOUND('',#20445,.T.);
#20445 = EDGE_LOOP('',(#20446));
#20446 = ORIENTED_EDGE('',*,*,#20447,.T.);
#20447 = EDGE_CURVE('',#20448,#20448,#20450,.T.);
#20448 = VERTEX_POINT('',#20449);
#20449 = CARTESIAN_POINT('',(168.685369,-90.304556,1.51));
#20450 = CIRCLE('',#20451,0.5);
#20451 = AXIS2_PLACEMENT_3D('',#20452,#20453,#20454);
#20452 = CARTESIAN_POINT('',(168.685369,-89.804556,1.51));
#20453 = DIRECTION('',(-0.,0.,-1.));
#20454 = DIRECTION('',(-0.,-1.,0.));
#20455 = FACE_BOUND('',#20456,.T.);
#20456 = EDGE_LOOP('',(#20457));
#20457 = ORIENTED_EDGE('',*,*,#20458,.T.);
#20458 = EDGE_CURVE('',#20459,#20459,#20461,.T.);
#20459 = VERTEX_POINT('',#20460);
#20460 = CARTESIAN_POINT('',(171.225369,-90.304556,1.51));
#20461 = CIRCLE('',#20462,0.5);
#20462 = AXIS2_PLACEMENT_3D('',#20463,#20464,#20465);
#20463 = CARTESIAN_POINT('',(171.225369,-89.804556,1.51));
#20464 = DIRECTION('',(-0.,0.,-1.));
#20465 = DIRECTION('',(-0.,-1.,0.));
#20466 = FACE_BOUND('',#20467,.T.);
#20467 = EDGE_LOOP('',(#20468));
#20468 = ORIENTED_EDGE('',*,*,#20469,.T.);
#20469 = EDGE_CURVE('',#20470,#20470,#20472,.T.);
#20470 = VERTEX_POINT('',#20471);
#20471 = CARTESIAN_POINT('',(168.685369,-87.764556,1.51));
#20472 = CIRCLE('',#20473,0.5);
#20473 = AXIS2_PLACEMENT_3D('',#20474,#20475,#20476);
#20474 = CARTESIAN_POINT('',(168.685369,-87.264556,1.51));
#20475 = DIRECTION('',(-0.,0.,-1.));
#20476 = DIRECTION('',(-0.,-1.,0.));
#20477 = FACE_BOUND('',#20478,.T.);
#20478 = EDGE_LOOP('',(#20479));
#20479 = ORIENTED_EDGE('',*,*,#20480,.T.);
#20480 = EDGE_CURVE('',#20481,#20481,#20483,.T.);
#20481 = VERTEX_POINT('',#20482);
#20482 = CARTESIAN_POINT('',(171.225369,-87.764556,1.51));
#20483 = CIRCLE('',#20484,0.5);
#20484 = AXIS2_PLACEMENT_3D('',#20485,#20486,#20487);
#20485 = CARTESIAN_POINT('',(171.225369,-87.264556,1.51));
#20486 = DIRECTION('',(-0.,0.,-1.));
#20487 = DIRECTION('',(-0.,-1.,0.));
#20488 = PLANE('',#20489);
#20489 = AXIS2_PLACEMENT_3D('',#20490,#20491,#20492);
#20490 = CARTESIAN_POINT('',(0.,0.,1.51));
#20491 = DIRECTION('',(0.,0.,1.));
#20492 = DIRECTION('',(1.,0.,-0.));
#20493 = ADVANCED_FACE('',(#20494),#20505,.T.);
#20494 = FACE_BOUND('',#20495,.T.);
#20495 = EDGE_LOOP('',(#20496,#20502,#20503,#20504));
#20496 = ORIENTED_EDGE('',*,*,#20497,.T.);
#20497 = EDGE_CURVE('',#18636,#19568,#20498,.T.);
#20498 = LINE('',#20499,#20500);
#20499 = CARTESIAN_POINT('',(89.138927,-80.999798,0.));
#20500 = VECTOR('',#20501,1.);
#20501 = DIRECTION('',(0.,0.,1.));
#20502 = ORIENTED_EDGE('',*,*,#19567,.T.);
#20503 = ORIENTED_EDGE('',*,*,#18571,.F.);
#20504 = ORIENTED_EDGE('',*,*,#18635,.F.);
#20505 = CYLINDRICAL_SURFACE('',#20506,0.999999252925);
#20506 = AXIS2_PLACEMENT_3D('',#20507,#20508,#20509);
#20507 = CARTESIAN_POINT('',(90.138926252925,-80.99979725292,0.));
#20508 = DIRECTION('',(0.,0.,-1.));
#20509 = DIRECTION('',(-1.,-7.47075720743E-07,-0.));
#20510 = ADVANCED_FACE('',(#20511),#20522,.T.);
#20511 = FACE_BOUND('',#20512,.T.);
#20512 = EDGE_LOOP('',(#20513,#20514,#20515,#20521));
#20513 = ORIENTED_EDGE('',*,*,#18611,.T.);
#20514 = ORIENTED_EDGE('',*,*,#19601,.T.);
#20515 = ORIENTED_EDGE('',*,*,#20516,.F.);
#20516 = EDGE_CURVE('',#18662,#19594,#20517,.T.);
#20517 = LINE('',#20518,#20519);
#20518 = CARTESIAN_POINT('',(178.138927,-114.999798,0.));
#20519 = VECTOR('',#20520,1.);
#20520 = DIRECTION('',(0.,0.,1.));
#20521 = ORIENTED_EDGE('',*,*,#18669,.F.);
#20522 = CYLINDRICAL_SURFACE('',#20523,0.999999252925);
#20523 = AXIS2_PLACEMENT_3D('',#20524,#20525,#20526);
#20524 = CARTESIAN_POINT('',(178.13892774707,-113.999798747,0.));
#20525 = DIRECTION('',(0.,0.,-1.));
#20526 = DIRECTION('',(1.,7.470757633756E-07,0.));
#20527 = ADVANCED_FACE('',(#20528),#20539,.T.);
#20528 = FACE_BOUND('',#20529,.T.);
#20529 = EDGE_LOOP('',(#20530,#20536,#20537,#20538));
#20530 = ORIENTED_EDGE('',*,*,#20531,.T.);
#20531 = EDGE_CURVE('',#18645,#19577,#20532,.T.);
#20532 = LINE('',#20533,#20534);
#20533 = CARTESIAN_POINT('',(89.138927,-113.999798,0.));
#20534 = VECTOR('',#20535,1.);
#20535 = DIRECTION('',(0.,0.,1.));
#20536 = ORIENTED_EDGE('',*,*,#19576,.T.);
#20537 = ORIENTED_EDGE('',*,*,#20497,.F.);
#20538 = ORIENTED_EDGE('',*,*,#18644,.F.);
#20539 = PLANE('',#20540);
#20540 = AXIS2_PLACEMENT_3D('',#20541,#20542,#20543);
#20541 = CARTESIAN_POINT('',(89.138927,-113.999798,0.));
#20542 = DIRECTION('',(-1.,0.,0.));
#20543 = DIRECTION('',(0.,1.,0.));
#20544 = ADVANCED_FACE('',(#20545),#20556,.T.);
#20545 = FACE_BOUND('',#20546,.T.);
#20546 = EDGE_LOOP('',(#20547,#20548,#20549,#20555));
#20547 = ORIENTED_EDGE('',*,*,#20516,.T.);
#20548 = ORIENTED_EDGE('',*,*,#19593,.T.);
#20549 = ORIENTED_EDGE('',*,*,#20550,.F.);
#20550 = EDGE_CURVE('',#18653,#19585,#20551,.T.);
#20551 = LINE('',#20552,#20553);
#20552 = CARTESIAN_POINT('',(90.138927,-114.999798,0.));
#20553 = VECTOR('',#20554,1.);
#20554 = DIRECTION('',(0.,0.,1.));
#20555 = ORIENTED_EDGE('',*,*,#18661,.F.);
#20556 = PLANE('',#20557);
#20557 = AXIS2_PLACEMENT_3D('',#20558,#20559,#20560);
#20558 = CARTESIAN_POINT('',(178.138927,-114.999798,0.));
#20559 = DIRECTION('',(0.,-1.,0.));
#20560 = DIRECTION('',(-1.,0.,0.));
#20561 = ADVANCED_FACE('',(#20562),#20568,.T.);
#20562 = FACE_BOUND('',#20563,.T.);
#20563 = EDGE_LOOP('',(#20564,#20565,#20566,#20567));
#20564 = ORIENTED_EDGE('',*,*,#20550,.T.);
#20565 = ORIENTED_EDGE('',*,*,#19584,.T.);
#20566 = ORIENTED_EDGE('',*,*,#20531,.F.);
#20567 = ORIENTED_EDGE('',*,*,#18652,.F.);
#20568 = CYLINDRICAL_SURFACE('',#20569,0.999999252925);
#20569 = AXIS2_PLACEMENT_3D('',#20570,#20571,#20572);
#20570 = CARTESIAN_POINT('',(90.138926252925,-113.999798747,0.));
#20571 = DIRECTION('',(0.,0.,-1.));
#20572 = DIRECTION('',(7.470757491648E-07,-1.,0.));
#20573 = ADVANCED_FACE('',(#20574),#20585,.F.);
#20574 = FACE_BOUND('',#20575,.T.);
#20575 = EDGE_LOOP('',(#20576,#20577,#20583,#20584));
#20576 = ORIENTED_EDGE('',*,*,#18679,.T.);
#20577 = ORIENTED_EDGE('',*,*,#20578,.T.);
#20578 = EDGE_CURVE('',#18680,#19612,#20579,.T.);
#20579 = LINE('',#20580,#20581);
#20580 = CARTESIAN_POINT('',(100.836469,-110.58,-4.6E-02));
#20581 = VECTOR('',#20582,1.);
#20582 = DIRECTION('',(0.,0.,1.));
#20583 = ORIENTED_EDGE('',*,*,#19611,.F.);
#20584 = ORIENTED_EDGE('',*,*,#20578,.F.);
#20585 = CYLINDRICAL_SURFACE('',#20586,0.5);
#20586 = AXIS2_PLACEMENT_3D('',#20587,#20588,#20589);
#20587 = CARTESIAN_POINT('',(100.836469,-110.08,-4.6E-02));
#20588 = DIRECTION('',(-0.,-0.,-1.));
#20589 = DIRECTION('',(-0.,-1.,0.));
#20590 = ADVANCED_FACE('',(#20591),#20602,.F.);
#20591 = FACE_BOUND('',#20592,.T.);
#20592 = EDGE_LOOP('',(#20593,#20594,#20600,#20601));
#20593 = ORIENTED_EDGE('',*,*,#18690,.T.);
#20594 = ORIENTED_EDGE('',*,*,#20595,.T.);
#20595 = EDGE_CURVE('',#18691,#19623,#20596,.T.);
#20596 = LINE('',#20597,#20598);
#20597 = CARTESIAN_POINT('',(108.086469,-110.58,-4.6E-02));
#20598 = VECTOR('',#20599,1.);
#20599 = DIRECTION('',(0.,0.,1.));
#20600 = ORIENTED_EDGE('',*,*,#19622,.F.);
#20601 = ORIENTED_EDGE('',*,*,#20595,.F.);
#20602 = CYLINDRICAL_SURFACE('',#20603,0.5);
#20603 = AXIS2_PLACEMENT_3D('',#20604,#20605,#20606);
#20604 = CARTESIAN_POINT('',(108.086469,-110.08,-4.6E-02));
#20605 = DIRECTION('',(-0.,-0.,-1.));
#20606 = DIRECTION('',(-0.,-1.,0.));
#20607 = ADVANCED_FACE('',(#20608),#20619,.F.);
#20608 = FACE_BOUND('',#20609,.T.);
#20609 = EDGE_LOOP('',(#20610,#20611,#20617,#20618));
#20610 = ORIENTED_EDGE('',*,*,#18701,.T.);
#20611 = ORIENTED_EDGE('',*,*,#20612,.T.);
#20612 = EDGE_CURVE('',#18702,#19634,#20613,.T.);
#20613 = LINE('',#20614,#20615);
#20614 = CARTESIAN_POINT('',(100.836469,-108.04,-4.6E-02));
#20615 = VECTOR('',#20616,1.);
#20616 = DIRECTION('',(0.,0.,1.));
#20617 = ORIENTED_EDGE('',*,*,#19633,.F.);
#20618 = ORIENTED_EDGE('',*,*,#20612,.F.);
#20619 = CYLINDRICAL_SURFACE('',#20620,0.5);
#20620 = AXIS2_PLACEMENT_3D('',#20621,#20622,#20623);
#20621 = CARTESIAN_POINT('',(100.836469,-107.54,-4.6E-02));
#20622 = DIRECTION('',(-0.,-0.,-1.));
#20623 = DIRECTION('',(-0.,-1.,0.));
#20624 = ADVANCED_FACE('',(#20625),#20636,.F.);
#20625 = FACE_BOUND('',#20626,.T.);
#20626 = EDGE_LOOP('',(#20627,#20628,#20634,#20635));
#20627 = ORIENTED_EDGE('',*,*,#18712,.T.);
#20628 = ORIENTED_EDGE('',*,*,#20629,.T.);
#20629 = EDGE_CURVE('',#18713,#19645,#20630,.T.);
#20630 = LINE('',#20631,#20632);
#20631 = CARTESIAN_POINT('',(108.086469,-108.04,-4.6E-02));
#20632 = VECTOR('',#20633,1.);
#20633 = DIRECTION('',(0.,0.,1.));
#20634 = ORIENTED_EDGE('',*,*,#19644,.F.);
#20635 = ORIENTED_EDGE('',*,*,#20629,.F.);
#20636 = CYLINDRICAL_SURFACE('',#20637,0.5);
#20637 = AXIS2_PLACEMENT_3D('',#20638,#20639,#20640);
#20638 = CARTESIAN_POINT('',(108.086469,-107.54,-4.6E-02));
#20639 = DIRECTION('',(-0.,-0.,-1.));
#20640 = DIRECTION('',(-0.,-1.,0.));
#20641 = ADVANCED_FACE('',(#20642),#20653,.F.);
#20642 = FACE_BOUND('',#20643,.T.);
#20643 = EDGE_LOOP('',(#20644,#20645,#20651,#20652));
#20644 = ORIENTED_EDGE('',*,*,#18723,.T.);
#20645 = ORIENTED_EDGE('',*,*,#20646,.T.);
#20646 = EDGE_CURVE('',#18724,#19656,#20647,.T.);
#20647 = LINE('',#20648,#20649);
#20648 = CARTESIAN_POINT('',(100.836469,-105.5,-4.6E-02));
#20649 = VECTOR('',#20650,1.);
#20650 = DIRECTION('',(0.,0.,1.));
#20651 = ORIENTED_EDGE('',*,*,#19655,.F.);
#20652 = ORIENTED_EDGE('',*,*,#20646,.F.);
#20653 = CYLINDRICAL_SURFACE('',#20654,0.5);
#20654 = AXIS2_PLACEMENT_3D('',#20655,#20656,#20657);
#20655 = CARTESIAN_POINT('',(100.836469,-105.,-4.6E-02));
#20656 = DIRECTION('',(-0.,-0.,-1.));
#20657 = DIRECTION('',(-0.,-1.,0.));
#20658 = ADVANCED_FACE('',(#20659),#20670,.F.);
#20659 = FACE_BOUND('',#20660,.T.);
#20660 = EDGE_LOOP('',(#20661,#20662,#20668,#20669));
#20661 = ORIENTED_EDGE('',*,*,#18734,.T.);
#20662 = ORIENTED_EDGE('',*,*,#20663,.T.);
#20663 = EDGE_CURVE('',#18735,#19667,#20664,.T.);
#20664 = LINE('',#20665,#20666);
#20665 = CARTESIAN_POINT('',(108.086469,-105.5,-4.6E-02));
#20666 = VECTOR('',#20667,1.);
#20667 = DIRECTION('',(0.,0.,1.));
#20668 = ORIENTED_EDGE('',*,*,#19666,.F.);
#20669 = ORIENTED_EDGE('',*,*,#20663,.F.);
#20670 = CYLINDRICAL_SURFACE('',#20671,0.5);
#20671 = AXIS2_PLACEMENT_3D('',#20672,#20673,#20674);
#20672 = CARTESIAN_POINT('',(108.086469,-105.,-4.6E-02));
#20673 = DIRECTION('',(-0.,-0.,-1.));
#20674 = DIRECTION('',(-0.,-1.,0.));
#20675 = ADVANCED_FACE('',(#20676),#20687,.F.);
#20676 = FACE_BOUND('',#20677,.T.);
#20677 = EDGE_LOOP('',(#20678,#20679,#20685,#20686));
#20678 = ORIENTED_EDGE('',*,*,#18745,.T.);
#20679 = ORIENTED_EDGE('',*,*,#20680,.T.);
#20680 = EDGE_CURVE('',#18746,#19678,#20681,.T.);
#20681 = LINE('',#20682,#20683);
#20682 = CARTESIAN_POINT('',(126.141369,-110.624556,-4.6E-02));
#20683 = VECTOR('',#20684,1.);
#20684 = DIRECTION('',(0.,0.,1.));
#20685 = ORIENTED_EDGE('',*,*,#19677,.F.);
#20686 = ORIENTED_EDGE('',*,*,#20680,.F.);
#20687 = CYLINDRICAL_SURFACE('',#20688,0.5);
#20688 = AXIS2_PLACEMENT_3D('',#20689,#20690,#20691);
#20689 = CARTESIAN_POINT('',(126.141369,-110.124556,-4.6E-02));
#20690 = DIRECTION('',(-0.,-0.,-1.));
#20691 = DIRECTION('',(-0.,-1.,0.));
#20692 = ADVANCED_FACE('',(#20693),#20704,.F.);
#20693 = FACE_BOUND('',#20694,.T.);
#20694 = EDGE_LOOP('',(#20695,#20696,#20702,#20703));
#20695 = ORIENTED_EDGE('',*,*,#18756,.T.);
#20696 = ORIENTED_EDGE('',*,*,#20697,.T.);
#20697 = EDGE_CURVE('',#18757,#19689,#20698,.T.);
#20698 = LINE('',#20699,#20700);
#20699 = CARTESIAN_POINT('',(128.681369,-110.624556,-4.6E-02));
#20700 = VECTOR('',#20701,1.);
#20701 = DIRECTION('',(0.,0.,1.));
#20702 = ORIENTED_EDGE('',*,*,#19688,.F.);
#20703 = ORIENTED_EDGE('',*,*,#20697,.F.);
#20704 = CYLINDRICAL_SURFACE('',#20705,0.5);
#20705 = AXIS2_PLACEMENT_3D('',#20706,#20707,#20708);
#20706 = CARTESIAN_POINT('',(128.681369,-110.124556,-4.6E-02));
#20707 = DIRECTION('',(-0.,-0.,-1.));
#20708 = DIRECTION('',(-0.,-1.,0.));
#20709 = ADVANCED_FACE('',(#20710),#20721,.F.);
#20710 = FACE_BOUND('',#20711,.T.);
#20711 = EDGE_LOOP('',(#20712,#20713,#20719,#20720));
#20712 = ORIENTED_EDGE('',*,*,#18767,.T.);
#20713 = ORIENTED_EDGE('',*,*,#20714,.T.);
#20714 = EDGE_CURVE('',#18768,#19700,#20715,.T.);
#20715 = LINE('',#20716,#20717);
#20716 = CARTESIAN_POINT('',(126.141369,-108.084556,-4.6E-02));
#20717 = VECTOR('',#20718,1.);
#20718 = DIRECTION('',(0.,0.,1.));
#20719 = ORIENTED_EDGE('',*,*,#19699,.F.);
#20720 = ORIENTED_EDGE('',*,*,#20714,.F.);
#20721 = CYLINDRICAL_SURFACE('',#20722,0.5);
#20722 = AXIS2_PLACEMENT_3D('',#20723,#20724,#20725);
#20723 = CARTESIAN_POINT('',(126.141369,-107.584556,-4.6E-02));
#20724 = DIRECTION('',(-0.,-0.,-1.));
#20725 = DIRECTION('',(-0.,-1.,0.));
#20726 = ADVANCED_FACE('',(#20727),#20738,.F.);
#20727 = FACE_BOUND('',#20728,.T.);
#20728 = EDGE_LOOP('',(#20729,#20730,#20736,#20737));
#20729 = ORIENTED_EDGE('',*,*,#18778,.T.);
#20730 = ORIENTED_EDGE('',*,*,#20731,.T.);
#20731 = EDGE_CURVE('',#18779,#19711,#20732,.T.);
#20732 = LINE('',#20733,#20734);
#20733 = CARTESIAN_POINT('',(126.141369,-105.544556,-4.6E-02));
#20734 = VECTOR('',#20735,1.);
#20735 = DIRECTION('',(0.,0.,1.));
#20736 = ORIENTED_EDGE('',*,*,#19710,.F.);
#20737 = ORIENTED_EDGE('',*,*,#20731,.F.);
#20738 = CYLINDRICAL_SURFACE('',#20739,0.5);
#20739 = AXIS2_PLACEMENT_3D('',#20740,#20741,#20742);
#20740 = CARTESIAN_POINT('',(126.141369,-105.044556,-4.6E-02));
#20741 = DIRECTION('',(-0.,-0.,-1.));
#20742 = DIRECTION('',(-0.,-1.,0.));
#20743 = ADVANCED_FACE('',(#20744),#20755,.F.);
#20744 = FACE_BOUND('',#20745,.T.);
#20745 = EDGE_LOOP('',(#20746,#20747,#20753,#20754));
#20746 = ORIENTED_EDGE('',*,*,#18789,.T.);
#20747 = ORIENTED_EDGE('',*,*,#20748,.T.);
#20748 = EDGE_CURVE('',#18790,#19722,#20749,.T.);
#20749 = LINE('',#20750,#20751);
#20750 = CARTESIAN_POINT('',(128.681369,-108.084556,-4.6E-02));
#20751 = VECTOR('',#20752,1.);
#20752 = DIRECTION('',(0.,0.,1.));
#20753 = ORIENTED_EDGE('',*,*,#19721,.F.);
#20754 = ORIENTED_EDGE('',*,*,#20748,.F.);
#20755 = CYLINDRICAL_SURFACE('',#20756,0.5);
#20756 = AXIS2_PLACEMENT_3D('',#20757,#20758,#20759);
#20757 = CARTESIAN_POINT('',(128.681369,-107.584556,-4.6E-02));
#20758 = DIRECTION('',(-0.,-0.,-1.));
#20759 = DIRECTION('',(-0.,-1.,0.));
#20760 = ADVANCED_FACE('',(#20761),#20772,.F.);
#20761 = FACE_BOUND('',#20762,.T.);
#20762 = EDGE_LOOP('',(#20763,#20764,#20770,#20771));
#20763 = ORIENTED_EDGE('',*,*,#18800,.T.);
#20764 = ORIENTED_EDGE('',*,*,#20765,.T.);
#20765 = EDGE_CURVE('',#18801,#19733,#20766,.T.);
#20766 = LINE('',#20767,#20768);
#20767 = CARTESIAN_POINT('',(128.681369,-105.544556,-4.6E-02));
#20768 = VECTOR('',#20769,1.);
#20769 = DIRECTION('',(0.,0.,1.));
#20770 = ORIENTED_EDGE('',*,*,#19732,.F.);
#20771 = ORIENTED_EDGE('',*,*,#20765,.F.);
#20772 = CYLINDRICAL_SURFACE('',#20773,0.5);
#20773 = AXIS2_PLACEMENT_3D('',#20774,#20775,#20776);
#20774 = CARTESIAN_POINT('',(128.681369,-105.044556,-4.6E-02));
#20775 = DIRECTION('',(-0.,-0.,-1.));
#20776 = DIRECTION('',(-0.,-1.,0.));
#20777 = ADVANCED_FACE('',(#20778),#20789,.F.);
#20778 = FACE_BOUND('',#20779,.T.);
#20779 = EDGE_LOOP('',(#20780,#20781,#20787,#20788));
#20780 = ORIENTED_EDGE('',*,*,#18811,.T.);
#20781 = ORIENTED_EDGE('',*,*,#20782,.T.);
#20782 = EDGE_CURVE('',#18812,#19744,#20783,.T.);
#20783 = LINE('',#20784,#20785);
#20784 = CARTESIAN_POINT('',(100.836469,-102.96,-4.6E-02));
#20785 = VECTOR('',#20786,1.);
#20786 = DIRECTION('',(0.,0.,1.));
#20787 = ORIENTED_EDGE('',*,*,#19743,.F.);
#20788 = ORIENTED_EDGE('',*,*,#20782,.F.);
#20789 = CYLINDRICAL_SURFACE('',#20790,0.5);
#20790 = AXIS2_PLACEMENT_3D('',#20791,#20792,#20793);
#20791 = CARTESIAN_POINT('',(100.836469,-102.46,-4.6E-02));
#20792 = DIRECTION('',(-0.,-0.,-1.));
#20793 = DIRECTION('',(-0.,-1.,0.));
#20794 = ADVANCED_FACE('',(#20795),#20806,.F.);
#20795 = FACE_BOUND('',#20796,.T.);
#20796 = EDGE_LOOP('',(#20797,#20798,#20804,#20805));
#20797 = ORIENTED_EDGE('',*,*,#18822,.T.);
#20798 = ORIENTED_EDGE('',*,*,#20799,.T.);
#20799 = EDGE_CURVE('',#18823,#19755,#20800,.T.);
#20800 = LINE('',#20801,#20802);
#20801 = CARTESIAN_POINT('',(108.086469,-102.96,-4.6E-02));
#20802 = VECTOR('',#20803,1.);
#20803 = DIRECTION('',(0.,0.,1.));
#20804 = ORIENTED_EDGE('',*,*,#19754,.F.);
#20805 = ORIENTED_EDGE('',*,*,#20799,.F.);
#20806 = CYLINDRICAL_SURFACE('',#20807,0.5);
#20807 = AXIS2_PLACEMENT_3D('',#20808,#20809,#20810);
#20808 = CARTESIAN_POINT('',(108.086469,-102.46,-4.6E-02));
#20809 = DIRECTION('',(-0.,-0.,-1.));
#20810 = DIRECTION('',(-0.,-1.,0.));
#20811 = ADVANCED_FACE('',(#20812),#20823,.F.);
#20812 = FACE_BOUND('',#20813,.T.);
#20813 = EDGE_LOOP('',(#20814,#20815,#20821,#20822));
#20814 = ORIENTED_EDGE('',*,*,#18833,.T.);
#20815 = ORIENTED_EDGE('',*,*,#20816,.T.);
#20816 = EDGE_CURVE('',#18834,#19766,#20817,.T.);
#20817 = LINE('',#20818,#20819);
#20818 = CARTESIAN_POINT('',(100.836469,-100.42,-4.6E-02));
#20819 = VECTOR('',#20820,1.);
#20820 = DIRECTION('',(0.,0.,1.));
#20821 = ORIENTED_EDGE('',*,*,#19765,.F.);
#20822 = ORIENTED_EDGE('',*,*,#20816,.F.);
#20823 = CYLINDRICAL_SURFACE('',#20824,0.5);
#20824 = AXIS2_PLACEMENT_3D('',#20825,#20826,#20827);
#20825 = CARTESIAN_POINT('',(100.836469,-99.92,-4.6E-02));
#20826 = DIRECTION('',(-0.,-0.,-1.));
#20827 = DIRECTION('',(-0.,-1.,0.));
#20828 = ADVANCED_FACE('',(#20829),#20840,.F.);
#20829 = FACE_BOUND('',#20830,.T.);
#20830 = EDGE_LOOP('',(#20831,#20832,#20838,#20839));
#20831 = ORIENTED_EDGE('',*,*,#18844,.T.);
#20832 = ORIENTED_EDGE('',*,*,#20833,.T.);
#20833 = EDGE_CURVE('',#18845,#19777,#20834,.T.);
#20834 = LINE('',#20835,#20836);
#20835 = CARTESIAN_POINT('',(108.086469,-100.42,-4.6E-02));
#20836 = VECTOR('',#20837,1.);
#20837 = DIRECTION('',(0.,0.,1.));
#20838 = ORIENTED_EDGE('',*,*,#19776,.F.);
#20839 = ORIENTED_EDGE('',*,*,#20833,.F.);
#20840 = CYLINDRICAL_SURFACE('',#20841,0.5);
#20841 = AXIS2_PLACEMENT_3D('',#20842,#20843,#20844);
#20842 = CARTESIAN_POINT('',(108.086469,-99.92,-4.6E-02));
#20843 = DIRECTION('',(-0.,-0.,-1.));
#20844 = DIRECTION('',(-0.,-1.,0.));
#20845 = ADVANCED_FACE('',(#20846),#20857,.F.);
#20846 = FACE_BOUND('',#20847,.T.);
#20847 = EDGE_LOOP('',(#20848,#20849,#20855,#20856));
#20848 = ORIENTED_EDGE('',*,*,#18855,.T.);
#20849 = ORIENTED_EDGE('',*,*,#20850,.T.);
#20850 = EDGE_CURVE('',#18856,#19788,#20851,.T.);
#20851 = LINE('',#20852,#20853);
#20852 = CARTESIAN_POINT('',(126.141369,-103.004556,-4.6E-02));
#20853 = VECTOR('',#20854,1.);
#20854 = DIRECTION('',(0.,0.,1.));
#20855 = ORIENTED_EDGE('',*,*,#19787,.F.);
#20856 = ORIENTED_EDGE('',*,*,#20850,.F.);
#20857 = CYLINDRICAL_SURFACE('',#20858,0.5);
#20858 = AXIS2_PLACEMENT_3D('',#20859,#20860,#20861);
#20859 = CARTESIAN_POINT('',(126.141369,-102.504556,-4.6E-02));
#20860 = DIRECTION('',(-0.,-0.,-1.));
#20861 = DIRECTION('',(-0.,-1.,0.));
#20862 = ADVANCED_FACE('',(#20863),#20874,.F.);
#20863 = FACE_BOUND('',#20864,.T.);
#20864 = EDGE_LOOP('',(#20865,#20866,#20872,#20873));
#20865 = ORIENTED_EDGE('',*,*,#18866,.T.);
#20866 = ORIENTED_EDGE('',*,*,#20867,.T.);
#20867 = EDGE_CURVE('',#18867,#19799,#20868,.T.);
#20868 = LINE('',#20869,#20870);
#20869 = CARTESIAN_POINT('',(128.681369,-103.004556,-4.6E-02));
#20870 = VECTOR('',#20871,1.);
#20871 = DIRECTION('',(0.,0.,1.));
#20872 = ORIENTED_EDGE('',*,*,#19798,.F.);
#20873 = ORIENTED_EDGE('',*,*,#20867,.F.);
#20874 = CYLINDRICAL_SURFACE('',#20875,0.5);
#20875 = AXIS2_PLACEMENT_3D('',#20876,#20877,#20878);
#20876 = CARTESIAN_POINT('',(128.681369,-102.504556,-4.6E-02));
#20877 = DIRECTION('',(-0.,-0.,-1.));
#20878 = DIRECTION('',(-0.,-1.,0.));
#20879 = ADVANCED_FACE('',(#20880),#20891,.F.);
#20880 = FACE_BOUND('',#20881,.T.);
#20881 = EDGE_LOOP('',(#20882,#20883,#20889,#20890));
#20882 = ORIENTED_EDGE('',*,*,#18877,.T.);
#20883 = ORIENTED_EDGE('',*,*,#20884,.T.);
#20884 = EDGE_CURVE('',#18878,#19810,#20885,.T.);
#20885 = LINE('',#20886,#20887);
#20886 = CARTESIAN_POINT('',(126.141369,-100.464556,-4.6E-02));
#20887 = VECTOR('',#20888,1.);
#20888 = DIRECTION('',(0.,0.,1.));
#20889 = ORIENTED_EDGE('',*,*,#19809,.F.);
#20890 = ORIENTED_EDGE('',*,*,#20884,.F.);
#20891 = CYLINDRICAL_SURFACE('',#20892,0.5);
#20892 = AXIS2_PLACEMENT_3D('',#20893,#20894,#20895);
#20893 = CARTESIAN_POINT('',(126.141369,-99.964556,-4.6E-02));
#20894 = DIRECTION('',(-0.,-0.,-1.));
#20895 = DIRECTION('',(-0.,-1.,0.));
#20896 = ADVANCED_FACE('',(#20897),#20908,.F.);
#20897 = FACE_BOUND('',#20898,.T.);
#20898 = EDGE_LOOP('',(#20899,#20900,#20906,#20907));
#20899 = ORIENTED_EDGE('',*,*,#18888,.T.);
#20900 = ORIENTED_EDGE('',*,*,#20901,.T.);
#20901 = EDGE_CURVE('',#18889,#19821,#20902,.T.);
#20902 = LINE('',#20903,#20904);
#20903 = CARTESIAN_POINT('',(128.681369,-100.464556,-4.6E-02));
#20904 = VECTOR('',#20905,1.);
#20905 = DIRECTION('',(0.,0.,1.));
#20906 = ORIENTED_EDGE('',*,*,#19820,.F.);
#20907 = ORIENTED_EDGE('',*,*,#20901,.F.);
#20908 = CYLINDRICAL_SURFACE('',#20909,0.5);
#20909 = AXIS2_PLACEMENT_3D('',#20910,#20911,#20912);
#20910 = CARTESIAN_POINT('',(128.681369,-99.964556,-4.6E-02));
#20911 = DIRECTION('',(-0.,-0.,-1.));
#20912 = DIRECTION('',(-0.,-1.,0.));
#20913 = ADVANCED_FACE('',(#20914),#20925,.F.);
#20914 = FACE_BOUND('',#20915,.T.);
#20915 = EDGE_LOOP('',(#20916,#20917,#20923,#20924));
#20916 = ORIENTED_EDGE('',*,*,#18899,.T.);
#20917 = ORIENTED_EDGE('',*,*,#20918,.T.);
#20918 = EDGE_CURVE('',#18900,#19832,#20919,.T.);
#20919 = LINE('',#20920,#20921);
#20920 = CARTESIAN_POINT('',(146.586469,-110.58,-4.6E-02));
#20921 = VECTOR('',#20922,1.);
#20922 = DIRECTION('',(0.,0.,1.));
#20923 = ORIENTED_EDGE('',*,*,#19831,.F.);
#20924 = ORIENTED_EDGE('',*,*,#20918,.F.);
#20925 = CYLINDRICAL_SURFACE('',#20926,0.5);
#20926 = AXIS2_PLACEMENT_3D('',#20927,#20928,#20929);
#20927 = CARTESIAN_POINT('',(146.586469,-110.08,-4.6E-02));
#20928 = DIRECTION('',(-0.,-0.,-1.));
#20929 = DIRECTION('',(-0.,-1.,0.));
#20930 = ADVANCED_FACE('',(#20931),#20942,.F.);
#20931 = FACE_BOUND('',#20932,.T.);
#20932 = EDGE_LOOP('',(#20933,#20934,#20940,#20941));
#20933 = ORIENTED_EDGE('',*,*,#18910,.T.);
#20934 = ORIENTED_EDGE('',*,*,#20935,.T.);
#20935 = EDGE_CURVE('',#18911,#19843,#20936,.T.);
#20936 = LINE('',#20937,#20938);
#20937 = CARTESIAN_POINT('',(153.836469,-110.58,-4.6E-02));
#20938 = VECTOR('',#20939,1.);
#20939 = DIRECTION('',(0.,0.,1.));
#20940 = ORIENTED_EDGE('',*,*,#19842,.F.);
#20941 = ORIENTED_EDGE('',*,*,#20935,.F.);
#20942 = CYLINDRICAL_SURFACE('',#20943,0.5);
#20943 = AXIS2_PLACEMENT_3D('',#20944,#20945,#20946);
#20944 = CARTESIAN_POINT('',(153.836469,-110.08,-4.6E-02));
#20945 = DIRECTION('',(-0.,-0.,-1.));
#20946 = DIRECTION('',(-0.,-1.,0.));
#20947 = ADVANCED_FACE('',(#20948),#20959,.F.);
#20948 = FACE_BOUND('',#20949,.T.);
#20949 = EDGE_LOOP('',(#20950,#20951,#20957,#20958));
#20950 = ORIENTED_EDGE('',*,*,#18921,.T.);
#20951 = ORIENTED_EDGE('',*,*,#20952,.T.);
#20952 = EDGE_CURVE('',#18922,#19854,#20953,.T.);
#20953 = LINE('',#20954,#20955);
#20954 = CARTESIAN_POINT('',(146.586469,-108.04,-4.6E-02));
#20955 = VECTOR('',#20956,1.);
#20956 = DIRECTION('',(0.,0.,1.));
#20957 = ORIENTED_EDGE('',*,*,#19853,.F.);
#20958 = ORIENTED_EDGE('',*,*,#20952,.F.);
#20959 = CYLINDRICAL_SURFACE('',#20960,0.5);
#20960 = AXIS2_PLACEMENT_3D('',#20961,#20962,#20963);
#20961 = CARTESIAN_POINT('',(146.586469,-107.54,-4.6E-02));
#20962 = DIRECTION('',(-0.,-0.,-1.));
#20963 = DIRECTION('',(-0.,-1.,0.));
#20964 = ADVANCED_FACE('',(#20965),#20976,.F.);
#20965 = FACE_BOUND('',#20966,.T.);
#20966 = EDGE_LOOP('',(#20967,#20968,#20974,#20975));
#20967 = ORIENTED_EDGE('',*,*,#18932,.T.);
#20968 = ORIENTED_EDGE('',*,*,#20969,.T.);
#20969 = EDGE_CURVE('',#18933,#19865,#20970,.T.);
#20970 = LINE('',#20971,#20972);
#20971 = CARTESIAN_POINT('',(153.836469,-108.04,-4.6E-02));
#20972 = VECTOR('',#20973,1.);
#20973 = DIRECTION('',(0.,0.,1.));
#20974 = ORIENTED_EDGE('',*,*,#19864,.F.);
#20975 = ORIENTED_EDGE('',*,*,#20969,.F.);
#20976 = CYLINDRICAL_SURFACE('',#20977,0.5);
#20977 = AXIS2_PLACEMENT_3D('',#20978,#20979,#20980);
#20978 = CARTESIAN_POINT('',(153.836469,-107.54,-4.6E-02));
#20979 = DIRECTION('',(-0.,-0.,-1.));
#20980 = DIRECTION('',(-0.,-1.,0.));
#20981 = ADVANCED_FACE('',(#20982),#20993,.F.);
#20982 = FACE_BOUND('',#20983,.T.);
#20983 = EDGE_LOOP('',(#20984,#20985,#20991,#20992));
#20984 = ORIENTED_EDGE('',*,*,#18943,.T.);
#20985 = ORIENTED_EDGE('',*,*,#20986,.T.);
#20986 = EDGE_CURVE('',#18944,#19876,#20987,.T.);
#20987 = LINE('',#20988,#20989);
#20988 = CARTESIAN_POINT('',(146.586469,-105.5,-4.6E-02));
#20989 = VECTOR('',#20990,1.);
#20990 = DIRECTION('',(0.,0.,1.));
#20991 = ORIENTED_EDGE('',*,*,#19875,.F.);
#20992 = ORIENTED_EDGE('',*,*,#20986,.F.);
#20993 = CYLINDRICAL_SURFACE('',#20994,0.5);
#20994 = AXIS2_PLACEMENT_3D('',#20995,#20996,#20997);
#20995 = CARTESIAN_POINT('',(146.586469,-105.,-4.6E-02));
#20996 = DIRECTION('',(-0.,-0.,-1.));
#20997 = DIRECTION('',(-0.,-1.,0.));
#20998 = ADVANCED_FACE('',(#20999),#21010,.F.);
#20999 = FACE_BOUND('',#21000,.T.);
#21000 = EDGE_LOOP('',(#21001,#21002,#21008,#21009));
#21001 = ORIENTED_EDGE('',*,*,#18954,.T.);
#21002 = ORIENTED_EDGE('',*,*,#21003,.T.);
#21003 = EDGE_CURVE('',#18955,#19887,#21004,.T.);
#21004 = LINE('',#21005,#21006);
#21005 = CARTESIAN_POINT('',(153.836469,-105.5,-4.6E-02));
#21006 = VECTOR('',#21007,1.);
#21007 = DIRECTION('',(0.,0.,1.));
#21008 = ORIENTED_EDGE('',*,*,#19886,.F.);
#21009 = ORIENTED_EDGE('',*,*,#21003,.F.);
#21010 = CYLINDRICAL_SURFACE('',#21011,0.5);
#21011 = AXIS2_PLACEMENT_3D('',#21012,#21013,#21014);
#21012 = CARTESIAN_POINT('',(153.836469,-105.,-4.6E-02));
#21013 = DIRECTION('',(-0.,-0.,-1.));
#21014 = DIRECTION('',(-0.,-1.,0.));
#21015 = ADVANCED_FACE('',(#21016),#21027,.F.);
#21016 = FACE_BOUND('',#21017,.T.);
#21017 = EDGE_LOOP('',(#21018,#21019,#21025,#21026));
#21018 = ORIENTED_EDGE('',*,*,#18965,.T.);
#21019 = ORIENTED_EDGE('',*,*,#21020,.T.);
#21020 = EDGE_CURVE('',#18966,#19898,#21021,.T.);
#21021 = LINE('',#21022,#21023);
#21022 = CARTESIAN_POINT('',(168.685369,-110.624556,-4.6E-02));
#21023 = VECTOR('',#21024,1.);
#21024 = DIRECTION('',(0.,0.,1.));
#21025 = ORIENTED_EDGE('',*,*,#19897,.F.);
#21026 = ORIENTED_EDGE('',*,*,#21020,.F.);
#21027 = CYLINDRICAL_SURFACE('',#21028,0.5);
#21028 = AXIS2_PLACEMENT_3D('',#21029,#21030,#21031);
#21029 = CARTESIAN_POINT('',(168.685369,-110.124556,-4.6E-02));
#21030 = DIRECTION('',(-0.,-0.,-1.));
#21031 = DIRECTION('',(-0.,-1.,0.));
#21032 = ADVANCED_FACE('',(#21033),#21044,.F.);
#21033 = FACE_BOUND('',#21034,.T.);
#21034 = EDGE_LOOP('',(#21035,#21036,#21042,#21043));
#21035 = ORIENTED_EDGE('',*,*,#18976,.T.);
#21036 = ORIENTED_EDGE('',*,*,#21037,.T.);
#21037 = EDGE_CURVE('',#18977,#19909,#21038,.T.);
#21038 = LINE('',#21039,#21040);
#21039 = CARTESIAN_POINT('',(171.225369,-110.624556,-4.6E-02));
#21040 = VECTOR('',#21041,1.);
#21041 = DIRECTION('',(0.,0.,1.));
#21042 = ORIENTED_EDGE('',*,*,#19908,.F.);
#21043 = ORIENTED_EDGE('',*,*,#21037,.F.);
#21044 = CYLINDRICAL_SURFACE('',#21045,0.5);
#21045 = AXIS2_PLACEMENT_3D('',#21046,#21047,#21048);
#21046 = CARTESIAN_POINT('',(171.225369,-110.124556,-4.6E-02));
#21047 = DIRECTION('',(-0.,-0.,-1.));
#21048 = DIRECTION('',(-0.,-1.,0.));
#21049 = ADVANCED_FACE('',(#21050),#21061,.F.);
#21050 = FACE_BOUND('',#21051,.T.);
#21051 = EDGE_LOOP('',(#21052,#21053,#21059,#21060));
#21052 = ORIENTED_EDGE('',*,*,#18987,.T.);
#21053 = ORIENTED_EDGE('',*,*,#21054,.T.);
#21054 = EDGE_CURVE('',#18988,#19920,#21055,.T.);
#21055 = LINE('',#21056,#21057);
#21056 = CARTESIAN_POINT('',(168.685369,-108.084556,-4.6E-02));
#21057 = VECTOR('',#21058,1.);
#21058 = DIRECTION('',(0.,0.,1.));
#21059 = ORIENTED_EDGE('',*,*,#19919,.F.);
#21060 = ORIENTED_EDGE('',*,*,#21054,.F.);
#21061 = CYLINDRICAL_SURFACE('',#21062,0.5);
#21062 = AXIS2_PLACEMENT_3D('',#21063,#21064,#21065);
#21063 = CARTESIAN_POINT('',(168.685369,-107.584556,-4.6E-02));
#21064 = DIRECTION('',(-0.,-0.,-1.));
#21065 = DIRECTION('',(-0.,-1.,0.));
#21066 = ADVANCED_FACE('',(#21067),#21078,.F.);
#21067 = FACE_BOUND('',#21068,.T.);
#21068 = EDGE_LOOP('',(#21069,#21070,#21076,#21077));
#21069 = ORIENTED_EDGE('',*,*,#18998,.T.);
#21070 = ORIENTED_EDGE('',*,*,#21071,.T.);
#21071 = EDGE_CURVE('',#18999,#19931,#21072,.T.);
#21072 = LINE('',#21073,#21074);
#21073 = CARTESIAN_POINT('',(171.225369,-108.084556,-4.6E-02));
#21074 = VECTOR('',#21075,1.);
#21075 = DIRECTION('',(0.,0.,1.));
#21076 = ORIENTED_EDGE('',*,*,#19930,.F.);
#21077 = ORIENTED_EDGE('',*,*,#21071,.F.);
#21078 = CYLINDRICAL_SURFACE('',#21079,0.5);
#21079 = AXIS2_PLACEMENT_3D('',#21080,#21081,#21082);
#21080 = CARTESIAN_POINT('',(171.225369,-107.584556,-4.6E-02));
#21081 = DIRECTION('',(-0.,-0.,-1.));
#21082 = DIRECTION('',(-0.,-1.,0.));
#21083 = ADVANCED_FACE('',(#21084),#21095,.F.);
#21084 = FACE_BOUND('',#21085,.T.);
#21085 = EDGE_LOOP('',(#21086,#21087,#21093,#21094));
#21086 = ORIENTED_EDGE('',*,*,#19009,.T.);
#21087 = ORIENTED_EDGE('',*,*,#21088,.T.);
#21088 = EDGE_CURVE('',#19010,#19942,#21089,.T.);
#21089 = LINE('',#21090,#21091);
#21090 = CARTESIAN_POINT('',(168.685369,-105.544556,-4.6E-02));
#21091 = VECTOR('',#21092,1.);
#21092 = DIRECTION('',(0.,0.,1.));
#21093 = ORIENTED_EDGE('',*,*,#19941,.F.);
#21094 = ORIENTED_EDGE('',*,*,#21088,.F.);
#21095 = CYLINDRICAL_SURFACE('',#21096,0.5);
#21096 = AXIS2_PLACEMENT_3D('',#21097,#21098,#21099);
#21097 = CARTESIAN_POINT('',(168.685369,-105.044556,-4.6E-02));
#21098 = DIRECTION('',(-0.,-0.,-1.));
#21099 = DIRECTION('',(-0.,-1.,0.));
#21100 = ADVANCED_FACE('',(#21101),#21112,.F.);
#21101 = FACE_BOUND('',#21102,.T.);
#21102 = EDGE_LOOP('',(#21103,#21104,#21110,#21111));
#21103 = ORIENTED_EDGE('',*,*,#19020,.T.);
#21104 = ORIENTED_EDGE('',*,*,#21105,.T.);
#21105 = EDGE_CURVE('',#19021,#19953,#21106,.T.);
#21106 = LINE('',#21107,#21108);
#21107 = CARTESIAN_POINT('',(171.225369,-105.544556,-4.6E-02));
#21108 = VECTOR('',#21109,1.);
#21109 = DIRECTION('',(0.,0.,1.));
#21110 = ORIENTED_EDGE('',*,*,#19952,.F.);
#21111 = ORIENTED_EDGE('',*,*,#21105,.F.);
#21112 = CYLINDRICAL_SURFACE('',#21113,0.5);
#21113 = AXIS2_PLACEMENT_3D('',#21114,#21115,#21116);
#21114 = CARTESIAN_POINT('',(171.225369,-105.044556,-4.6E-02));
#21115 = DIRECTION('',(-0.,-0.,-1.));
#21116 = DIRECTION('',(-0.,-1.,0.));
#21117 = ADVANCED_FACE('',(#21118),#21129,.F.);
#21118 = FACE_BOUND('',#21119,.T.);
#21119 = EDGE_LOOP('',(#21120,#21121,#21127,#21128));
#21120 = ORIENTED_EDGE('',*,*,#19031,.T.);
#21121 = ORIENTED_EDGE('',*,*,#21122,.T.);
#21122 = EDGE_CURVE('',#19032,#19964,#21123,.T.);
#21123 = LINE('',#21124,#21125);
#21124 = CARTESIAN_POINT('',(146.586469,-102.96,-4.6E-02));
#21125 = VECTOR('',#21126,1.);
#21126 = DIRECTION('',(0.,0.,1.));
#21127 = ORIENTED_EDGE('',*,*,#19963,.F.);
#21128 = ORIENTED_EDGE('',*,*,#21122,.F.);
#21129 = CYLINDRICAL_SURFACE('',#21130,0.5);
#21130 = AXIS2_PLACEMENT_3D('',#21131,#21132,#21133);
#21131 = CARTESIAN_POINT('',(146.586469,-102.46,-4.6E-02));
#21132 = DIRECTION('',(-0.,-0.,-1.));
#21133 = DIRECTION('',(-0.,-1.,0.));
#21134 = ADVANCED_FACE('',(#21135),#21146,.F.);
#21135 = FACE_BOUND('',#21136,.T.);
#21136 = EDGE_LOOP('',(#21137,#21138,#21144,#21145));
#21137 = ORIENTED_EDGE('',*,*,#19042,.T.);
#21138 = ORIENTED_EDGE('',*,*,#21139,.T.);
#21139 = EDGE_CURVE('',#19043,#19975,#21140,.T.);
#21140 = LINE('',#21141,#21142);
#21141 = CARTESIAN_POINT('',(153.836469,-102.96,-4.6E-02));
#21142 = VECTOR('',#21143,1.);
#21143 = DIRECTION('',(0.,0.,1.));
#21144 = ORIENTED_EDGE('',*,*,#19974,.F.);
#21145 = ORIENTED_EDGE('',*,*,#21139,.F.);
#21146 = CYLINDRICAL_SURFACE('',#21147,0.5);
#21147 = AXIS2_PLACEMENT_3D('',#21148,#21149,#21150);
#21148 = CARTESIAN_POINT('',(153.836469,-102.46,-4.6E-02));
#21149 = DIRECTION('',(-0.,-0.,-1.));
#21150 = DIRECTION('',(-0.,-1.,0.));
#21151 = ADVANCED_FACE('',(#21152),#21163,.F.);
#21152 = FACE_BOUND('',#21153,.T.);
#21153 = EDGE_LOOP('',(#21154,#21155,#21161,#21162));
#21154 = ORIENTED_EDGE('',*,*,#19053,.T.);
#21155 = ORIENTED_EDGE('',*,*,#21156,.T.);
#21156 = EDGE_CURVE('',#19054,#19986,#21157,.T.);
#21157 = LINE('',#21158,#21159);
#21158 = CARTESIAN_POINT('',(146.586469,-100.42,-4.6E-02));
#21159 = VECTOR('',#21160,1.);
#21160 = DIRECTION('',(0.,0.,1.));
#21161 = ORIENTED_EDGE('',*,*,#19985,.F.);
#21162 = ORIENTED_EDGE('',*,*,#21156,.F.);
#21163 = CYLINDRICAL_SURFACE('',#21164,0.5);
#21164 = AXIS2_PLACEMENT_3D('',#21165,#21166,#21167);
#21165 = CARTESIAN_POINT('',(146.586469,-99.92,-4.6E-02));
#21166 = DIRECTION('',(-0.,-0.,-1.));
#21167 = DIRECTION('',(-0.,-1.,0.));
#21168 = ADVANCED_FACE('',(#21169),#21180,.F.);
#21169 = FACE_BOUND('',#21170,.T.);
#21170 = EDGE_LOOP('',(#21171,#21172,#21178,#21179));
#21171 = ORIENTED_EDGE('',*,*,#19064,.T.);
#21172 = ORIENTED_EDGE('',*,*,#21173,.T.);
#21173 = EDGE_CURVE('',#19065,#19997,#21174,.T.);
#21174 = LINE('',#21175,#21176);
#21175 = CARTESIAN_POINT('',(153.836469,-100.42,-4.6E-02));
#21176 = VECTOR('',#21177,1.);
#21177 = DIRECTION('',(0.,0.,1.));
#21178 = ORIENTED_EDGE('',*,*,#19996,.F.);
#21179 = ORIENTED_EDGE('',*,*,#21173,.F.);
#21180 = CYLINDRICAL_SURFACE('',#21181,0.5);
#21181 = AXIS2_PLACEMENT_3D('',#21182,#21183,#21184);
#21182 = CARTESIAN_POINT('',(153.836469,-99.92,-4.6E-02));
#21183 = DIRECTION('',(-0.,-0.,-1.));
#21184 = DIRECTION('',(-0.,-1.,0.));
#21185 = ADVANCED_FACE('',(#21186),#21197,.F.);
#21186 = FACE_BOUND('',#21187,.T.);
#21187 = EDGE_LOOP('',(#21188,#21189,#21195,#21196));
#21188 = ORIENTED_EDGE('',*,*,#19075,.T.);
#21189 = ORIENTED_EDGE('',*,*,#21190,.T.);
#21190 = EDGE_CURVE('',#19076,#20008,#21191,.T.);
#21191 = LINE('',#21192,#21193);
#21192 = CARTESIAN_POINT('',(168.685369,-103.004556,-4.6E-02));
#21193 = VECTOR('',#21194,1.);
#21194 = DIRECTION('',(0.,0.,1.));
#21195 = ORIENTED_EDGE('',*,*,#20007,.F.);
#21196 = ORIENTED_EDGE('',*,*,#21190,.F.);
#21197 = CYLINDRICAL_SURFACE('',#21198,0.5);
#21198 = AXIS2_PLACEMENT_3D('',#21199,#21200,#21201);
#21199 = CARTESIAN_POINT('',(168.685369,-102.504556,-4.6E-02));
#21200 = DIRECTION('',(-0.,-0.,-1.));
#21201 = DIRECTION('',(-0.,-1.,0.));
#21202 = ADVANCED_FACE('',(#21203),#21214,.F.);
#21203 = FACE_BOUND('',#21204,.T.);
#21204 = EDGE_LOOP('',(#21205,#21206,#21212,#21213));
#21205 = ORIENTED_EDGE('',*,*,#19086,.T.);
#21206 = ORIENTED_EDGE('',*,*,#21207,.T.);
#21207 = EDGE_CURVE('',#19087,#20019,#21208,.T.);
#21208 = LINE('',#21209,#21210);
#21209 = CARTESIAN_POINT('',(171.225369,-103.004556,-4.6E-02));
#21210 = VECTOR('',#21211,1.);
#21211 = DIRECTION('',(0.,0.,1.));
#21212 = ORIENTED_EDGE('',*,*,#20018,.F.);
#21213 = ORIENTED_EDGE('',*,*,#21207,.F.);
#21214 = CYLINDRICAL_SURFACE('',#21215,0.5);
#21215 = AXIS2_PLACEMENT_3D('',#21216,#21217,#21218);
#21216 = CARTESIAN_POINT('',(171.225369,-102.504556,-4.6E-02));
#21217 = DIRECTION('',(-0.,-0.,-1.));
#21218 = DIRECTION('',(-0.,-1.,0.));
#21219 = ADVANCED_FACE('',(#21220),#21231,.F.);
#21220 = FACE_BOUND('',#21221,.T.);
#21221 = EDGE_LOOP('',(#21222,#21223,#21229,#21230));
#21222 = ORIENTED_EDGE('',*,*,#19097,.T.);
#21223 = ORIENTED_EDGE('',*,*,#21224,.T.);
#21224 = EDGE_CURVE('',#19098,#20030,#21225,.T.);
#21225 = LINE('',#21226,#21227);
#21226 = CARTESIAN_POINT('',(168.685369,-100.464556,-4.6E-02));
#21227 = VECTOR('',#21228,1.);
#21228 = DIRECTION('',(0.,0.,1.));
#21229 = ORIENTED_EDGE('',*,*,#20029,.F.);
#21230 = ORIENTED_EDGE('',*,*,#21224,.F.);
#21231 = CYLINDRICAL_SURFACE('',#21232,0.5);
#21232 = AXIS2_PLACEMENT_3D('',#21233,#21234,#21235);
#21233 = CARTESIAN_POINT('',(168.685369,-99.964556,-4.6E-02));
#21234 = DIRECTION('',(-0.,-0.,-1.));
#21235 = DIRECTION('',(-0.,-1.,0.));
#21236 = ADVANCED_FACE('',(#21237),#21248,.F.);
#21237 = FACE_BOUND('',#21238,.T.);
#21238 = EDGE_LOOP('',(#21239,#21240,#21246,#21247));
#21239 = ORIENTED_EDGE('',*,*,#19108,.T.);
#21240 = ORIENTED_EDGE('',*,*,#21241,.T.);
#21241 = EDGE_CURVE('',#19109,#20041,#21242,.T.);
#21242 = LINE('',#21243,#21244);
#21243 = CARTESIAN_POINT('',(171.225369,-100.464556,-4.6E-02));
#21244 = VECTOR('',#21245,1.);
#21245 = DIRECTION('',(0.,0.,1.));
#21246 = ORIENTED_EDGE('',*,*,#20040,.F.);
#21247 = ORIENTED_EDGE('',*,*,#21241,.F.);
#21248 = CYLINDRICAL_SURFACE('',#21249,0.5);
#21249 = AXIS2_PLACEMENT_3D('',#21250,#21251,#21252);
#21250 = CARTESIAN_POINT('',(171.225369,-99.964556,-4.6E-02));
#21251 = DIRECTION('',(-0.,-0.,-1.));
#21252 = DIRECTION('',(-0.,-1.,0.));
#21253 = ADVANCED_FACE('',(#21254),#21265,.F.);
#21254 = FACE_BOUND('',#21255,.T.);
#21255 = EDGE_LOOP('',(#21256,#21257,#21263,#21264));
#21256 = ORIENTED_EDGE('',*,*,#19119,.T.);
#21257 = ORIENTED_EDGE('',*,*,#21258,.T.);
#21258 = EDGE_CURVE('',#19120,#20052,#21259,.T.);
#21259 = LINE('',#21260,#21261);
#21260 = CARTESIAN_POINT('',(100.836469,-97.88,-4.6E-02));
#21261 = VECTOR('',#21262,1.);
#21262 = DIRECTION('',(0.,0.,1.));
#21263 = ORIENTED_EDGE('',*,*,#20051,.F.);
#21264 = ORIENTED_EDGE('',*,*,#21258,.F.);
#21265 = CYLINDRICAL_SURFACE('',#21266,0.5);
#21266 = AXIS2_PLACEMENT_3D('',#21267,#21268,#21269);
#21267 = CARTESIAN_POINT('',(100.836469,-97.38,-4.6E-02));
#21268 = DIRECTION('',(-0.,-0.,-1.));
#21269 = DIRECTION('',(-0.,-1.,0.));
#21270 = ADVANCED_FACE('',(#21271),#21282,.F.);
#21271 = FACE_BOUND('',#21272,.T.);
#21272 = EDGE_LOOP('',(#21273,#21274,#21280,#21281));
#21273 = ORIENTED_EDGE('',*,*,#19130,.T.);
#21274 = ORIENTED_EDGE('',*,*,#21275,.T.);
#21275 = EDGE_CURVE('',#19131,#20063,#21276,.T.);
#21276 = LINE('',#21277,#21278);
#21277 = CARTESIAN_POINT('',(108.086469,-97.88,-4.6E-02));
#21278 = VECTOR('',#21279,1.);
#21279 = DIRECTION('',(0.,0.,1.));
#21280 = ORIENTED_EDGE('',*,*,#20062,.F.);
#21281 = ORIENTED_EDGE('',*,*,#21275,.F.);
#21282 = CYLINDRICAL_SURFACE('',#21283,0.5);
#21283 = AXIS2_PLACEMENT_3D('',#21284,#21285,#21286);
#21284 = CARTESIAN_POINT('',(108.086469,-97.38,-4.6E-02));
#21285 = DIRECTION('',(-0.,-0.,-1.));
#21286 = DIRECTION('',(-0.,-1.,0.));
#21287 = ADVANCED_FACE('',(#21288),#21299,.F.);
#21288 = FACE_BOUND('',#21289,.T.);
#21289 = EDGE_LOOP('',(#21290,#21291,#21297,#21298));
#21290 = ORIENTED_EDGE('',*,*,#19141,.T.);
#21291 = ORIENTED_EDGE('',*,*,#21292,.T.);
#21292 = EDGE_CURVE('',#19142,#20074,#21293,.T.);
#21293 = LINE('',#21294,#21295);
#21294 = CARTESIAN_POINT('',(100.836469,-95.34,-4.6E-02));
#21295 = VECTOR('',#21296,1.);
#21296 = DIRECTION('',(0.,0.,1.));
#21297 = ORIENTED_EDGE('',*,*,#20073,.F.);
#21298 = ORIENTED_EDGE('',*,*,#21292,.F.);
#21299 = CYLINDRICAL_SURFACE('',#21300,0.5);
#21300 = AXIS2_PLACEMENT_3D('',#21301,#21302,#21303);
#21301 = CARTESIAN_POINT('',(100.836469,-94.84,-4.6E-02));
#21302 = DIRECTION('',(-0.,-0.,-1.));
#21303 = DIRECTION('',(-0.,-1.,0.));
#21304 = ADVANCED_FACE('',(#21305),#21316,.F.);
#21305 = FACE_BOUND('',#21306,.T.);
#21306 = EDGE_LOOP('',(#21307,#21308,#21314,#21315));
#21307 = ORIENTED_EDGE('',*,*,#19152,.T.);
#21308 = ORIENTED_EDGE('',*,*,#21309,.T.);
#21309 = EDGE_CURVE('',#19153,#20085,#21310,.T.);
#21310 = LINE('',#21311,#21312);
#21311 = CARTESIAN_POINT('',(108.086469,-95.34,-4.6E-02));
#21312 = VECTOR('',#21313,1.);
#21313 = DIRECTION('',(0.,0.,1.));
#21314 = ORIENTED_EDGE('',*,*,#20084,.F.);
#21315 = ORIENTED_EDGE('',*,*,#21309,.F.);
#21316 = CYLINDRICAL_SURFACE('',#21317,0.5);
#21317 = AXIS2_PLACEMENT_3D('',#21318,#21319,#21320);
#21318 = CARTESIAN_POINT('',(108.086469,-94.84,-4.6E-02));
#21319 = DIRECTION('',(-0.,-0.,-1.));
#21320 = DIRECTION('',(-0.,-1.,0.));
#21321 = ADVANCED_FACE('',(#21322),#21333,.F.);
#21322 = FACE_BOUND('',#21323,.T.);
#21323 = EDGE_LOOP('',(#21324,#21325,#21331,#21332));
#21324 = ORIENTED_EDGE('',*,*,#19163,.T.);
#21325 = ORIENTED_EDGE('',*,*,#21326,.T.);
#21326 = EDGE_CURVE('',#19164,#20096,#21327,.T.);
#21327 = LINE('',#21328,#21329);
#21328 = CARTESIAN_POINT('',(126.141369,-97.924556,-4.6E-02));
#21329 = VECTOR('',#21330,1.);
#21330 = DIRECTION('',(0.,0.,1.));
#21331 = ORIENTED_EDGE('',*,*,#20095,.F.);
#21332 = ORIENTED_EDGE('',*,*,#21326,.F.);
#21333 = CYLINDRICAL_SURFACE('',#21334,0.5);
#21334 = AXIS2_PLACEMENT_3D('',#21335,#21336,#21337);
#21335 = CARTESIAN_POINT('',(126.141369,-97.424556,-4.6E-02));
#21336 = DIRECTION('',(-0.,-0.,-1.));
#21337 = DIRECTION('',(-0.,-1.,0.));
#21338 = ADVANCED_FACE('',(#21339),#21350,.F.);
#21339 = FACE_BOUND('',#21340,.T.);
#21340 = EDGE_LOOP('',(#21341,#21342,#21348,#21349));
#21341 = ORIENTED_EDGE('',*,*,#19174,.T.);
#21342 = ORIENTED_EDGE('',*,*,#21343,.T.);
#21343 = EDGE_CURVE('',#19175,#20107,#21344,.T.);
#21344 = LINE('',#21345,#21346);
#21345 = CARTESIAN_POINT('',(128.681369,-97.924556,-4.6E-02));
#21346 = VECTOR('',#21347,1.);
#21347 = DIRECTION('',(0.,0.,1.));
#21348 = ORIENTED_EDGE('',*,*,#20106,.F.);
#21349 = ORIENTED_EDGE('',*,*,#21343,.F.);
#21350 = CYLINDRICAL_SURFACE('',#21351,0.5);
#21351 = AXIS2_PLACEMENT_3D('',#21352,#21353,#21354);
#21352 = CARTESIAN_POINT('',(128.681369,-97.424556,-4.6E-02));
#21353 = DIRECTION('',(-0.,-0.,-1.));
#21354 = DIRECTION('',(-0.,-1.,0.));
#21355 = ADVANCED_FACE('',(#21356),#21367,.F.);
#21356 = FACE_BOUND('',#21357,.T.);
#21357 = EDGE_LOOP('',(#21358,#21359,#21365,#21366));
#21358 = ORIENTED_EDGE('',*,*,#19185,.T.);
#21359 = ORIENTED_EDGE('',*,*,#21360,.T.);
#21360 = EDGE_CURVE('',#19186,#20118,#21361,.T.);
#21361 = LINE('',#21362,#21363);
#21362 = CARTESIAN_POINT('',(126.141369,-95.384556,-4.6E-02));
#21363 = VECTOR('',#21364,1.);
#21364 = DIRECTION('',(0.,0.,1.));
#21365 = ORIENTED_EDGE('',*,*,#20117,.F.);
#21366 = ORIENTED_EDGE('',*,*,#21360,.F.);
#21367 = CYLINDRICAL_SURFACE('',#21368,0.5);
#21368 = AXIS2_PLACEMENT_3D('',#21369,#21370,#21371);
#21369 = CARTESIAN_POINT('',(126.141369,-94.884556,-4.6E-02));
#21370 = DIRECTION('',(-0.,-0.,-1.));
#21371 = DIRECTION('',(-0.,-1.,0.));
#21372 = ADVANCED_FACE('',(#21373),#21384,.F.);
#21373 = FACE_BOUND('',#21374,.T.);
#21374 = EDGE_LOOP('',(#21375,#21376,#21382,#21383));
#21375 = ORIENTED_EDGE('',*,*,#19196,.T.);
#21376 = ORIENTED_EDGE('',*,*,#21377,.T.);
#21377 = EDGE_CURVE('',#19197,#20129,#21378,.T.);
#21378 = LINE('',#21379,#21380);
#21379 = CARTESIAN_POINT('',(128.681369,-95.384556,-4.6E-02));
#21380 = VECTOR('',#21381,1.);
#21381 = DIRECTION('',(0.,0.,1.));
#21382 = ORIENTED_EDGE('',*,*,#20128,.F.);
#21383 = ORIENTED_EDGE('',*,*,#21377,.F.);
#21384 = CYLINDRICAL_SURFACE('',#21385,0.5);
#21385 = AXIS2_PLACEMENT_3D('',#21386,#21387,#21388);
#21386 = CARTESIAN_POINT('',(128.681369,-94.884556,-4.6E-02));
#21387 = DIRECTION('',(-0.,-0.,-1.));
#21388 = DIRECTION('',(-0.,-1.,0.));
#21389 = ADVANCED_FACE('',(#21390),#21401,.F.);
#21390 = FACE_BOUND('',#21391,.T.);
#21391 = EDGE_LOOP('',(#21392,#21393,#21399,#21400));
#21392 = ORIENTED_EDGE('',*,*,#19207,.T.);
#21393 = ORIENTED_EDGE('',*,*,#21394,.T.);
#21394 = EDGE_CURVE('',#19208,#20140,#21395,.T.);
#21395 = LINE('',#21396,#21397);
#21396 = CARTESIAN_POINT('',(100.836469,-92.8,-4.6E-02));
#21397 = VECTOR('',#21398,1.);
#21398 = DIRECTION('',(0.,0.,1.));
#21399 = ORIENTED_EDGE('',*,*,#20139,.F.);
#21400 = ORIENTED_EDGE('',*,*,#21394,.F.);
#21401 = CYLINDRICAL_SURFACE('',#21402,0.5);
#21402 = AXIS2_PLACEMENT_3D('',#21403,#21404,#21405);
#21403 = CARTESIAN_POINT('',(100.836469,-92.3,-4.6E-02));
#21404 = DIRECTION('',(-0.,-0.,-1.));
#21405 = DIRECTION('',(-0.,-1.,0.));
#21406 = ADVANCED_FACE('',(#21407),#21418,.F.);
#21407 = FACE_BOUND('',#21408,.T.);
#21408 = EDGE_LOOP('',(#21409,#21410,#21416,#21417));
#21409 = ORIENTED_EDGE('',*,*,#19218,.T.);
#21410 = ORIENTED_EDGE('',*,*,#21411,.T.);
#21411 = EDGE_CURVE('',#19219,#20151,#21412,.T.);
#21412 = LINE('',#21413,#21414);
#21413 = CARTESIAN_POINT('',(108.086469,-92.8,-4.6E-02));
#21414 = VECTOR('',#21415,1.);
#21415 = DIRECTION('',(0.,0.,1.));
#21416 = ORIENTED_EDGE('',*,*,#20150,.F.);
#21417 = ORIENTED_EDGE('',*,*,#21411,.F.);
#21418 = CYLINDRICAL_SURFACE('',#21419,0.5);
#21419 = AXIS2_PLACEMENT_3D('',#21420,#21421,#21422);
#21420 = CARTESIAN_POINT('',(108.086469,-92.3,-4.6E-02));
#21421 = DIRECTION('',(-0.,-0.,-1.));
#21422 = DIRECTION('',(-0.,-1.,0.));
#21423 = ADVANCED_FACE('',(#21424),#21435,.F.);
#21424 = FACE_BOUND('',#21425,.T.);
#21425 = EDGE_LOOP('',(#21426,#21427,#21433,#21434));
#21426 = ORIENTED_EDGE('',*,*,#19229,.T.);
#21427 = ORIENTED_EDGE('',*,*,#21428,.T.);
#21428 = EDGE_CURVE('',#19230,#20162,#21429,.T.);
#21429 = LINE('',#21430,#21431);
#21430 = CARTESIAN_POINT('',(100.836469,-90.26,-4.6E-02));
#21431 = VECTOR('',#21432,1.);
#21432 = DIRECTION('',(0.,0.,1.));
#21433 = ORIENTED_EDGE('',*,*,#20161,.F.);
#21434 = ORIENTED_EDGE('',*,*,#21428,.F.);
#21435 = CYLINDRICAL_SURFACE('',#21436,0.5);
#21436 = AXIS2_PLACEMENT_3D('',#21437,#21438,#21439);
#21437 = CARTESIAN_POINT('',(100.836469,-89.76,-4.6E-02));
#21438 = DIRECTION('',(-0.,-0.,-1.));
#21439 = DIRECTION('',(-0.,-1.,0.));
#21440 = ADVANCED_FACE('',(#21441),#21452,.F.);
#21441 = FACE_BOUND('',#21442,.T.);
#21442 = EDGE_LOOP('',(#21443,#21444,#21450,#21451));
#21443 = ORIENTED_EDGE('',*,*,#19240,.T.);
#21444 = ORIENTED_EDGE('',*,*,#21445,.T.);
#21445 = EDGE_CURVE('',#19241,#20173,#21446,.T.);
#21446 = LINE('',#21447,#21448);
#21447 = CARTESIAN_POINT('',(108.086469,-90.26,-4.6E-02));
#21448 = VECTOR('',#21449,1.);
#21449 = DIRECTION('',(0.,0.,1.));
#21450 = ORIENTED_EDGE('',*,*,#20172,.F.);
#21451 = ORIENTED_EDGE('',*,*,#21445,.F.);
#21452 = CYLINDRICAL_SURFACE('',#21453,0.5);
#21453 = AXIS2_PLACEMENT_3D('',#21454,#21455,#21456);
#21454 = CARTESIAN_POINT('',(108.086469,-89.76,-4.6E-02));
#21455 = DIRECTION('',(-0.,-0.,-1.));
#21456 = DIRECTION('',(-0.,-1.,0.));
#21457 = ADVANCED_FACE('',(#21458),#21469,.F.);
#21458 = FACE_BOUND('',#21459,.T.);
#21459 = EDGE_LOOP('',(#21460,#21461,#21467,#21468));
#21460 = ORIENTED_EDGE('',*,*,#19251,.T.);
#21461 = ORIENTED_EDGE('',*,*,#21462,.T.);
#21462 = EDGE_CURVE('',#19252,#20184,#21463,.T.);
#21463 = LINE('',#21464,#21465);
#21464 = CARTESIAN_POINT('',(100.836469,-87.72,-4.6E-02));
#21465 = VECTOR('',#21466,1.);
#21466 = DIRECTION('',(0.,0.,1.));
#21467 = ORIENTED_EDGE('',*,*,#20183,.F.);
#21468 = ORIENTED_EDGE('',*,*,#21462,.F.);
#21469 = CYLINDRICAL_SURFACE('',#21470,0.5);
#21470 = AXIS2_PLACEMENT_3D('',#21471,#21472,#21473);
#21471 = CARTESIAN_POINT('',(100.836469,-87.22,-4.6E-02));
#21472 = DIRECTION('',(-0.,-0.,-1.));
#21473 = DIRECTION('',(-0.,-1.,0.));
#21474 = ADVANCED_FACE('',(#21475),#21486,.F.);
#21475 = FACE_BOUND('',#21476,.T.);
#21476 = EDGE_LOOP('',(#21477,#21478,#21484,#21485));
#21477 = ORIENTED_EDGE('',*,*,#19262,.T.);
#21478 = ORIENTED_EDGE('',*,*,#21479,.T.);
#21479 = EDGE_CURVE('',#19263,#20195,#21480,.T.);
#21480 = LINE('',#21481,#21482);
#21481 = CARTESIAN_POINT('',(108.086469,-87.72,-4.6E-02));
#21482 = VECTOR('',#21483,1.);
#21483 = DIRECTION('',(0.,0.,1.));
#21484 = ORIENTED_EDGE('',*,*,#20194,.F.);
#21485 = ORIENTED_EDGE('',*,*,#21479,.F.);
#21486 = CYLINDRICAL_SURFACE('',#21487,0.5);
#21487 = AXIS2_PLACEMENT_3D('',#21488,#21489,#21490);
#21488 = CARTESIAN_POINT('',(108.086469,-87.22,-4.6E-02));
#21489 = DIRECTION('',(-0.,-0.,-1.));
#21490 = DIRECTION('',(-0.,-1.,0.));
#21491 = ADVANCED_FACE('',(#21492),#21503,.F.);
#21492 = FACE_BOUND('',#21493,.T.);
#21493 = EDGE_LOOP('',(#21494,#21495,#21501,#21502));
#21494 = ORIENTED_EDGE('',*,*,#19273,.T.);
#21495 = ORIENTED_EDGE('',*,*,#21496,.T.);
#21496 = EDGE_CURVE('',#19274,#20206,#21497,.T.);
#21497 = LINE('',#21498,#21499);
#21498 = CARTESIAN_POINT('',(126.141369,-92.844556,-4.6E-02));
#21499 = VECTOR('',#21500,1.);
#21500 = DIRECTION('',(0.,0.,1.));
#21501 = ORIENTED_EDGE('',*,*,#20205,.F.);
#21502 = ORIENTED_EDGE('',*,*,#21496,.F.);
#21503 = CYLINDRICAL_SURFACE('',#21504,0.5);
#21504 = AXIS2_PLACEMENT_3D('',#21505,#21506,#21507);
#21505 = CARTESIAN_POINT('',(126.141369,-92.344556,-4.6E-02));
#21506 = DIRECTION('',(-0.,-0.,-1.));
#21507 = DIRECTION('',(-0.,-1.,0.));
#21508 = ADVANCED_FACE('',(#21509),#21520,.F.);
#21509 = FACE_BOUND('',#21510,.T.);
#21510 = EDGE_LOOP('',(#21511,#21512,#21518,#21519));
#21511 = ORIENTED_EDGE('',*,*,#19284,.T.);
#21512 = ORIENTED_EDGE('',*,*,#21513,.T.);
#21513 = EDGE_CURVE('',#19285,#20217,#21514,.T.);
#21514 = LINE('',#21515,#21516);
#21515 = CARTESIAN_POINT('',(126.141369,-90.304556,-4.6E-02));
#21516 = VECTOR('',#21517,1.);
#21517 = DIRECTION('',(0.,0.,1.));
#21518 = ORIENTED_EDGE('',*,*,#20216,.F.);
#21519 = ORIENTED_EDGE('',*,*,#21513,.F.);
#21520 = CYLINDRICAL_SURFACE('',#21521,0.5);
#21521 = AXIS2_PLACEMENT_3D('',#21522,#21523,#21524);
#21522 = CARTESIAN_POINT('',(126.141369,-89.804556,-4.6E-02));
#21523 = DIRECTION('',(-0.,-0.,-1.));
#21524 = DIRECTION('',(-0.,-1.,0.));
#21525 = ADVANCED_FACE('',(#21526),#21537,.F.);
#21526 = FACE_BOUND('',#21527,.T.);
#21527 = EDGE_LOOP('',(#21528,#21529,#21535,#21536));
#21528 = ORIENTED_EDGE('',*,*,#19295,.T.);
#21529 = ORIENTED_EDGE('',*,*,#21530,.T.);
#21530 = EDGE_CURVE('',#19296,#20228,#21531,.T.);
#21531 = LINE('',#21532,#21533);
#21532 = CARTESIAN_POINT('',(128.681369,-92.844556,-4.6E-02));
#21533 = VECTOR('',#21534,1.);
#21534 = DIRECTION('',(0.,0.,1.));
#21535 = ORIENTED_EDGE('',*,*,#20227,.F.);
#21536 = ORIENTED_EDGE('',*,*,#21530,.F.);
#21537 = CYLINDRICAL_SURFACE('',#21538,0.5);
#21538 = AXIS2_PLACEMENT_3D('',#21539,#21540,#21541);
#21539 = CARTESIAN_POINT('',(128.681369,-92.344556,-4.6E-02));
#21540 = DIRECTION('',(-0.,-0.,-1.));
#21541 = DIRECTION('',(-0.,-1.,0.));
#21542 = ADVANCED_FACE('',(#21543),#21554,.F.);
#21543 = FACE_BOUND('',#21544,.T.);
#21544 = EDGE_LOOP('',(#21545,#21546,#21552,#21553));
#21545 = ORIENTED_EDGE('',*,*,#19306,.T.);
#21546 = ORIENTED_EDGE('',*,*,#21547,.T.);
#21547 = EDGE_CURVE('',#19307,#20239,#21548,.T.);
#21548 = LINE('',#21549,#21550);
#21549 = CARTESIAN_POINT('',(128.681369,-90.304556,-4.6E-02));
#21550 = VECTOR('',#21551,1.);
#21551 = DIRECTION('',(0.,0.,1.));
#21552 = ORIENTED_EDGE('',*,*,#20238,.F.);
#21553 = ORIENTED_EDGE('',*,*,#21547,.F.);
#21554 = CYLINDRICAL_SURFACE('',#21555,0.5);
#21555 = AXIS2_PLACEMENT_3D('',#21556,#21557,#21558);
#21556 = CARTESIAN_POINT('',(128.681369,-89.804556,-4.6E-02));
#21557 = DIRECTION('',(-0.,-0.,-1.));
#21558 = DIRECTION('',(-0.,-1.,0.));
#21559 = ADVANCED_FACE('',(#21560),#21571,.F.);
#21560 = FACE_BOUND('',#21561,.T.);
#21561 = EDGE_LOOP('',(#21562,#21563,#21569,#21570));
#21562 = ORIENTED_EDGE('',*,*,#19317,.T.);
#21563 = ORIENTED_EDGE('',*,*,#21564,.T.);
#21564 = EDGE_CURVE('',#19318,#20250,#21565,.T.);
#21565 = LINE('',#21566,#21567);
#21566 = CARTESIAN_POINT('',(126.141369,-87.764556,-4.6E-02));
#21567 = VECTOR('',#21568,1.);
#21568 = DIRECTION('',(0.,0.,1.));
#21569 = ORIENTED_EDGE('',*,*,#20249,.F.);
#21570 = ORIENTED_EDGE('',*,*,#21564,.F.);
#21571 = CYLINDRICAL_SURFACE('',#21572,0.5);
#21572 = AXIS2_PLACEMENT_3D('',#21573,#21574,#21575);
#21573 = CARTESIAN_POINT('',(126.141369,-87.264556,-4.6E-02));
#21574 = DIRECTION('',(-0.,-0.,-1.));
#21575 = DIRECTION('',(-0.,-1.,0.));
#21576 = ADVANCED_FACE('',(#21577),#21588,.F.);
#21577 = FACE_BOUND('',#21578,.T.);
#21578 = EDGE_LOOP('',(#21579,#21580,#21586,#21587));
#21579 = ORIENTED_EDGE('',*,*,#19328,.T.);
#21580 = ORIENTED_EDGE('',*,*,#21581,.T.);
#21581 = EDGE_CURVE('',#19329,#20261,#21582,.T.);
#21582 = LINE('',#21583,#21584);
#21583 = CARTESIAN_POINT('',(128.681369,-87.764556,-4.6E-02));
#21584 = VECTOR('',#21585,1.);
#21585 = DIRECTION('',(0.,0.,1.));
#21586 = ORIENTED_EDGE('',*,*,#20260,.F.);
#21587 = ORIENTED_EDGE('',*,*,#21581,.F.);
#21588 = CYLINDRICAL_SURFACE('',#21589,0.5);
#21589 = AXIS2_PLACEMENT_3D('',#21590,#21591,#21592);
#21590 = CARTESIAN_POINT('',(128.681369,-87.264556,-4.6E-02));
#21591 = DIRECTION('',(-0.,-0.,-1.));
#21592 = DIRECTION('',(-0.,-1.,0.));
#21593 = ADVANCED_FACE('',(#21594),#21605,.F.);
#21594 = FACE_BOUND('',#21595,.T.);
#21595 = EDGE_LOOP('',(#21596,#21597,#21603,#21604));
#21596 = ORIENTED_EDGE('',*,*,#19339,.T.);
#21597 = ORIENTED_EDGE('',*,*,#21598,.T.);
#21598 = EDGE_CURVE('',#19340,#20272,#21599,.T.);
#21599 = LINE('',#21600,#21601);
#21600 = CARTESIAN_POINT('',(146.586469,-97.88,-4.6E-02));
#21601 = VECTOR('',#21602,1.);
#21602 = DIRECTION('',(0.,0.,1.));
#21603 = ORIENTED_EDGE('',*,*,#20271,.F.);
#21604 = ORIENTED_EDGE('',*,*,#21598,.F.);
#21605 = CYLINDRICAL_SURFACE('',#21606,0.5);
#21606 = AXIS2_PLACEMENT_3D('',#21607,#21608,#21609);
#21607 = CARTESIAN_POINT('',(146.586469,-97.38,-4.6E-02));
#21608 = DIRECTION('',(-0.,-0.,-1.));
#21609 = DIRECTION('',(-0.,-1.,0.));
#21610 = ADVANCED_FACE('',(#21611),#21622,.F.);
#21611 = FACE_BOUND('',#21612,.T.);
#21612 = EDGE_LOOP('',(#21613,#21614,#21620,#21621));
#21613 = ORIENTED_EDGE('',*,*,#19350,.T.);
#21614 = ORIENTED_EDGE('',*,*,#21615,.T.);
#21615 = EDGE_CURVE('',#19351,#20283,#21616,.T.);
#21616 = LINE('',#21617,#21618);
#21617 = CARTESIAN_POINT('',(153.836469,-97.88,-4.6E-02));
#21618 = VECTOR('',#21619,1.);
#21619 = DIRECTION('',(0.,0.,1.));
#21620 = ORIENTED_EDGE('',*,*,#20282,.F.);
#21621 = ORIENTED_EDGE('',*,*,#21615,.F.);
#21622 = CYLINDRICAL_SURFACE('',#21623,0.5);
#21623 = AXIS2_PLACEMENT_3D('',#21624,#21625,#21626);
#21624 = CARTESIAN_POINT('',(153.836469,-97.38,-4.6E-02));
#21625 = DIRECTION('',(-0.,-0.,-1.));
#21626 = DIRECTION('',(-0.,-1.,0.));
#21627 = ADVANCED_FACE('',(#21628),#21639,.F.);
#21628 = FACE_BOUND('',#21629,.T.);
#21629 = EDGE_LOOP('',(#21630,#21631,#21637,#21638));
#21630 = ORIENTED_EDGE('',*,*,#19361,.T.);
#21631 = ORIENTED_EDGE('',*,*,#21632,.T.);
#21632 = EDGE_CURVE('',#19362,#20294,#21633,.T.);
#21633 = LINE('',#21634,#21635);
#21634 = CARTESIAN_POINT('',(146.586469,-95.34,-4.6E-02));
#21635 = VECTOR('',#21636,1.);
#21636 = DIRECTION('',(0.,0.,1.));
#21637 = ORIENTED_EDGE('',*,*,#20293,.F.);
#21638 = ORIENTED_EDGE('',*,*,#21632,.F.);
#21639 = CYLINDRICAL_SURFACE('',#21640,0.5);
#21640 = AXIS2_PLACEMENT_3D('',#21641,#21642,#21643);
#21641 = CARTESIAN_POINT('',(146.586469,-94.84,-4.6E-02));
#21642 = DIRECTION('',(-0.,-0.,-1.));
#21643 = DIRECTION('',(-0.,-1.,0.));
#21644 = ADVANCED_FACE('',(#21645),#21656,.F.);
#21645 = FACE_BOUND('',#21646,.T.);
#21646 = EDGE_LOOP('',(#21647,#21648,#21654,#21655));
#21647 = ORIENTED_EDGE('',*,*,#19372,.T.);
#21648 = ORIENTED_EDGE('',*,*,#21649,.T.);
#21649 = EDGE_CURVE('',#19373,#20305,#21650,.T.);
#21650 = LINE('',#21651,#21652);
#21651 = CARTESIAN_POINT('',(153.836469,-95.34,-4.6E-02));
#21652 = VECTOR('',#21653,1.);
#21653 = DIRECTION('',(0.,0.,1.));
#21654 = ORIENTED_EDGE('',*,*,#20304,.F.);
#21655 = ORIENTED_EDGE('',*,*,#21649,.F.);
#21656 = CYLINDRICAL_SURFACE('',#21657,0.5);
#21657 = AXIS2_PLACEMENT_3D('',#21658,#21659,#21660);
#21658 = CARTESIAN_POINT('',(153.836469,-94.84,-4.6E-02));
#21659 = DIRECTION('',(-0.,-0.,-1.));
#21660 = DIRECTION('',(-0.,-1.,0.));
#21661 = ADVANCED_FACE('',(#21662),#21673,.F.);
#21662 = FACE_BOUND('',#21663,.T.);
#21663 = EDGE_LOOP('',(#21664,#21665,#21671,#21672));
#21664 = ORIENTED_EDGE('',*,*,#19383,.T.);
#21665 = ORIENTED_EDGE('',*,*,#21666,.T.);
#21666 = EDGE_CURVE('',#19384,#20316,#21667,.T.);
#21667 = LINE('',#21668,#21669);
#21668 = CARTESIAN_POINT('',(168.685369,-97.924556,-4.6E-02));
#21669 = VECTOR('',#21670,1.);
#21670 = DIRECTION('',(0.,0.,1.));
#21671 = ORIENTED_EDGE('',*,*,#20315,.F.);
#21672 = ORIENTED_EDGE('',*,*,#21666,.F.);
#21673 = CYLINDRICAL_SURFACE('',#21674,0.5);
#21674 = AXIS2_PLACEMENT_3D('',#21675,#21676,#21677);
#21675 = CARTESIAN_POINT('',(168.685369,-97.424556,-4.6E-02));
#21676 = DIRECTION('',(-0.,-0.,-1.));
#21677 = DIRECTION('',(-0.,-1.,0.));
#21678 = ADVANCED_FACE('',(#21679),#21690,.F.);
#21679 = FACE_BOUND('',#21680,.T.);
#21680 = EDGE_LOOP('',(#21681,#21682,#21688,#21689));
#21681 = ORIENTED_EDGE('',*,*,#19394,.T.);
#21682 = ORIENTED_EDGE('',*,*,#21683,.T.);
#21683 = EDGE_CURVE('',#19395,#20327,#21684,.T.);
#21684 = LINE('',#21685,#21686);
#21685 = CARTESIAN_POINT('',(171.225369,-97.924556,-4.6E-02));
#21686 = VECTOR('',#21687,1.);
#21687 = DIRECTION('',(0.,0.,1.));
#21688 = ORIENTED_EDGE('',*,*,#20326,.F.);
#21689 = ORIENTED_EDGE('',*,*,#21683,.F.);
#21690 = CYLINDRICAL_SURFACE('',#21691,0.5);
#21691 = AXIS2_PLACEMENT_3D('',#21692,#21693,#21694);
#21692 = CARTESIAN_POINT('',(171.225369,-97.424556,-4.6E-02));
#21693 = DIRECTION('',(-0.,-0.,-1.));
#21694 = DIRECTION('',(-0.,-1.,0.));
#21695 = ADVANCED_FACE('',(#21696),#21707,.F.);
#21696 = FACE_BOUND('',#21697,.T.);
#21697 = EDGE_LOOP('',(#21698,#21699,#21705,#21706));
#21698 = ORIENTED_EDGE('',*,*,#19405,.T.);
#21699 = ORIENTED_EDGE('',*,*,#21700,.T.);
#21700 = EDGE_CURVE('',#19406,#20338,#21701,.T.);
#21701 = LINE('',#21702,#21703);
#21702 = CARTESIAN_POINT('',(168.685369,-95.384556,-4.6E-02));
#21703 = VECTOR('',#21704,1.);
#21704 = DIRECTION('',(0.,0.,1.));
#21705 = ORIENTED_EDGE('',*,*,#20337,.F.);
#21706 = ORIENTED_EDGE('',*,*,#21700,.F.);
#21707 = CYLINDRICAL_SURFACE('',#21708,0.5);
#21708 = AXIS2_PLACEMENT_3D('',#21709,#21710,#21711);
#21709 = CARTESIAN_POINT('',(168.685369,-94.884556,-4.6E-02));
#21710 = DIRECTION('',(-0.,-0.,-1.));
#21711 = DIRECTION('',(-0.,-1.,0.));
#21712 = ADVANCED_FACE('',(#21713),#21724,.F.);
#21713 = FACE_BOUND('',#21714,.T.);
#21714 = EDGE_LOOP('',(#21715,#21716,#21722,#21723));
#21715 = ORIENTED_EDGE('',*,*,#19416,.T.);
#21716 = ORIENTED_EDGE('',*,*,#21717,.T.);
#21717 = EDGE_CURVE('',#19417,#20349,#21718,.T.);
#21718 = LINE('',#21719,#21720);
#21719 = CARTESIAN_POINT('',(171.225369,-95.384556,-4.6E-02));
#21720 = VECTOR('',#21721,1.);
#21721 = DIRECTION('',(0.,0.,1.));
#21722 = ORIENTED_EDGE('',*,*,#20348,.F.);
#21723 = ORIENTED_EDGE('',*,*,#21717,.F.);
#21724 = CYLINDRICAL_SURFACE('',#21725,0.5);
#21725 = AXIS2_PLACEMENT_3D('',#21726,#21727,#21728);
#21726 = CARTESIAN_POINT('',(171.225369,-94.884556,-4.6E-02));
#21727 = DIRECTION('',(-0.,-0.,-1.));
#21728 = DIRECTION('',(-0.,-1.,0.));
#21729 = ADVANCED_FACE('',(#21730),#21741,.F.);
#21730 = FACE_BOUND('',#21731,.T.);
#21731 = EDGE_LOOP('',(#21732,#21733,#21739,#21740));
#21732 = ORIENTED_EDGE('',*,*,#19427,.T.);
#21733 = ORIENTED_EDGE('',*,*,#21734,.T.);
#21734 = EDGE_CURVE('',#19428,#20360,#21735,.T.);
#21735 = LINE('',#21736,#21737);
#21736 = CARTESIAN_POINT('',(146.586469,-92.8,-4.6E-02));
#21737 = VECTOR('',#21738,1.);
#21738 = DIRECTION('',(0.,0.,1.));
#21739 = ORIENTED_EDGE('',*,*,#20359,.F.);
#21740 = ORIENTED_EDGE('',*,*,#21734,.F.);
#21741 = CYLINDRICAL_SURFACE('',#21742,0.5);
#21742 = AXIS2_PLACEMENT_3D('',#21743,#21744,#21745);
#21743 = CARTESIAN_POINT('',(146.586469,-92.3,-4.6E-02));
#21744 = DIRECTION('',(-0.,-0.,-1.));
#21745 = DIRECTION('',(-0.,-1.,0.));
#21746 = ADVANCED_FACE('',(#21747),#21758,.F.);
#21747 = FACE_BOUND('',#21748,.T.);
#21748 = EDGE_LOOP('',(#21749,#21750,#21756,#21757));
#21749 = ORIENTED_EDGE('',*,*,#19438,.T.);
#21750 = ORIENTED_EDGE('',*,*,#21751,.T.);
#21751 = EDGE_CURVE('',#19439,#20371,#21752,.T.);
#21752 = LINE('',#21753,#21754);
#21753 = CARTESIAN_POINT('',(153.836469,-92.8,-4.6E-02));
#21754 = VECTOR('',#21755,1.);
#21755 = DIRECTION('',(0.,0.,1.));
#21756 = ORIENTED_EDGE('',*,*,#20370,.F.);
#21757 = ORIENTED_EDGE('',*,*,#21751,.F.);
#21758 = CYLINDRICAL_SURFACE('',#21759,0.5);
#21759 = AXIS2_PLACEMENT_3D('',#21760,#21761,#21762);
#21760 = CARTESIAN_POINT('',(153.836469,-92.3,-4.6E-02));
#21761 = DIRECTION('',(-0.,-0.,-1.));
#21762 = DIRECTION('',(-0.,-1.,0.));
#21763 = ADVANCED_FACE('',(#21764),#21775,.F.);
#21764 = FACE_BOUND('',#21765,.T.);
#21765 = EDGE_LOOP('',(#21766,#21767,#21773,#21774));
#21766 = ORIENTED_EDGE('',*,*,#19449,.T.);
#21767 = ORIENTED_EDGE('',*,*,#21768,.T.);
#21768 = EDGE_CURVE('',#19450,#20382,#21769,.T.);
#21769 = LINE('',#21770,#21771);
#21770 = CARTESIAN_POINT('',(146.586469,-90.26,-4.6E-02));
#21771 = VECTOR('',#21772,1.);
#21772 = DIRECTION('',(0.,0.,1.));
#21773 = ORIENTED_EDGE('',*,*,#20381,.F.);
#21774 = ORIENTED_EDGE('',*,*,#21768,.F.);
#21775 = CYLINDRICAL_SURFACE('',#21776,0.5);
#21776 = AXIS2_PLACEMENT_3D('',#21777,#21778,#21779);
#21777 = CARTESIAN_POINT('',(146.586469,-89.76,-4.6E-02));
#21778 = DIRECTION('',(-0.,-0.,-1.));
#21779 = DIRECTION('',(-0.,-1.,0.));
#21780 = ADVANCED_FACE('',(#21781),#21792,.F.);
#21781 = FACE_BOUND('',#21782,.T.);
#21782 = EDGE_LOOP('',(#21783,#21784,#21790,#21791));
#21783 = ORIENTED_EDGE('',*,*,#19460,.T.);
#21784 = ORIENTED_EDGE('',*,*,#21785,.T.);
#21785 = EDGE_CURVE('',#19461,#20393,#21786,.T.);
#21786 = LINE('',#21787,#21788);
#21787 = CARTESIAN_POINT('',(153.836469,-90.26,-4.6E-02));
#21788 = VECTOR('',#21789,1.);
#21789 = DIRECTION('',(0.,0.,1.));
#21790 = ORIENTED_EDGE('',*,*,#20392,.F.);
#21791 = ORIENTED_EDGE('',*,*,#21785,.F.);
#21792 = CYLINDRICAL_SURFACE('',#21793,0.5);
#21793 = AXIS2_PLACEMENT_3D('',#21794,#21795,#21796);
#21794 = CARTESIAN_POINT('',(153.836469,-89.76,-4.6E-02));
#21795 = DIRECTION('',(-0.,-0.,-1.));
#21796 = DIRECTION('',(-0.,-1.,0.));
#21797 = ADVANCED_FACE('',(#21798),#21809,.F.);
#21798 = FACE_BOUND('',#21799,.T.);
#21799 = EDGE_LOOP('',(#21800,#21801,#21807,#21808));
#21800 = ORIENTED_EDGE('',*,*,#19471,.T.);
#21801 = ORIENTED_EDGE('',*,*,#21802,.T.);
#21802 = EDGE_CURVE('',#19472,#20404,#21803,.T.);
#21803 = LINE('',#21804,#21805);
#21804 = CARTESIAN_POINT('',(146.586469,-87.72,-4.6E-02));
#21805 = VECTOR('',#21806,1.);
#21806 = DIRECTION('',(0.,0.,1.));
#21807 = ORIENTED_EDGE('',*,*,#20403,.F.);
#21808 = ORIENTED_EDGE('',*,*,#21802,.F.);
#21809 = CYLINDRICAL_SURFACE('',#21810,0.5);
#21810 = AXIS2_PLACEMENT_3D('',#21811,#21812,#21813);
#21811 = CARTESIAN_POINT('',(146.586469,-87.22,-4.6E-02));
#21812 = DIRECTION('',(-0.,-0.,-1.));
#21813 = DIRECTION('',(-0.,-1.,0.));
#21814 = ADVANCED_FACE('',(#21815),#21826,.F.);
#21815 = FACE_BOUND('',#21816,.T.);
#21816 = EDGE_LOOP('',(#21817,#21818,#21824,#21825));
#21817 = ORIENTED_EDGE('',*,*,#19482,.T.);
#21818 = ORIENTED_EDGE('',*,*,#21819,.T.);
#21819 = EDGE_CURVE('',#19483,#20415,#21820,.T.);
#21820 = LINE('',#21821,#21822);
#21821 = CARTESIAN_POINT('',(153.836469,-87.72,-4.6E-02));
#21822 = VECTOR('',#21823,1.);
#21823 = DIRECTION('',(0.,0.,1.));
#21824 = ORIENTED_EDGE('',*,*,#20414,.F.);
#21825 = ORIENTED_EDGE('',*,*,#21819,.F.);
#21826 = CYLINDRICAL_SURFACE('',#21827,0.5);
#21827 = AXIS2_PLACEMENT_3D('',#21828,#21829,#21830);
#21828 = CARTESIAN_POINT('',(153.836469,-87.22,-4.6E-02));
#21829 = DIRECTION('',(-0.,-0.,-1.));
#21830 = DIRECTION('',(-0.,-1.,0.));
#21831 = ADVANCED_FACE('',(#21832),#21843,.F.);
#21832 = FACE_BOUND('',#21833,.T.);
#21833 = EDGE_LOOP('',(#21834,#21835,#21841,#21842));
#21834 = ORIENTED_EDGE('',*,*,#19493,.T.);
#21835 = ORIENTED_EDGE('',*,*,#21836,.T.);
#21836 = EDGE_CURVE('',#19494,#20426,#21837,.T.);
#21837 = LINE('',#21838,#21839);
#21838 = CARTESIAN_POINT('',(168.685369,-92.844556,-4.6E-02));
#21839 = VECTOR('',#21840,1.);
#21840 = DIRECTION('',(0.,0.,1.));
#21841 = ORIENTED_EDGE('',*,*,#20425,.F.);
#21842 = ORIENTED_EDGE('',*,*,#21836,.F.);
#21843 = CYLINDRICAL_SURFACE('',#21844,0.5);
#21844 = AXIS2_PLACEMENT_3D('',#21845,#21846,#21847);
#21845 = CARTESIAN_POINT('',(168.685369,-92.344556,-4.6E-02));
#21846 = DIRECTION('',(-0.,-0.,-1.));
#21847 = DIRECTION('',(-0.,-1.,0.));
#21848 = ADVANCED_FACE('',(#21849),#21860,.F.);
#21849 = FACE_BOUND('',#21850,.T.);
#21850 = EDGE_LOOP('',(#21851,#21852,#21858,#21859));
#21851 = ORIENTED_EDGE('',*,*,#19504,.T.);
#21852 = ORIENTED_EDGE('',*,*,#21853,.T.);
#21853 = EDGE_CURVE('',#19505,#20437,#21854,.T.);
#21854 = LINE('',#21855,#21856);
#21855 = CARTESIAN_POINT('',(171.225369,-92.844556,-4.6E-02));
#21856 = VECTOR('',#21857,1.);
#21857 = DIRECTION('',(0.,0.,1.));
#21858 = ORIENTED_EDGE('',*,*,#20436,.F.);
#21859 = ORIENTED_EDGE('',*,*,#21853,.F.);
#21860 = CYLINDRICAL_SURFACE('',#21861,0.5);
#21861 = AXIS2_PLACEMENT_3D('',#21862,#21863,#21864);
#21862 = CARTESIAN_POINT('',(171.225369,-92.344556,-4.6E-02));
#21863 = DIRECTION('',(-0.,-0.,-1.));
#21864 = DIRECTION('',(-0.,-1.,0.));
#21865 = ADVANCED_FACE('',(#21866),#21877,.F.);
#21866 = FACE_BOUND('',#21867,.T.);
#21867 = EDGE_LOOP('',(#21868,#21869,#21875,#21876));
#21868 = ORIENTED_EDGE('',*,*,#19515,.T.);
#21869 = ORIENTED_EDGE('',*,*,#21870,.T.);
#21870 = EDGE_CURVE('',#19516,#20448,#21871,.T.);
#21871 = LINE('',#21872,#21873);
#21872 = CARTESIAN_POINT('',(168.685369,-90.304556,-4.6E-02));
#21873 = VECTOR('',#21874,1.);
#21874 = DIRECTION('',(0.,0.,1.));
#21875 = ORIENTED_EDGE('',*,*,#20447,.F.);
#21876 = ORIENTED_EDGE('',*,*,#21870,.F.);
#21877 = CYLINDRICAL_SURFACE('',#21878,0.5);
#21878 = AXIS2_PLACEMENT_3D('',#21879,#21880,#21881);
#21879 = CARTESIAN_POINT('',(168.685369,-89.804556,-4.6E-02));
#21880 = DIRECTION('',(-0.,-0.,-1.));
#21881 = DIRECTION('',(-0.,-1.,0.));
#21882 = ADVANCED_FACE('',(#21883),#21894,.F.);
#21883 = FACE_BOUND('',#21884,.T.);
#21884 = EDGE_LOOP('',(#21885,#21886,#21892,#21893));
#21885 = ORIENTED_EDGE('',*,*,#19526,.T.);
#21886 = ORIENTED_EDGE('',*,*,#21887,.T.);
#21887 = EDGE_CURVE('',#19527,#20459,#21888,.T.);
#21888 = LINE('',#21889,#21890);
#21889 = CARTESIAN_POINT('',(171.225369,-90.304556,-4.6E-02));
#21890 = VECTOR('',#21891,1.);
#21891 = DIRECTION('',(0.,0.,1.));
#21892 = ORIENTED_EDGE('',*,*,#20458,.F.);
#21893 = ORIENTED_EDGE('',*,*,#21887,.F.);
#21894 = CYLINDRICAL_SURFACE('',#21895,0.5);
#21895 = AXIS2_PLACEMENT_3D('',#21896,#21897,#21898);
#21896 = CARTESIAN_POINT('',(171.225369,-89.804556,-4.6E-02));
#21897 = DIRECTION('',(-0.,-0.,-1.));
#21898 = DIRECTION('',(-0.,-1.,0.));
#21899 = ADVANCED_FACE('',(#21900),#21911,.F.);
#21900 = FACE_BOUND('',#21901,.T.);
#21901 = EDGE_LOOP('',(#21902,#21903,#21909,#21910));
#21902 = ORIENTED_EDGE('',*,*,#19537,.T.);
#21903 = ORIENTED_EDGE('',*,*,#21904,.T.);
#21904 = EDGE_CURVE('',#19538,#20470,#21905,.T.);
#21905 = LINE('',#21906,#21907);
#21906 = CARTESIAN_POINT('',(168.685369,-87.764556,-4.6E-02));
#21907 = VECTOR('',#21908,1.);
#21908 = DIRECTION('',(0.,0.,1.));
#21909 = ORIENTED_EDGE('',*,*,#20469,.F.);
#21910 = ORIENTED_EDGE('',*,*,#21904,.F.);
#21911 = CYLINDRICAL_SURFACE('',#21912,0.5);
#21912 = AXIS2_PLACEMENT_3D('',#21913,#21914,#21915);
#21913 = CARTESIAN_POINT('',(168.685369,-87.264556,-4.6E-02));
#21914 = DIRECTION('',(-0.,-0.,-1.));
#21915 = DIRECTION('',(-0.,-1.,0.));
#21916 = ADVANCED_FACE('',(#21917),#21928,.F.);
#21917 = FACE_BOUND('',#21918,.T.);
#21918 = EDGE_LOOP('',(#21919,#21920,#21926,#21927));
#21919 = ORIENTED_EDGE('',*,*,#19548,.T.);
#21920 = ORIENTED_EDGE('',*,*,#21921,.T.);
#21921 = EDGE_CURVE('',#19549,#20481,#21922,.T.);
#21922 = LINE('',#21923,#21924);
#21923 = CARTESIAN_POINT('',(171.225369,-87.764556,-4.6E-02));
#21924 = VECTOR('',#21925,1.);
#21925 = DIRECTION('',(0.,0.,1.));
#21926 = ORIENTED_EDGE('',*,*,#20480,.F.);
#21927 = ORIENTED_EDGE('',*,*,#21921,.F.);
#21928 = CYLINDRICAL_SURFACE('',#21929,0.5);
#21929 = AXIS2_PLACEMENT_3D('',#21930,#21931,#21932);
#21930 = CARTESIAN_POINT('',(171.225369,-87.264556,-4.6E-02));
#21931 = DIRECTION('',(-0.,-0.,-1.));
#21932 = DIRECTION('',(-0.,-1.,0.));
#21933 = ( GEOMETRIC_REPRESENTATION_CONTEXT(3) 
GLOBAL_UNCERTAINTY_ASSIGNED_CONTEXT((#21937)) 
GLOBAL_UNIT_ASSIGNED_CONTEXT((#21934,#21935,#21936)) 
REPRESENTATION_CONTEXT('Context #1',
  '3D Context with UNIT and UNCERTAINTY') );
#21934 = ( LENGTH_UNIT() NAMED_UNIT(*) SI_UNIT(.MILLI.,.METRE.) );
#21935 = ( NAMED_UNIT(*) PLANE_ANGLE_UNIT() SI_UNIT($,.RADIAN.) );
#21936 = ( NAMED_UNIT(*) SI_UNIT($,.STERADIAN.) SOLID_ANGLE_UNIT() );
#21937 = UNCERTAINTY_MEASURE_WITH_UNIT(LENGTH_MEASURE(1.E-07),#21934,
  'distance_accuracy_value','confusion accuracy');
#21938 = CONTEXT_DEPENDENT_SHAPE_REPRESENTATION(#21939,#21941);
#21939 = ( REPRESENTATION_RELATIONSHIP('','',#18522,#10) 
REPRESENTATION_RELATIONSHIP_WITH_TRANSFORMATION(#21940) 
SHAPE_REPRESENTATION_RELATIONSHIP() );
#21940 = ITEM_DEFINED_TRANSFORMATION('','',#11,#39);
#21941 = PRODUCT_DEFINITION_SHAPE('Placement','Placement of an item',
  #21942);
#21942 = NEXT_ASSEMBLY_USAGE_OCCURRENCE('7','=>[0:1:1:4]','',#5,#18517,$
  );
#21943 = PRODUCT_RELATED_PRODUCT_CATEGORY('part',$,(#18519));
#21944 = MECHANICAL_DESIGN_GEOMETRIC_PRESENTATION_REPRESENTATION('',(
    #21945),#21933);
#21945 = STYLED_ITEM('color',(#21946),#18523);
#21946 = PRESENTATION_STYLE_ASSIGNMENT((#21947));
#21947 = SURFACE_STYLE_USAGE(.BOTH.,#21948);
#21948 = SURFACE_SIDE_STYLE('',(#21949));
#21949 = SURFACE_STYLE_FILL_AREA(#21950);
#21950 = FILL_AREA_STYLE('',(#21951));
#21951 = FILL_AREA_STYLE_COLOUR('',#21952);
#21952 = COLOUR_RGB('',0.313304153717,0.484529207832,0.410020903123);
ENDSEC;
END-ISO-10303-21;
