ISO-10303-21;
HEADER;
FILE_DESCRIPTION(('KiCad electronic assembly'),'2;1');
FILE_NAME('CSC202_LED_MODULE-3D.step','2026-03-05T21:16:11',('Pcbnew'),(
    'Kicad'),'Open CASCADE STEP processor 7.6','KiCad to STEP converter'
  ,'Unknown');
FILE_SCHEMA(('AUTOMOTIVE_DESIGN { 1 0 10303 214 1 1 1 1 }'));
ENDSEC;
DATA;
#1 = APPLICATION_PROTOCOL_DEFINITION('international standard',
  'automotive_design',2000,#2);
#2 = APPLICATION_CONTEXT(
  'core data for automotive mechanical design processes');
#3 = SHAPE_DEFINITION_REPRESENTATION(#4,#10);
#4 = PRODUCT_DEFINITION_SHAPE('','',#5);
#5 = PRODUCT_DEFINITION('design','',#6,#9);
#6 = PRODUCT_DEFINITION_FORMATION('','',#7);
#7 = PRODUCT('CSC202_LED_MODULE-3D 1','CSC202_LED_MODULE-3D 1','',(#8));
#8 = PRODUCT_CONTEXT('',#2,'mechanical');
#9 = PRODUCT_DEFINITION_CONTEXT('part definition',#2,'design');
#10 = SHAPE_REPRESENTATION('',(#11,#15),#19);
#11 = AXIS2_PLACEMENT_3D('',#12,#13,#14);
#12 = CARTESIAN_POINT('',(0.,0.,0.));
#13 = DIRECTION('',(0.,0.,1.));
#14 = DIRECTION('',(1.,0.,-0.));
#15 = AXIS2_PLACEMENT_3D('',#16,#17,#18);
#16 = CARTESIAN_POINT('',(0.,0.,0.));
#17 = DIRECTION('',(0.,0.,1.));
#18 = DIRECTION('',(1.,0.,-0.));
#19 = ( GEOMETRIC_REPRESENTATION_CONTEXT(3) 
GLOBAL_UNCERTAINTY_ASSIGNED_CONTEXT((#23)) GLOBAL_UNIT_ASSIGNED_CONTEXT(
(#20,#21,#22)) REPRESENTATION_CONTEXT('Context #1',
  '3D Context with UNIT and UNCERTAINTY') );
#20 = ( LENGTH_UNIT() NAMED_UNIT(*) SI_UNIT(.MILLI.,.METRE.) );
#21 = ( NAMED_UNIT(*) PLANE_ANGLE_UNIT() SI_UNIT($,.RADIAN.) );
#22 = ( NAMED_UNIT(*) SI_UNIT($,.STERADIAN.) SOLID_ANGLE_UNIT() );
#23 = UNCERTAINTY_MEASURE_WITH_UNIT(LENGTH_MEASURE(1.E-07),#20,
  'distance_accuracy_value','confusion accuracy');
#24 = PRODUCT_RELATED_PRODUCT_CATEGORY('part',$,(#7));
#25 = SHAPE_DEFINITION_REPRESENTATION(#26,#32);
#26 = PRODUCT_DEFINITION_SHAPE('','',#27);
#27 = PRODUCT_DEFINITION('design','',#28,#31);
#28 = PRODUCT_DEFINITION_FORMATION('','',#29);
#29 = PRODUCT('CSC202_LED_MODULE_PCB','CSC202_LED_MODULE_PCB','',(#30));
#30 = PRODUCT_CONTEXT('',#2,'mechanical');
#31 = PRODUCT_DEFINITION_CONTEXT('part definition',#2,'design');
#32 = ADVANCED_BREP_SHAPE_REPRESENTATION('',(#11,#33),#5705);
#33 = MANIFOLD_SOLID_BREP('',#34);
#34 = CLOSED_SHELL('',(#35,#77,#108,#139,#1709,#3279,#3296,#3313,#3330,
    #3347,#3359,#3376,#3393,#3410,#3427,#3444,#3461,#3478,#3495,#3512,
    #3529,#3546,#3563,#3580,#3597,#3614,#3631,#3648,#3665,#3682,#3699,
    #3716,#3733,#3750,#3767,#3784,#3801,#3818,#3835,#3852,#3869,#3886,
    #3903,#3920,#3937,#3954,#3971,#3988,#4005,#4022,#4039,#4056,#4073,
    #4090,#4107,#4124,#4141,#4158,#4175,#4192,#4209,#4226,#4243,#4260,
    #4277,#4294,#4311,#4328,#4345,#4362,#4379,#4396,#4413,#4430,#4447,
    #4464,#4481,#4498,#4515,#4532,#4549,#4566,#4583,#4600,#4617,#4634,
    #4651,#4668,#4685,#4702,#4719,#4736,#4753,#4770,#4787,#4804,#4821,
    #4838,#4855,#4872,#4889,#4906,#4923,#4940,#4957,#4974,#4991,#5008,
    #5025,#5042,#5059,#5076,#5093,#5110,#5127,#5144,#5161,#5178,#5195,
    #5212,#5229,#5246,#5263,#5280,#5297,#5314,#5331,#5348,#5365,#5382,
    #5399,#5416,#5433,#5450,#5467,#5484,#5501,#5518,#5535,#5552,#5569,
    #5586,#5603,#5620,#5637,#5654,#5671,#5688));
#35 = ADVANCED_FACE('',(#36),#72,.T.);
#36 = FACE_BOUND('',#37,.T.);
#37 = EDGE_LOOP('',(#38,#48,#57,#65));
#38 = ORIENTED_EDGE('',*,*,#39,.T.);
#39 = EDGE_CURVE('',#40,#42,#44,.T.);
#40 = VERTEX_POINT('',#41);
#41 = CARTESIAN_POINT('',(162.070456,-50.267295,0.));
#42 = VERTEX_POINT('',#43);
#43 = CARTESIAN_POINT('',(162.070456,-50.267295,1.51));
#44 = LINE('',#45,#46);
#45 = CARTESIAN_POINT('',(162.070456,-50.267295,0.));
#46 = VECTOR('',#47,1.);
#47 = DIRECTION('',(0.,0.,1.));
#48 = ORIENTED_EDGE('',*,*,#49,.T.);
#49 = EDGE_CURVE('',#42,#50,#52,.T.);
#50 = VERTEX_POINT('',#51);
#51 = CARTESIAN_POINT('',(163.070456,-51.267295,1.51));
#52 = CIRCLE('',#53,0.999999252925);
#53 = AXIS2_PLACEMENT_3D('',#54,#55,#56);
#54 = CARTESIAN_POINT('',(162.07045674707,-51.26729425292,1.51));
#55 = DIRECTION('',(0.,0.,-1.));
#56 = DIRECTION('',(-7.470757349539E-07,1.,0.));
#57 = ORIENTED_EDGE('',*,*,#58,.F.);
#58 = EDGE_CURVE('',#59,#50,#61,.T.);
#59 = VERTEX_POINT('',#60);
#60 = CARTESIAN_POINT('',(163.070456,-51.267295,0.));
#61 = LINE('',#62,#63);
#62 = CARTESIAN_POINT('',(163.070456,-51.267295,0.));
#63 = VECTOR('',#64,1.);
#64 = DIRECTION('',(0.,0.,1.));
#65 = ORIENTED_EDGE('',*,*,#66,.F.);
#66 = EDGE_CURVE('',#40,#59,#67,.T.);
#67 = CIRCLE('',#68,0.999999252925);
#68 = AXIS2_PLACEMENT_3D('',#69,#70,#71);
#69 = CARTESIAN_POINT('',(162.07045674707,-51.26729425292,0.));
#70 = DIRECTION('',(0.,0.,-1.));
#71 = DIRECTION('',(-7.470757349539E-07,1.,0.));
#72 = CYLINDRICAL_SURFACE('',#73,0.999999252925);
#73 = AXIS2_PLACEMENT_3D('',#74,#75,#76);
#74 = CARTESIAN_POINT('',(162.07045674707,-51.26729425292,0.));
#75 = DIRECTION('',(0.,0.,-1.));
#76 = DIRECTION('',(-7.470757349539E-07,1.,0.));
#77 = ADVANCED_FACE('',(#78),#103,.T.);
#78 = FACE_BOUND('',#79,.T.);
#79 = EDGE_LOOP('',(#80,#90,#96,#97));
#80 = ORIENTED_EDGE('',*,*,#81,.T.);
#81 = EDGE_CURVE('',#82,#84,#86,.T.);
#82 = VERTEX_POINT('',#83);
#83 = CARTESIAN_POINT('',(119.070456,-50.267295,0.));
#84 = VERTEX_POINT('',#85);
#85 = CARTESIAN_POINT('',(119.070456,-50.267295,1.51));
#86 = LINE('',#87,#88);
#87 = CARTESIAN_POINT('',(119.070456,-50.267295,0.));
#88 = VECTOR('',#89,1.);
#89 = DIRECTION('',(0.,0.,1.));
#90 = ORIENTED_EDGE('',*,*,#91,.T.);
#91 = EDGE_CURVE('',#84,#42,#92,.T.);
#92 = LINE('',#93,#94);
#93 = CARTESIAN_POINT('',(119.070456,-50.267295,1.51));
#94 = VECTOR('',#95,1.);
#95 = DIRECTION('',(1.,0.,0.));
#96 = ORIENTED_EDGE('',*,*,#39,.F.);
#97 = ORIENTED_EDGE('',*,*,#98,.F.);
#98 = EDGE_CURVE('',#82,#40,#99,.T.);
#99 = LINE('',#100,#101);
#100 = CARTESIAN_POINT('',(119.070456,-50.267295,0.));
#101 = VECTOR('',#102,1.);
#102 = DIRECTION('',(1.,0.,0.));
#103 = PLANE('',#104);
#104 = AXIS2_PLACEMENT_3D('',#105,#106,#107);
#105 = CARTESIAN_POINT('',(119.070456,-50.267295,0.));
#106 = DIRECTION('',(0.,1.,0.));
#107 = DIRECTION('',(1.,0.,0.));
#108 = ADVANCED_FACE('',(#109),#134,.T.);
#109 = FACE_BOUND('',#110,.T.);
#110 = EDGE_LOOP('',(#111,#112,#120,#128));
#111 = ORIENTED_EDGE('',*,*,#58,.T.);
#112 = ORIENTED_EDGE('',*,*,#113,.T.);
#113 = EDGE_CURVE('',#50,#114,#116,.T.);
#114 = VERTEX_POINT('',#115);
#115 = CARTESIAN_POINT('',(163.070456,-135.267295,1.51));
#116 = LINE('',#117,#118);
#117 = CARTESIAN_POINT('',(163.070456,-51.267295,1.51));
#118 = VECTOR('',#119,1.);
#119 = DIRECTION('',(0.,-1.,0.));
#120 = ORIENTED_EDGE('',*,*,#121,.F.);
#121 = EDGE_CURVE('',#122,#114,#124,.T.);
#122 = VERTEX_POINT('',#123);
#123 = CARTESIAN_POINT('',(163.070456,-135.267295,0.));
#124 = LINE('',#125,#126);
#125 = CARTESIAN_POINT('',(163.070456,-135.267295,0.));
#126 = VECTOR('',#127,1.);
#127 = DIRECTION('',(0.,0.,1.));
#128 = ORIENTED_EDGE('',*,*,#129,.F.);
#129 = EDGE_CURVE('',#59,#122,#130,.T.);
#130 = LINE('',#131,#132);
#131 = CARTESIAN_POINT('',(163.070456,-51.267295,0.));
#132 = VECTOR('',#133,1.);
#133 = DIRECTION('',(0.,-1.,0.));
#134 = PLANE('',#135);
#135 = AXIS2_PLACEMENT_3D('',#136,#137,#138);
#136 = CARTESIAN_POINT('',(163.070456,-51.267295,0.));
#137 = DIRECTION('',(1.,0.,-0.));
#138 = DIRECTION('',(0.,-1.,0.));
#139 = ADVANCED_FACE('',(#140,#186,#197,#208,#219,#230,#241,#252,#263,
    #274,#285,#296,#307,#318,#329,#340,#351,#362,#373,#384,#395,#406,
    #417,#428,#439,#450,#461,#472,#483,#494,#505,#516,#527,#538,#549,
    #560,#571,#582,#593,#604,#615,#626,#637,#648,#659,#670,#681,#692,
    #703,#714,#725,#736,#747,#758,#769,#780,#791,#802,#813,#824,#835,
    #846,#857,#868,#879,#890,#901,#912,#923,#934,#945,#956,#967,#978,
    #989,#1000,#1011,#1022,#1033,#1044,#1055,#1066,#1077,#1088,#1099,
    #1110,#1121,#1132,#1143,#1154,#1165,#1176,#1187,#1198,#1209,#1220,
    #1231,#1242,#1253,#1264,#1275,#1286,#1297,#1308,#1319,#1330,#1341,
    #1352,#1363,#1374,#1385,#1396,#1407,#1418,#1429,#1440,#1451,#1462,
    #1473,#1484,#1495,#1506,#1517,#1528,#1539,#1550,#1561,#1572,#1583,
    #1594,#1605,#1616,#1627,#1638,#1649,#1660,#1671,#1682,#1693),#1704,
  .F.);
#140 = FACE_BOUND('',#141,.F.);
#141 = EDGE_LOOP('',(#142,#143,#144,#153,#161,#170,#178,#185));
#142 = ORIENTED_EDGE('',*,*,#66,.F.);
#143 = ORIENTED_EDGE('',*,*,#98,.F.);
#144 = ORIENTED_EDGE('',*,*,#145,.F.);
#145 = EDGE_CURVE('',#146,#82,#148,.T.);
#146 = VERTEX_POINT('',#147);
#147 = CARTESIAN_POINT('',(118.070456,-51.267295,0.));
#148 = CIRCLE('',#149,0.999999252925);
#149 = AXIS2_PLACEMENT_3D('',#150,#151,#152);
#150 = CARTESIAN_POINT('',(119.07045525292,-51.26729425292,0.));
#151 = DIRECTION('',(0.,0.,-1.));
#152 = DIRECTION('',(-1.,-7.470757278485E-07,-0.));
#153 = ORIENTED_EDGE('',*,*,#154,.F.);
#154 = EDGE_CURVE('',#155,#146,#157,.T.);
#155 = VERTEX_POINT('',#156);
#156 = CARTESIAN_POINT('',(118.070456,-135.267295,0.));
#157 = LINE('',#158,#159);
#158 = CARTESIAN_POINT('',(118.070456,-135.267295,0.));
#159 = VECTOR('',#160,1.);
#160 = DIRECTION('',(0.,1.,0.));
#161 = ORIENTED_EDGE('',*,*,#162,.F.);
#162 = EDGE_CURVE('',#163,#155,#165,.T.);
#163 = VERTEX_POINT('',#164);
#164 = CARTESIAN_POINT('',(119.070456,-136.267295,0.));
#165 = CIRCLE('',#166,0.999999252925);
#166 = AXIS2_PLACEMENT_3D('',#167,#168,#169);
#167 = CARTESIAN_POINT('',(119.07045525292,-135.267295747,0.));
#168 = DIRECTION('',(0.,0.,-1.));
#169 = DIRECTION('',(7.470757349539E-07,-1.,0.));
#170 = ORIENTED_EDGE('',*,*,#171,.F.);
#171 = EDGE_CURVE('',#172,#163,#174,.T.);
#172 = VERTEX_POINT('',#173);
#173 = CARTESIAN_POINT('',(162.070456,-136.267295,0.));
#174 = LINE('',#175,#176);
#175 = CARTESIAN_POINT('',(162.070456,-136.267295,0.));
#176 = VECTOR('',#177,1.);
#177 = DIRECTION('',(-1.,0.,0.));
#178 = ORIENTED_EDGE('',*,*,#179,.F.);
#179 = EDGE_CURVE('',#122,#172,#180,.T.);
#180 = CIRCLE('',#181,0.999999252925);
#181 = AXIS2_PLACEMENT_3D('',#182,#183,#184);
#182 = CARTESIAN_POINT('',(162.07045674707,-135.267295747,0.));
#183 = DIRECTION('',(0.,0.,-1.));
#184 = DIRECTION('',(1.,7.470757065322E-07,0.));
#185 = ORIENTED_EDGE('',*,*,#129,.F.);
#186 = FACE_BOUND('',#187,.F.);
#187 = EDGE_LOOP('',(#188));
#188 = ORIENTED_EDGE('',*,*,#189,.T.);
#189 = EDGE_CURVE('',#190,#190,#192,.T.);
#190 = VERTEX_POINT('',#191);
#191 = CARTESIAN_POINT('',(126.720456,-132.642295,0.));
#192 = CIRCLE('',#193,0.5);
#193 = AXIS2_PLACEMENT_3D('',#194,#195,#196);
#194 = CARTESIAN_POINT('',(126.720456,-132.142295,0.));
#195 = DIRECTION('',(-0.,0.,-1.));
#196 = DIRECTION('',(-0.,-1.,0.));
#197 = FACE_BOUND('',#198,.F.);
#198 = EDGE_LOOP('',(#199));
#199 = ORIENTED_EDGE('',*,*,#200,.T.);
#200 = EDGE_CURVE('',#201,#201,#203,.T.);
#201 = VERTEX_POINT('',#202);
#202 = CARTESIAN_POINT('',(126.720456,-130.102295,0.));
#203 = CIRCLE('',#204,0.5);
#204 = AXIS2_PLACEMENT_3D('',#205,#206,#207);
#205 = CARTESIAN_POINT('',(126.720456,-129.602295,0.));
#206 = DIRECTION('',(-0.,0.,-1.));
#207 = DIRECTION('',(-0.,-1.,0.));
#208 = FACE_BOUND('',#209,.F.);
#209 = EDGE_LOOP('',(#210));
#210 = ORIENTED_EDGE('',*,*,#211,.T.);
#211 = EDGE_CURVE('',#212,#212,#214,.T.);
#212 = VERTEX_POINT('',#213);
#213 = CARTESIAN_POINT('',(126.720456,-127.562295,0.));
#214 = CIRCLE('',#215,0.5);
#215 = AXIS2_PLACEMENT_3D('',#216,#217,#218);
#216 = CARTESIAN_POINT('',(126.720456,-127.062295,0.));
#217 = DIRECTION('',(-0.,0.,-1.));
#218 = DIRECTION('',(-0.,-1.,0.));
#219 = FACE_BOUND('',#220,.F.);
#220 = EDGE_LOOP('',(#221));
#221 = ORIENTED_EDGE('',*,*,#222,.T.);
#222 = EDGE_CURVE('',#223,#223,#225,.T.);
#223 = VERTEX_POINT('',#224);
#224 = CARTESIAN_POINT('',(126.720456,-125.022295,0.));
#225 = CIRCLE('',#226,0.5);
#226 = AXIS2_PLACEMENT_3D('',#227,#228,#229);
#227 = CARTESIAN_POINT('',(126.720456,-124.522295,0.));
#228 = DIRECTION('',(-0.,0.,-1.));
#229 = DIRECTION('',(-0.,-1.,0.));
#230 = FACE_BOUND('',#231,.F.);
#231 = EDGE_LOOP('',(#232));
#232 = ORIENTED_EDGE('',*,*,#233,.T.);
#233 = EDGE_CURVE('',#234,#234,#236,.T.);
#234 = VERTEX_POINT('',#235);
#235 = CARTESIAN_POINT('',(126.720456,-122.482295,0.));
#236 = CIRCLE('',#237,0.5);
#237 = AXIS2_PLACEMENT_3D('',#238,#239,#240);
#238 = CARTESIAN_POINT('',(126.720456,-121.982295,0.));
#239 = DIRECTION('',(-0.,0.,-1.));
#240 = DIRECTION('',(-0.,-1.,0.));
#241 = FACE_BOUND('',#242,.F.);
#242 = EDGE_LOOP('',(#243));
#243 = ORIENTED_EDGE('',*,*,#244,.T.);
#244 = EDGE_CURVE('',#245,#245,#247,.T.);
#245 = VERTEX_POINT('',#246);
#246 = CARTESIAN_POINT('',(126.720456,-119.942295,0.));
#247 = CIRCLE('',#248,0.5);
#248 = AXIS2_PLACEMENT_3D('',#249,#250,#251);
#249 = CARTESIAN_POINT('',(126.720456,-119.442295,0.));
#250 = DIRECTION('',(-0.,0.,-1.));
#251 = DIRECTION('',(-0.,-1.,0.));
#252 = FACE_BOUND('',#253,.F.);
#253 = EDGE_LOOP('',(#254));
#254 = ORIENTED_EDGE('',*,*,#255,.T.);
#255 = EDGE_CURVE('',#256,#256,#258,.T.);
#256 = VERTEX_POINT('',#257);
#257 = CARTESIAN_POINT('',(126.720456,-117.402295,0.));
#258 = CIRCLE('',#259,0.5);
#259 = AXIS2_PLACEMENT_3D('',#260,#261,#262);
#260 = CARTESIAN_POINT('',(126.720456,-116.902295,0.));
#261 = DIRECTION('',(-0.,0.,-1.));
#262 = DIRECTION('',(-0.,-1.,0.));
#263 = FACE_BOUND('',#264,.F.);
#264 = EDGE_LOOP('',(#265));
#265 = ORIENTED_EDGE('',*,*,#266,.T.);
#266 = EDGE_CURVE('',#267,#267,#269,.T.);
#267 = VERTEX_POINT('',#268);
#268 = CARTESIAN_POINT('',(126.720456,-114.862295,0.));
#269 = CIRCLE('',#270,0.5);
#270 = AXIS2_PLACEMENT_3D('',#271,#272,#273);
#271 = CARTESIAN_POINT('',(126.720456,-114.362295,0.));
#272 = DIRECTION('',(-0.,0.,-1.));
#273 = DIRECTION('',(-0.,-1.,0.));
#274 = FACE_BOUND('',#275,.F.);
#275 = EDGE_LOOP('',(#276));
#276 = ORIENTED_EDGE('',*,*,#277,.T.);
#277 = EDGE_CURVE('',#278,#278,#280,.T.);
#278 = VERTEX_POINT('',#279);
#279 = CARTESIAN_POINT('',(136.820456,-132.527295,0.));
#280 = CIRCLE('',#281,0.5);
#281 = AXIS2_PLACEMENT_3D('',#282,#283,#284);
#282 = CARTESIAN_POINT('',(136.820456,-132.027295,0.));
#283 = DIRECTION('',(-0.,0.,-1.));
#284 = DIRECTION('',(-0.,-1.,0.));
#285 = FACE_BOUND('',#286,.F.);
#286 = EDGE_LOOP('',(#287));
#287 = ORIENTED_EDGE('',*,*,#288,.T.);
#288 = EDGE_CURVE('',#289,#289,#291,.T.);
#289 = VERTEX_POINT('',#290);
#290 = CARTESIAN_POINT('',(136.820456,-129.987295,0.));
#291 = CIRCLE('',#292,0.5);
#292 = AXIS2_PLACEMENT_3D('',#293,#294,#295);
#293 = CARTESIAN_POINT('',(136.820456,-129.487295,0.));
#294 = DIRECTION('',(-0.,0.,-1.));
#295 = DIRECTION('',(-0.,-1.,0.));
#296 = FACE_BOUND('',#297,.F.);
#297 = EDGE_LOOP('',(#298));
#298 = ORIENTED_EDGE('',*,*,#299,.T.);
#299 = EDGE_CURVE('',#300,#300,#302,.T.);
#300 = VERTEX_POINT('',#301);
#301 = CARTESIAN_POINT('',(140.840456,-133.726045,0.));
#302 = CIRCLE('',#303,0.4);
#303 = AXIS2_PLACEMENT_3D('',#304,#305,#306);
#304 = CARTESIAN_POINT('',(140.840456,-133.326045,0.));
#305 = DIRECTION('',(-0.,0.,-1.));
#306 = DIRECTION('',(-7.105427357601E-14,-1.,0.));
#307 = FACE_BOUND('',#308,.F.);
#308 = EDGE_LOOP('',(#309));
#309 = ORIENTED_EDGE('',*,*,#310,.T.);
#310 = EDGE_CURVE('',#311,#311,#313,.T.);
#311 = VERTEX_POINT('',#312);
#312 = CARTESIAN_POINT('',(140.820456,-130.569795,0.));
#313 = CIRCLE('',#314,0.4);
#314 = AXIS2_PLACEMENT_3D('',#315,#316,#317);
#315 = CARTESIAN_POINT('',(140.820456,-130.169795,0.));
#316 = DIRECTION('',(-0.,0.,-1.));
#317 = DIRECTION('',(-0.,-1.,0.));
#318 = FACE_BOUND('',#319,.F.);
#319 = EDGE_LOOP('',(#320));
#320 = ORIENTED_EDGE('',*,*,#321,.T.);
#321 = EDGE_CURVE('',#322,#322,#324,.T.);
#322 = VERTEX_POINT('',#323);
#323 = CARTESIAN_POINT('',(136.820456,-127.447295,0.));
#324 = CIRCLE('',#325,0.5);
#325 = AXIS2_PLACEMENT_3D('',#326,#327,#328);
#326 = CARTESIAN_POINT('',(136.820456,-126.947295,0.));
#327 = DIRECTION('',(-0.,0.,-1.));
#328 = DIRECTION('',(-0.,-1.,0.));
#329 = FACE_BOUND('',#330,.F.);
#330 = EDGE_LOOP('',(#331));
#331 = ORIENTED_EDGE('',*,*,#332,.T.);
#332 = EDGE_CURVE('',#333,#333,#335,.T.);
#333 = VERTEX_POINT('',#334);
#334 = CARTESIAN_POINT('',(136.820456,-124.907295,0.));
#335 = CIRCLE('',#336,0.5);
#336 = AXIS2_PLACEMENT_3D('',#337,#338,#339);
#337 = CARTESIAN_POINT('',(136.820456,-124.407295,0.));
#338 = DIRECTION('',(-0.,0.,-1.));
#339 = DIRECTION('',(-0.,-1.,0.));
#340 = FACE_BOUND('',#341,.F.);
#341 = EDGE_LOOP('',(#342));
#342 = ORIENTED_EDGE('',*,*,#343,.T.);
#343 = EDGE_CURVE('',#344,#344,#346,.T.);
#344 = VERTEX_POINT('',#345);
#345 = CARTESIAN_POINT('',(140.820456,-127.413545,0.));
#346 = CIRCLE('',#347,0.4);
#347 = AXIS2_PLACEMENT_3D('',#348,#349,#350);
#348 = CARTESIAN_POINT('',(140.820456,-127.013545,0.));
#349 = DIRECTION('',(-0.,0.,-1.));
#350 = DIRECTION('',(-0.,-1.,0.));
#351 = FACE_BOUND('',#352,.F.);
#352 = EDGE_LOOP('',(#353));
#353 = ORIENTED_EDGE('',*,*,#354,.T.);
#354 = EDGE_CURVE('',#355,#355,#357,.T.);
#355 = VERTEX_POINT('',#356);
#356 = CARTESIAN_POINT('',(140.840456,-124.257295,0.));
#357 = CIRCLE('',#358,0.4);
#358 = AXIS2_PLACEMENT_3D('',#359,#360,#361);
#359 = CARTESIAN_POINT('',(140.840456,-123.857295,0.));
#360 = DIRECTION('',(-0.,0.,-1.));
#361 = DIRECTION('',(-7.105427357601E-14,-1.,0.));
#362 = FACE_BOUND('',#363,.F.);
#363 = EDGE_LOOP('',(#364));
#364 = ORIENTED_EDGE('',*,*,#365,.T.);
#365 = EDGE_CURVE('',#366,#366,#368,.T.);
#366 = VERTEX_POINT('',#367);
#367 = CARTESIAN_POINT('',(135.520456,-116.207295,0.));
#368 = CIRCLE('',#369,0.4);
#369 = AXIS2_PLACEMENT_3D('',#370,#371,#372);
#370 = CARTESIAN_POINT('',(135.520456,-115.807295,0.));
#371 = DIRECTION('',(-0.,0.,-1.));
#372 = DIRECTION('',(-0.,-1.,0.));
#373 = FACE_BOUND('',#374,.F.);
#374 = EDGE_LOOP('',(#375));
#375 = ORIENTED_EDGE('',*,*,#376,.T.);
#376 = EDGE_CURVE('',#377,#377,#379,.T.);
#377 = VERTEX_POINT('',#378);
#378 = CARTESIAN_POINT('',(136.820456,-122.367295,0.));
#379 = CIRCLE('',#380,0.5);
#380 = AXIS2_PLACEMENT_3D('',#381,#382,#383);
#381 = CARTESIAN_POINT('',(136.820456,-121.867295,0.));
#382 = DIRECTION('',(-0.,0.,-1.));
#383 = DIRECTION('',(-0.,-1.,0.));
#384 = FACE_BOUND('',#385,.F.);
#385 = EDGE_LOOP('',(#386));
#386 = ORIENTED_EDGE('',*,*,#387,.T.);
#387 = EDGE_CURVE('',#388,#388,#390,.T.);
#388 = VERTEX_POINT('',#389);
#389 = CARTESIAN_POINT('',(140.045456,-118.032295,0.));
#390 = CIRCLE('',#391,0.4);
#391 = AXIS2_PLACEMENT_3D('',#392,#393,#394);
#392 = CARTESIAN_POINT('',(140.045456,-117.632295,0.));
#393 = DIRECTION('',(-0.,0.,-1.));
#394 = DIRECTION('',(-0.,-1.,0.));
#395 = FACE_BOUND('',#396,.F.);
#396 = EDGE_LOOP('',(#397));
#397 = ORIENTED_EDGE('',*,*,#398,.T.);
#398 = EDGE_CURVE('',#399,#399,#401,.T.);
#399 = VERTEX_POINT('',#400);
#400 = CARTESIAN_POINT('',(121.780456,-107.127295,0.));
#401 = CIRCLE('',#402,0.4);
#402 = AXIS2_PLACEMENT_3D('',#403,#404,#405);
#403 = CARTESIAN_POINT('',(121.780456,-106.727295,0.));
#404 = DIRECTION('',(-0.,0.,-1.));
#405 = DIRECTION('',(-0.,-1.,0.));
#406 = FACE_BOUND('',#407,.F.);
#407 = EDGE_LOOP('',(#408));
#408 = ORIENTED_EDGE('',*,*,#409,.T.);
#409 = EDGE_CURVE('',#410,#410,#412,.T.);
#410 = VERTEX_POINT('',#411);
#411 = CARTESIAN_POINT('',(124.320456,-107.127295,0.));
#412 = CIRCLE('',#413,0.4);
#413 = AXIS2_PLACEMENT_3D('',#414,#415,#416);
#414 = CARTESIAN_POINT('',(124.320456,-106.727295,0.));
#415 = DIRECTION('',(-0.,0.,-1.));
#416 = DIRECTION('',(-3.552713678801E-14,-1.,0.));
#417 = FACE_BOUND('',#418,.F.);
#418 = EDGE_LOOP('',(#419));
#419 = ORIENTED_EDGE('',*,*,#420,.T.);
#420 = EDGE_CURVE('',#421,#421,#423,.T.);
#421 = VERTEX_POINT('',#422);
#422 = CARTESIAN_POINT('',(126.860456,-107.127295,0.));
#423 = CIRCLE('',#424,0.4);
#424 = AXIS2_PLACEMENT_3D('',#425,#426,#427);
#425 = CARTESIAN_POINT('',(126.860456,-106.727295,0.));
#426 = DIRECTION('',(-0.,0.,-1.));
#427 = DIRECTION('',(-0.,-1.,0.));
#428 = FACE_BOUND('',#429,.F.);
#429 = EDGE_LOOP('',(#430));
#430 = ORIENTED_EDGE('',*,*,#431,.T.);
#431 = EDGE_CURVE('',#432,#432,#434,.T.);
#432 = VERTEX_POINT('',#433);
#433 = CARTESIAN_POINT('',(129.400456,-107.127295,0.));
#434 = CIRCLE('',#435,0.4);
#435 = AXIS2_PLACEMENT_3D('',#436,#437,#438);
#436 = CARTESIAN_POINT('',(129.400456,-106.727295,0.));
#437 = DIRECTION('',(-0.,0.,-1.));
#438 = DIRECTION('',(-7.105427357601E-14,-1.,0.));
#439 = FACE_BOUND('',#440,.F.);
#440 = EDGE_LOOP('',(#441));
#441 = ORIENTED_EDGE('',*,*,#442,.T.);
#442 = EDGE_CURVE('',#443,#443,#445,.T.);
#443 = VERTEX_POINT('',#444);
#444 = CARTESIAN_POINT('',(121.780456,-99.507295,0.));
#445 = CIRCLE('',#446,0.4);
#446 = AXIS2_PLACEMENT_3D('',#447,#448,#449);
#447 = CARTESIAN_POINT('',(121.780456,-99.107295,0.));
#448 = DIRECTION('',(-0.,0.,-1.));
#449 = DIRECTION('',(-0.,-1.,0.));
#450 = FACE_BOUND('',#451,.F.);
#451 = EDGE_LOOP('',(#452));
#452 = ORIENTED_EDGE('',*,*,#453,.T.);
#453 = EDGE_CURVE('',#454,#454,#456,.T.);
#454 = VERTEX_POINT('',#455);
#455 = CARTESIAN_POINT('',(124.320456,-99.507295,0.));
#456 = CIRCLE('',#457,0.4);
#457 = AXIS2_PLACEMENT_3D('',#458,#459,#460);
#458 = CARTESIAN_POINT('',(124.320456,-99.107295,0.));
#459 = DIRECTION('',(-0.,0.,-1.));
#460 = DIRECTION('',(-3.552713678801E-14,-1.,0.));
#461 = FACE_BOUND('',#462,.F.);
#462 = EDGE_LOOP('',(#463));
#463 = ORIENTED_EDGE('',*,*,#464,.T.);
#464 = EDGE_CURVE('',#465,#465,#467,.T.);
#465 = VERTEX_POINT('',#466);
#466 = CARTESIAN_POINT('',(124.245456,-95.432295,0.));
#467 = CIRCLE('',#468,0.4);
#468 = AXIS2_PLACEMENT_3D('',#469,#470,#471);
#469 = CARTESIAN_POINT('',(124.245456,-95.032295,0.));
#470 = DIRECTION('',(-0.,0.,-1.));
#471 = DIRECTION('',(3.5527136788E-14,-1.,-0.));
#472 = FACE_BOUND('',#473,.F.);
#473 = EDGE_LOOP('',(#474));
#474 = ORIENTED_EDGE('',*,*,#475,.T.);
#475 = EDGE_CURVE('',#476,#476,#478,.T.);
#476 = VERTEX_POINT('',#477);
#477 = CARTESIAN_POINT('',(126.860456,-99.507295,0.));
#478 = CIRCLE('',#479,0.4);
#479 = AXIS2_PLACEMENT_3D('',#480,#481,#482);
#480 = CARTESIAN_POINT('',(126.860456,-99.107295,0.));
#481 = DIRECTION('',(-0.,0.,-1.));
#482 = DIRECTION('',(-0.,-1.,0.));
#483 = FACE_BOUND('',#484,.F.);
#484 = EDGE_LOOP('',(#485));
#485 = ORIENTED_EDGE('',*,*,#486,.T.);
#486 = EDGE_CURVE('',#487,#487,#489,.T.);
#487 = VERTEX_POINT('',#488);
#488 = CARTESIAN_POINT('',(129.400456,-99.507295,0.));
#489 = CIRCLE('',#490,0.4);
#490 = AXIS2_PLACEMENT_3D('',#491,#492,#493);
#491 = CARTESIAN_POINT('',(129.400456,-99.107295,0.));
#492 = DIRECTION('',(-0.,0.,-1.));
#493 = DIRECTION('',(-7.105427357601E-14,-1.,0.));
#494 = FACE_BOUND('',#495,.F.);
#495 = EDGE_LOOP('',(#496));
#496 = ORIENTED_EDGE('',*,*,#497,.T.);
#497 = EDGE_CURVE('',#498,#498,#500,.T.);
#498 = VERTEX_POINT('',#499);
#499 = CARTESIAN_POINT('',(126.785456,-95.432295,0.));
#500 = CIRCLE('',#501,0.4);
#501 = AXIS2_PLACEMENT_3D('',#502,#503,#504);
#502 = CARTESIAN_POINT('',(126.785456,-95.032295,0.));
#503 = DIRECTION('',(-0.,0.,-1.));
#504 = DIRECTION('',(-3.552713678801E-14,-1.,0.));
#505 = FACE_BOUND('',#506,.F.);
#506 = EDGE_LOOP('',(#507));
#507 = ORIENTED_EDGE('',*,*,#508,.T.);
#508 = EDGE_CURVE('',#509,#509,#511,.T.);
#509 = VERTEX_POINT('',#510);
#510 = CARTESIAN_POINT('',(129.325456,-95.432295,0.));
#511 = CIRCLE('',#512,0.4);
#512 = AXIS2_PLACEMENT_3D('',#513,#514,#515);
#513 = CARTESIAN_POINT('',(129.325456,-95.032295,0.));
#514 = DIRECTION('',(-0.,0.,-1.));
#515 = DIRECTION('',(-0.,-1.,0.));
#516 = FACE_BOUND('',#517,.F.);
#517 = EDGE_LOOP('',(#518));
#518 = ORIENTED_EDGE('',*,*,#519,.T.);
#519 = EDGE_CURVE('',#520,#520,#522,.T.);
#520 = VERTEX_POINT('',#521);
#521 = CARTESIAN_POINT('',(135.520456,-111.207295,0.));
#522 = CIRCLE('',#523,0.4);
#523 = AXIS2_PLACEMENT_3D('',#524,#525,#526);
#524 = CARTESIAN_POINT('',(135.520456,-110.807295,0.));
#525 = DIRECTION('',(-0.,0.,-1.));
#526 = DIRECTION('',(-0.,-1.,0.));
#527 = FACE_BOUND('',#528,.F.);
#528 = EDGE_LOOP('',(#529));
#529 = ORIENTED_EDGE('',*,*,#530,.T.);
#530 = EDGE_CURVE('',#531,#531,#533,.T.);
#531 = VERTEX_POINT('',#532);
#532 = CARTESIAN_POINT('',(131.940456,-107.127295,0.));
#533 = CIRCLE('',#534,0.4);
#534 = AXIS2_PLACEMENT_3D('',#535,#536,#537);
#535 = CARTESIAN_POINT('',(131.940456,-106.727295,0.));
#536 = DIRECTION('',(-0.,0.,-1.));
#537 = DIRECTION('',(7.105427357601E-14,-1.,-0.));
#538 = FACE_BOUND('',#539,.F.);
#539 = EDGE_LOOP('',(#540));
#540 = ORIENTED_EDGE('',*,*,#541,.T.);
#541 = EDGE_CURVE('',#542,#542,#544,.T.);
#542 = VERTEX_POINT('',#543);
#543 = CARTESIAN_POINT('',(134.480456,-107.127295,0.));
#544 = CIRCLE('',#545,0.4);
#545 = AXIS2_PLACEMENT_3D('',#546,#547,#548);
#546 = CARTESIAN_POINT('',(134.480456,-106.727295,0.));
#547 = DIRECTION('',(-0.,0.,-1.));
#548 = DIRECTION('',(-0.,-1.,0.));
#549 = FACE_BOUND('',#550,.F.);
#550 = EDGE_LOOP('',(#551));
#551 = ORIENTED_EDGE('',*,*,#552,.T.);
#552 = EDGE_CURVE('',#553,#553,#555,.T.);
#553 = VERTEX_POINT('',#554);
#554 = CARTESIAN_POINT('',(140.045456,-110.412295,0.));
#555 = CIRCLE('',#556,0.4);
#556 = AXIS2_PLACEMENT_3D('',#557,#558,#559);
#557 = CARTESIAN_POINT('',(140.045456,-110.012295,0.));
#558 = DIRECTION('',(-0.,0.,-1.));
#559 = DIRECTION('',(-0.,-1.,0.));
#560 = FACE_BOUND('',#561,.F.);
#561 = EDGE_LOOP('',(#562));
#562 = ORIENTED_EDGE('',*,*,#563,.T.);
#563 = EDGE_CURVE('',#564,#564,#566,.T.);
#564 = VERTEX_POINT('',#565);
#565 = CARTESIAN_POINT('',(137.020456,-107.127295,0.));
#566 = CIRCLE('',#567,0.4);
#567 = AXIS2_PLACEMENT_3D('',#568,#569,#570);
#568 = CARTESIAN_POINT('',(137.020456,-106.727295,0.));
#569 = DIRECTION('',(-0.,0.,-1.));
#570 = DIRECTION('',(-0.,-1.,0.));
#571 = FACE_BOUND('',#572,.F.);
#572 = EDGE_LOOP('',(#573));
#573 = ORIENTED_EDGE('',*,*,#574,.T.);
#574 = EDGE_CURVE('',#575,#575,#577,.T.);
#575 = VERTEX_POINT('',#576);
#576 = CARTESIAN_POINT('',(139.560456,-107.127295,0.));
#577 = CIRCLE('',#578,0.4);
#578 = AXIS2_PLACEMENT_3D('',#579,#580,#581);
#579 = CARTESIAN_POINT('',(139.560456,-106.727295,0.));
#580 = DIRECTION('',(-0.,0.,-1.));
#581 = DIRECTION('',(-0.,-1.,0.));
#582 = FACE_BOUND('',#583,.F.);
#583 = EDGE_LOOP('',(#584));
#584 = ORIENTED_EDGE('',*,*,#585,.T.);
#585 = EDGE_CURVE('',#586,#586,#588,.T.);
#586 = VERTEX_POINT('',#587);
#587 = CARTESIAN_POINT('',(131.940456,-99.507295,0.));
#588 = CIRCLE('',#589,0.4);
#589 = AXIS2_PLACEMENT_3D('',#590,#591,#592);
#590 = CARTESIAN_POINT('',(131.940456,-99.107295,0.));
#591 = DIRECTION('',(-0.,0.,-1.));
#592 = DIRECTION('',(7.105427357601E-14,-1.,-0.));
#593 = FACE_BOUND('',#594,.F.);
#594 = EDGE_LOOP('',(#595));
#595 = ORIENTED_EDGE('',*,*,#596,.T.);
#596 = EDGE_CURVE('',#597,#597,#599,.T.);
#597 = VERTEX_POINT('',#598);
#598 = CARTESIAN_POINT('',(134.480456,-99.507295,0.));
#599 = CIRCLE('',#600,0.4);
#600 = AXIS2_PLACEMENT_3D('',#601,#602,#603);
#601 = CARTESIAN_POINT('',(134.480456,-99.107295,0.));
#602 = DIRECTION('',(-0.,0.,-1.));
#603 = DIRECTION('',(-0.,-1.,0.));
#604 = FACE_BOUND('',#605,.F.);
#605 = EDGE_LOOP('',(#606));
#606 = ORIENTED_EDGE('',*,*,#607,.T.);
#607 = EDGE_CURVE('',#608,#608,#610,.T.);
#608 = VERTEX_POINT('',#609);
#609 = CARTESIAN_POINT('',(131.865456,-95.432295,0.));
#610 = CIRCLE('',#611,0.4);
#611 = AXIS2_PLACEMENT_3D('',#612,#613,#614);
#612 = CARTESIAN_POINT('',(131.865456,-95.032295,0.));
#613 = DIRECTION('',(-0.,0.,-1.));
#614 = DIRECTION('',(-0.,-1.,0.));
#615 = FACE_BOUND('',#616,.F.);
#616 = EDGE_LOOP('',(#617));
#617 = ORIENTED_EDGE('',*,*,#618,.T.);
#618 = EDGE_CURVE('',#619,#619,#621,.T.);
#619 = VERTEX_POINT('',#620);
#620 = CARTESIAN_POINT('',(134.405456,-95.432295,0.));
#621 = CIRCLE('',#622,0.4);
#622 = AXIS2_PLACEMENT_3D('',#623,#624,#625);
#623 = CARTESIAN_POINT('',(134.405456,-95.032295,0.));
#624 = DIRECTION('',(-0.,0.,-1.));
#625 = DIRECTION('',(-7.105427357601E-14,-1.,0.));
#626 = FACE_BOUND('',#627,.F.);
#627 = EDGE_LOOP('',(#628));
#628 = ORIENTED_EDGE('',*,*,#629,.T.);
#629 = EDGE_CURVE('',#630,#630,#632,.T.);
#630 = VERTEX_POINT('',#631);
#631 = CARTESIAN_POINT('',(137.020456,-99.507295,0.));
#632 = CIRCLE('',#633,0.4);
#633 = AXIS2_PLACEMENT_3D('',#634,#635,#636);
#634 = CARTESIAN_POINT('',(137.020456,-99.107295,0.));
#635 = DIRECTION('',(-0.,0.,-1.));
#636 = DIRECTION('',(-0.,-1.,0.));
#637 = FACE_BOUND('',#638,.F.);
#638 = EDGE_LOOP('',(#639));
#639 = ORIENTED_EDGE('',*,*,#640,.T.);
#640 = EDGE_CURVE('',#641,#641,#643,.T.);
#641 = VERTEX_POINT('',#642);
#642 = CARTESIAN_POINT('',(139.560456,-99.507295,0.));
#643 = CIRCLE('',#644,0.4);
#644 = AXIS2_PLACEMENT_3D('',#645,#646,#647);
#645 = CARTESIAN_POINT('',(139.560456,-99.107295,0.));
#646 = DIRECTION('',(-0.,0.,-1.));
#647 = DIRECTION('',(-0.,-1.,0.));
#648 = FACE_BOUND('',#649,.F.);
#649 = EDGE_LOOP('',(#650));
#650 = ORIENTED_EDGE('',*,*,#651,.T.);
#651 = EDGE_CURVE('',#652,#652,#654,.T.);
#652 = VERTEX_POINT('',#653);
#653 = CARTESIAN_POINT('',(136.945456,-95.432295,0.));
#654 = CIRCLE('',#655,0.4);
#655 = AXIS2_PLACEMENT_3D('',#656,#657,#658);
#656 = CARTESIAN_POINT('',(136.945456,-95.032295,0.));
#657 = DIRECTION('',(-0.,0.,-1.));
#658 = DIRECTION('',(-0.,-1.,0.));
#659 = FACE_BOUND('',#660,.F.);
#660 = EDGE_LOOP('',(#661));
#661 = ORIENTED_EDGE('',*,*,#662,.T.);
#662 = EDGE_CURVE('',#663,#663,#665,.T.);
#663 = VERTEX_POINT('',#664);
#664 = CARTESIAN_POINT('',(139.485456,-95.432295,0.));
#665 = CIRCLE('',#666,0.4);
#666 = AXIS2_PLACEMENT_3D('',#667,#668,#669);
#667 = CARTESIAN_POINT('',(139.485456,-95.032295,0.));
#668 = DIRECTION('',(-0.,0.,-1.));
#669 = DIRECTION('',(-0.,-1.,0.));
#670 = FACE_BOUND('',#671,.F.);
#671 = EDGE_LOOP('',(#672));
#672 = ORIENTED_EDGE('',*,*,#673,.T.);
#673 = EDGE_CURVE('',#674,#674,#676,.T.);
#674 = VERTEX_POINT('',#675);
#675 = CARTESIAN_POINT('',(140.865456,-121.101045,0.));
#676 = CIRCLE('',#677,0.4);
#677 = AXIS2_PLACEMENT_3D('',#678,#679,#680);
#678 = CARTESIAN_POINT('',(140.865456,-120.701045,0.));
#679 = DIRECTION('',(-0.,0.,-1.));
#680 = DIRECTION('',(-0.,-1.,0.));
#681 = FACE_BOUND('',#682,.F.);
#682 = EDGE_LOOP('',(#683));
#683 = ORIENTED_EDGE('',*,*,#684,.T.);
#684 = EDGE_CURVE('',#685,#685,#687,.T.);
#685 = VERTEX_POINT('',#686);
#686 = CARTESIAN_POINT('',(142.585456,-118.032295,0.));
#687 = CIRCLE('',#688,0.4);
#688 = AXIS2_PLACEMENT_3D('',#689,#690,#691);
#689 = CARTESIAN_POINT('',(142.585456,-117.632295,0.));
#690 = DIRECTION('',(-0.,0.,-1.));
#691 = DIRECTION('',(-0.,-1.,0.));
#692 = FACE_BOUND('',#693,.F.);
#693 = EDGE_LOOP('',(#694));
#694 = ORIENTED_EDGE('',*,*,#695,.T.);
#695 = EDGE_CURVE('',#696,#696,#698,.T.);
#696 = VERTEX_POINT('',#697);
#697 = CARTESIAN_POINT('',(145.125456,-118.032295,0.));
#698 = CIRCLE('',#699,0.4);
#699 = AXIS2_PLACEMENT_3D('',#700,#701,#702);
#700 = CARTESIAN_POINT('',(145.125456,-117.632295,0.));
#701 = DIRECTION('',(-0.,0.,-1.));
#702 = DIRECTION('',(7.105427357601E-14,-1.,-0.));
#703 = FACE_BOUND('',#704,.F.);
#704 = EDGE_LOOP('',(#705));
#705 = ORIENTED_EDGE('',*,*,#706,.T.);
#706 = EDGE_CURVE('',#707,#707,#709,.T.);
#707 = VERTEX_POINT('',#708);
#708 = CARTESIAN_POINT('',(147.665456,-118.032295,0.));
#709 = CIRCLE('',#710,0.4);
#710 = AXIS2_PLACEMENT_3D('',#711,#712,#713);
#711 = CARTESIAN_POINT('',(147.665456,-117.632295,0.));
#712 = DIRECTION('',(-0.,0.,-1.));
#713 = DIRECTION('',(-0.,-1.,0.));
#714 = FACE_BOUND('',#715,.F.);
#715 = EDGE_LOOP('',(#716));
#716 = ORIENTED_EDGE('',*,*,#717,.T.);
#717 = EDGE_CURVE('',#718,#718,#720,.T.);
#718 = VERTEX_POINT('',#719);
#719 = CARTESIAN_POINT('',(150.205456,-118.032295,0.));
#720 = CIRCLE('',#721,0.4);
#721 = AXIS2_PLACEMENT_3D('',#722,#723,#724);
#722 = CARTESIAN_POINT('',(150.205456,-117.632295,0.));
#723 = DIRECTION('',(-0.,0.,-1.));
#724 = DIRECTION('',(-0.,-1.,0.));
#725 = FACE_BOUND('',#726,.F.);
#726 = EDGE_LOOP('',(#727));
#727 = ORIENTED_EDGE('',*,*,#728,.T.);
#728 = EDGE_CURVE('',#729,#729,#731,.T.);
#729 = VERTEX_POINT('',#730);
#730 = CARTESIAN_POINT('',(151.000456,-133.726045,0.));
#731 = CIRCLE('',#732,0.4);
#732 = AXIS2_PLACEMENT_3D('',#733,#734,#735);
#733 = CARTESIAN_POINT('',(151.000456,-133.326045,0.));
#734 = DIRECTION('',(-0.,0.,-1.));
#735 = DIRECTION('',(7.105427357601E-14,-1.,-0.));
#736 = FACE_BOUND('',#737,.F.);
#737 = EDGE_LOOP('',(#738));
#738 = ORIENTED_EDGE('',*,*,#739,.T.);
#739 = EDGE_CURVE('',#740,#740,#742,.T.);
#740 = VERTEX_POINT('',#741);
#741 = CARTESIAN_POINT('',(150.980456,-130.569795,0.));
#742 = CIRCLE('',#743,0.4);
#743 = AXIS2_PLACEMENT_3D('',#744,#745,#746);
#744 = CARTESIAN_POINT('',(150.980456,-130.169795,0.));
#745 = DIRECTION('',(-0.,0.,-1.));
#746 = DIRECTION('',(-0.,-1.,0.));
#747 = FACE_BOUND('',#748,.F.);
#748 = EDGE_LOOP('',(#749));
#749 = ORIENTED_EDGE('',*,*,#750,.T.);
#750 = EDGE_CURVE('',#751,#751,#753,.T.);
#751 = VERTEX_POINT('',#752);
#752 = CARTESIAN_POINT('',(154.420456,-132.617295,0.));
#753 = CIRCLE('',#754,0.5);
#754 = AXIS2_PLACEMENT_3D('',#755,#756,#757);
#755 = CARTESIAN_POINT('',(154.420456,-132.117295,0.));
#756 = DIRECTION('',(-0.,0.,-1.));
#757 = DIRECTION('',(-0.,-1.,0.));
#758 = FACE_BOUND('',#759,.F.);
#759 = EDGE_LOOP('',(#760));
#760 = ORIENTED_EDGE('',*,*,#761,.T.);
#761 = EDGE_CURVE('',#762,#762,#764,.T.);
#762 = VERTEX_POINT('',#763);
#763 = CARTESIAN_POINT('',(154.420456,-130.077295,0.));
#764 = CIRCLE('',#765,0.5);
#765 = AXIS2_PLACEMENT_3D('',#766,#767,#768);
#766 = CARTESIAN_POINT('',(154.420456,-129.577295,0.));
#767 = DIRECTION('',(-0.,0.,-1.));
#768 = DIRECTION('',(-0.,-1.,0.));
#769 = FACE_BOUND('',#770,.F.);
#770 = EDGE_LOOP('',(#771));
#771 = ORIENTED_EDGE('',*,*,#772,.T.);
#772 = EDGE_CURVE('',#773,#773,#775,.T.);
#773 = VERTEX_POINT('',#774);
#774 = CARTESIAN_POINT('',(150.980456,-127.413545,0.));
#775 = CIRCLE('',#776,0.4);
#776 = AXIS2_PLACEMENT_3D('',#777,#778,#779);
#777 = CARTESIAN_POINT('',(150.980456,-127.013545,0.));
#778 = DIRECTION('',(-0.,0.,-1.));
#779 = DIRECTION('',(-0.,-1.,0.));
#780 = FACE_BOUND('',#781,.F.);
#781 = EDGE_LOOP('',(#782));
#782 = ORIENTED_EDGE('',*,*,#783,.T.);
#783 = EDGE_CURVE('',#784,#784,#786,.T.);
#784 = VERTEX_POINT('',#785);
#785 = CARTESIAN_POINT('',(151.000456,-124.257295,0.));
#786 = CIRCLE('',#787,0.4);
#787 = AXIS2_PLACEMENT_3D('',#788,#789,#790);
#788 = CARTESIAN_POINT('',(151.000456,-123.857295,0.));
#789 = DIRECTION('',(-0.,0.,-1.));
#790 = DIRECTION('',(7.105427357601E-14,-1.,-0.));
#791 = FACE_BOUND('',#792,.F.);
#792 = EDGE_LOOP('',(#793));
#793 = ORIENTED_EDGE('',*,*,#794,.T.);
#794 = EDGE_CURVE('',#795,#795,#797,.T.);
#795 = VERTEX_POINT('',#796);
#796 = CARTESIAN_POINT('',(154.420456,-127.537295,0.));
#797 = CIRCLE('',#798,0.5);
#798 = AXIS2_PLACEMENT_3D('',#799,#800,#801);
#799 = CARTESIAN_POINT('',(154.420456,-127.037295,0.));
#800 = DIRECTION('',(-0.,0.,-1.));
#801 = DIRECTION('',(-0.,-1.,0.));
#802 = FACE_BOUND('',#803,.F.);
#803 = EDGE_LOOP('',(#804));
#804 = ORIENTED_EDGE('',*,*,#805,.T.);
#805 = EDGE_CURVE('',#806,#806,#808,.T.);
#806 = VERTEX_POINT('',#807);
#807 = CARTESIAN_POINT('',(154.420456,-124.997295,0.));
#808 = CIRCLE('',#809,0.5);
#809 = AXIS2_PLACEMENT_3D('',#810,#811,#812);
#810 = CARTESIAN_POINT('',(154.420456,-124.497295,0.));
#811 = DIRECTION('',(-0.,0.,-1.));
#812 = DIRECTION('',(-0.,-1.,0.));
#813 = FACE_BOUND('',#814,.F.);
#814 = EDGE_LOOP('',(#815));
#815 = ORIENTED_EDGE('',*,*,#816,.T.);
#816 = EDGE_CURVE('',#817,#817,#819,.T.);
#817 = VERTEX_POINT('',#818);
#818 = CARTESIAN_POINT('',(151.025456,-121.101045,0.));
#819 = CIRCLE('',#820,0.4);
#820 = AXIS2_PLACEMENT_3D('',#821,#822,#823);
#821 = CARTESIAN_POINT('',(151.025456,-120.701045,0.));
#822 = DIRECTION('',(-0.,0.,-1.));
#823 = DIRECTION('',(-7.105427357601E-14,-1.,0.));
#824 = FACE_BOUND('',#825,.F.);
#825 = EDGE_LOOP('',(#826));
#826 = ORIENTED_EDGE('',*,*,#827,.T.);
#827 = EDGE_CURVE('',#828,#828,#830,.T.);
#828 = VERTEX_POINT('',#829);
#829 = CARTESIAN_POINT('',(154.420456,-122.457295,0.));
#830 = CIRCLE('',#831,0.5);
#831 = AXIS2_PLACEMENT_3D('',#832,#833,#834);
#832 = CARTESIAN_POINT('',(154.420456,-121.957295,0.));
#833 = DIRECTION('',(-0.,0.,-1.));
#834 = DIRECTION('',(-0.,-1.,0.));
#835 = FACE_BOUND('',#836,.F.);
#836 = EDGE_LOOP('',(#837));
#837 = ORIENTED_EDGE('',*,*,#838,.T.);
#838 = EDGE_CURVE('',#839,#839,#841,.T.);
#839 = VERTEX_POINT('',#840);
#840 = CARTESIAN_POINT('',(152.745456,-118.032295,0.));
#841 = CIRCLE('',#842,0.4);
#842 = AXIS2_PLACEMENT_3D('',#843,#844,#845);
#843 = CARTESIAN_POINT('',(152.745456,-117.632295,0.));
#844 = DIRECTION('',(-0.,0.,-1.));
#845 = DIRECTION('',(-0.,-1.,0.));
#846 = FACE_BOUND('',#847,.F.);
#847 = EDGE_LOOP('',(#848));
#848 = ORIENTED_EDGE('',*,*,#849,.T.);
#849 = EDGE_CURVE('',#850,#850,#852,.T.);
#850 = VERTEX_POINT('',#851);
#851 = CARTESIAN_POINT('',(155.285456,-118.032295,0.));
#852 = CIRCLE('',#853,0.4);
#853 = AXIS2_PLACEMENT_3D('',#854,#855,#856);
#854 = CARTESIAN_POINT('',(155.285456,-117.632295,0.));
#855 = DIRECTION('',(-0.,0.,-1.));
#856 = DIRECTION('',(-0.,-1.,0.));
#857 = FACE_BOUND('',#858,.F.);
#858 = EDGE_LOOP('',(#859));
#859 = ORIENTED_EDGE('',*,*,#860,.T.);
#860 = EDGE_CURVE('',#861,#861,#863,.T.);
#861 = VERTEX_POINT('',#862);
#862 = CARTESIAN_POINT('',(157.825456,-118.032295,0.));
#863 = CIRCLE('',#864,0.4);
#864 = AXIS2_PLACEMENT_3D('',#865,#866,#867);
#865 = CARTESIAN_POINT('',(157.825456,-117.632295,0.));
#866 = DIRECTION('',(-0.,0.,-1.));
#867 = DIRECTION('',(-0.,-1.,0.));
#868 = FACE_BOUND('',#869,.F.);
#869 = EDGE_LOOP('',(#870));
#870 = ORIENTED_EDGE('',*,*,#871,.T.);
#871 = EDGE_CURVE('',#872,#872,#874,.T.);
#872 = VERTEX_POINT('',#873);
#873 = CARTESIAN_POINT('',(142.585456,-110.412295,0.));
#874 = CIRCLE('',#875,0.4);
#875 = AXIS2_PLACEMENT_3D('',#876,#877,#878);
#876 = CARTESIAN_POINT('',(142.585456,-110.012295,0.));
#877 = DIRECTION('',(-0.,0.,-1.));
#878 = DIRECTION('',(-0.,-1.,0.));
#879 = FACE_BOUND('',#880,.F.);
#880 = EDGE_LOOP('',(#881));
#881 = ORIENTED_EDGE('',*,*,#882,.T.);
#882 = EDGE_CURVE('',#883,#883,#885,.T.);
#883 = VERTEX_POINT('',#884);
#884 = CARTESIAN_POINT('',(145.125456,-110.412295,0.));
#885 = CIRCLE('',#886,0.4);
#886 = AXIS2_PLACEMENT_3D('',#887,#888,#889);
#887 = CARTESIAN_POINT('',(145.125456,-110.012295,0.));
#888 = DIRECTION('',(-0.,0.,-1.));
#889 = DIRECTION('',(7.105427357601E-14,-1.,-0.));
#890 = FACE_BOUND('',#891,.F.);
#891 = EDGE_LOOP('',(#892));
#892 = ORIENTED_EDGE('',*,*,#893,.T.);
#893 = EDGE_CURVE('',#894,#894,#896,.T.);
#894 = VERTEX_POINT('',#895);
#895 = CARTESIAN_POINT('',(142.100456,-107.127295,0.));
#896 = CIRCLE('',#897,0.4);
#897 = AXIS2_PLACEMENT_3D('',#898,#899,#900);
#898 = CARTESIAN_POINT('',(142.100456,-106.727295,0.));
#899 = DIRECTION('',(-0.,0.,-1.));
#900 = DIRECTION('',(-0.,-1.,0.));
#901 = FACE_BOUND('',#902,.F.);
#902 = EDGE_LOOP('',(#903));
#903 = ORIENTED_EDGE('',*,*,#904,.T.);
#904 = EDGE_CURVE('',#905,#905,#907,.T.);
#905 = VERTEX_POINT('',#906);
#906 = CARTESIAN_POINT('',(144.640456,-107.127295,0.));
#907 = CIRCLE('',#908,0.4);
#908 = AXIS2_PLACEMENT_3D('',#909,#910,#911);
#909 = CARTESIAN_POINT('',(144.640456,-106.727295,0.));
#910 = DIRECTION('',(-0.,0.,-1.));
#911 = DIRECTION('',(-0.,-1.,0.));
#912 = FACE_BOUND('',#913,.F.);
#913 = EDGE_LOOP('',(#914));
#914 = ORIENTED_EDGE('',*,*,#915,.T.);
#915 = EDGE_CURVE('',#916,#916,#918,.T.);
#916 = VERTEX_POINT('',#917);
#917 = CARTESIAN_POINT('',(147.665456,-110.412295,0.));
#918 = CIRCLE('',#919,0.4);
#919 = AXIS2_PLACEMENT_3D('',#920,#921,#922);
#920 = CARTESIAN_POINT('',(147.665456,-110.012295,0.));
#921 = DIRECTION('',(-0.,0.,-1.));
#922 = DIRECTION('',(-0.,-1.,0.));
#923 = FACE_BOUND('',#924,.F.);
#924 = EDGE_LOOP('',(#925));
#925 = ORIENTED_EDGE('',*,*,#926,.T.);
#926 = EDGE_CURVE('',#927,#927,#929,.T.);
#927 = VERTEX_POINT('',#928);
#928 = CARTESIAN_POINT('',(150.205456,-110.412295,0.));
#929 = CIRCLE('',#930,0.4);
#930 = AXIS2_PLACEMENT_3D('',#931,#932,#933);
#931 = CARTESIAN_POINT('',(150.205456,-110.012295,0.));
#932 = DIRECTION('',(-0.,0.,-1.));
#933 = DIRECTION('',(-0.,-1.,0.));
#934 = FACE_BOUND('',#935,.F.);
#935 = EDGE_LOOP('',(#936));
#936 = ORIENTED_EDGE('',*,*,#937,.T.);
#937 = EDGE_CURVE('',#938,#938,#940,.T.);
#938 = VERTEX_POINT('',#939);
#939 = CARTESIAN_POINT('',(149.045456,-106.207295,0.));
#940 = CIRCLE('',#941,0.4);
#941 = AXIS2_PLACEMENT_3D('',#942,#943,#944);
#942 = CARTESIAN_POINT('',(149.045456,-105.807295,0.));
#943 = DIRECTION('',(-0.,0.,-1.));
#944 = DIRECTION('',(-0.,-1.,0.));
#945 = FACE_BOUND('',#946,.F.);
#946 = EDGE_LOOP('',(#947));
#947 = ORIENTED_EDGE('',*,*,#948,.T.);
#948 = EDGE_CURVE('',#949,#949,#951,.T.);
#949 = VERTEX_POINT('',#950);
#950 = CARTESIAN_POINT('',(142.100456,-99.507295,0.));
#951 = CIRCLE('',#952,0.4);
#952 = AXIS2_PLACEMENT_3D('',#953,#954,#955);
#953 = CARTESIAN_POINT('',(142.100456,-99.107295,0.));
#954 = DIRECTION('',(-0.,0.,-1.));
#955 = DIRECTION('',(-0.,-1.,0.));
#956 = FACE_BOUND('',#957,.F.);
#957 = EDGE_LOOP('',(#958));
#958 = ORIENTED_EDGE('',*,*,#959,.T.);
#959 = EDGE_CURVE('',#960,#960,#962,.T.);
#960 = VERTEX_POINT('',#961);
#961 = CARTESIAN_POINT('',(144.640456,-99.507295,0.));
#962 = CIRCLE('',#963,0.4);
#963 = AXIS2_PLACEMENT_3D('',#964,#965,#966);
#964 = CARTESIAN_POINT('',(144.640456,-99.107295,0.));
#965 = DIRECTION('',(-0.,0.,-1.));
#966 = DIRECTION('',(-0.,-1.,0.));
#967 = FACE_BOUND('',#968,.F.);
#968 = EDGE_LOOP('',(#969));
#969 = ORIENTED_EDGE('',*,*,#970,.T.);
#970 = EDGE_CURVE('',#971,#971,#973,.T.);
#971 = VERTEX_POINT('',#972);
#972 = CARTESIAN_POINT('',(142.025456,-95.432295,0.));
#973 = CIRCLE('',#974,0.4);
#974 = AXIS2_PLACEMENT_3D('',#975,#976,#977);
#975 = CARTESIAN_POINT('',(142.025456,-95.032295,0.));
#976 = DIRECTION('',(-0.,0.,-1.));
#977 = DIRECTION('',(-7.105427357601E-14,-1.,0.));
#978 = FACE_BOUND('',#979,.F.);
#979 = EDGE_LOOP('',(#980));
#980 = ORIENTED_EDGE('',*,*,#981,.T.);
#981 = EDGE_CURVE('',#982,#982,#984,.T.);
#982 = VERTEX_POINT('',#983);
#983 = CARTESIAN_POINT('',(149.045456,-101.207295,0.));
#984 = CIRCLE('',#985,0.4);
#985 = AXIS2_PLACEMENT_3D('',#986,#987,#988);
#986 = CARTESIAN_POINT('',(149.045456,-100.807295,0.));
#987 = DIRECTION('',(-0.,0.,-1.));
#988 = DIRECTION('',(-0.,-1.,0.));
#989 = FACE_BOUND('',#990,.F.);
#990 = EDGE_LOOP('',(#991));
#991 = ORIENTED_EDGE('',*,*,#992,.T.);
#992 = EDGE_CURVE('',#993,#993,#995,.T.);
#993 = VERTEX_POINT('',#994);
#994 = CARTESIAN_POINT('',(152.745456,-110.412295,0.));
#995 = CIRCLE('',#996,0.4);
#996 = AXIS2_PLACEMENT_3D('',#997,#998,#999);
#997 = CARTESIAN_POINT('',(152.745456,-110.012295,0.));
#998 = DIRECTION('',(-0.,0.,-1.));
#999 = DIRECTION('',(-0.,-1.,0.));
#1000 = FACE_BOUND('',#1001,.F.);
#1001 = EDGE_LOOP('',(#1002));
#1002 = ORIENTED_EDGE('',*,*,#1003,.T.);
#1003 = EDGE_CURVE('',#1004,#1004,#1006,.T.);
#1004 = VERTEX_POINT('',#1005);
#1005 = CARTESIAN_POINT('',(155.285456,-110.412295,0.));
#1006 = CIRCLE('',#1007,0.4);
#1007 = AXIS2_PLACEMENT_3D('',#1008,#1009,#1010);
#1008 = CARTESIAN_POINT('',(155.285456,-110.012295,0.));
#1009 = DIRECTION('',(-0.,0.,-1.));
#1010 = DIRECTION('',(-0.,-1.,0.));
#1011 = FACE_BOUND('',#1012,.F.);
#1012 = EDGE_LOOP('',(#1013));
#1013 = ORIENTED_EDGE('',*,*,#1014,.T.);
#1014 = EDGE_CURVE('',#1015,#1015,#1017,.T.);
#1015 = VERTEX_POINT('',#1016);
#1016 = CARTESIAN_POINT('',(151.920456,-106.212295,0.));
#1017 = CIRCLE('',#1018,0.4);
#1018 = AXIS2_PLACEMENT_3D('',#1019,#1020,#1021);
#1019 = CARTESIAN_POINT('',(151.920456,-105.812295,0.));
#1020 = DIRECTION('',(-0.,0.,-1.));
#1021 = DIRECTION('',(-0.,-1.,0.));
#1022 = FACE_BOUND('',#1023,.F.);
#1023 = EDGE_LOOP('',(#1024));
#1024 = ORIENTED_EDGE('',*,*,#1025,.T.);
#1025 = EDGE_CURVE('',#1026,#1026,#1028,.T.);
#1026 = VERTEX_POINT('',#1027);
#1027 = CARTESIAN_POINT('',(157.825456,-110.412295,0.));
#1028 = CIRCLE('',#1029,0.4);
#1029 = AXIS2_PLACEMENT_3D('',#1030,#1031,#1032);
#1030 = CARTESIAN_POINT('',(157.825456,-110.012295,0.));
#1031 = DIRECTION('',(-0.,0.,-1.));
#1032 = DIRECTION('',(-0.,-1.,0.));
#1033 = FACE_BOUND('',#1034,.F.);
#1034 = EDGE_LOOP('',(#1035));
#1035 = ORIENTED_EDGE('',*,*,#1036,.T.);
#1036 = EDGE_CURVE('',#1037,#1037,#1039,.T.);
#1037 = VERTEX_POINT('',#1038);
#1038 = CARTESIAN_POINT('',(156.770456,-103.682295,0.));
#1039 = CIRCLE('',#1040,0.4);
#1040 = AXIS2_PLACEMENT_3D('',#1041,#1042,#1043);
#1041 = CARTESIAN_POINT('',(156.770456,-103.282295,0.));
#1042 = DIRECTION('',(-0.,0.,-1.));
#1043 = DIRECTION('',(-0.,-1.,0.));
#1044 = FACE_BOUND('',#1045,.F.);
#1045 = EDGE_LOOP('',(#1046));
#1046 = ORIENTED_EDGE('',*,*,#1047,.T.);
#1047 = EDGE_CURVE('',#1048,#1048,#1050,.T.);
#1048 = VERTEX_POINT('',#1049);
#1049 = CARTESIAN_POINT('',(160.670456,-106.212295,0.));
#1050 = CIRCLE('',#1051,0.4);
#1051 = AXIS2_PLACEMENT_3D('',#1052,#1053,#1054);
#1052 = CARTESIAN_POINT('',(160.670456,-105.812295,0.));
#1053 = DIRECTION('',(-0.,0.,-1.));
#1054 = DIRECTION('',(-0.,-1.,0.));
#1055 = FACE_BOUND('',#1056,.F.);
#1056 = EDGE_LOOP('',(#1057));
#1057 = ORIENTED_EDGE('',*,*,#1058,.T.);
#1058 = EDGE_CURVE('',#1059,#1059,#1061,.T.);
#1059 = VERTEX_POINT('',#1060);
#1060 = CARTESIAN_POINT('',(151.920456,-96.052295,0.));
#1061 = CIRCLE('',#1062,0.4);
#1062 = AXIS2_PLACEMENT_3D('',#1063,#1064,#1065);
#1063 = CARTESIAN_POINT('',(151.920456,-95.652295,0.));
#1064 = DIRECTION('',(-0.,0.,-1.));
#1065 = DIRECTION('',(-0.,-1.,0.));
#1066 = FACE_BOUND('',#1067,.F.);
#1067 = EDGE_LOOP('',(#1068));
#1068 = ORIENTED_EDGE('',*,*,#1069,.T.);
#1069 = EDGE_CURVE('',#1070,#1070,#1072,.T.);
#1070 = VERTEX_POINT('',#1071);
#1071 = CARTESIAN_POINT('',(156.770456,-101.132295,0.));
#1072 = CIRCLE('',#1073,0.4);
#1073 = AXIS2_PLACEMENT_3D('',#1074,#1075,#1076);
#1074 = CARTESIAN_POINT('',(156.770456,-100.732295,0.));
#1075 = DIRECTION('',(-0.,0.,-1.));
#1076 = DIRECTION('',(-0.,-1.,0.));
#1077 = FACE_BOUND('',#1078,.F.);
#1078 = EDGE_LOOP('',(#1079));
#1079 = ORIENTED_EDGE('',*,*,#1080,.T.);
#1080 = EDGE_CURVE('',#1081,#1081,#1083,.T.);
#1081 = VERTEX_POINT('',#1082);
#1082 = CARTESIAN_POINT('',(156.770456,-98.592295,0.));
#1083 = CIRCLE('',#1084,0.4);
#1084 = AXIS2_PLACEMENT_3D('',#1085,#1086,#1087);
#1085 = CARTESIAN_POINT('',(156.770456,-98.192295,0.));
#1086 = DIRECTION('',(-0.,0.,-1.));
#1087 = DIRECTION('',(-0.,-1.,0.));
#1088 = FACE_BOUND('',#1089,.F.);
#1089 = EDGE_LOOP('',(#1090));
#1090 = ORIENTED_EDGE('',*,*,#1091,.T.);
#1091 = EDGE_CURVE('',#1092,#1092,#1094,.T.);
#1092 = VERTEX_POINT('',#1093);
#1093 = CARTESIAN_POINT('',(160.670456,-96.052295,0.));
#1094 = CIRCLE('',#1095,0.4);
#1095 = AXIS2_PLACEMENT_3D('',#1096,#1097,#1098);
#1096 = CARTESIAN_POINT('',(160.670456,-95.652295,0.));
#1097 = DIRECTION('',(-0.,0.,-1.));
#1098 = DIRECTION('',(-0.,-1.,0.));
#1099 = FACE_BOUND('',#1100,.F.);
#1100 = EDGE_LOOP('',(#1101));
#1101 = ORIENTED_EDGE('',*,*,#1102,.T.);
#1102 = EDGE_CURVE('',#1103,#1103,#1105,.T.);
#1103 = VERTEX_POINT('',#1104);
#1104 = CARTESIAN_POINT('',(121.045456,-85.877296,0.));
#1105 = CIRCLE('',#1106,0.4);
#1106 = AXIS2_PLACEMENT_3D('',#1107,#1108,#1109);
#1107 = CARTESIAN_POINT('',(121.045456,-85.477296,0.));
#1108 = DIRECTION('',(-0.,0.,-1.));
#1109 = DIRECTION('',(-0.,-1.,0.));
#1110 = FACE_BOUND('',#1111,.F.);
#1111 = EDGE_LOOP('',(#1112));
#1112 = ORIENTED_EDGE('',*,*,#1113,.T.);
#1113 = EDGE_CURVE('',#1114,#1114,#1116,.T.);
#1114 = VERTEX_POINT('',#1115);
#1115 = CARTESIAN_POINT('',(126.400456,-88.356996,0.));
#1116 = CIRCLE('',#1117,0.4572);
#1117 = AXIS2_PLACEMENT_3D('',#1118,#1119,#1120);
#1118 = CARTESIAN_POINT('',(126.400456,-87.899796,0.));
#1119 = DIRECTION('',(-0.,0.,-1.));
#1120 = DIRECTION('',(-0.,-1.,0.));
#1121 = FACE_BOUND('',#1122,.F.);
#1122 = EDGE_LOOP('',(#1123));
#1123 = ORIENTED_EDGE('',*,*,#1124,.T.);
#1124 = EDGE_CURVE('',#1125,#1125,#1127,.T.);
#1125 = VERTEX_POINT('',#1126);
#1126 = CARTESIAN_POINT('',(126.400456,-85.816996,0.));
#1127 = CIRCLE('',#1128,0.4572);
#1128 = AXIS2_PLACEMENT_3D('',#1129,#1130,#1131);
#1129 = CARTESIAN_POINT('',(126.400456,-85.359796,0.));
#1130 = DIRECTION('',(-0.,0.,-1.));
#1131 = DIRECTION('',(-0.,-1.,0.));
#1132 = FACE_BOUND('',#1133,.F.);
#1133 = EDGE_LOOP('',(#1134));
#1134 = ORIENTED_EDGE('',*,*,#1135,.T.);
#1135 = EDGE_CURVE('',#1136,#1136,#1138,.T.);
#1136 = VERTEX_POINT('',#1137);
#1137 = CARTESIAN_POINT('',(121.045456,-83.337296,0.));
#1138 = CIRCLE('',#1139,0.4);
#1139 = AXIS2_PLACEMENT_3D('',#1140,#1141,#1142);
#1140 = CARTESIAN_POINT('',(121.045456,-82.937296,0.));
#1141 = DIRECTION('',(-0.,0.,-1.));
#1142 = DIRECTION('',(-0.,-1.,0.));
#1143 = FACE_BOUND('',#1144,.F.);
#1144 = EDGE_LOOP('',(#1145));
#1145 = ORIENTED_EDGE('',*,*,#1146,.T.);
#1146 = EDGE_CURVE('',#1147,#1147,#1149,.T.);
#1147 = VERTEX_POINT('',#1148);
#1148 = CARTESIAN_POINT('',(121.045456,-80.797296,0.));
#1149 = CIRCLE('',#1150,0.4);
#1150 = AXIS2_PLACEMENT_3D('',#1151,#1152,#1153);
#1151 = CARTESIAN_POINT('',(121.045456,-80.397296,0.));
#1152 = DIRECTION('',(-0.,0.,-1.));
#1153 = DIRECTION('',(-0.,-1.,0.));
#1154 = FACE_BOUND('',#1155,.F.);
#1155 = EDGE_LOOP('',(#1156));
#1156 = ORIENTED_EDGE('',*,*,#1157,.T.);
#1157 = EDGE_CURVE('',#1158,#1158,#1160,.T.);
#1158 = VERTEX_POINT('',#1159);
#1159 = CARTESIAN_POINT('',(121.045456,-78.257296,0.));
#1160 = CIRCLE('',#1161,0.4);
#1161 = AXIS2_PLACEMENT_3D('',#1162,#1163,#1164);
#1162 = CARTESIAN_POINT('',(121.045456,-77.857296,0.));
#1163 = DIRECTION('',(-0.,0.,-1.));
#1164 = DIRECTION('',(-0.,-1.,0.));
#1165 = FACE_BOUND('',#1166,.F.);
#1166 = EDGE_LOOP('',(#1167));
#1167 = ORIENTED_EDGE('',*,*,#1168,.T.);
#1168 = EDGE_CURVE('',#1169,#1169,#1171,.T.);
#1169 = VERTEX_POINT('',#1170);
#1170 = CARTESIAN_POINT('',(121.045456,-75.717296,0.));
#1171 = CIRCLE('',#1172,0.4);
#1172 = AXIS2_PLACEMENT_3D('',#1173,#1174,#1175);
#1173 = CARTESIAN_POINT('',(121.045456,-75.317296,0.));
#1174 = DIRECTION('',(-0.,0.,-1.));
#1175 = DIRECTION('',(-0.,-1.,0.));
#1176 = FACE_BOUND('',#1177,.F.);
#1177 = EDGE_LOOP('',(#1178));
#1178 = ORIENTED_EDGE('',*,*,#1179,.T.);
#1179 = EDGE_CURVE('',#1180,#1180,#1182,.T.);
#1180 = VERTEX_POINT('',#1181);
#1181 = CARTESIAN_POINT('',(126.400456,-83.276996,0.));
#1182 = CIRCLE('',#1183,0.4572);
#1183 = AXIS2_PLACEMENT_3D('',#1184,#1185,#1186);
#1184 = CARTESIAN_POINT('',(126.400456,-82.819796,0.));
#1185 = DIRECTION('',(-0.,0.,-1.));
#1186 = DIRECTION('',(-0.,-1.,0.));
#1187 = FACE_BOUND('',#1188,.F.);
#1188 = EDGE_LOOP('',(#1189));
#1189 = ORIENTED_EDGE('',*,*,#1190,.T.);
#1190 = EDGE_CURVE('',#1191,#1191,#1193,.T.);
#1191 = VERTEX_POINT('',#1192);
#1192 = CARTESIAN_POINT('',(126.400456,-80.736996,0.));
#1193 = CIRCLE('',#1194,0.4572);
#1194 = AXIS2_PLACEMENT_3D('',#1195,#1196,#1197);
#1195 = CARTESIAN_POINT('',(126.400456,-80.279796,0.));
#1196 = DIRECTION('',(-0.,0.,-1.));
#1197 = DIRECTION('',(-0.,-1.,0.));
#1198 = FACE_BOUND('',#1199,.F.);
#1199 = EDGE_LOOP('',(#1200));
#1200 = ORIENTED_EDGE('',*,*,#1201,.T.);
#1201 = EDGE_CURVE('',#1202,#1202,#1204,.T.);
#1202 = VERTEX_POINT('',#1203);
#1203 = CARTESIAN_POINT('',(126.400456,-78.196996,0.));
#1204 = CIRCLE('',#1205,0.4572);
#1205 = AXIS2_PLACEMENT_3D('',#1206,#1207,#1208);
#1206 = CARTESIAN_POINT('',(126.400456,-77.739796,0.));
#1207 = DIRECTION('',(-0.,0.,-1.));
#1208 = DIRECTION('',(-0.,-1.,0.));
#1209 = FACE_BOUND('',#1210,.F.);
#1210 = EDGE_LOOP('',(#1211));
#1211 = ORIENTED_EDGE('',*,*,#1212,.T.);
#1212 = EDGE_CURVE('',#1213,#1213,#1215,.T.);
#1213 = VERTEX_POINT('',#1214);
#1214 = CARTESIAN_POINT('',(126.400456,-75.656996,0.));
#1215 = CIRCLE('',#1216,0.4572);
#1216 = AXIS2_PLACEMENT_3D('',#1217,#1218,#1219);
#1217 = CARTESIAN_POINT('',(126.400456,-75.199796,0.));
#1218 = DIRECTION('',(-0.,0.,-1.));
#1219 = DIRECTION('',(-0.,-1.,0.));
#1220 = FACE_BOUND('',#1221,.F.);
#1221 = EDGE_LOOP('',(#1222));
#1222 = ORIENTED_EDGE('',*,*,#1223,.T.);
#1223 = EDGE_CURVE('',#1224,#1224,#1226,.T.);
#1224 = VERTEX_POINT('',#1225);
#1225 = CARTESIAN_POINT('',(134.020456,-88.356996,0.));
#1226 = CIRCLE('',#1227,0.4572);
#1227 = AXIS2_PLACEMENT_3D('',#1228,#1229,#1230);
#1228 = CARTESIAN_POINT('',(134.020456,-87.899796,0.));
#1229 = DIRECTION('',(-0.,0.,-1.));
#1230 = DIRECTION('',(-0.,-1.,0.));
#1231 = FACE_BOUND('',#1232,.F.);
#1232 = EDGE_LOOP('',(#1233));
#1233 = ORIENTED_EDGE('',*,*,#1234,.T.);
#1234 = EDGE_CURVE('',#1235,#1235,#1237,.T.);
#1235 = VERTEX_POINT('',#1236);
#1236 = CARTESIAN_POINT('',(134.020456,-85.816996,0.));
#1237 = CIRCLE('',#1238,0.4572);
#1238 = AXIS2_PLACEMENT_3D('',#1239,#1240,#1241);
#1239 = CARTESIAN_POINT('',(134.020456,-85.359796,0.));
#1240 = DIRECTION('',(-0.,0.,-1.));
#1241 = DIRECTION('',(-0.,-1.,0.));
#1242 = FACE_BOUND('',#1243,.F.);
#1243 = EDGE_LOOP('',(#1244));
#1244 = ORIENTED_EDGE('',*,*,#1245,.T.);
#1245 = EDGE_CURVE('',#1246,#1246,#1248,.T.);
#1246 = VERTEX_POINT('',#1247);
#1247 = CARTESIAN_POINT('',(139.020456,-83.777295,0.));
#1248 = CIRCLE('',#1249,0.5);
#1249 = AXIS2_PLACEMENT_3D('',#1250,#1251,#1252);
#1250 = CARTESIAN_POINT('',(139.020456,-83.277295,0.));
#1251 = DIRECTION('',(-0.,0.,-1.));
#1252 = DIRECTION('',(-0.,-1.,0.));
#1253 = FACE_BOUND('',#1254,.F.);
#1254 = EDGE_LOOP('',(#1255));
#1255 = ORIENTED_EDGE('',*,*,#1256,.T.);
#1256 = EDGE_CURVE('',#1257,#1257,#1259,.T.);
#1257 = VERTEX_POINT('',#1258);
#1258 = CARTESIAN_POINT('',(134.020456,-83.276996,0.));
#1259 = CIRCLE('',#1260,0.4572);
#1260 = AXIS2_PLACEMENT_3D('',#1261,#1262,#1263);
#1261 = CARTESIAN_POINT('',(134.020456,-82.819796,0.));
#1262 = DIRECTION('',(-0.,0.,-1.));
#1263 = DIRECTION('',(-0.,-1.,0.));
#1264 = FACE_BOUND('',#1265,.F.);
#1265 = EDGE_LOOP('',(#1266));
#1266 = ORIENTED_EDGE('',*,*,#1267,.T.);
#1267 = EDGE_CURVE('',#1268,#1268,#1270,.T.);
#1268 = VERTEX_POINT('',#1269);
#1269 = CARTESIAN_POINT('',(134.020456,-80.736996,0.));
#1270 = CIRCLE('',#1271,0.4572);
#1271 = AXIS2_PLACEMENT_3D('',#1272,#1273,#1274);
#1272 = CARTESIAN_POINT('',(134.020456,-80.279796,0.));
#1273 = DIRECTION('',(-0.,0.,-1.));
#1274 = DIRECTION('',(-0.,-1.,0.));
#1275 = FACE_BOUND('',#1276,.F.);
#1276 = EDGE_LOOP('',(#1277));
#1277 = ORIENTED_EDGE('',*,*,#1278,.T.);
#1278 = EDGE_CURVE('',#1279,#1279,#1281,.T.);
#1279 = VERTEX_POINT('',#1280);
#1280 = CARTESIAN_POINT('',(134.020456,-78.196996,0.));
#1281 = CIRCLE('',#1282,0.4572);
#1282 = AXIS2_PLACEMENT_3D('',#1283,#1284,#1285);
#1283 = CARTESIAN_POINT('',(134.020456,-77.739796,0.));
#1284 = DIRECTION('',(-0.,0.,-1.));
#1285 = DIRECTION('',(-0.,-1.,0.));
#1286 = FACE_BOUND('',#1287,.F.);
#1287 = EDGE_LOOP('',(#1288));
#1288 = ORIENTED_EDGE('',*,*,#1289,.T.);
#1289 = EDGE_CURVE('',#1290,#1290,#1292,.T.);
#1290 = VERTEX_POINT('',#1291);
#1291 = CARTESIAN_POINT('',(134.020456,-75.656996,0.));
#1292 = CIRCLE('',#1293,0.4572);
#1293 = AXIS2_PLACEMENT_3D('',#1294,#1295,#1296);
#1294 = CARTESIAN_POINT('',(134.020456,-75.199796,0.));
#1295 = DIRECTION('',(-0.,0.,-1.));
#1296 = DIRECTION('',(-0.,-1.,0.));
#1297 = FACE_BOUND('',#1298,.F.);
#1298 = EDGE_LOOP('',(#1299));
#1299 = ORIENTED_EDGE('',*,*,#1300,.T.);
#1300 = EDGE_CURVE('',#1301,#1301,#1303,.T.);
#1301 = VERTEX_POINT('',#1302);
#1302 = CARTESIAN_POINT('',(139.020456,-81.237295,0.));
#1303 = CIRCLE('',#1304,0.5);
#1304 = AXIS2_PLACEMENT_3D('',#1305,#1306,#1307);
#1305 = CARTESIAN_POINT('',(139.020456,-80.737295,0.));
#1306 = DIRECTION('',(-0.,0.,-1.));
#1307 = DIRECTION('',(-0.,-1.,0.));
#1308 = FACE_BOUND('',#1309,.F.);
#1309 = EDGE_LOOP('',(#1310));
#1310 = ORIENTED_EDGE('',*,*,#1311,.T.);
#1311 = EDGE_CURVE('',#1312,#1312,#1314,.T.);
#1312 = VERTEX_POINT('',#1313);
#1313 = CARTESIAN_POINT('',(139.020456,-78.697295,0.));
#1314 = CIRCLE('',#1315,0.5);
#1315 = AXIS2_PLACEMENT_3D('',#1316,#1317,#1318);
#1316 = CARTESIAN_POINT('',(139.020456,-78.197295,0.));
#1317 = DIRECTION('',(-0.,0.,-1.));
#1318 = DIRECTION('',(-0.,-1.,0.));
#1319 = FACE_BOUND('',#1320,.F.);
#1320 = EDGE_LOOP('',(#1321));
#1321 = ORIENTED_EDGE('',*,*,#1322,.T.);
#1322 = EDGE_CURVE('',#1323,#1323,#1325,.T.);
#1323 = VERTEX_POINT('',#1324);
#1324 = CARTESIAN_POINT('',(139.020456,-76.157295,0.));
#1325 = CIRCLE('',#1326,0.5);
#1326 = AXIS2_PLACEMENT_3D('',#1327,#1328,#1329);
#1327 = CARTESIAN_POINT('',(139.020456,-75.657295,0.));
#1328 = DIRECTION('',(-0.,0.,-1.));
#1329 = DIRECTION('',(-0.,-1.,0.));
#1330 = FACE_BOUND('',#1331,.F.);
#1331 = EDGE_LOOP('',(#1332));
#1332 = ORIENTED_EDGE('',*,*,#1333,.T.);
#1333 = EDGE_CURVE('',#1334,#1334,#1336,.T.);
#1334 = VERTEX_POINT('',#1335);
#1335 = CARTESIAN_POINT('',(139.020456,-73.617295,0.));
#1336 = CIRCLE('',#1337,0.5);
#1337 = AXIS2_PLACEMENT_3D('',#1338,#1339,#1340);
#1338 = CARTESIAN_POINT('',(139.020456,-73.117295,0.));
#1339 = DIRECTION('',(-0.,0.,-1.));
#1340 = DIRECTION('',(-0.,-1.,0.));
#1341 = FACE_BOUND('',#1342,.F.);
#1342 = EDGE_LOOP('',(#1343));
#1343 = ORIENTED_EDGE('',*,*,#1344,.T.);
#1344 = EDGE_CURVE('',#1345,#1345,#1347,.T.);
#1345 = VERTEX_POINT('',#1346);
#1346 = CARTESIAN_POINT('',(121.045456,-73.177296,0.));
#1347 = CIRCLE('',#1348,0.4);
#1348 = AXIS2_PLACEMENT_3D('',#1349,#1350,#1351);
#1349 = CARTESIAN_POINT('',(121.045456,-72.777296,0.));
#1350 = DIRECTION('',(-0.,0.,-1.));
#1351 = DIRECTION('',(-0.,-1.,0.));
#1352 = FACE_BOUND('',#1353,.F.);
#1353 = EDGE_LOOP('',(#1354));
#1354 = ORIENTED_EDGE('',*,*,#1355,.T.);
#1355 = EDGE_CURVE('',#1356,#1356,#1358,.T.);
#1356 = VERTEX_POINT('',#1357);
#1357 = CARTESIAN_POINT('',(121.045456,-70.637296,0.));
#1358 = CIRCLE('',#1359,0.4);
#1359 = AXIS2_PLACEMENT_3D('',#1360,#1361,#1362);
#1360 = CARTESIAN_POINT('',(121.045456,-70.237296,0.));
#1361 = DIRECTION('',(-0.,0.,-1.));
#1362 = DIRECTION('',(-0.,-1.,0.));
#1363 = FACE_BOUND('',#1364,.F.);
#1364 = EDGE_LOOP('',(#1365));
#1365 = ORIENTED_EDGE('',*,*,#1366,.T.);
#1366 = EDGE_CURVE('',#1367,#1367,#1369,.T.);
#1367 = VERTEX_POINT('',#1368);
#1368 = CARTESIAN_POINT('',(121.045456,-68.097296,0.));
#1369 = CIRCLE('',#1370,0.4);
#1370 = AXIS2_PLACEMENT_3D('',#1371,#1372,#1373);
#1371 = CARTESIAN_POINT('',(121.045456,-67.697296,0.));
#1372 = DIRECTION('',(-0.,0.,-1.));
#1373 = DIRECTION('',(-0.,-1.,0.));
#1374 = FACE_BOUND('',#1375,.F.);
#1375 = EDGE_LOOP('',(#1376));
#1376 = ORIENTED_EDGE('',*,*,#1377,.T.);
#1377 = EDGE_CURVE('',#1378,#1378,#1380,.T.);
#1378 = VERTEX_POINT('',#1379);
#1379 = CARTESIAN_POINT('',(126.400456,-73.116996,0.));
#1380 = CIRCLE('',#1381,0.4572);
#1381 = AXIS2_PLACEMENT_3D('',#1382,#1383,#1384);
#1382 = CARTESIAN_POINT('',(126.400456,-72.659796,0.));
#1383 = DIRECTION('',(-0.,0.,-1.));
#1384 = DIRECTION('',(-0.,-1.,0.));
#1385 = FACE_BOUND('',#1386,.F.);
#1386 = EDGE_LOOP('',(#1387));
#1387 = ORIENTED_EDGE('',*,*,#1388,.T.);
#1388 = EDGE_CURVE('',#1389,#1389,#1391,.T.);
#1389 = VERTEX_POINT('',#1390);
#1390 = CARTESIAN_POINT('',(126.400456,-70.576996,0.));
#1391 = CIRCLE('',#1392,0.4572);
#1392 = AXIS2_PLACEMENT_3D('',#1393,#1394,#1395);
#1393 = CARTESIAN_POINT('',(126.400456,-70.119796,0.));
#1394 = DIRECTION('',(-0.,0.,-1.));
#1395 = DIRECTION('',(-0.,-1.,0.));
#1396 = FACE_BOUND('',#1397,.F.);
#1397 = EDGE_LOOP('',(#1398));
#1398 = ORIENTED_EDGE('',*,*,#1399,.T.);
#1399 = EDGE_CURVE('',#1400,#1400,#1402,.T.);
#1400 = VERTEX_POINT('',#1401);
#1401 = CARTESIAN_POINT('',(126.400456,-68.036996,0.));
#1402 = CIRCLE('',#1403,0.4572);
#1403 = AXIS2_PLACEMENT_3D('',#1404,#1405,#1406);
#1404 = CARTESIAN_POINT('',(126.400456,-67.579796,0.));
#1405 = DIRECTION('',(-0.,0.,-1.));
#1406 = DIRECTION('',(-0.,-1.,0.));
#1407 = FACE_BOUND('',#1408,.F.);
#1408 = EDGE_LOOP('',(#1409));
#1409 = ORIENTED_EDGE('',*,*,#1410,.T.);
#1410 = EDGE_CURVE('',#1411,#1411,#1413,.T.);
#1411 = VERTEX_POINT('',#1412);
#1412 = CARTESIAN_POINT('',(126.400456,-65.496996,0.));
#1413 = CIRCLE('',#1414,0.4572);
#1414 = AXIS2_PLACEMENT_3D('',#1415,#1416,#1417);
#1415 = CARTESIAN_POINT('',(126.400456,-65.039796,0.));
#1416 = DIRECTION('',(-0.,0.,-1.));
#1417 = DIRECTION('',(-0.,-1.,0.));
#1418 = FACE_BOUND('',#1419,.F.);
#1419 = EDGE_LOOP('',(#1420));
#1420 = ORIENTED_EDGE('',*,*,#1421,.T.);
#1421 = EDGE_CURVE('',#1422,#1422,#1424,.T.);
#1422 = VERTEX_POINT('',#1423);
#1423 = CARTESIAN_POINT('',(126.720456,-56.447295,0.));
#1424 = CIRCLE('',#1425,0.5);
#1425 = AXIS2_PLACEMENT_3D('',#1426,#1427,#1428);
#1426 = CARTESIAN_POINT('',(126.720456,-55.947295,0.));
#1427 = DIRECTION('',(-0.,0.,-1.));
#1428 = DIRECTION('',(-0.,-1.,0.));
#1429 = FACE_BOUND('',#1430,.F.);
#1430 = EDGE_LOOP('',(#1431));
#1431 = ORIENTED_EDGE('',*,*,#1432,.T.);
#1432 = EDGE_CURVE('',#1433,#1433,#1435,.T.);
#1433 = VERTEX_POINT('',#1434);
#1434 = CARTESIAN_POINT('',(126.720456,-53.907295,0.));
#1435 = CIRCLE('',#1436,0.5);
#1436 = AXIS2_PLACEMENT_3D('',#1437,#1438,#1439);
#1437 = CARTESIAN_POINT('',(126.720456,-53.407295,0.));
#1438 = DIRECTION('',(-0.,0.,-1.));
#1439 = DIRECTION('',(-0.,-1.,0.));
#1440 = FACE_BOUND('',#1441,.F.);
#1441 = EDGE_LOOP('',(#1442));
#1442 = ORIENTED_EDGE('',*,*,#1443,.T.);
#1443 = EDGE_CURVE('',#1444,#1444,#1446,.T.);
#1444 = VERTEX_POINT('',#1445);
#1445 = CARTESIAN_POINT('',(134.020456,-73.116996,0.));
#1446 = CIRCLE('',#1447,0.4572);
#1447 = AXIS2_PLACEMENT_3D('',#1448,#1449,#1450);
#1448 = CARTESIAN_POINT('',(134.020456,-72.659796,0.));
#1449 = DIRECTION('',(-0.,0.,-1.));
#1450 = DIRECTION('',(-0.,-1.,0.));
#1451 = FACE_BOUND('',#1452,.F.);
#1452 = EDGE_LOOP('',(#1453));
#1453 = ORIENTED_EDGE('',*,*,#1454,.T.);
#1454 = EDGE_CURVE('',#1455,#1455,#1457,.T.);
#1455 = VERTEX_POINT('',#1456);
#1456 = CARTESIAN_POINT('',(134.020456,-70.576996,0.));
#1457 = CIRCLE('',#1458,0.4572);
#1458 = AXIS2_PLACEMENT_3D('',#1459,#1460,#1461);
#1459 = CARTESIAN_POINT('',(134.020456,-70.119796,0.));
#1460 = DIRECTION('',(-0.,0.,-1.));
#1461 = DIRECTION('',(-0.,-1.,0.));
#1462 = FACE_BOUND('',#1463,.F.);
#1463 = EDGE_LOOP('',(#1464));
#1464 = ORIENTED_EDGE('',*,*,#1465,.T.);
#1465 = EDGE_CURVE('',#1466,#1466,#1468,.T.);
#1466 = VERTEX_POINT('',#1467);
#1467 = CARTESIAN_POINT('',(134.020456,-68.036996,0.));
#1468 = CIRCLE('',#1469,0.4572);
#1469 = AXIS2_PLACEMENT_3D('',#1470,#1471,#1472);
#1470 = CARTESIAN_POINT('',(134.020456,-67.579796,0.));
#1471 = DIRECTION('',(-0.,0.,-1.));
#1472 = DIRECTION('',(-0.,-1.,0.));
#1473 = FACE_BOUND('',#1474,.F.);
#1474 = EDGE_LOOP('',(#1475));
#1475 = ORIENTED_EDGE('',*,*,#1476,.T.);
#1476 = EDGE_CURVE('',#1477,#1477,#1479,.T.);
#1477 = VERTEX_POINT('',#1478);
#1478 = CARTESIAN_POINT('',(134.020456,-65.496996,0.));
#1479 = CIRCLE('',#1480,0.4572);
#1480 = AXIS2_PLACEMENT_3D('',#1481,#1482,#1483);
#1481 = CARTESIAN_POINT('',(134.020456,-65.039796,0.));
#1482 = DIRECTION('',(-0.,0.,-1.));
#1483 = DIRECTION('',(-0.,-1.,0.));
#1484 = FACE_BOUND('',#1485,.F.);
#1485 = EDGE_LOOP('',(#1486));
#1486 = ORIENTED_EDGE('',*,*,#1487,.T.);
#1487 = EDGE_CURVE('',#1488,#1488,#1490,.T.);
#1488 = VERTEX_POINT('',#1489);
#1489 = CARTESIAN_POINT('',(139.020456,-71.077295,0.));
#1490 = CIRCLE('',#1491,0.5);
#1491 = AXIS2_PLACEMENT_3D('',#1492,#1493,#1494);
#1492 = CARTESIAN_POINT('',(139.020456,-70.577295,0.));
#1493 = DIRECTION('',(-0.,0.,-1.));
#1494 = DIRECTION('',(-0.,-1.,0.));
#1495 = FACE_BOUND('',#1496,.F.);
#1496 = EDGE_LOOP('',(#1497));
#1497 = ORIENTED_EDGE('',*,*,#1498,.T.);
#1498 = EDGE_CURVE('',#1499,#1499,#1501,.T.);
#1499 = VERTEX_POINT('',#1500);
#1500 = CARTESIAN_POINT('',(131.120456,-56.447295,0.));
#1501 = CIRCLE('',#1502,0.5);
#1502 = AXIS2_PLACEMENT_3D('',#1503,#1504,#1505);
#1503 = CARTESIAN_POINT('',(131.120456,-55.947295,0.));
#1504 = DIRECTION('',(-0.,0.,-1.));
#1505 = DIRECTION('',(-0.,-1.,0.));
#1506 = FACE_BOUND('',#1507,.F.);
#1507 = EDGE_LOOP('',(#1508));
#1508 = ORIENTED_EDGE('',*,*,#1509,.T.);
#1509 = EDGE_CURVE('',#1510,#1510,#1512,.T.);
#1510 = VERTEX_POINT('',#1511);
#1511 = CARTESIAN_POINT('',(131.120456,-53.907295,0.));
#1512 = CIRCLE('',#1513,0.5);
#1513 = AXIS2_PLACEMENT_3D('',#1514,#1515,#1516);
#1514 = CARTESIAN_POINT('',(131.120456,-53.407295,0.));
#1515 = DIRECTION('',(-0.,0.,-1.));
#1516 = DIRECTION('',(-0.,-1.,0.));
#1517 = FACE_BOUND('',#1518,.F.);
#1518 = EDGE_LOOP('',(#1519));
#1519 = ORIENTED_EDGE('',*,*,#1520,.T.);
#1520 = EDGE_CURVE('',#1521,#1521,#1523,.T.);
#1521 = VERTEX_POINT('',#1522);
#1522 = CARTESIAN_POINT('',(135.970456,-57.632295,0.));
#1523 = CIRCLE('',#1524,0.4);
#1524 = AXIS2_PLACEMENT_3D('',#1525,#1526,#1527);
#1525 = CARTESIAN_POINT('',(135.970456,-57.232295,0.));
#1526 = DIRECTION('',(-0.,0.,-1.));
#1527 = DIRECTION('',(-0.,-1.,0.));
#1528 = FACE_BOUND('',#1529,.F.);
#1529 = EDGE_LOOP('',(#1530));
#1530 = ORIENTED_EDGE('',*,*,#1531,.T.);
#1531 = EDGE_CURVE('',#1532,#1532,#1534,.T.);
#1532 = VERTEX_POINT('',#1533);
#1533 = CARTESIAN_POINT('',(138.470456,-57.632295,0.));
#1534 = CIRCLE('',#1535,0.4);
#1535 = AXIS2_PLACEMENT_3D('',#1536,#1537,#1538);
#1536 = CARTESIAN_POINT('',(138.470456,-57.232295,0.));
#1537 = DIRECTION('',(-0.,0.,-1.));
#1538 = DIRECTION('',(-0.,-1.,0.));
#1539 = FACE_BOUND('',#1540,.F.);
#1540 = EDGE_LOOP('',(#1541));
#1541 = ORIENTED_EDGE('',*,*,#1542,.T.);
#1542 = EDGE_CURVE('',#1543,#1543,#1545,.T.);
#1543 = VERTEX_POINT('',#1544);
#1544 = CARTESIAN_POINT('',(149.420456,-83.777295,0.));
#1545 = CIRCLE('',#1546,0.5);
#1546 = AXIS2_PLACEMENT_3D('',#1547,#1548,#1549);
#1547 = CARTESIAN_POINT('',(149.420456,-83.277295,0.));
#1548 = DIRECTION('',(-0.,0.,-1.));
#1549 = DIRECTION('',(-0.,-1.,0.));
#1550 = FACE_BOUND('',#1551,.F.);
#1551 = EDGE_LOOP('',(#1552));
#1552 = ORIENTED_EDGE('',*,*,#1553,.T.);
#1553 = EDGE_CURVE('',#1554,#1554,#1556,.T.);
#1554 = VERTEX_POINT('',#1555);
#1555 = CARTESIAN_POINT('',(149.420456,-81.237295,0.));
#1556 = CIRCLE('',#1557,0.5);
#1557 = AXIS2_PLACEMENT_3D('',#1558,#1559,#1560);
#1558 = CARTESIAN_POINT('',(149.420456,-80.737295,0.));
#1559 = DIRECTION('',(-0.,0.,-1.));
#1560 = DIRECTION('',(-0.,-1.,0.));
#1561 = FACE_BOUND('',#1562,.F.);
#1562 = EDGE_LOOP('',(#1563));
#1563 = ORIENTED_EDGE('',*,*,#1564,.T.);
#1564 = EDGE_CURVE('',#1565,#1565,#1567,.T.);
#1565 = VERTEX_POINT('',#1566);
#1566 = CARTESIAN_POINT('',(149.420456,-78.697295,0.));
#1567 = CIRCLE('',#1568,0.5);
#1568 = AXIS2_PLACEMENT_3D('',#1569,#1570,#1571);
#1569 = CARTESIAN_POINT('',(149.420456,-78.197295,0.));
#1570 = DIRECTION('',(-0.,0.,-1.));
#1571 = DIRECTION('',(-0.,-1.,0.));
#1572 = FACE_BOUND('',#1573,.F.);
#1573 = EDGE_LOOP('',(#1574));
#1574 = ORIENTED_EDGE('',*,*,#1575,.T.);
#1575 = EDGE_CURVE('',#1576,#1576,#1578,.T.);
#1576 = VERTEX_POINT('',#1577);
#1577 = CARTESIAN_POINT('',(149.420456,-76.157295,0.));
#1578 = CIRCLE('',#1579,0.5);
#1579 = AXIS2_PLACEMENT_3D('',#1580,#1581,#1582);
#1580 = CARTESIAN_POINT('',(149.420456,-75.657295,0.));
#1581 = DIRECTION('',(-0.,0.,-1.));
#1582 = DIRECTION('',(-0.,-1.,0.));
#1583 = FACE_BOUND('',#1584,.F.);
#1584 = EDGE_LOOP('',(#1585));
#1585 = ORIENTED_EDGE('',*,*,#1586,.T.);
#1586 = EDGE_CURVE('',#1587,#1587,#1589,.T.);
#1587 = VERTEX_POINT('',#1588);
#1588 = CARTESIAN_POINT('',(149.420456,-73.617295,0.));
#1589 = CIRCLE('',#1590,0.5);
#1590 = AXIS2_PLACEMENT_3D('',#1591,#1592,#1593);
#1591 = CARTESIAN_POINT('',(149.420456,-73.117295,0.));
#1592 = DIRECTION('',(-0.,0.,-1.));
#1593 = DIRECTION('',(-0.,-1.,0.));
#1594 = FACE_BOUND('',#1595,.F.);
#1595 = EDGE_LOOP('',(#1596));
#1596 = ORIENTED_EDGE('',*,*,#1597,.T.);
#1597 = EDGE_CURVE('',#1598,#1598,#1600,.T.);
#1598 = VERTEX_POINT('',#1599);
#1599 = CARTESIAN_POINT('',(149.420456,-71.077295,0.));
#1600 = CIRCLE('',#1601,0.5);
#1601 = AXIS2_PLACEMENT_3D('',#1602,#1603,#1604);
#1602 = CARTESIAN_POINT('',(149.420456,-70.577295,0.));
#1603 = DIRECTION('',(-0.,0.,-1.));
#1604 = DIRECTION('',(-0.,-1.,0.));
#1605 = FACE_BOUND('',#1606,.F.);
#1606 = EDGE_LOOP('',(#1607));
#1607 = ORIENTED_EDGE('',*,*,#1608,.T.);
#1608 = EDGE_CURVE('',#1609,#1609,#1611,.T.);
#1609 = VERTEX_POINT('',#1610);
#1610 = CARTESIAN_POINT('',(143.105456,-58.182295,0.));
#1611 = CIRCLE('',#1612,0.45);
#1612 = AXIS2_PLACEMENT_3D('',#1613,#1614,#1615);
#1613 = CARTESIAN_POINT('',(143.105456,-57.732295,0.));
#1614 = DIRECTION('',(-0.,0.,-1.));
#1615 = DIRECTION('',(-0.,-1.,0.));
#1616 = FACE_BOUND('',#1617,.F.);
#1617 = EDGE_LOOP('',(#1618));
#1618 = ORIENTED_EDGE('',*,*,#1619,.T.);
#1619 = EDGE_CURVE('',#1620,#1620,#1622,.T.);
#1620 = VERTEX_POINT('',#1621);
#1621 = CARTESIAN_POINT('',(145.645456,-58.182295,0.));
#1622 = CIRCLE('',#1623,0.45);
#1623 = AXIS2_PLACEMENT_3D('',#1624,#1625,#1626);
#1624 = CARTESIAN_POINT('',(145.645456,-57.732295,0.));
#1625 = DIRECTION('',(-0.,0.,-1.));
#1626 = DIRECTION('',(-6.315935428979E-14,-1.,0.));
#1627 = FACE_BOUND('',#1628,.F.);
#1628 = EDGE_LOOP('',(#1629));
#1629 = ORIENTED_EDGE('',*,*,#1630,.T.);
#1630 = EDGE_CURVE('',#1631,#1631,#1633,.T.);
#1631 = VERTEX_POINT('',#1632);
#1632 = CARTESIAN_POINT('',(140.915456,-53.282295,0.));
#1633 = CIRCLE('',#1634,0.4);
#1634 = AXIS2_PLACEMENT_3D('',#1635,#1636,#1637);
#1635 = CARTESIAN_POINT('',(140.915456,-52.882295,0.));
#1636 = DIRECTION('',(-0.,0.,-1.));
#1637 = DIRECTION('',(-0.,-1.,0.));
#1638 = FACE_BOUND('',#1639,.F.);
#1639 = EDGE_LOOP('',(#1640));
#1640 = ORIENTED_EDGE('',*,*,#1641,.T.);
#1641 = EDGE_CURVE('',#1642,#1642,#1644,.T.);
#1642 = VERTEX_POINT('',#1643);
#1643 = CARTESIAN_POINT('',(154.420456,-64.067295,0.));
#1644 = CIRCLE('',#1645,0.5);
#1645 = AXIS2_PLACEMENT_3D('',#1646,#1647,#1648);
#1646 = CARTESIAN_POINT('',(154.420456,-63.567295,0.));
#1647 = DIRECTION('',(-0.,0.,-1.));
#1648 = DIRECTION('',(-0.,-1.,0.));
#1649 = FACE_BOUND('',#1650,.F.);
#1650 = EDGE_LOOP('',(#1651));
#1651 = ORIENTED_EDGE('',*,*,#1652,.T.);
#1652 = EDGE_CURVE('',#1653,#1653,#1655,.T.);
#1653 = VERTEX_POINT('',#1654);
#1654 = CARTESIAN_POINT('',(154.420456,-61.527295,0.));
#1655 = CIRCLE('',#1656,0.5);
#1656 = AXIS2_PLACEMENT_3D('',#1657,#1658,#1659);
#1657 = CARTESIAN_POINT('',(154.420456,-61.027295,0.));
#1658 = DIRECTION('',(-0.,0.,-1.));
#1659 = DIRECTION('',(-0.,-1.,0.));
#1660 = FACE_BOUND('',#1661,.F.);
#1661 = EDGE_LOOP('',(#1662));
#1662 = ORIENTED_EDGE('',*,*,#1663,.T.);
#1663 = EDGE_CURVE('',#1664,#1664,#1666,.T.);
#1664 = VERTEX_POINT('',#1665);
#1665 = CARTESIAN_POINT('',(154.420456,-58.987295,0.));
#1666 = CIRCLE('',#1667,0.5);
#1667 = AXIS2_PLACEMENT_3D('',#1668,#1669,#1670);
#1668 = CARTESIAN_POINT('',(154.420456,-58.487295,0.));
#1669 = DIRECTION('',(-0.,0.,-1.));
#1670 = DIRECTION('',(-0.,-1.,0.));
#1671 = FACE_BOUND('',#1672,.F.);
#1672 = EDGE_LOOP('',(#1673));
#1673 = ORIENTED_EDGE('',*,*,#1674,.T.);
#1674 = EDGE_CURVE('',#1675,#1675,#1677,.T.);
#1675 = VERTEX_POINT('',#1676);
#1676 = CARTESIAN_POINT('',(151.075456,-53.282295,0.));
#1677 = CIRCLE('',#1678,0.4);
#1678 = AXIS2_PLACEMENT_3D('',#1679,#1680,#1681);
#1679 = CARTESIAN_POINT('',(151.075456,-52.882295,0.));
#1680 = DIRECTION('',(-0.,0.,-1.));
#1681 = DIRECTION('',(-0.,-1.,0.));
#1682 = FACE_BOUND('',#1683,.F.);
#1683 = EDGE_LOOP('',(#1684));
#1684 = ORIENTED_EDGE('',*,*,#1685,.T.);
#1685 = EDGE_CURVE('',#1686,#1686,#1688,.T.);
#1686 = VERTEX_POINT('',#1687);
#1687 = CARTESIAN_POINT('',(154.420456,-56.447295,0.));
#1688 = CIRCLE('',#1689,0.5);
#1689 = AXIS2_PLACEMENT_3D('',#1690,#1691,#1692);
#1690 = CARTESIAN_POINT('',(154.420456,-55.947295,0.));
#1691 = DIRECTION('',(-0.,0.,-1.));
#1692 = DIRECTION('',(-0.,-1.,0.));
#1693 = FACE_BOUND('',#1694,.F.);
#1694 = EDGE_LOOP('',(#1695));
#1695 = ORIENTED_EDGE('',*,*,#1696,.T.);
#1696 = EDGE_CURVE('',#1697,#1697,#1699,.T.);
#1697 = VERTEX_POINT('',#1698);
#1698 = CARTESIAN_POINT('',(154.420456,-53.907295,0.));
#1699 = CIRCLE('',#1700,0.5);
#1700 = AXIS2_PLACEMENT_3D('',#1701,#1702,#1703);
#1701 = CARTESIAN_POINT('',(154.420456,-53.407295,0.));
#1702 = DIRECTION('',(-0.,0.,-1.));
#1703 = DIRECTION('',(-0.,-1.,0.));
#1704 = PLANE('',#1705);
#1705 = AXIS2_PLACEMENT_3D('',#1706,#1707,#1708);
#1706 = CARTESIAN_POINT('',(0.,0.,0.));
#1707 = DIRECTION('',(0.,0.,1.));
#1708 = DIRECTION('',(1.,0.,-0.));
#1709 = ADVANCED_FACE('',(#1710,#1756,#1767,#1778,#1789,#1800,#1811,
    #1822,#1833,#1844,#1855,#1866,#1877,#1888,#1899,#1910,#1921,#1932,
    #1943,#1954,#1965,#1976,#1987,#1998,#2009,#2020,#2031,#2042,#2053,
    #2064,#2075,#2086,#2097,#2108,#2119,#2130,#2141,#2152,#2163,#2174,
    #2185,#2196,#2207,#2218,#2229,#2240,#2251,#2262,#2273,#2284,#2295,
    #2306,#2317,#2328,#2339,#2350,#2361,#2372,#2383,#2394,#2405,#2416,
    #2427,#2438,#2449,#2460,#2471,#2482,#2493,#2504,#2515,#2526,#2537,
    #2548,#2559,#2570,#2581,#2592,#2603,#2614,#2625,#2636,#2647,#2658,
    #2669,#2680,#2691,#2702,#2713,#2724,#2735,#2746,#2757,#2768,#2779,
    #2790,#2801,#2812,#2823,#2834,#2845,#2856,#2867,#2878,#2889,#2900,
    #2911,#2922,#2933,#2944,#2955,#2966,#2977,#2988,#2999,#3010,#3021,
    #3032,#3043,#3054,#3065,#3076,#3087,#3098,#3109,#3120,#3131,#3142,
    #3153,#3164,#3175,#3186,#3197,#3208,#3219,#3230,#3241,#3252,#3263),
  #3274,.T.);
#1710 = FACE_BOUND('',#1711,.T.);
#1711 = EDGE_LOOP('',(#1712,#1713,#1714,#1723,#1731,#1740,#1748,#1755));
#1712 = ORIENTED_EDGE('',*,*,#49,.F.);
#1713 = ORIENTED_EDGE('',*,*,#91,.F.);
#1714 = ORIENTED_EDGE('',*,*,#1715,.F.);
#1715 = EDGE_CURVE('',#1716,#84,#1718,.T.);
#1716 = VERTEX_POINT('',#1717);
#1717 = CARTESIAN_POINT('',(118.070456,-51.267295,1.51));
#1718 = CIRCLE('',#1719,0.999999252925);
#1719 = AXIS2_PLACEMENT_3D('',#1720,#1721,#1722);
#1720 = CARTESIAN_POINT('',(119.07045525292,-51.26729425292,1.51));
#1721 = DIRECTION('',(0.,0.,-1.));
#1722 = DIRECTION('',(-1.,-7.470757278485E-07,-0.));
#1723 = ORIENTED_EDGE('',*,*,#1724,.F.);
#1724 = EDGE_CURVE('',#1725,#1716,#1727,.T.);
#1725 = VERTEX_POINT('',#1726);
#1726 = CARTESIAN_POINT('',(118.070456,-135.267295,1.51));
#1727 = LINE('',#1728,#1729);
#1728 = CARTESIAN_POINT('',(118.070456,-135.267295,1.51));
#1729 = VECTOR('',#1730,1.);
#1730 = DIRECTION('',(0.,1.,0.));
#1731 = ORIENTED_EDGE('',*,*,#1732,.F.);
#1732 = EDGE_CURVE('',#1733,#1725,#1735,.T.);
#1733 = VERTEX_POINT('',#1734);
#1734 = CARTESIAN_POINT('',(119.070456,-136.267295,1.51));
#1735 = CIRCLE('',#1736,0.999999252925);
#1736 = AXIS2_PLACEMENT_3D('',#1737,#1738,#1739);
#1737 = CARTESIAN_POINT('',(119.07045525292,-135.267295747,1.51));
#1738 = DIRECTION('',(0.,0.,-1.));
#1739 = DIRECTION('',(7.470757349539E-07,-1.,0.));
#1740 = ORIENTED_EDGE('',*,*,#1741,.F.);
#1741 = EDGE_CURVE('',#1742,#1733,#1744,.T.);
#1742 = VERTEX_POINT('',#1743);
#1743 = CARTESIAN_POINT('',(162.070456,-136.267295,1.51));
#1744 = LINE('',#1745,#1746);
#1745 = CARTESIAN_POINT('',(162.070456,-136.267295,1.51));
#1746 = VECTOR('',#1747,1.);
#1747 = DIRECTION('',(-1.,0.,0.));
#1748 = ORIENTED_EDGE('',*,*,#1749,.F.);
#1749 = EDGE_CURVE('',#114,#1742,#1750,.T.);
#1750 = CIRCLE('',#1751,0.999999252925);
#1751 = AXIS2_PLACEMENT_3D('',#1752,#1753,#1754);
#1752 = CARTESIAN_POINT('',(162.07045674707,-135.267295747,1.51));
#1753 = DIRECTION('',(0.,0.,-1.));
#1754 = DIRECTION('',(1.,7.470757065322E-07,0.));
#1755 = ORIENTED_EDGE('',*,*,#113,.F.);
#1756 = FACE_BOUND('',#1757,.T.);
#1757 = EDGE_LOOP('',(#1758));
#1758 = ORIENTED_EDGE('',*,*,#1759,.T.);
#1759 = EDGE_CURVE('',#1760,#1760,#1762,.T.);
#1760 = VERTEX_POINT('',#1761);
#1761 = CARTESIAN_POINT('',(126.720456,-132.642295,1.51));
#1762 = CIRCLE('',#1763,0.5);
#1763 = AXIS2_PLACEMENT_3D('',#1764,#1765,#1766);
#1764 = CARTESIAN_POINT('',(126.720456,-132.142295,1.51));
#1765 = DIRECTION('',(-0.,0.,-1.));
#1766 = DIRECTION('',(-0.,-1.,0.));
#1767 = FACE_BOUND('',#1768,.T.);
#1768 = EDGE_LOOP('',(#1769));
#1769 = ORIENTED_EDGE('',*,*,#1770,.T.);
#1770 = EDGE_CURVE('',#1771,#1771,#1773,.T.);
#1771 = VERTEX_POINT('',#1772);
#1772 = CARTESIAN_POINT('',(126.720456,-130.102295,1.51));
#1773 = CIRCLE('',#1774,0.5);
#1774 = AXIS2_PLACEMENT_3D('',#1775,#1776,#1777);
#1775 = CARTESIAN_POINT('',(126.720456,-129.602295,1.51));
#1776 = DIRECTION('',(-0.,0.,-1.));
#1777 = DIRECTION('',(-0.,-1.,0.));
#1778 = FACE_BOUND('',#1779,.T.);
#1779 = EDGE_LOOP('',(#1780));
#1780 = ORIENTED_EDGE('',*,*,#1781,.T.);
#1781 = EDGE_CURVE('',#1782,#1782,#1784,.T.);
#1782 = VERTEX_POINT('',#1783);
#1783 = CARTESIAN_POINT('',(126.720456,-127.562295,1.51));
#1784 = CIRCLE('',#1785,0.5);
#1785 = AXIS2_PLACEMENT_3D('',#1786,#1787,#1788);
#1786 = CARTESIAN_POINT('',(126.720456,-127.062295,1.51));
#1787 = DIRECTION('',(-0.,0.,-1.));
#1788 = DIRECTION('',(-0.,-1.,0.));
#1789 = FACE_BOUND('',#1790,.T.);
#1790 = EDGE_LOOP('',(#1791));
#1791 = ORIENTED_EDGE('',*,*,#1792,.T.);
#1792 = EDGE_CURVE('',#1793,#1793,#1795,.T.);
#1793 = VERTEX_POINT('',#1794);
#1794 = CARTESIAN_POINT('',(126.720456,-125.022295,1.51));
#1795 = CIRCLE('',#1796,0.5);
#1796 = AXIS2_PLACEMENT_3D('',#1797,#1798,#1799);
#1797 = CARTESIAN_POINT('',(126.720456,-124.522295,1.51));
#1798 = DIRECTION('',(-0.,0.,-1.));
#1799 = DIRECTION('',(-0.,-1.,0.));
#1800 = FACE_BOUND('',#1801,.T.);
#1801 = EDGE_LOOP('',(#1802));
#1802 = ORIENTED_EDGE('',*,*,#1803,.T.);
#1803 = EDGE_CURVE('',#1804,#1804,#1806,.T.);
#1804 = VERTEX_POINT('',#1805);
#1805 = CARTESIAN_POINT('',(126.720456,-122.482295,1.51));
#1806 = CIRCLE('',#1807,0.5);
#1807 = AXIS2_PLACEMENT_3D('',#1808,#1809,#1810);
#1808 = CARTESIAN_POINT('',(126.720456,-121.982295,1.51));
#1809 = DIRECTION('',(-0.,0.,-1.));
#1810 = DIRECTION('',(-0.,-1.,0.));
#1811 = FACE_BOUND('',#1812,.T.);
#1812 = EDGE_LOOP('',(#1813));
#1813 = ORIENTED_EDGE('',*,*,#1814,.T.);
#1814 = EDGE_CURVE('',#1815,#1815,#1817,.T.);
#1815 = VERTEX_POINT('',#1816);
#1816 = CARTESIAN_POINT('',(126.720456,-119.942295,1.51));
#1817 = CIRCLE('',#1818,0.5);
#1818 = AXIS2_PLACEMENT_3D('',#1819,#1820,#1821);
#1819 = CARTESIAN_POINT('',(126.720456,-119.442295,1.51));
#1820 = DIRECTION('',(-0.,0.,-1.));
#1821 = DIRECTION('',(-0.,-1.,0.));
#1822 = FACE_BOUND('',#1823,.T.);
#1823 = EDGE_LOOP('',(#1824));
#1824 = ORIENTED_EDGE('',*,*,#1825,.T.);
#1825 = EDGE_CURVE('',#1826,#1826,#1828,.T.);
#1826 = VERTEX_POINT('',#1827);
#1827 = CARTESIAN_POINT('',(126.720456,-117.402295,1.51));
#1828 = CIRCLE('',#1829,0.5);
#1829 = AXIS2_PLACEMENT_3D('',#1830,#1831,#1832);
#1830 = CARTESIAN_POINT('',(126.720456,-116.902295,1.51));
#1831 = DIRECTION('',(-0.,0.,-1.));
#1832 = DIRECTION('',(-0.,-1.,0.));
#1833 = FACE_BOUND('',#1834,.T.);
#1834 = EDGE_LOOP('',(#1835));
#1835 = ORIENTED_EDGE('',*,*,#1836,.T.);
#1836 = EDGE_CURVE('',#1837,#1837,#1839,.T.);
#1837 = VERTEX_POINT('',#1838);
#1838 = CARTESIAN_POINT('',(126.720456,-114.862295,1.51));
#1839 = CIRCLE('',#1840,0.5);
#1840 = AXIS2_PLACEMENT_3D('',#1841,#1842,#1843);
#1841 = CARTESIAN_POINT('',(126.720456,-114.362295,1.51));
#1842 = DIRECTION('',(-0.,0.,-1.));
#1843 = DIRECTION('',(-0.,-1.,0.));
#1844 = FACE_BOUND('',#1845,.T.);
#1845 = EDGE_LOOP('',(#1846));
#1846 = ORIENTED_EDGE('',*,*,#1847,.T.);
#1847 = EDGE_CURVE('',#1848,#1848,#1850,.T.);
#1848 = VERTEX_POINT('',#1849);
#1849 = CARTESIAN_POINT('',(136.820456,-132.527295,1.51));
#1850 = CIRCLE('',#1851,0.5);
#1851 = AXIS2_PLACEMENT_3D('',#1852,#1853,#1854);
#1852 = CARTESIAN_POINT('',(136.820456,-132.027295,1.51));
#1853 = DIRECTION('',(-0.,0.,-1.));
#1854 = DIRECTION('',(-0.,-1.,0.));
#1855 = FACE_BOUND('',#1856,.T.);
#1856 = EDGE_LOOP('',(#1857));
#1857 = ORIENTED_EDGE('',*,*,#1858,.T.);
#1858 = EDGE_CURVE('',#1859,#1859,#1861,.T.);
#1859 = VERTEX_POINT('',#1860);
#1860 = CARTESIAN_POINT('',(136.820456,-129.987295,1.51));
#1861 = CIRCLE('',#1862,0.5);
#1862 = AXIS2_PLACEMENT_3D('',#1863,#1864,#1865);
#1863 = CARTESIAN_POINT('',(136.820456,-129.487295,1.51));
#1864 = DIRECTION('',(-0.,0.,-1.));
#1865 = DIRECTION('',(-0.,-1.,0.));
#1866 = FACE_BOUND('',#1867,.T.);
#1867 = EDGE_LOOP('',(#1868));
#1868 = ORIENTED_EDGE('',*,*,#1869,.T.);
#1869 = EDGE_CURVE('',#1870,#1870,#1872,.T.);
#1870 = VERTEX_POINT('',#1871);
#1871 = CARTESIAN_POINT('',(140.840456,-133.726045,1.51));
#1872 = CIRCLE('',#1873,0.4);
#1873 = AXIS2_PLACEMENT_3D('',#1874,#1875,#1876);
#1874 = CARTESIAN_POINT('',(140.840456,-133.326045,1.51));
#1875 = DIRECTION('',(-0.,0.,-1.));
#1876 = DIRECTION('',(-7.105427357601E-14,-1.,0.));
#1877 = FACE_BOUND('',#1878,.T.);
#1878 = EDGE_LOOP('',(#1879));
#1879 = ORIENTED_EDGE('',*,*,#1880,.T.);
#1880 = EDGE_CURVE('',#1881,#1881,#1883,.T.);
#1881 = VERTEX_POINT('',#1882);
#1882 = CARTESIAN_POINT('',(140.820456,-130.569795,1.51));
#1883 = CIRCLE('',#1884,0.4);
#1884 = AXIS2_PLACEMENT_3D('',#1885,#1886,#1887);
#1885 = CARTESIAN_POINT('',(140.820456,-130.169795,1.51));
#1886 = DIRECTION('',(-0.,0.,-1.));
#1887 = DIRECTION('',(-0.,-1.,0.));
#1888 = FACE_BOUND('',#1889,.T.);
#1889 = EDGE_LOOP('',(#1890));
#1890 = ORIENTED_EDGE('',*,*,#1891,.T.);
#1891 = EDGE_CURVE('',#1892,#1892,#1894,.T.);
#1892 = VERTEX_POINT('',#1893);
#1893 = CARTESIAN_POINT('',(136.820456,-127.447295,1.51));
#1894 = CIRCLE('',#1895,0.5);
#1895 = AXIS2_PLACEMENT_3D('',#1896,#1897,#1898);
#1896 = CARTESIAN_POINT('',(136.820456,-126.947295,1.51));
#1897 = DIRECTION('',(-0.,0.,-1.));
#1898 = DIRECTION('',(-0.,-1.,0.));
#1899 = FACE_BOUND('',#1900,.T.);
#1900 = EDGE_LOOP('',(#1901));
#1901 = ORIENTED_EDGE('',*,*,#1902,.T.);
#1902 = EDGE_CURVE('',#1903,#1903,#1905,.T.);
#1903 = VERTEX_POINT('',#1904);
#1904 = CARTESIAN_POINT('',(136.820456,-124.907295,1.51));
#1905 = CIRCLE('',#1906,0.5);
#1906 = AXIS2_PLACEMENT_3D('',#1907,#1908,#1909);
#1907 = CARTESIAN_POINT('',(136.820456,-124.407295,1.51));
#1908 = DIRECTION('',(-0.,0.,-1.));
#1909 = DIRECTION('',(-0.,-1.,0.));
#1910 = FACE_BOUND('',#1911,.T.);
#1911 = EDGE_LOOP('',(#1912));
#1912 = ORIENTED_EDGE('',*,*,#1913,.T.);
#1913 = EDGE_CURVE('',#1914,#1914,#1916,.T.);
#1914 = VERTEX_POINT('',#1915);
#1915 = CARTESIAN_POINT('',(140.820456,-127.413545,1.51));
#1916 = CIRCLE('',#1917,0.4);
#1917 = AXIS2_PLACEMENT_3D('',#1918,#1919,#1920);
#1918 = CARTESIAN_POINT('',(140.820456,-127.013545,1.51));
#1919 = DIRECTION('',(-0.,0.,-1.));
#1920 = DIRECTION('',(-0.,-1.,0.));
#1921 = FACE_BOUND('',#1922,.T.);
#1922 = EDGE_LOOP('',(#1923));
#1923 = ORIENTED_EDGE('',*,*,#1924,.T.);
#1924 = EDGE_CURVE('',#1925,#1925,#1927,.T.);
#1925 = VERTEX_POINT('',#1926);
#1926 = CARTESIAN_POINT('',(140.840456,-124.257295,1.51));
#1927 = CIRCLE('',#1928,0.4);
#1928 = AXIS2_PLACEMENT_3D('',#1929,#1930,#1931);
#1929 = CARTESIAN_POINT('',(140.840456,-123.857295,1.51));
#1930 = DIRECTION('',(-0.,0.,-1.));
#1931 = DIRECTION('',(-7.105427357601E-14,-1.,0.));
#1932 = FACE_BOUND('',#1933,.T.);
#1933 = EDGE_LOOP('',(#1934));
#1934 = ORIENTED_EDGE('',*,*,#1935,.T.);
#1935 = EDGE_CURVE('',#1936,#1936,#1938,.T.);
#1936 = VERTEX_POINT('',#1937);
#1937 = CARTESIAN_POINT('',(135.520456,-116.207295,1.51));
#1938 = CIRCLE('',#1939,0.4);
#1939 = AXIS2_PLACEMENT_3D('',#1940,#1941,#1942);
#1940 = CARTESIAN_POINT('',(135.520456,-115.807295,1.51));
#1941 = DIRECTION('',(-0.,0.,-1.));
#1942 = DIRECTION('',(-0.,-1.,0.));
#1943 = FACE_BOUND('',#1944,.T.);
#1944 = EDGE_LOOP('',(#1945));
#1945 = ORIENTED_EDGE('',*,*,#1946,.T.);
#1946 = EDGE_CURVE('',#1947,#1947,#1949,.T.);
#1947 = VERTEX_POINT('',#1948);
#1948 = CARTESIAN_POINT('',(136.820456,-122.367295,1.51));
#1949 = CIRCLE('',#1950,0.5);
#1950 = AXIS2_PLACEMENT_3D('',#1951,#1952,#1953);
#1951 = CARTESIAN_POINT('',(136.820456,-121.867295,1.51));
#1952 = DIRECTION('',(-0.,0.,-1.));
#1953 = DIRECTION('',(-0.,-1.,0.));
#1954 = FACE_BOUND('',#1955,.T.);
#1955 = EDGE_LOOP('',(#1956));
#1956 = ORIENTED_EDGE('',*,*,#1957,.T.);
#1957 = EDGE_CURVE('',#1958,#1958,#1960,.T.);
#1958 = VERTEX_POINT('',#1959);
#1959 = CARTESIAN_POINT('',(140.045456,-118.032295,1.51));
#1960 = CIRCLE('',#1961,0.4);
#1961 = AXIS2_PLACEMENT_3D('',#1962,#1963,#1964);
#1962 = CARTESIAN_POINT('',(140.045456,-117.632295,1.51));
#1963 = DIRECTION('',(-0.,0.,-1.));
#1964 = DIRECTION('',(-0.,-1.,0.));
#1965 = FACE_BOUND('',#1966,.T.);
#1966 = EDGE_LOOP('',(#1967));
#1967 = ORIENTED_EDGE('',*,*,#1968,.T.);
#1968 = EDGE_CURVE('',#1969,#1969,#1971,.T.);
#1969 = VERTEX_POINT('',#1970);
#1970 = CARTESIAN_POINT('',(121.780456,-107.127295,1.51));
#1971 = CIRCLE('',#1972,0.4);
#1972 = AXIS2_PLACEMENT_3D('',#1973,#1974,#1975);
#1973 = CARTESIAN_POINT('',(121.780456,-106.727295,1.51));
#1974 = DIRECTION('',(-0.,0.,-1.));
#1975 = DIRECTION('',(-0.,-1.,0.));
#1976 = FACE_BOUND('',#1977,.T.);
#1977 = EDGE_LOOP('',(#1978));
#1978 = ORIENTED_EDGE('',*,*,#1979,.T.);
#1979 = EDGE_CURVE('',#1980,#1980,#1982,.T.);
#1980 = VERTEX_POINT('',#1981);
#1981 = CARTESIAN_POINT('',(124.320456,-107.127295,1.51));
#1982 = CIRCLE('',#1983,0.4);
#1983 = AXIS2_PLACEMENT_3D('',#1984,#1985,#1986);
#1984 = CARTESIAN_POINT('',(124.320456,-106.727295,1.51));
#1985 = DIRECTION('',(-0.,0.,-1.));
#1986 = DIRECTION('',(-3.552713678801E-14,-1.,0.));
#1987 = FACE_BOUND('',#1988,.T.);
#1988 = EDGE_LOOP('',(#1989));
#1989 = ORIENTED_EDGE('',*,*,#1990,.T.);
#1990 = EDGE_CURVE('',#1991,#1991,#1993,.T.);
#1991 = VERTEX_POINT('',#1992);
#1992 = CARTESIAN_POINT('',(126.860456,-107.127295,1.51));
#1993 = CIRCLE('',#1994,0.4);
#1994 = AXIS2_PLACEMENT_3D('',#1995,#1996,#1997);
#1995 = CARTESIAN_POINT('',(126.860456,-106.727295,1.51));
#1996 = DIRECTION('',(-0.,0.,-1.));
#1997 = DIRECTION('',(-0.,-1.,0.));
#1998 = FACE_BOUND('',#1999,.T.);
#1999 = EDGE_LOOP('',(#2000));
#2000 = ORIENTED_EDGE('',*,*,#2001,.T.);
#2001 = EDGE_CURVE('',#2002,#2002,#2004,.T.);
#2002 = VERTEX_POINT('',#2003);
#2003 = CARTESIAN_POINT('',(129.400456,-107.127295,1.51));
#2004 = CIRCLE('',#2005,0.4);
#2005 = AXIS2_PLACEMENT_3D('',#2006,#2007,#2008);
#2006 = CARTESIAN_POINT('',(129.400456,-106.727295,1.51));
#2007 = DIRECTION('',(-0.,0.,-1.));
#2008 = DIRECTION('',(-7.105427357601E-14,-1.,0.));
#2009 = FACE_BOUND('',#2010,.T.);
#2010 = EDGE_LOOP('',(#2011));
#2011 = ORIENTED_EDGE('',*,*,#2012,.T.);
#2012 = EDGE_CURVE('',#2013,#2013,#2015,.T.);
#2013 = VERTEX_POINT('',#2014);
#2014 = CARTESIAN_POINT('',(121.780456,-99.507295,1.51));
#2015 = CIRCLE('',#2016,0.4);
#2016 = AXIS2_PLACEMENT_3D('',#2017,#2018,#2019);
#2017 = CARTESIAN_POINT('',(121.780456,-99.107295,1.51));
#2018 = DIRECTION('',(-0.,0.,-1.));
#2019 = DIRECTION('',(-0.,-1.,0.));
#2020 = FACE_BOUND('',#2021,.T.);
#2021 = EDGE_LOOP('',(#2022));
#2022 = ORIENTED_EDGE('',*,*,#2023,.T.);
#2023 = EDGE_CURVE('',#2024,#2024,#2026,.T.);
#2024 = VERTEX_POINT('',#2025);
#2025 = CARTESIAN_POINT('',(124.320456,-99.507295,1.51));
#2026 = CIRCLE('',#2027,0.4);
#2027 = AXIS2_PLACEMENT_3D('',#2028,#2029,#2030);
#2028 = CARTESIAN_POINT('',(124.320456,-99.107295,1.51));
#2029 = DIRECTION('',(-0.,0.,-1.));
#2030 = DIRECTION('',(-3.552713678801E-14,-1.,0.));
#2031 = FACE_BOUND('',#2032,.T.);
#2032 = EDGE_LOOP('',(#2033));
#2033 = ORIENTED_EDGE('',*,*,#2034,.T.);
#2034 = EDGE_CURVE('',#2035,#2035,#2037,.T.);
#2035 = VERTEX_POINT('',#2036);
#2036 = CARTESIAN_POINT('',(124.245456,-95.432295,1.51));
#2037 = CIRCLE('',#2038,0.4);
#2038 = AXIS2_PLACEMENT_3D('',#2039,#2040,#2041);
#2039 = CARTESIAN_POINT('',(124.245456,-95.032295,1.51));
#2040 = DIRECTION('',(-0.,0.,-1.));
#2041 = DIRECTION('',(3.5527136788E-14,-1.,-0.));
#2042 = FACE_BOUND('',#2043,.T.);
#2043 = EDGE_LOOP('',(#2044));
#2044 = ORIENTED_EDGE('',*,*,#2045,.T.);
#2045 = EDGE_CURVE('',#2046,#2046,#2048,.T.);
#2046 = VERTEX_POINT('',#2047);
#2047 = CARTESIAN_POINT('',(126.860456,-99.507295,1.51));
#2048 = CIRCLE('',#2049,0.4);
#2049 = AXIS2_PLACEMENT_3D('',#2050,#2051,#2052);
#2050 = CARTESIAN_POINT('',(126.860456,-99.107295,1.51));
#2051 = DIRECTION('',(-0.,0.,-1.));
#2052 = DIRECTION('',(-0.,-1.,0.));
#2053 = FACE_BOUND('',#2054,.T.);
#2054 = EDGE_LOOP('',(#2055));
#2055 = ORIENTED_EDGE('',*,*,#2056,.T.);
#2056 = EDGE_CURVE('',#2057,#2057,#2059,.T.);
#2057 = VERTEX_POINT('',#2058);
#2058 = CARTESIAN_POINT('',(129.400456,-99.507295,1.51));
#2059 = CIRCLE('',#2060,0.4);
#2060 = AXIS2_PLACEMENT_3D('',#2061,#2062,#2063);
#2061 = CARTESIAN_POINT('',(129.400456,-99.107295,1.51));
#2062 = DIRECTION('',(-0.,0.,-1.));
#2063 = DIRECTION('',(-7.105427357601E-14,-1.,0.));
#2064 = FACE_BOUND('',#2065,.T.);
#2065 = EDGE_LOOP('',(#2066));
#2066 = ORIENTED_EDGE('',*,*,#2067,.T.);
#2067 = EDGE_CURVE('',#2068,#2068,#2070,.T.);
#2068 = VERTEX_POINT('',#2069);
#2069 = CARTESIAN_POINT('',(126.785456,-95.432295,1.51));
#2070 = CIRCLE('',#2071,0.4);
#2071 = AXIS2_PLACEMENT_3D('',#2072,#2073,#2074);
#2072 = CARTESIAN_POINT('',(126.785456,-95.032295,1.51));
#2073 = DIRECTION('',(-0.,0.,-1.));
#2074 = DIRECTION('',(-3.552713678801E-14,-1.,0.));
#2075 = FACE_BOUND('',#2076,.T.);
#2076 = EDGE_LOOP('',(#2077));
#2077 = ORIENTED_EDGE('',*,*,#2078,.T.);
#2078 = EDGE_CURVE('',#2079,#2079,#2081,.T.);
#2079 = VERTEX_POINT('',#2080);
#2080 = CARTESIAN_POINT('',(129.325456,-95.432295,1.51));
#2081 = CIRCLE('',#2082,0.4);
#2082 = AXIS2_PLACEMENT_3D('',#2083,#2084,#2085);
#2083 = CARTESIAN_POINT('',(129.325456,-95.032295,1.51));
#2084 = DIRECTION('',(-0.,0.,-1.));
#2085 = DIRECTION('',(-0.,-1.,0.));
#2086 = FACE_BOUND('',#2087,.T.);
#2087 = EDGE_LOOP('',(#2088));
#2088 = ORIENTED_EDGE('',*,*,#2089,.T.);
#2089 = EDGE_CURVE('',#2090,#2090,#2092,.T.);
#2090 = VERTEX_POINT('',#2091);
#2091 = CARTESIAN_POINT('',(135.520456,-111.207295,1.51));
#2092 = CIRCLE('',#2093,0.4);
#2093 = AXIS2_PLACEMENT_3D('',#2094,#2095,#2096);
#2094 = CARTESIAN_POINT('',(135.520456,-110.807295,1.51));
#2095 = DIRECTION('',(-0.,0.,-1.));
#2096 = DIRECTION('',(-0.,-1.,0.));
#2097 = FACE_BOUND('',#2098,.T.);
#2098 = EDGE_LOOP('',(#2099));
#2099 = ORIENTED_EDGE('',*,*,#2100,.T.);
#2100 = EDGE_CURVE('',#2101,#2101,#2103,.T.);
#2101 = VERTEX_POINT('',#2102);
#2102 = CARTESIAN_POINT('',(131.940456,-107.127295,1.51));
#2103 = CIRCLE('',#2104,0.4);
#2104 = AXIS2_PLACEMENT_3D('',#2105,#2106,#2107);
#2105 = CARTESIAN_POINT('',(131.940456,-106.727295,1.51));
#2106 = DIRECTION('',(-0.,0.,-1.));
#2107 = DIRECTION('',(7.105427357601E-14,-1.,-0.));
#2108 = FACE_BOUND('',#2109,.T.);
#2109 = EDGE_LOOP('',(#2110));
#2110 = ORIENTED_EDGE('',*,*,#2111,.T.);
#2111 = EDGE_CURVE('',#2112,#2112,#2114,.T.);
#2112 = VERTEX_POINT('',#2113);
#2113 = CARTESIAN_POINT('',(134.480456,-107.127295,1.51));
#2114 = CIRCLE('',#2115,0.4);
#2115 = AXIS2_PLACEMENT_3D('',#2116,#2117,#2118);
#2116 = CARTESIAN_POINT('',(134.480456,-106.727295,1.51));
#2117 = DIRECTION('',(-0.,0.,-1.));
#2118 = DIRECTION('',(-0.,-1.,0.));
#2119 = FACE_BOUND('',#2120,.T.);
#2120 = EDGE_LOOP('',(#2121));
#2121 = ORIENTED_EDGE('',*,*,#2122,.T.);
#2122 = EDGE_CURVE('',#2123,#2123,#2125,.T.);
#2123 = VERTEX_POINT('',#2124);
#2124 = CARTESIAN_POINT('',(140.045456,-110.412295,1.51));
#2125 = CIRCLE('',#2126,0.4);
#2126 = AXIS2_PLACEMENT_3D('',#2127,#2128,#2129);
#2127 = CARTESIAN_POINT('',(140.045456,-110.012295,1.51));
#2128 = DIRECTION('',(-0.,0.,-1.));
#2129 = DIRECTION('',(-0.,-1.,0.));
#2130 = FACE_BOUND('',#2131,.T.);
#2131 = EDGE_LOOP('',(#2132));
#2132 = ORIENTED_EDGE('',*,*,#2133,.T.);
#2133 = EDGE_CURVE('',#2134,#2134,#2136,.T.);
#2134 = VERTEX_POINT('',#2135);
#2135 = CARTESIAN_POINT('',(137.020456,-107.127295,1.51));
#2136 = CIRCLE('',#2137,0.4);
#2137 = AXIS2_PLACEMENT_3D('',#2138,#2139,#2140);
#2138 = CARTESIAN_POINT('',(137.020456,-106.727295,1.51));
#2139 = DIRECTION('',(-0.,0.,-1.));
#2140 = DIRECTION('',(-0.,-1.,0.));
#2141 = FACE_BOUND('',#2142,.T.);
#2142 = EDGE_LOOP('',(#2143));
#2143 = ORIENTED_EDGE('',*,*,#2144,.T.);
#2144 = EDGE_CURVE('',#2145,#2145,#2147,.T.);
#2145 = VERTEX_POINT('',#2146);
#2146 = CARTESIAN_POINT('',(139.560456,-107.127295,1.51));
#2147 = CIRCLE('',#2148,0.4);
#2148 = AXIS2_PLACEMENT_3D('',#2149,#2150,#2151);
#2149 = CARTESIAN_POINT('',(139.560456,-106.727295,1.51));
#2150 = DIRECTION('',(-0.,0.,-1.));
#2151 = DIRECTION('',(-0.,-1.,0.));
#2152 = FACE_BOUND('',#2153,.T.);
#2153 = EDGE_LOOP('',(#2154));
#2154 = ORIENTED_EDGE('',*,*,#2155,.T.);
#2155 = EDGE_CURVE('',#2156,#2156,#2158,.T.);
#2156 = VERTEX_POINT('',#2157);
#2157 = CARTESIAN_POINT('',(131.940456,-99.507295,1.51));
#2158 = CIRCLE('',#2159,0.4);
#2159 = AXIS2_PLACEMENT_3D('',#2160,#2161,#2162);
#2160 = CARTESIAN_POINT('',(131.940456,-99.107295,1.51));
#2161 = DIRECTION('',(-0.,0.,-1.));
#2162 = DIRECTION('',(7.105427357601E-14,-1.,-0.));
#2163 = FACE_BOUND('',#2164,.T.);
#2164 = EDGE_LOOP('',(#2165));
#2165 = ORIENTED_EDGE('',*,*,#2166,.T.);
#2166 = EDGE_CURVE('',#2167,#2167,#2169,.T.);
#2167 = VERTEX_POINT('',#2168);
#2168 = CARTESIAN_POINT('',(134.480456,-99.507295,1.51));
#2169 = CIRCLE('',#2170,0.4);
#2170 = AXIS2_PLACEMENT_3D('',#2171,#2172,#2173);
#2171 = CARTESIAN_POINT('',(134.480456,-99.107295,1.51));
#2172 = DIRECTION('',(-0.,0.,-1.));
#2173 = DIRECTION('',(-0.,-1.,0.));
#2174 = FACE_BOUND('',#2175,.T.);
#2175 = EDGE_LOOP('',(#2176));
#2176 = ORIENTED_EDGE('',*,*,#2177,.T.);
#2177 = EDGE_CURVE('',#2178,#2178,#2180,.T.);
#2178 = VERTEX_POINT('',#2179);
#2179 = CARTESIAN_POINT('',(131.865456,-95.432295,1.51));
#2180 = CIRCLE('',#2181,0.4);
#2181 = AXIS2_PLACEMENT_3D('',#2182,#2183,#2184);
#2182 = CARTESIAN_POINT('',(131.865456,-95.032295,1.51));
#2183 = DIRECTION('',(-0.,0.,-1.));
#2184 = DIRECTION('',(-0.,-1.,0.));
#2185 = FACE_BOUND('',#2186,.T.);
#2186 = EDGE_LOOP('',(#2187));
#2187 = ORIENTED_EDGE('',*,*,#2188,.T.);
#2188 = EDGE_CURVE('',#2189,#2189,#2191,.T.);
#2189 = VERTEX_POINT('',#2190);
#2190 = CARTESIAN_POINT('',(134.405456,-95.432295,1.51));
#2191 = CIRCLE('',#2192,0.4);
#2192 = AXIS2_PLACEMENT_3D('',#2193,#2194,#2195);
#2193 = CARTESIAN_POINT('',(134.405456,-95.032295,1.51));
#2194 = DIRECTION('',(-0.,0.,-1.));
#2195 = DIRECTION('',(-7.105427357601E-14,-1.,0.));
#2196 = FACE_BOUND('',#2197,.T.);
#2197 = EDGE_LOOP('',(#2198));
#2198 = ORIENTED_EDGE('',*,*,#2199,.T.);
#2199 = EDGE_CURVE('',#2200,#2200,#2202,.T.);
#2200 = VERTEX_POINT('',#2201);
#2201 = CARTESIAN_POINT('',(137.020456,-99.507295,1.51));
#2202 = CIRCLE('',#2203,0.4);
#2203 = AXIS2_PLACEMENT_3D('',#2204,#2205,#2206);
#2204 = CARTESIAN_POINT('',(137.020456,-99.107295,1.51));
#2205 = DIRECTION('',(-0.,0.,-1.));
#2206 = DIRECTION('',(-0.,-1.,0.));
#2207 = FACE_BOUND('',#2208,.T.);
#2208 = EDGE_LOOP('',(#2209));
#2209 = ORIENTED_EDGE('',*,*,#2210,.T.);
#2210 = EDGE_CURVE('',#2211,#2211,#2213,.T.);
#2211 = VERTEX_POINT('',#2212);
#2212 = CARTESIAN_POINT('',(139.560456,-99.507295,1.51));
#2213 = CIRCLE('',#2214,0.4);
#2214 = AXIS2_PLACEMENT_3D('',#2215,#2216,#2217);
#2215 = CARTESIAN_POINT('',(139.560456,-99.107295,1.51));
#2216 = DIRECTION('',(-0.,0.,-1.));
#2217 = DIRECTION('',(-0.,-1.,0.));
#2218 = FACE_BOUND('',#2219,.T.);
#2219 = EDGE_LOOP('',(#2220));
#2220 = ORIENTED_EDGE('',*,*,#2221,.T.);
#2221 = EDGE_CURVE('',#2222,#2222,#2224,.T.);
#2222 = VERTEX_POINT('',#2223);
#2223 = CARTESIAN_POINT('',(136.945456,-95.432295,1.51));
#2224 = CIRCLE('',#2225,0.4);
#2225 = AXIS2_PLACEMENT_3D('',#2226,#2227,#2228);
#2226 = CARTESIAN_POINT('',(136.945456,-95.032295,1.51));
#2227 = DIRECTION('',(-0.,0.,-1.));
#2228 = DIRECTION('',(-0.,-1.,0.));
#2229 = FACE_BOUND('',#2230,.T.);
#2230 = EDGE_LOOP('',(#2231));
#2231 = ORIENTED_EDGE('',*,*,#2232,.T.);
#2232 = EDGE_CURVE('',#2233,#2233,#2235,.T.);
#2233 = VERTEX_POINT('',#2234);
#2234 = CARTESIAN_POINT('',(139.485456,-95.432295,1.51));
#2235 = CIRCLE('',#2236,0.4);
#2236 = AXIS2_PLACEMENT_3D('',#2237,#2238,#2239);
#2237 = CARTESIAN_POINT('',(139.485456,-95.032295,1.51));
#2238 = DIRECTION('',(-0.,0.,-1.));
#2239 = DIRECTION('',(-0.,-1.,0.));
#2240 = FACE_BOUND('',#2241,.T.);
#2241 = EDGE_LOOP('',(#2242));
#2242 = ORIENTED_EDGE('',*,*,#2243,.T.);
#2243 = EDGE_CURVE('',#2244,#2244,#2246,.T.);
#2244 = VERTEX_POINT('',#2245);
#2245 = CARTESIAN_POINT('',(140.865456,-121.101045,1.51));
#2246 = CIRCLE('',#2247,0.4);
#2247 = AXIS2_PLACEMENT_3D('',#2248,#2249,#2250);
#2248 = CARTESIAN_POINT('',(140.865456,-120.701045,1.51));
#2249 = DIRECTION('',(-0.,0.,-1.));
#2250 = DIRECTION('',(-0.,-1.,0.));
#2251 = FACE_BOUND('',#2252,.T.);
#2252 = EDGE_LOOP('',(#2253));
#2253 = ORIENTED_EDGE('',*,*,#2254,.T.);
#2254 = EDGE_CURVE('',#2255,#2255,#2257,.T.);
#2255 = VERTEX_POINT('',#2256);
#2256 = CARTESIAN_POINT('',(142.585456,-118.032295,1.51));
#2257 = CIRCLE('',#2258,0.4);
#2258 = AXIS2_PLACEMENT_3D('',#2259,#2260,#2261);
#2259 = CARTESIAN_POINT('',(142.585456,-117.632295,1.51));
#2260 = DIRECTION('',(-0.,0.,-1.));
#2261 = DIRECTION('',(-0.,-1.,0.));
#2262 = FACE_BOUND('',#2263,.T.);
#2263 = EDGE_LOOP('',(#2264));
#2264 = ORIENTED_EDGE('',*,*,#2265,.T.);
#2265 = EDGE_CURVE('',#2266,#2266,#2268,.T.);
#2266 = VERTEX_POINT('',#2267);
#2267 = CARTESIAN_POINT('',(145.125456,-118.032295,1.51));
#2268 = CIRCLE('',#2269,0.4);
#2269 = AXIS2_PLACEMENT_3D('',#2270,#2271,#2272);
#2270 = CARTESIAN_POINT('',(145.125456,-117.632295,1.51));
#2271 = DIRECTION('',(-0.,0.,-1.));
#2272 = DIRECTION('',(7.105427357601E-14,-1.,-0.));
#2273 = FACE_BOUND('',#2274,.T.);
#2274 = EDGE_LOOP('',(#2275));
#2275 = ORIENTED_EDGE('',*,*,#2276,.T.);
#2276 = EDGE_CURVE('',#2277,#2277,#2279,.T.);
#2277 = VERTEX_POINT('',#2278);
#2278 = CARTESIAN_POINT('',(147.665456,-118.032295,1.51));
#2279 = CIRCLE('',#2280,0.4);
#2280 = AXIS2_PLACEMENT_3D('',#2281,#2282,#2283);
#2281 = CARTESIAN_POINT('',(147.665456,-117.632295,1.51));
#2282 = DIRECTION('',(-0.,0.,-1.));
#2283 = DIRECTION('',(-0.,-1.,0.));
#2284 = FACE_BOUND('',#2285,.T.);
#2285 = EDGE_LOOP('',(#2286));
#2286 = ORIENTED_EDGE('',*,*,#2287,.T.);
#2287 = EDGE_CURVE('',#2288,#2288,#2290,.T.);
#2288 = VERTEX_POINT('',#2289);
#2289 = CARTESIAN_POINT('',(150.205456,-118.032295,1.51));
#2290 = CIRCLE('',#2291,0.4);
#2291 = AXIS2_PLACEMENT_3D('',#2292,#2293,#2294);
#2292 = CARTESIAN_POINT('',(150.205456,-117.632295,1.51));
#2293 = DIRECTION('',(-0.,0.,-1.));
#2294 = DIRECTION('',(-0.,-1.,0.));
#2295 = FACE_BOUND('',#2296,.T.);
#2296 = EDGE_LOOP('',(#2297));
#2297 = ORIENTED_EDGE('',*,*,#2298,.T.);
#2298 = EDGE_CURVE('',#2299,#2299,#2301,.T.);
#2299 = VERTEX_POINT('',#2300);
#2300 = CARTESIAN_POINT('',(151.000456,-133.726045,1.51));
#2301 = CIRCLE('',#2302,0.4);
#2302 = AXIS2_PLACEMENT_3D('',#2303,#2304,#2305);
#2303 = CARTESIAN_POINT('',(151.000456,-133.326045,1.51));
#2304 = DIRECTION('',(-0.,0.,-1.));
#2305 = DIRECTION('',(7.105427357601E-14,-1.,-0.));
#2306 = FACE_BOUND('',#2307,.T.);
#2307 = EDGE_LOOP('',(#2308));
#2308 = ORIENTED_EDGE('',*,*,#2309,.T.);
#2309 = EDGE_CURVE('',#2310,#2310,#2312,.T.);
#2310 = VERTEX_POINT('',#2311);
#2311 = CARTESIAN_POINT('',(150.980456,-130.569795,1.51));
#2312 = CIRCLE('',#2313,0.4);
#2313 = AXIS2_PLACEMENT_3D('',#2314,#2315,#2316);
#2314 = CARTESIAN_POINT('',(150.980456,-130.169795,1.51));
#2315 = DIRECTION('',(-0.,0.,-1.));
#2316 = DIRECTION('',(-0.,-1.,0.));
#2317 = FACE_BOUND('',#2318,.T.);
#2318 = EDGE_LOOP('',(#2319));
#2319 = ORIENTED_EDGE('',*,*,#2320,.T.);
#2320 = EDGE_CURVE('',#2321,#2321,#2323,.T.);
#2321 = VERTEX_POINT('',#2322);
#2322 = CARTESIAN_POINT('',(154.420456,-132.617295,1.51));
#2323 = CIRCLE('',#2324,0.5);
#2324 = AXIS2_PLACEMENT_3D('',#2325,#2326,#2327);
#2325 = CARTESIAN_POINT('',(154.420456,-132.117295,1.51));
#2326 = DIRECTION('',(-0.,0.,-1.));
#2327 = DIRECTION('',(-0.,-1.,0.));
#2328 = FACE_BOUND('',#2329,.T.);
#2329 = EDGE_LOOP('',(#2330));
#2330 = ORIENTED_EDGE('',*,*,#2331,.T.);
#2331 = EDGE_CURVE('',#2332,#2332,#2334,.T.);
#2332 = VERTEX_POINT('',#2333);
#2333 = CARTESIAN_POINT('',(154.420456,-130.077295,1.51));
#2334 = CIRCLE('',#2335,0.5);
#2335 = AXIS2_PLACEMENT_3D('',#2336,#2337,#2338);
#2336 = CARTESIAN_POINT('',(154.420456,-129.577295,1.51));
#2337 = DIRECTION('',(-0.,0.,-1.));
#2338 = DIRECTION('',(-0.,-1.,0.));
#2339 = FACE_BOUND('',#2340,.T.);
#2340 = EDGE_LOOP('',(#2341));
#2341 = ORIENTED_EDGE('',*,*,#2342,.T.);
#2342 = EDGE_CURVE('',#2343,#2343,#2345,.T.);
#2343 = VERTEX_POINT('',#2344);
#2344 = CARTESIAN_POINT('',(150.980456,-127.413545,1.51));
#2345 = CIRCLE('',#2346,0.4);
#2346 = AXIS2_PLACEMENT_3D('',#2347,#2348,#2349);
#2347 = CARTESIAN_POINT('',(150.980456,-127.013545,1.51));
#2348 = DIRECTION('',(-0.,0.,-1.));
#2349 = DIRECTION('',(-0.,-1.,0.));
#2350 = FACE_BOUND('',#2351,.T.);
#2351 = EDGE_LOOP('',(#2352));
#2352 = ORIENTED_EDGE('',*,*,#2353,.T.);
#2353 = EDGE_CURVE('',#2354,#2354,#2356,.T.);
#2354 = VERTEX_POINT('',#2355);
#2355 = CARTESIAN_POINT('',(151.000456,-124.257295,1.51));
#2356 = CIRCLE('',#2357,0.4);
#2357 = AXIS2_PLACEMENT_3D('',#2358,#2359,#2360);
#2358 = CARTESIAN_POINT('',(151.000456,-123.857295,1.51));
#2359 = DIRECTION('',(-0.,0.,-1.));
#2360 = DIRECTION('',(7.105427357601E-14,-1.,-0.));
#2361 = FACE_BOUND('',#2362,.T.);
#2362 = EDGE_LOOP('',(#2363));
#2363 = ORIENTED_EDGE('',*,*,#2364,.T.);
#2364 = EDGE_CURVE('',#2365,#2365,#2367,.T.);
#2365 = VERTEX_POINT('',#2366);
#2366 = CARTESIAN_POINT('',(154.420456,-127.537295,1.51));
#2367 = CIRCLE('',#2368,0.5);
#2368 = AXIS2_PLACEMENT_3D('',#2369,#2370,#2371);
#2369 = CARTESIAN_POINT('',(154.420456,-127.037295,1.51));
#2370 = DIRECTION('',(-0.,0.,-1.));
#2371 = DIRECTION('',(-0.,-1.,0.));
#2372 = FACE_BOUND('',#2373,.T.);
#2373 = EDGE_LOOP('',(#2374));
#2374 = ORIENTED_EDGE('',*,*,#2375,.T.);
#2375 = EDGE_CURVE('',#2376,#2376,#2378,.T.);
#2376 = VERTEX_POINT('',#2377);
#2377 = CARTESIAN_POINT('',(154.420456,-124.997295,1.51));
#2378 = CIRCLE('',#2379,0.5);
#2379 = AXIS2_PLACEMENT_3D('',#2380,#2381,#2382);
#2380 = CARTESIAN_POINT('',(154.420456,-124.497295,1.51));
#2381 = DIRECTION('',(-0.,0.,-1.));
#2382 = DIRECTION('',(-0.,-1.,0.));
#2383 = FACE_BOUND('',#2384,.T.);
#2384 = EDGE_LOOP('',(#2385));
#2385 = ORIENTED_EDGE('',*,*,#2386,.T.);
#2386 = EDGE_CURVE('',#2387,#2387,#2389,.T.);
#2387 = VERTEX_POINT('',#2388);
#2388 = CARTESIAN_POINT('',(151.025456,-121.101045,1.51));
#2389 = CIRCLE('',#2390,0.4);
#2390 = AXIS2_PLACEMENT_3D('',#2391,#2392,#2393);
#2391 = CARTESIAN_POINT('',(151.025456,-120.701045,1.51));
#2392 = DIRECTION('',(-0.,0.,-1.));
#2393 = DIRECTION('',(-7.105427357601E-14,-1.,0.));
#2394 = FACE_BOUND('',#2395,.T.);
#2395 = EDGE_LOOP('',(#2396));
#2396 = ORIENTED_EDGE('',*,*,#2397,.T.);
#2397 = EDGE_CURVE('',#2398,#2398,#2400,.T.);
#2398 = VERTEX_POINT('',#2399);
#2399 = CARTESIAN_POINT('',(154.420456,-122.457295,1.51));
#2400 = CIRCLE('',#2401,0.5);
#2401 = AXIS2_PLACEMENT_3D('',#2402,#2403,#2404);
#2402 = CARTESIAN_POINT('',(154.420456,-121.957295,1.51));
#2403 = DIRECTION('',(-0.,0.,-1.));
#2404 = DIRECTION('',(-0.,-1.,0.));
#2405 = FACE_BOUND('',#2406,.T.);
#2406 = EDGE_LOOP('',(#2407));
#2407 = ORIENTED_EDGE('',*,*,#2408,.T.);
#2408 = EDGE_CURVE('',#2409,#2409,#2411,.T.);
#2409 = VERTEX_POINT('',#2410);
#2410 = CARTESIAN_POINT('',(152.745456,-118.032295,1.51));
#2411 = CIRCLE('',#2412,0.4);
#2412 = AXIS2_PLACEMENT_3D('',#2413,#2414,#2415);
#2413 = CARTESIAN_POINT('',(152.745456,-117.632295,1.51));
#2414 = DIRECTION('',(-0.,0.,-1.));
#2415 = DIRECTION('',(-0.,-1.,0.));
#2416 = FACE_BOUND('',#2417,.T.);
#2417 = EDGE_LOOP('',(#2418));
#2418 = ORIENTED_EDGE('',*,*,#2419,.T.);
#2419 = EDGE_CURVE('',#2420,#2420,#2422,.T.);
#2420 = VERTEX_POINT('',#2421);
#2421 = CARTESIAN_POINT('',(155.285456,-118.032295,1.51));
#2422 = CIRCLE('',#2423,0.4);
#2423 = AXIS2_PLACEMENT_3D('',#2424,#2425,#2426);
#2424 = CARTESIAN_POINT('',(155.285456,-117.632295,1.51));
#2425 = DIRECTION('',(-0.,0.,-1.));
#2426 = DIRECTION('',(-0.,-1.,0.));
#2427 = FACE_BOUND('',#2428,.T.);
#2428 = EDGE_LOOP('',(#2429));
#2429 = ORIENTED_EDGE('',*,*,#2430,.T.);
#2430 = EDGE_CURVE('',#2431,#2431,#2433,.T.);
#2431 = VERTEX_POINT('',#2432);
#2432 = CARTESIAN_POINT('',(157.825456,-118.032295,1.51));
#2433 = CIRCLE('',#2434,0.4);
#2434 = AXIS2_PLACEMENT_3D('',#2435,#2436,#2437);
#2435 = CARTESIAN_POINT('',(157.825456,-117.632295,1.51));
#2436 = DIRECTION('',(-0.,0.,-1.));
#2437 = DIRECTION('',(-0.,-1.,0.));
#2438 = FACE_BOUND('',#2439,.T.);
#2439 = EDGE_LOOP('',(#2440));
#2440 = ORIENTED_EDGE('',*,*,#2441,.T.);
#2441 = EDGE_CURVE('',#2442,#2442,#2444,.T.);
#2442 = VERTEX_POINT('',#2443);
#2443 = CARTESIAN_POINT('',(142.585456,-110.412295,1.51));
#2444 = CIRCLE('',#2445,0.4);
#2445 = AXIS2_PLACEMENT_3D('',#2446,#2447,#2448);
#2446 = CARTESIAN_POINT('',(142.585456,-110.012295,1.51));
#2447 = DIRECTION('',(-0.,0.,-1.));
#2448 = DIRECTION('',(-0.,-1.,0.));
#2449 = FACE_BOUND('',#2450,.T.);
#2450 = EDGE_LOOP('',(#2451));
#2451 = ORIENTED_EDGE('',*,*,#2452,.T.);
#2452 = EDGE_CURVE('',#2453,#2453,#2455,.T.);
#2453 = VERTEX_POINT('',#2454);
#2454 = CARTESIAN_POINT('',(145.125456,-110.412295,1.51));
#2455 = CIRCLE('',#2456,0.4);
#2456 = AXIS2_PLACEMENT_3D('',#2457,#2458,#2459);
#2457 = CARTESIAN_POINT('',(145.125456,-110.012295,1.51));
#2458 = DIRECTION('',(-0.,0.,-1.));
#2459 = DIRECTION('',(7.105427357601E-14,-1.,-0.));
#2460 = FACE_BOUND('',#2461,.T.);
#2461 = EDGE_LOOP('',(#2462));
#2462 = ORIENTED_EDGE('',*,*,#2463,.T.);
#2463 = EDGE_CURVE('',#2464,#2464,#2466,.T.);
#2464 = VERTEX_POINT('',#2465);
#2465 = CARTESIAN_POINT('',(142.100456,-107.127295,1.51));
#2466 = CIRCLE('',#2467,0.4);
#2467 = AXIS2_PLACEMENT_3D('',#2468,#2469,#2470);
#2468 = CARTESIAN_POINT('',(142.100456,-106.727295,1.51));
#2469 = DIRECTION('',(-0.,0.,-1.));
#2470 = DIRECTION('',(-0.,-1.,0.));
#2471 = FACE_BOUND('',#2472,.T.);
#2472 = EDGE_LOOP('',(#2473));
#2473 = ORIENTED_EDGE('',*,*,#2474,.T.);
#2474 = EDGE_CURVE('',#2475,#2475,#2477,.T.);
#2475 = VERTEX_POINT('',#2476);
#2476 = CARTESIAN_POINT('',(144.640456,-107.127295,1.51));
#2477 = CIRCLE('',#2478,0.4);
#2478 = AXIS2_PLACEMENT_3D('',#2479,#2480,#2481);
#2479 = CARTESIAN_POINT('',(144.640456,-106.727295,1.51));
#2480 = DIRECTION('',(-0.,0.,-1.));
#2481 = DIRECTION('',(-0.,-1.,0.));
#2482 = FACE_BOUND('',#2483,.T.);
#2483 = EDGE_LOOP('',(#2484));
#2484 = ORIENTED_EDGE('',*,*,#2485,.T.);
#2485 = EDGE_CURVE('',#2486,#2486,#2488,.T.);
#2486 = VERTEX_POINT('',#2487);
#2487 = CARTESIAN_POINT('',(147.665456,-110.412295,1.51));
#2488 = CIRCLE('',#2489,0.4);
#2489 = AXIS2_PLACEMENT_3D('',#2490,#2491,#2492);
#2490 = CARTESIAN_POINT('',(147.665456,-110.012295,1.51));
#2491 = DIRECTION('',(-0.,0.,-1.));
#2492 = DIRECTION('',(-0.,-1.,0.));
#2493 = FACE_BOUND('',#2494,.T.);
#2494 = EDGE_LOOP('',(#2495));
#2495 = ORIENTED_EDGE('',*,*,#2496,.T.);
#2496 = EDGE_CURVE('',#2497,#2497,#2499,.T.);
#2497 = VERTEX_POINT('',#2498);
#2498 = CARTESIAN_POINT('',(150.205456,-110.412295,1.51));
#2499 = CIRCLE('',#2500,0.4);
#2500 = AXIS2_PLACEMENT_3D('',#2501,#2502,#2503);
#2501 = CARTESIAN_POINT('',(150.205456,-110.012295,1.51));
#2502 = DIRECTION('',(-0.,0.,-1.));
#2503 = DIRECTION('',(-0.,-1.,0.));
#2504 = FACE_BOUND('',#2505,.T.);
#2505 = EDGE_LOOP('',(#2506));
#2506 = ORIENTED_EDGE('',*,*,#2507,.T.);
#2507 = EDGE_CURVE('',#2508,#2508,#2510,.T.);
#2508 = VERTEX_POINT('',#2509);
#2509 = CARTESIAN_POINT('',(149.045456,-106.207295,1.51));
#2510 = CIRCLE('',#2511,0.4);
#2511 = AXIS2_PLACEMENT_3D('',#2512,#2513,#2514);
#2512 = CARTESIAN_POINT('',(149.045456,-105.807295,1.51));
#2513 = DIRECTION('',(-0.,0.,-1.));
#2514 = DIRECTION('',(-0.,-1.,0.));
#2515 = FACE_BOUND('',#2516,.T.);
#2516 = EDGE_LOOP('',(#2517));
#2517 = ORIENTED_EDGE('',*,*,#2518,.T.);
#2518 = EDGE_CURVE('',#2519,#2519,#2521,.T.);
#2519 = VERTEX_POINT('',#2520);
#2520 = CARTESIAN_POINT('',(142.100456,-99.507295,1.51));
#2521 = CIRCLE('',#2522,0.4);
#2522 = AXIS2_PLACEMENT_3D('',#2523,#2524,#2525);
#2523 = CARTESIAN_POINT('',(142.100456,-99.107295,1.51));
#2524 = DIRECTION('',(-0.,0.,-1.));
#2525 = DIRECTION('',(-0.,-1.,0.));
#2526 = FACE_BOUND('',#2527,.T.);
#2527 = EDGE_LOOP('',(#2528));
#2528 = ORIENTED_EDGE('',*,*,#2529,.T.);
#2529 = EDGE_CURVE('',#2530,#2530,#2532,.T.);
#2530 = VERTEX_POINT('',#2531);
#2531 = CARTESIAN_POINT('',(144.640456,-99.507295,1.51));
#2532 = CIRCLE('',#2533,0.4);
#2533 = AXIS2_PLACEMENT_3D('',#2534,#2535,#2536);
#2534 = CARTESIAN_POINT('',(144.640456,-99.107295,1.51));
#2535 = DIRECTION('',(-0.,0.,-1.));
#2536 = DIRECTION('',(-0.,-1.,0.));
#2537 = FACE_BOUND('',#2538,.T.);
#2538 = EDGE_LOOP('',(#2539));
#2539 = ORIENTED_EDGE('',*,*,#2540,.T.);
#2540 = EDGE_CURVE('',#2541,#2541,#2543,.T.);
#2541 = VERTEX_POINT('',#2542);
#2542 = CARTESIAN_POINT('',(142.025456,-95.432295,1.51));
#2543 = CIRCLE('',#2544,0.4);
#2544 = AXIS2_PLACEMENT_3D('',#2545,#2546,#2547);
#2545 = CARTESIAN_POINT('',(142.025456,-95.032295,1.51));
#2546 = DIRECTION('',(-0.,0.,-1.));
#2547 = DIRECTION('',(-7.105427357601E-14,-1.,0.));
#2548 = FACE_BOUND('',#2549,.T.);
#2549 = EDGE_LOOP('',(#2550));
#2550 = ORIENTED_EDGE('',*,*,#2551,.T.);
#2551 = EDGE_CURVE('',#2552,#2552,#2554,.T.);
#2552 = VERTEX_POINT('',#2553);
#2553 = CARTESIAN_POINT('',(149.045456,-101.207295,1.51));
#2554 = CIRCLE('',#2555,0.4);
#2555 = AXIS2_PLACEMENT_3D('',#2556,#2557,#2558);
#2556 = CARTESIAN_POINT('',(149.045456,-100.807295,1.51));
#2557 = DIRECTION('',(-0.,0.,-1.));
#2558 = DIRECTION('',(-0.,-1.,0.));
#2559 = FACE_BOUND('',#2560,.T.);
#2560 = EDGE_LOOP('',(#2561));
#2561 = ORIENTED_EDGE('',*,*,#2562,.T.);
#2562 = EDGE_CURVE('',#2563,#2563,#2565,.T.);
#2563 = VERTEX_POINT('',#2564);
#2564 = CARTESIAN_POINT('',(152.745456,-110.412295,1.51));
#2565 = CIRCLE('',#2566,0.4);
#2566 = AXIS2_PLACEMENT_3D('',#2567,#2568,#2569);
#2567 = CARTESIAN_POINT('',(152.745456,-110.012295,1.51));
#2568 = DIRECTION('',(-0.,0.,-1.));
#2569 = DIRECTION('',(-0.,-1.,0.));
#2570 = FACE_BOUND('',#2571,.T.);
#2571 = EDGE_LOOP('',(#2572));
#2572 = ORIENTED_EDGE('',*,*,#2573,.T.);
#2573 = EDGE_CURVE('',#2574,#2574,#2576,.T.);
#2574 = VERTEX_POINT('',#2575);
#2575 = CARTESIAN_POINT('',(155.285456,-110.412295,1.51));
#2576 = CIRCLE('',#2577,0.4);
#2577 = AXIS2_PLACEMENT_3D('',#2578,#2579,#2580);
#2578 = CARTESIAN_POINT('',(155.285456,-110.012295,1.51));
#2579 = DIRECTION('',(-0.,0.,-1.));
#2580 = DIRECTION('',(-0.,-1.,0.));
#2581 = FACE_BOUND('',#2582,.T.);
#2582 = EDGE_LOOP('',(#2583));
#2583 = ORIENTED_EDGE('',*,*,#2584,.T.);
#2584 = EDGE_CURVE('',#2585,#2585,#2587,.T.);
#2585 = VERTEX_POINT('',#2586);
#2586 = CARTESIAN_POINT('',(151.920456,-106.212295,1.51));
#2587 = CIRCLE('',#2588,0.4);
#2588 = AXIS2_PLACEMENT_3D('',#2589,#2590,#2591);
#2589 = CARTESIAN_POINT('',(151.920456,-105.812295,1.51));
#2590 = DIRECTION('',(-0.,0.,-1.));
#2591 = DIRECTION('',(-0.,-1.,0.));
#2592 = FACE_BOUND('',#2593,.T.);
#2593 = EDGE_LOOP('',(#2594));
#2594 = ORIENTED_EDGE('',*,*,#2595,.T.);
#2595 = EDGE_CURVE('',#2596,#2596,#2598,.T.);
#2596 = VERTEX_POINT('',#2597);
#2597 = CARTESIAN_POINT('',(157.825456,-110.412295,1.51));
#2598 = CIRCLE('',#2599,0.4);
#2599 = AXIS2_PLACEMENT_3D('',#2600,#2601,#2602);
#2600 = CARTESIAN_POINT('',(157.825456,-110.012295,1.51));
#2601 = DIRECTION('',(-0.,0.,-1.));
#2602 = DIRECTION('',(-0.,-1.,0.));
#2603 = FACE_BOUND('',#2604,.T.);
#2604 = EDGE_LOOP('',(#2605));
#2605 = ORIENTED_EDGE('',*,*,#2606,.T.);
#2606 = EDGE_CURVE('',#2607,#2607,#2609,.T.);
#2607 = VERTEX_POINT('',#2608);
#2608 = CARTESIAN_POINT('',(156.770456,-103.682295,1.51));
#2609 = CIRCLE('',#2610,0.4);
#2610 = AXIS2_PLACEMENT_3D('',#2611,#2612,#2613);
#2611 = CARTESIAN_POINT('',(156.770456,-103.282295,1.51));
#2612 = DIRECTION('',(-0.,0.,-1.));
#2613 = DIRECTION('',(-0.,-1.,0.));
#2614 = FACE_BOUND('',#2615,.T.);
#2615 = EDGE_LOOP('',(#2616));
#2616 = ORIENTED_EDGE('',*,*,#2617,.T.);
#2617 = EDGE_CURVE('',#2618,#2618,#2620,.T.);
#2618 = VERTEX_POINT('',#2619);
#2619 = CARTESIAN_POINT('',(160.670456,-106.212295,1.51));
#2620 = CIRCLE('',#2621,0.4);
#2621 = AXIS2_PLACEMENT_3D('',#2622,#2623,#2624);
#2622 = CARTESIAN_POINT('',(160.670456,-105.812295,1.51));
#2623 = DIRECTION('',(-0.,0.,-1.));
#2624 = DIRECTION('',(-0.,-1.,0.));
#2625 = FACE_BOUND('',#2626,.T.);
#2626 = EDGE_LOOP('',(#2627));
#2627 = ORIENTED_EDGE('',*,*,#2628,.T.);
#2628 = EDGE_CURVE('',#2629,#2629,#2631,.T.);
#2629 = VERTEX_POINT('',#2630);
#2630 = CARTESIAN_POINT('',(151.920456,-96.052295,1.51));
#2631 = CIRCLE('',#2632,0.4);
#2632 = AXIS2_PLACEMENT_3D('',#2633,#2634,#2635);
#2633 = CARTESIAN_POINT('',(151.920456,-95.652295,1.51));
#2634 = DIRECTION('',(-0.,0.,-1.));
#2635 = DIRECTION('',(-0.,-1.,0.));
#2636 = FACE_BOUND('',#2637,.T.);
#2637 = EDGE_LOOP('',(#2638));
#2638 = ORIENTED_EDGE('',*,*,#2639,.T.);
#2639 = EDGE_CURVE('',#2640,#2640,#2642,.T.);
#2640 = VERTEX_POINT('',#2641);
#2641 = CARTESIAN_POINT('',(156.770456,-101.132295,1.51));
#2642 = CIRCLE('',#2643,0.4);
#2643 = AXIS2_PLACEMENT_3D('',#2644,#2645,#2646);
#2644 = CARTESIAN_POINT('',(156.770456,-100.732295,1.51));
#2645 = DIRECTION('',(-0.,0.,-1.));
#2646 = DIRECTION('',(-0.,-1.,0.));
#2647 = FACE_BOUND('',#2648,.T.);
#2648 = EDGE_LOOP('',(#2649));
#2649 = ORIENTED_EDGE('',*,*,#2650,.T.);
#2650 = EDGE_CURVE('',#2651,#2651,#2653,.T.);
#2651 = VERTEX_POINT('',#2652);
#2652 = CARTESIAN_POINT('',(156.770456,-98.592295,1.51));
#2653 = CIRCLE('',#2654,0.4);
#2654 = AXIS2_PLACEMENT_3D('',#2655,#2656,#2657);
#2655 = CARTESIAN_POINT('',(156.770456,-98.192295,1.51));
#2656 = DIRECTION('',(-0.,0.,-1.));
#2657 = DIRECTION('',(-0.,-1.,0.));
#2658 = FACE_BOUND('',#2659,.T.);
#2659 = EDGE_LOOP('',(#2660));
#2660 = ORIENTED_EDGE('',*,*,#2661,.T.);
#2661 = EDGE_CURVE('',#2662,#2662,#2664,.T.);
#2662 = VERTEX_POINT('',#2663);
#2663 = CARTESIAN_POINT('',(160.670456,-96.052295,1.51));
#2664 = CIRCLE('',#2665,0.4);
#2665 = AXIS2_PLACEMENT_3D('',#2666,#2667,#2668);
#2666 = CARTESIAN_POINT('',(160.670456,-95.652295,1.51));
#2667 = DIRECTION('',(-0.,0.,-1.));
#2668 = DIRECTION('',(-0.,-1.,0.));
#2669 = FACE_BOUND('',#2670,.T.);
#2670 = EDGE_LOOP('',(#2671));
#2671 = ORIENTED_EDGE('',*,*,#2672,.T.);
#2672 = EDGE_CURVE('',#2673,#2673,#2675,.T.);
#2673 = VERTEX_POINT('',#2674);
#2674 = CARTESIAN_POINT('',(121.045456,-85.877296,1.51));
#2675 = CIRCLE('',#2676,0.4);
#2676 = AXIS2_PLACEMENT_3D('',#2677,#2678,#2679);
#2677 = CARTESIAN_POINT('',(121.045456,-85.477296,1.51));
#2678 = DIRECTION('',(-0.,0.,-1.));
#2679 = DIRECTION('',(-0.,-1.,0.));
#2680 = FACE_BOUND('',#2681,.T.);
#2681 = EDGE_LOOP('',(#2682));
#2682 = ORIENTED_EDGE('',*,*,#2683,.T.);
#2683 = EDGE_CURVE('',#2684,#2684,#2686,.T.);
#2684 = VERTEX_POINT('',#2685);
#2685 = CARTESIAN_POINT('',(126.400456,-88.356996,1.51));
#2686 = CIRCLE('',#2687,0.4572);
#2687 = AXIS2_PLACEMENT_3D('',#2688,#2689,#2690);
#2688 = CARTESIAN_POINT('',(126.400456,-87.899796,1.51));
#2689 = DIRECTION('',(-0.,0.,-1.));
#2690 = DIRECTION('',(-0.,-1.,0.));
#2691 = FACE_BOUND('',#2692,.T.);
#2692 = EDGE_LOOP('',(#2693));
#2693 = ORIENTED_EDGE('',*,*,#2694,.T.);
#2694 = EDGE_CURVE('',#2695,#2695,#2697,.T.);
#2695 = VERTEX_POINT('',#2696);
#2696 = CARTESIAN_POINT('',(126.400456,-85.816996,1.51));
#2697 = CIRCLE('',#2698,0.4572);
#2698 = AXIS2_PLACEMENT_3D('',#2699,#2700,#2701);
#2699 = CARTESIAN_POINT('',(126.400456,-85.359796,1.51));
#2700 = DIRECTION('',(-0.,0.,-1.));
#2701 = DIRECTION('',(-0.,-1.,0.));
#2702 = FACE_BOUND('',#2703,.T.);
#2703 = EDGE_LOOP('',(#2704));
#2704 = ORIENTED_EDGE('',*,*,#2705,.T.);
#2705 = EDGE_CURVE('',#2706,#2706,#2708,.T.);
#2706 = VERTEX_POINT('',#2707);
#2707 = CARTESIAN_POINT('',(121.045456,-83.337296,1.51));
#2708 = CIRCLE('',#2709,0.4);
#2709 = AXIS2_PLACEMENT_3D('',#2710,#2711,#2712);
#2710 = CARTESIAN_POINT('',(121.045456,-82.937296,1.51));
#2711 = DIRECTION('',(-0.,0.,-1.));
#2712 = DIRECTION('',(-0.,-1.,0.));
#2713 = FACE_BOUND('',#2714,.T.);
#2714 = EDGE_LOOP('',(#2715));
#2715 = ORIENTED_EDGE('',*,*,#2716,.T.);
#2716 = EDGE_CURVE('',#2717,#2717,#2719,.T.);
#2717 = VERTEX_POINT('',#2718);
#2718 = CARTESIAN_POINT('',(121.045456,-80.797296,1.51));
#2719 = CIRCLE('',#2720,0.4);
#2720 = AXIS2_PLACEMENT_3D('',#2721,#2722,#2723);
#2721 = CARTESIAN_POINT('',(121.045456,-80.397296,1.51));
#2722 = DIRECTION('',(-0.,0.,-1.));
#2723 = DIRECTION('',(-0.,-1.,0.));
#2724 = FACE_BOUND('',#2725,.T.);
#2725 = EDGE_LOOP('',(#2726));
#2726 = ORIENTED_EDGE('',*,*,#2727,.T.);
#2727 = EDGE_CURVE('',#2728,#2728,#2730,.T.);
#2728 = VERTEX_POINT('',#2729);
#2729 = CARTESIAN_POINT('',(121.045456,-78.257296,1.51));
#2730 = CIRCLE('',#2731,0.4);
#2731 = AXIS2_PLACEMENT_3D('',#2732,#2733,#2734);
#2732 = CARTESIAN_POINT('',(121.045456,-77.857296,1.51));
#2733 = DIRECTION('',(-0.,0.,-1.));
#2734 = DIRECTION('',(-0.,-1.,0.));
#2735 = FACE_BOUND('',#2736,.T.);
#2736 = EDGE_LOOP('',(#2737));
#2737 = ORIENTED_EDGE('',*,*,#2738,.T.);
#2738 = EDGE_CURVE('',#2739,#2739,#2741,.T.);
#2739 = VERTEX_POINT('',#2740);
#2740 = CARTESIAN_POINT('',(121.045456,-75.717296,1.51));
#2741 = CIRCLE('',#2742,0.4);
#2742 = AXIS2_PLACEMENT_3D('',#2743,#2744,#2745);
#2743 = CARTESIAN_POINT('',(121.045456,-75.317296,1.51));
#2744 = DIRECTION('',(-0.,0.,-1.));
#2745 = DIRECTION('',(-0.,-1.,0.));
#2746 = FACE_BOUND('',#2747,.T.);
#2747 = EDGE_LOOP('',(#2748));
#2748 = ORIENTED_EDGE('',*,*,#2749,.T.);
#2749 = EDGE_CURVE('',#2750,#2750,#2752,.T.);
#2750 = VERTEX_POINT('',#2751);
#2751 = CARTESIAN_POINT('',(126.400456,-83.276996,1.51));
#2752 = CIRCLE('',#2753,0.4572);
#2753 = AXIS2_PLACEMENT_3D('',#2754,#2755,#2756);
#2754 = CARTESIAN_POINT('',(126.400456,-82.819796,1.51));
#2755 = DIRECTION('',(-0.,0.,-1.));
#2756 = DIRECTION('',(-0.,-1.,0.));
#2757 = FACE_BOUND('',#2758,.T.);
#2758 = EDGE_LOOP('',(#2759));
#2759 = ORIENTED_EDGE('',*,*,#2760,.T.);
#2760 = EDGE_CURVE('',#2761,#2761,#2763,.T.);
#2761 = VERTEX_POINT('',#2762);
#2762 = CARTESIAN_POINT('',(126.400456,-80.736996,1.51));
#2763 = CIRCLE('',#2764,0.4572);
#2764 = AXIS2_PLACEMENT_3D('',#2765,#2766,#2767);
#2765 = CARTESIAN_POINT('',(126.400456,-80.279796,1.51));
#2766 = DIRECTION('',(-0.,0.,-1.));
#2767 = DIRECTION('',(-0.,-1.,0.));
#2768 = FACE_BOUND('',#2769,.T.);
#2769 = EDGE_LOOP('',(#2770));
#2770 = ORIENTED_EDGE('',*,*,#2771,.T.);
#2771 = EDGE_CURVE('',#2772,#2772,#2774,.T.);
#2772 = VERTEX_POINT('',#2773);
#2773 = CARTESIAN_POINT('',(126.400456,-78.196996,1.51));
#2774 = CIRCLE('',#2775,0.4572);
#2775 = AXIS2_PLACEMENT_3D('',#2776,#2777,#2778);
#2776 = CARTESIAN_POINT('',(126.400456,-77.739796,1.51));
#2777 = DIRECTION('',(-0.,0.,-1.));
#2778 = DIRECTION('',(-0.,-1.,0.));
#2779 = FACE_BOUND('',#2780,.T.);
#2780 = EDGE_LOOP('',(#2781));
#2781 = ORIENTED_EDGE('',*,*,#2782,.T.);
#2782 = EDGE_CURVE('',#2783,#2783,#2785,.T.);
#2783 = VERTEX_POINT('',#2784);
#2784 = CARTESIAN_POINT('',(126.400456,-75.656996,1.51));
#2785 = CIRCLE('',#2786,0.4572);
#2786 = AXIS2_PLACEMENT_3D('',#2787,#2788,#2789);
#2787 = CARTESIAN_POINT('',(126.400456,-75.199796,1.51));
#2788 = DIRECTION('',(-0.,0.,-1.));
#2789 = DIRECTION('',(-0.,-1.,0.));
#2790 = FACE_BOUND('',#2791,.T.);
#2791 = EDGE_LOOP('',(#2792));
#2792 = ORIENTED_EDGE('',*,*,#2793,.T.);
#2793 = EDGE_CURVE('',#2794,#2794,#2796,.T.);
#2794 = VERTEX_POINT('',#2795);
#2795 = CARTESIAN_POINT('',(134.020456,-88.356996,1.51));
#2796 = CIRCLE('',#2797,0.4572);
#2797 = AXIS2_PLACEMENT_3D('',#2798,#2799,#2800);
#2798 = CARTESIAN_POINT('',(134.020456,-87.899796,1.51));
#2799 = DIRECTION('',(-0.,0.,-1.));
#2800 = DIRECTION('',(-0.,-1.,0.));
#2801 = FACE_BOUND('',#2802,.T.);
#2802 = EDGE_LOOP('',(#2803));
#2803 = ORIENTED_EDGE('',*,*,#2804,.T.);
#2804 = EDGE_CURVE('',#2805,#2805,#2807,.T.);
#2805 = VERTEX_POINT('',#2806);
#2806 = CARTESIAN_POINT('',(134.020456,-85.816996,1.51));
#2807 = CIRCLE('',#2808,0.4572);
#2808 = AXIS2_PLACEMENT_3D('',#2809,#2810,#2811);
#2809 = CARTESIAN_POINT('',(134.020456,-85.359796,1.51));
#2810 = DIRECTION('',(-0.,0.,-1.));
#2811 = DIRECTION('',(-0.,-1.,0.));
#2812 = FACE_BOUND('',#2813,.T.);
#2813 = EDGE_LOOP('',(#2814));
#2814 = ORIENTED_EDGE('',*,*,#2815,.T.);
#2815 = EDGE_CURVE('',#2816,#2816,#2818,.T.);
#2816 = VERTEX_POINT('',#2817);
#2817 = CARTESIAN_POINT('',(139.020456,-83.777295,1.51));
#2818 = CIRCLE('',#2819,0.5);
#2819 = AXIS2_PLACEMENT_3D('',#2820,#2821,#2822);
#2820 = CARTESIAN_POINT('',(139.020456,-83.277295,1.51));
#2821 = DIRECTION('',(-0.,0.,-1.));
#2822 = DIRECTION('',(-0.,-1.,0.));
#2823 = FACE_BOUND('',#2824,.T.);
#2824 = EDGE_LOOP('',(#2825));
#2825 = ORIENTED_EDGE('',*,*,#2826,.T.);
#2826 = EDGE_CURVE('',#2827,#2827,#2829,.T.);
#2827 = VERTEX_POINT('',#2828);
#2828 = CARTESIAN_POINT('',(134.020456,-83.276996,1.51));
#2829 = CIRCLE('',#2830,0.4572);
#2830 = AXIS2_PLACEMENT_3D('',#2831,#2832,#2833);
#2831 = CARTESIAN_POINT('',(134.020456,-82.819796,1.51));
#2832 = DIRECTION('',(-0.,0.,-1.));
#2833 = DIRECTION('',(-0.,-1.,0.));
#2834 = FACE_BOUND('',#2835,.T.);
#2835 = EDGE_LOOP('',(#2836));
#2836 = ORIENTED_EDGE('',*,*,#2837,.T.);
#2837 = EDGE_CURVE('',#2838,#2838,#2840,.T.);
#2838 = VERTEX_POINT('',#2839);
#2839 = CARTESIAN_POINT('',(134.020456,-80.736996,1.51));
#2840 = CIRCLE('',#2841,0.4572);
#2841 = AXIS2_PLACEMENT_3D('',#2842,#2843,#2844);
#2842 = CARTESIAN_POINT('',(134.020456,-80.279796,1.51));
#2843 = DIRECTION('',(-0.,0.,-1.));
#2844 = DIRECTION('',(-0.,-1.,0.));
#2845 = FACE_BOUND('',#2846,.T.);
#2846 = EDGE_LOOP('',(#2847));
#2847 = ORIENTED_EDGE('',*,*,#2848,.T.);
#2848 = EDGE_CURVE('',#2849,#2849,#2851,.T.);
#2849 = VERTEX_POINT('',#2850);
#2850 = CARTESIAN_POINT('',(134.020456,-78.196996,1.51));
#2851 = CIRCLE('',#2852,0.4572);
#2852 = AXIS2_PLACEMENT_3D('',#2853,#2854,#2855);
#2853 = CARTESIAN_POINT('',(134.020456,-77.739796,1.51));
#2854 = DIRECTION('',(-0.,0.,-1.));
#2855 = DIRECTION('',(-0.,-1.,0.));
#2856 = FACE_BOUND('',#2857,.T.);
#2857 = EDGE_LOOP('',(#2858));
#2858 = ORIENTED_EDGE('',*,*,#2859,.T.);
#2859 = EDGE_CURVE('',#2860,#2860,#2862,.T.);
#2860 = VERTEX_POINT('',#2861);
#2861 = CARTESIAN_POINT('',(134.020456,-75.656996,1.51));
#2862 = CIRCLE('',#2863,0.4572);
#2863 = AXIS2_PLACEMENT_3D('',#2864,#2865,#2866);
#2864 = CARTESIAN_POINT('',(134.020456,-75.199796,1.51));
#2865 = DIRECTION('',(-0.,0.,-1.));
#2866 = DIRECTION('',(-0.,-1.,0.));
#2867 = FACE_BOUND('',#2868,.T.);
#2868 = EDGE_LOOP('',(#2869));
#2869 = ORIENTED_EDGE('',*,*,#2870,.T.);
#2870 = EDGE_CURVE('',#2871,#2871,#2873,.T.);
#2871 = VERTEX_POINT('',#2872);
#2872 = CARTESIAN_POINT('',(139.020456,-81.237295,1.51));
#2873 = CIRCLE('',#2874,0.5);
#2874 = AXIS2_PLACEMENT_3D('',#2875,#2876,#2877);
#2875 = CARTESIAN_POINT('',(139.020456,-80.737295,1.51));
#2876 = DIRECTION('',(-0.,0.,-1.));
#2877 = DIRECTION('',(-0.,-1.,0.));
#2878 = FACE_BOUND('',#2879,.T.);
#2879 = EDGE_LOOP('',(#2880));
#2880 = ORIENTED_EDGE('',*,*,#2881,.T.);
#2881 = EDGE_CURVE('',#2882,#2882,#2884,.T.);
#2882 = VERTEX_POINT('',#2883);
#2883 = CARTESIAN_POINT('',(139.020456,-78.697295,1.51));
#2884 = CIRCLE('',#2885,0.5);
#2885 = AXIS2_PLACEMENT_3D('',#2886,#2887,#2888);
#2886 = CARTESIAN_POINT('',(139.020456,-78.197295,1.51));
#2887 = DIRECTION('',(-0.,0.,-1.));
#2888 = DIRECTION('',(-0.,-1.,0.));
#2889 = FACE_BOUND('',#2890,.T.);
#2890 = EDGE_LOOP('',(#2891));
#2891 = ORIENTED_EDGE('',*,*,#2892,.T.);
#2892 = EDGE_CURVE('',#2893,#2893,#2895,.T.);
#2893 = VERTEX_POINT('',#2894);
#2894 = CARTESIAN_POINT('',(139.020456,-76.157295,1.51));
#2895 = CIRCLE('',#2896,0.5);
#2896 = AXIS2_PLACEMENT_3D('',#2897,#2898,#2899);
#2897 = CARTESIAN_POINT('',(139.020456,-75.657295,1.51));
#2898 = DIRECTION('',(-0.,0.,-1.));
#2899 = DIRECTION('',(-0.,-1.,0.));
#2900 = FACE_BOUND('',#2901,.T.);
#2901 = EDGE_LOOP('',(#2902));
#2902 = ORIENTED_EDGE('',*,*,#2903,.T.);
#2903 = EDGE_CURVE('',#2904,#2904,#2906,.T.);
#2904 = VERTEX_POINT('',#2905);
#2905 = CARTESIAN_POINT('',(139.020456,-73.617295,1.51));
#2906 = CIRCLE('',#2907,0.5);
#2907 = AXIS2_PLACEMENT_3D('',#2908,#2909,#2910);
#2908 = CARTESIAN_POINT('',(139.020456,-73.117295,1.51));
#2909 = DIRECTION('',(-0.,0.,-1.));
#2910 = DIRECTION('',(-0.,-1.,0.));
#2911 = FACE_BOUND('',#2912,.T.);
#2912 = EDGE_LOOP('',(#2913));
#2913 = ORIENTED_EDGE('',*,*,#2914,.T.);
#2914 = EDGE_CURVE('',#2915,#2915,#2917,.T.);
#2915 = VERTEX_POINT('',#2916);
#2916 = CARTESIAN_POINT('',(121.045456,-73.177296,1.51));
#2917 = CIRCLE('',#2918,0.4);
#2918 = AXIS2_PLACEMENT_3D('',#2919,#2920,#2921);
#2919 = CARTESIAN_POINT('',(121.045456,-72.777296,1.51));
#2920 = DIRECTION('',(-0.,0.,-1.));
#2921 = DIRECTION('',(-0.,-1.,0.));
#2922 = FACE_BOUND('',#2923,.T.);
#2923 = EDGE_LOOP('',(#2924));
#2924 = ORIENTED_EDGE('',*,*,#2925,.T.);
#2925 = EDGE_CURVE('',#2926,#2926,#2928,.T.);
#2926 = VERTEX_POINT('',#2927);
#2927 = CARTESIAN_POINT('',(121.045456,-70.637296,1.51));
#2928 = CIRCLE('',#2929,0.4);
#2929 = AXIS2_PLACEMENT_3D('',#2930,#2931,#2932);
#2930 = CARTESIAN_POINT('',(121.045456,-70.237296,1.51));
#2931 = DIRECTION('',(-0.,0.,-1.));
#2932 = DIRECTION('',(-0.,-1.,0.));
#2933 = FACE_BOUND('',#2934,.T.);
#2934 = EDGE_LOOP('',(#2935));
#2935 = ORIENTED_EDGE('',*,*,#2936,.T.);
#2936 = EDGE_CURVE('',#2937,#2937,#2939,.T.);
#2937 = VERTEX_POINT('',#2938);
#2938 = CARTESIAN_POINT('',(121.045456,-68.097296,1.51));
#2939 = CIRCLE('',#2940,0.4);
#2940 = AXIS2_PLACEMENT_3D('',#2941,#2942,#2943);
#2941 = CARTESIAN_POINT('',(121.045456,-67.697296,1.51));
#2942 = DIRECTION('',(-0.,0.,-1.));
#2943 = DIRECTION('',(-0.,-1.,0.));
#2944 = FACE_BOUND('',#2945,.T.);
#2945 = EDGE_LOOP('',(#2946));
#2946 = ORIENTED_EDGE('',*,*,#2947,.T.);
#2947 = EDGE_CURVE('',#2948,#2948,#2950,.T.);
#2948 = VERTEX_POINT('',#2949);
#2949 = CARTESIAN_POINT('',(126.400456,-73.116996,1.51));
#2950 = CIRCLE('',#2951,0.4572);
#2951 = AXIS2_PLACEMENT_3D('',#2952,#2953,#2954);
#2952 = CARTESIAN_POINT('',(126.400456,-72.659796,1.51));
#2953 = DIRECTION('',(-0.,0.,-1.));
#2954 = DIRECTION('',(-0.,-1.,0.));
#2955 = FACE_BOUND('',#2956,.T.);
#2956 = EDGE_LOOP('',(#2957));
#2957 = ORIENTED_EDGE('',*,*,#2958,.T.);
#2958 = EDGE_CURVE('',#2959,#2959,#2961,.T.);
#2959 = VERTEX_POINT('',#2960);
#2960 = CARTESIAN_POINT('',(126.400456,-70.576996,1.51));
#2961 = CIRCLE('',#2962,0.4572);
#2962 = AXIS2_PLACEMENT_3D('',#2963,#2964,#2965);
#2963 = CARTESIAN_POINT('',(126.400456,-70.119796,1.51));
#2964 = DIRECTION('',(-0.,0.,-1.));
#2965 = DIRECTION('',(-0.,-1.,0.));
#2966 = FACE_BOUND('',#2967,.T.);
#2967 = EDGE_LOOP('',(#2968));
#2968 = ORIENTED_EDGE('',*,*,#2969,.T.);
#2969 = EDGE_CURVE('',#2970,#2970,#2972,.T.);
#2970 = VERTEX_POINT('',#2971);
#2971 = CARTESIAN_POINT('',(126.400456,-68.036996,1.51));
#2972 = CIRCLE('',#2973,0.4572);
#2973 = AXIS2_PLACEMENT_3D('',#2974,#2975,#2976);
#2974 = CARTESIAN_POINT('',(126.400456,-67.579796,1.51));
#2975 = DIRECTION('',(-0.,0.,-1.));
#2976 = DIRECTION('',(-0.,-1.,0.));
#2977 = FACE_BOUND('',#2978,.T.);
#2978 = EDGE_LOOP('',(#2979));
#2979 = ORIENTED_EDGE('',*,*,#2980,.T.);
#2980 = EDGE_CURVE('',#2981,#2981,#2983,.T.);
#2981 = VERTEX_POINT('',#2982);
#2982 = CARTESIAN_POINT('',(126.400456,-65.496996,1.51));
#2983 = CIRCLE('',#2984,0.4572);
#2984 = AXIS2_PLACEMENT_3D('',#2985,#2986,#2987);
#2985 = CARTESIAN_POINT('',(126.400456,-65.039796,1.51));
#2986 = DIRECTION('',(-0.,0.,-1.));
#2987 = DIRECTION('',(-0.,-1.,0.));
#2988 = FACE_BOUND('',#2989,.T.);
#2989 = EDGE_LOOP('',(#2990));
#2990 = ORIENTED_EDGE('',*,*,#2991,.T.);
#2991 = EDGE_CURVE('',#2992,#2992,#2994,.T.);
#2992 = VERTEX_POINT('',#2993);
#2993 = CARTESIAN_POINT('',(126.720456,-56.447295,1.51));
#2994 = CIRCLE('',#2995,0.5);
#2995 = AXIS2_PLACEMENT_3D('',#2996,#2997,#2998);
#2996 = CARTESIAN_POINT('',(126.720456,-55.947295,1.51));
#2997 = DIRECTION('',(-0.,0.,-1.));
#2998 = DIRECTION('',(-0.,-1.,0.));
#2999 = FACE_BOUND('',#3000,.T.);
#3000 = EDGE_LOOP('',(#3001));
#3001 = ORIENTED_EDGE('',*,*,#3002,.T.);
#3002 = EDGE_CURVE('',#3003,#3003,#3005,.T.);
#3003 = VERTEX_POINT('',#3004);
#3004 = CARTESIAN_POINT('',(126.720456,-53.907295,1.51));
#3005 = CIRCLE('',#3006,0.5);
#3006 = AXIS2_PLACEMENT_3D('',#3007,#3008,#3009);
#3007 = CARTESIAN_POINT('',(126.720456,-53.407295,1.51));
#3008 = DIRECTION('',(-0.,0.,-1.));
#3009 = DIRECTION('',(-0.,-1.,0.));
#3010 = FACE_BOUND('',#3011,.T.);
#3011 = EDGE_LOOP('',(#3012));
#3012 = ORIENTED_EDGE('',*,*,#3013,.T.);
#3013 = EDGE_CURVE('',#3014,#3014,#3016,.T.);
#3014 = VERTEX_POINT('',#3015);
#3015 = CARTESIAN_POINT('',(134.020456,-73.116996,1.51));
#3016 = CIRCLE('',#3017,0.4572);
#3017 = AXIS2_PLACEMENT_3D('',#3018,#3019,#3020);
#3018 = CARTESIAN_POINT('',(134.020456,-72.659796,1.51));
#3019 = DIRECTION('',(-0.,0.,-1.));
#3020 = DIRECTION('',(-0.,-1.,0.));
#3021 = FACE_BOUND('',#3022,.T.);
#3022 = EDGE_LOOP('',(#3023));
#3023 = ORIENTED_EDGE('',*,*,#3024,.T.);
#3024 = EDGE_CURVE('',#3025,#3025,#3027,.T.);
#3025 = VERTEX_POINT('',#3026);
#3026 = CARTESIAN_POINT('',(134.020456,-70.576996,1.51));
#3027 = CIRCLE('',#3028,0.4572);
#3028 = AXIS2_PLACEMENT_3D('',#3029,#3030,#3031);
#3029 = CARTESIAN_POINT('',(134.020456,-70.119796,1.51));
#3030 = DIRECTION('',(-0.,0.,-1.));
#3031 = DIRECTION('',(-0.,-1.,0.));
#3032 = FACE_BOUND('',#3033,.T.);
#3033 = EDGE_LOOP('',(#3034));
#3034 = ORIENTED_EDGE('',*,*,#3035,.T.);
#3035 = EDGE_CURVE('',#3036,#3036,#3038,.T.);
#3036 = VERTEX_POINT('',#3037);
#3037 = CARTESIAN_POINT('',(134.020456,-68.036996,1.51));
#3038 = CIRCLE('',#3039,0.4572);
#3039 = AXIS2_PLACEMENT_3D('',#3040,#3041,#3042);
#3040 = CARTESIAN_POINT('',(134.020456,-67.579796,1.51));
#3041 = DIRECTION('',(-0.,0.,-1.));
#3042 = DIRECTION('',(-0.,-1.,0.));
#3043 = FACE_BOUND('',#3044,.T.);
#3044 = EDGE_LOOP('',(#3045));
#3045 = ORIENTED_EDGE('',*,*,#3046,.T.);
#3046 = EDGE_CURVE('',#3047,#3047,#3049,.T.);
#3047 = VERTEX_POINT('',#3048);
#3048 = CARTESIAN_POINT('',(134.020456,-65.496996,1.51));
#3049 = CIRCLE('',#3050,0.4572);
#3050 = AXIS2_PLACEMENT_3D('',#3051,#3052,#3053);
#3051 = CARTESIAN_POINT('',(134.020456,-65.039796,1.51));
#3052 = DIRECTION('',(-0.,0.,-1.));
#3053 = DIRECTION('',(-0.,-1.,0.));
#3054 = FACE_BOUND('',#3055,.T.);
#3055 = EDGE_LOOP('',(#3056));
#3056 = ORIENTED_EDGE('',*,*,#3057,.T.);
#3057 = EDGE_CURVE('',#3058,#3058,#3060,.T.);
#3058 = VERTEX_POINT('',#3059);
#3059 = CARTESIAN_POINT('',(139.020456,-71.077295,1.51));
#3060 = CIRCLE('',#3061,0.5);
#3061 = AXIS2_PLACEMENT_3D('',#3062,#3063,#3064);
#3062 = CARTESIAN_POINT('',(139.020456,-70.577295,1.51));
#3063 = DIRECTION('',(-0.,0.,-1.));
#3064 = DIRECTION('',(-0.,-1.,0.));
#3065 = FACE_BOUND('',#3066,.T.);
#3066 = EDGE_LOOP('',(#3067));
#3067 = ORIENTED_EDGE('',*,*,#3068,.T.);
#3068 = EDGE_CURVE('',#3069,#3069,#3071,.T.);
#3069 = VERTEX_POINT('',#3070);
#3070 = CARTESIAN_POINT('',(131.120456,-56.447295,1.51));
#3071 = CIRCLE('',#3072,0.5);
#3072 = AXIS2_PLACEMENT_3D('',#3073,#3074,#3075);
#3073 = CARTESIAN_POINT('',(131.120456,-55.947295,1.51));
#3074 = DIRECTION('',(-0.,0.,-1.));
#3075 = DIRECTION('',(-0.,-1.,0.));
#3076 = FACE_BOUND('',#3077,.T.);
#3077 = EDGE_LOOP('',(#3078));
#3078 = ORIENTED_EDGE('',*,*,#3079,.T.);
#3079 = EDGE_CURVE('',#3080,#3080,#3082,.T.);
#3080 = VERTEX_POINT('',#3081);
#3081 = CARTESIAN_POINT('',(131.120456,-53.907295,1.51));
#3082 = CIRCLE('',#3083,0.5);
#3083 = AXIS2_PLACEMENT_3D('',#3084,#3085,#3086);
#3084 = CARTESIAN_POINT('',(131.120456,-53.407295,1.51));
#3085 = DIRECTION('',(-0.,0.,-1.));
#3086 = DIRECTION('',(-0.,-1.,0.));
#3087 = FACE_BOUND('',#3088,.T.);
#3088 = EDGE_LOOP('',(#3089));
#3089 = ORIENTED_EDGE('',*,*,#3090,.T.);
#3090 = EDGE_CURVE('',#3091,#3091,#3093,.T.);
#3091 = VERTEX_POINT('',#3092);
#3092 = CARTESIAN_POINT('',(135.970456,-57.632295,1.51));
#3093 = CIRCLE('',#3094,0.4);
#3094 = AXIS2_PLACEMENT_3D('',#3095,#3096,#3097);
#3095 = CARTESIAN_POINT('',(135.970456,-57.232295,1.51));
#3096 = DIRECTION('',(-0.,0.,-1.));
#3097 = DIRECTION('',(-0.,-1.,0.));
#3098 = FACE_BOUND('',#3099,.T.);
#3099 = EDGE_LOOP('',(#3100));
#3100 = ORIENTED_EDGE('',*,*,#3101,.T.);
#3101 = EDGE_CURVE('',#3102,#3102,#3104,.T.);
#3102 = VERTEX_POINT('',#3103);
#3103 = CARTESIAN_POINT('',(138.470456,-57.632295,1.51));
#3104 = CIRCLE('',#3105,0.4);
#3105 = AXIS2_PLACEMENT_3D('',#3106,#3107,#3108);
#3106 = CARTESIAN_POINT('',(138.470456,-57.232295,1.51));
#3107 = DIRECTION('',(-0.,0.,-1.));
#3108 = DIRECTION('',(-0.,-1.,0.));
#3109 = FACE_BOUND('',#3110,.T.);
#3110 = EDGE_LOOP('',(#3111));
#3111 = ORIENTED_EDGE('',*,*,#3112,.T.);
#3112 = EDGE_CURVE('',#3113,#3113,#3115,.T.);
#3113 = VERTEX_POINT('',#3114);
#3114 = CARTESIAN_POINT('',(149.420456,-83.777295,1.51));
#3115 = CIRCLE('',#3116,0.5);
#3116 = AXIS2_PLACEMENT_3D('',#3117,#3118,#3119);
#3117 = CARTESIAN_POINT('',(149.420456,-83.277295,1.51));
#3118 = DIRECTION('',(-0.,0.,-1.));
#3119 = DIRECTION('',(-0.,-1.,0.));
#3120 = FACE_BOUND('',#3121,.T.);
#3121 = EDGE_LOOP('',(#3122));
#3122 = ORIENTED_EDGE('',*,*,#3123,.T.);
#3123 = EDGE_CURVE('',#3124,#3124,#3126,.T.);
#3124 = VERTEX_POINT('',#3125);
#3125 = CARTESIAN_POINT('',(149.420456,-81.237295,1.51));
#3126 = CIRCLE('',#3127,0.5);
#3127 = AXIS2_PLACEMENT_3D('',#3128,#3129,#3130);
#3128 = CARTESIAN_POINT('',(149.420456,-80.737295,1.51));
#3129 = DIRECTION('',(-0.,0.,-1.));
#3130 = DIRECTION('',(-0.,-1.,0.));
#3131 = FACE_BOUND('',#3132,.T.);
#3132 = EDGE_LOOP('',(#3133));
#3133 = ORIENTED_EDGE('',*,*,#3134,.T.);
#3134 = EDGE_CURVE('',#3135,#3135,#3137,.T.);
#3135 = VERTEX_POINT('',#3136);
#3136 = CARTESIAN_POINT('',(149.420456,-78.697295,1.51));
#3137 = CIRCLE('',#3138,0.5);
#3138 = AXIS2_PLACEMENT_3D('',#3139,#3140,#3141);
#3139 = CARTESIAN_POINT('',(149.420456,-78.197295,1.51));
#3140 = DIRECTION('',(-0.,0.,-1.));
#3141 = DIRECTION('',(-0.,-1.,0.));
#3142 = FACE_BOUND('',#3143,.T.);
#3143 = EDGE_LOOP('',(#3144));
#3144 = ORIENTED_EDGE('',*,*,#3145,.T.);
#3145 = EDGE_CURVE('',#3146,#3146,#3148,.T.);
#3146 = VERTEX_POINT('',#3147);
#3147 = CARTESIAN_POINT('',(149.420456,-76.157295,1.51));
#3148 = CIRCLE('',#3149,0.5);
#3149 = AXIS2_PLACEMENT_3D('',#3150,#3151,#3152);
#3150 = CARTESIAN_POINT('',(149.420456,-75.657295,1.51));
#3151 = DIRECTION('',(-0.,0.,-1.));
#3152 = DIRECTION('',(-0.,-1.,0.));
#3153 = FACE_BOUND('',#3154,.T.);
#3154 = EDGE_LOOP('',(#3155));
#3155 = ORIENTED_EDGE('',*,*,#3156,.T.);
#3156 = EDGE_CURVE('',#3157,#3157,#3159,.T.);
#3157 = VERTEX_POINT('',#3158);
#3158 = CARTESIAN_POINT('',(149.420456,-73.617295,1.51));
#3159 = CIRCLE('',#3160,0.5);
#3160 = AXIS2_PLACEMENT_3D('',#3161,#3162,#3163);
#3161 = CARTESIAN_POINT('',(149.420456,-73.117295,1.51));
#3162 = DIRECTION('',(-0.,0.,-1.));
#3163 = DIRECTION('',(-0.,-1.,0.));
#3164 = FACE_BOUND('',#3165,.T.);
#3165 = EDGE_LOOP('',(#3166));
#3166 = ORIENTED_EDGE('',*,*,#3167,.T.);
#3167 = EDGE_CURVE('',#3168,#3168,#3170,.T.);
#3168 = VERTEX_POINT('',#3169);
#3169 = CARTESIAN_POINT('',(149.420456,-71.077295,1.51));
#3170 = CIRCLE('',#3171,0.5);
#3171 = AXIS2_PLACEMENT_3D('',#3172,#3173,#3174);
#3172 = CARTESIAN_POINT('',(149.420456,-70.577295,1.51));
#3173 = DIRECTION('',(-0.,0.,-1.));
#3174 = DIRECTION('',(-0.,-1.,0.));
#3175 = FACE_BOUND('',#3176,.T.);
#3176 = EDGE_LOOP('',(#3177));
#3177 = ORIENTED_EDGE('',*,*,#3178,.T.);
#3178 = EDGE_CURVE('',#3179,#3179,#3181,.T.);
#3179 = VERTEX_POINT('',#3180);
#3180 = CARTESIAN_POINT('',(143.105456,-58.182295,1.51));
#3181 = CIRCLE('',#3182,0.45);
#3182 = AXIS2_PLACEMENT_3D('',#3183,#3184,#3185);
#3183 = CARTESIAN_POINT('',(143.105456,-57.732295,1.51));
#3184 = DIRECTION('',(-0.,0.,-1.));
#3185 = DIRECTION('',(-0.,-1.,0.));
#3186 = FACE_BOUND('',#3187,.T.);
#3187 = EDGE_LOOP('',(#3188));
#3188 = ORIENTED_EDGE('',*,*,#3189,.T.);
#3189 = EDGE_CURVE('',#3190,#3190,#3192,.T.);
#3190 = VERTEX_POINT('',#3191);
#3191 = CARTESIAN_POINT('',(145.645456,-58.182295,1.51));
#3192 = CIRCLE('',#3193,0.45);
#3193 = AXIS2_PLACEMENT_3D('',#3194,#3195,#3196);
#3194 = CARTESIAN_POINT('',(145.645456,-57.732295,1.51));
#3195 = DIRECTION('',(-0.,0.,-1.));
#3196 = DIRECTION('',(-6.315935428979E-14,-1.,0.));
#3197 = FACE_BOUND('',#3198,.T.);
#3198 = EDGE_LOOP('',(#3199));
#3199 = ORIENTED_EDGE('',*,*,#3200,.T.);
#3200 = EDGE_CURVE('',#3201,#3201,#3203,.T.);
#3201 = VERTEX_POINT('',#3202);
#3202 = CARTESIAN_POINT('',(140.915456,-53.282295,1.51));
#3203 = CIRCLE('',#3204,0.4);
#3204 = AXIS2_PLACEMENT_3D('',#3205,#3206,#3207);
#3205 = CARTESIAN_POINT('',(140.915456,-52.882295,1.51));
#3206 = DIRECTION('',(-0.,0.,-1.));
#3207 = DIRECTION('',(-0.,-1.,0.));
#3208 = FACE_BOUND('',#3209,.T.);
#3209 = EDGE_LOOP('',(#3210));
#3210 = ORIENTED_EDGE('',*,*,#3211,.T.);
#3211 = EDGE_CURVE('',#3212,#3212,#3214,.T.);
#3212 = VERTEX_POINT('',#3213);
#3213 = CARTESIAN_POINT('',(154.420456,-64.067295,1.51));
#3214 = CIRCLE('',#3215,0.5);
#3215 = AXIS2_PLACEMENT_3D('',#3216,#3217,#3218);
#3216 = CARTESIAN_POINT('',(154.420456,-63.567295,1.51));
#3217 = DIRECTION('',(-0.,0.,-1.));
#3218 = DIRECTION('',(-0.,-1.,0.));
#3219 = FACE_BOUND('',#3220,.T.);
#3220 = EDGE_LOOP('',(#3221));
#3221 = ORIENTED_EDGE('',*,*,#3222,.T.);
#3222 = EDGE_CURVE('',#3223,#3223,#3225,.T.);
#3223 = VERTEX_POINT('',#3224);
#3224 = CARTESIAN_POINT('',(154.420456,-61.527295,1.51));
#3225 = CIRCLE('',#3226,0.5);
#3226 = AXIS2_PLACEMENT_3D('',#3227,#3228,#3229);
#3227 = CARTESIAN_POINT('',(154.420456,-61.027295,1.51));
#3228 = DIRECTION('',(-0.,0.,-1.));
#3229 = DIRECTION('',(-0.,-1.,0.));
#3230 = FACE_BOUND('',#3231,.T.);
#3231 = EDGE_LOOP('',(#3232));
#3232 = ORIENTED_EDGE('',*,*,#3233,.T.);
#3233 = EDGE_CURVE('',#3234,#3234,#3236,.T.);
#3234 = VERTEX_POINT('',#3235);
#3235 = CARTESIAN_POINT('',(154.420456,-58.987295,1.51));
#3236 = CIRCLE('',#3237,0.5);
#3237 = AXIS2_PLACEMENT_3D('',#3238,#3239,#3240);
#3238 = CARTESIAN_POINT('',(154.420456,-58.487295,1.51));
#3239 = DIRECTION('',(-0.,0.,-1.));
#3240 = DIRECTION('',(-0.,-1.,0.));
#3241 = FACE_BOUND('',#3242,.T.);
#3242 = EDGE_LOOP('',(#3243));
#3243 = ORIENTED_EDGE('',*,*,#3244,.T.);
#3244 = EDGE_CURVE('',#3245,#3245,#3247,.T.);
#3245 = VERTEX_POINT('',#3246);
#3246 = CARTESIAN_POINT('',(151.075456,-53.282295,1.51));
#3247 = CIRCLE('',#3248,0.4);
#3248 = AXIS2_PLACEMENT_3D('',#3249,#3250,#3251);
#3249 = CARTESIAN_POINT('',(151.075456,-52.882295,1.51));
#3250 = DIRECTION('',(-0.,0.,-1.));
#3251 = DIRECTION('',(-0.,-1.,0.));
#3252 = FACE_BOUND('',#3253,.T.);
#3253 = EDGE_LOOP('',(#3254));
#3254 = ORIENTED_EDGE('',*,*,#3255,.T.);
#3255 = EDGE_CURVE('',#3256,#3256,#3258,.T.);
#3256 = VERTEX_POINT('',#3257);
#3257 = CARTESIAN_POINT('',(154.420456,-56.447295,1.51));
#3258 = CIRCLE('',#3259,0.5);
#3259 = AXIS2_PLACEMENT_3D('',#3260,#3261,#3262);
#3260 = CARTESIAN_POINT('',(154.420456,-55.947295,1.51));
#3261 = DIRECTION('',(-0.,0.,-1.));
#3262 = DIRECTION('',(-0.,-1.,0.));
#3263 = FACE_BOUND('',#3264,.T.);
#3264 = EDGE_LOOP('',(#3265));
#3265 = ORIENTED_EDGE('',*,*,#3266,.T.);
#3266 = EDGE_CURVE('',#3267,#3267,#3269,.T.);
#3267 = VERTEX_POINT('',#3268);
#3268 = CARTESIAN_POINT('',(154.420456,-53.907295,1.51));
#3269 = CIRCLE('',#3270,0.5);
#3270 = AXIS2_PLACEMENT_3D('',#3271,#3272,#3273);
#3271 = CARTESIAN_POINT('',(154.420456,-53.407295,1.51));
#3272 = DIRECTION('',(-0.,0.,-1.));
#3273 = DIRECTION('',(-0.,-1.,0.));
#3274 = PLANE('',#3275);
#3275 = AXIS2_PLACEMENT_3D('',#3276,#3277,#3278);
#3276 = CARTESIAN_POINT('',(0.,0.,1.51));
#3277 = DIRECTION('',(0.,0.,1.));
#3278 = DIRECTION('',(1.,0.,-0.));
#3279 = ADVANCED_FACE('',(#3280),#3291,.T.);
#3280 = FACE_BOUND('',#3281,.T.);
#3281 = EDGE_LOOP('',(#3282,#3288,#3289,#3290));
#3282 = ORIENTED_EDGE('',*,*,#3283,.T.);
#3283 = EDGE_CURVE('',#146,#1716,#3284,.T.);
#3284 = LINE('',#3285,#3286);
#3285 = CARTESIAN_POINT('',(118.070456,-51.267295,0.));
#3286 = VECTOR('',#3287,1.);
#3287 = DIRECTION('',(0.,0.,1.));
#3288 = ORIENTED_EDGE('',*,*,#1715,.T.);
#3289 = ORIENTED_EDGE('',*,*,#81,.F.);
#3290 = ORIENTED_EDGE('',*,*,#145,.F.);
#3291 = CYLINDRICAL_SURFACE('',#3292,0.999999252925);
#3292 = AXIS2_PLACEMENT_3D('',#3293,#3294,#3295);
#3293 = CARTESIAN_POINT('',(119.07045525292,-51.26729425292,0.));
#3294 = DIRECTION('',(0.,0.,-1.));
#3295 = DIRECTION('',(-1.,-7.470757278485E-07,-0.));
#3296 = ADVANCED_FACE('',(#3297),#3308,.T.);
#3297 = FACE_BOUND('',#3298,.T.);
#3298 = EDGE_LOOP('',(#3299,#3300,#3301,#3307));
#3299 = ORIENTED_EDGE('',*,*,#121,.T.);
#3300 = ORIENTED_EDGE('',*,*,#1749,.T.);
#3301 = ORIENTED_EDGE('',*,*,#3302,.F.);
#3302 = EDGE_CURVE('',#172,#1742,#3303,.T.);
#3303 = LINE('',#3304,#3305);
#3304 = CARTESIAN_POINT('',(162.070456,-136.267295,0.));
#3305 = VECTOR('',#3306,1.);
#3306 = DIRECTION('',(0.,0.,1.));
#3307 = ORIENTED_EDGE('',*,*,#179,.F.);
#3308 = CYLINDRICAL_SURFACE('',#3309,0.999999252925);
#3309 = AXIS2_PLACEMENT_3D('',#3310,#3311,#3312);
#3310 = CARTESIAN_POINT('',(162.07045674707,-135.267295747,0.));
#3311 = DIRECTION('',(0.,0.,-1.));
#3312 = DIRECTION('',(1.,7.470757065322E-07,0.));
#3313 = ADVANCED_FACE('',(#3314),#3325,.T.);
#3314 = FACE_BOUND('',#3315,.T.);
#3315 = EDGE_LOOP('',(#3316,#3322,#3323,#3324));
#3316 = ORIENTED_EDGE('',*,*,#3317,.T.);
#3317 = EDGE_CURVE('',#155,#1725,#3318,.T.);
#3318 = LINE('',#3319,#3320);
#3319 = CARTESIAN_POINT('',(118.070456,-135.267295,0.));
#3320 = VECTOR('',#3321,1.);
#3321 = DIRECTION('',(0.,0.,1.));
#3322 = ORIENTED_EDGE('',*,*,#1724,.T.);
#3323 = ORIENTED_EDGE('',*,*,#3283,.F.);
#3324 = ORIENTED_EDGE('',*,*,#154,.F.);
#3325 = PLANE('',#3326);
#3326 = AXIS2_PLACEMENT_3D('',#3327,#3328,#3329);
#3327 = CARTESIAN_POINT('',(118.070456,-135.267295,0.));
#3328 = DIRECTION('',(-1.,0.,0.));
#3329 = DIRECTION('',(0.,1.,0.));
#3330 = ADVANCED_FACE('',(#3331),#3342,.T.);
#3331 = FACE_BOUND('',#3332,.T.);
#3332 = EDGE_LOOP('',(#3333,#3334,#3335,#3341));
#3333 = ORIENTED_EDGE('',*,*,#3302,.T.);
#3334 = ORIENTED_EDGE('',*,*,#1741,.T.);
#3335 = ORIENTED_EDGE('',*,*,#3336,.F.);
#3336 = EDGE_CURVE('',#163,#1733,#3337,.T.);
#3337 = LINE('',#3338,#3339);
#3338 = CARTESIAN_POINT('',(119.070456,-136.267295,0.));
#3339 = VECTOR('',#3340,1.);
#3340 = DIRECTION('',(0.,0.,1.));
#3341 = ORIENTED_EDGE('',*,*,#171,.F.);
#3342 = PLANE('',#3343);
#3343 = AXIS2_PLACEMENT_3D('',#3344,#3345,#3346);
#3344 = CARTESIAN_POINT('',(162.070456,-136.267295,0.));
#3345 = DIRECTION('',(0.,-1.,0.));
#3346 = DIRECTION('',(-1.,0.,0.));
#3347 = ADVANCED_FACE('',(#3348),#3354,.T.);
#3348 = FACE_BOUND('',#3349,.T.);
#3349 = EDGE_LOOP('',(#3350,#3351,#3352,#3353));
#3350 = ORIENTED_EDGE('',*,*,#3336,.T.);
#3351 = ORIENTED_EDGE('',*,*,#1732,.T.);
#3352 = ORIENTED_EDGE('',*,*,#3317,.F.);
#3353 = ORIENTED_EDGE('',*,*,#162,.F.);
#3354 = CYLINDRICAL_SURFACE('',#3355,0.999999252925);
#3355 = AXIS2_PLACEMENT_3D('',#3356,#3357,#3358);
#3356 = CARTESIAN_POINT('',(119.07045525292,-135.267295747,0.));
#3357 = DIRECTION('',(0.,0.,-1.));
#3358 = DIRECTION('',(7.470757349539E-07,-1.,0.));
#3359 = ADVANCED_FACE('',(#3360),#3371,.F.);
#3360 = FACE_BOUND('',#3361,.T.);
#3361 = EDGE_LOOP('',(#3362,#3363,#3369,#3370));
#3362 = ORIENTED_EDGE('',*,*,#189,.T.);
#3363 = ORIENTED_EDGE('',*,*,#3364,.T.);
#3364 = EDGE_CURVE('',#190,#1760,#3365,.T.);
#3365 = LINE('',#3366,#3367);
#3366 = CARTESIAN_POINT('',(126.720456,-132.642295,-4.6E-02));
#3367 = VECTOR('',#3368,1.);
#3368 = DIRECTION('',(0.,0.,1.));
#3369 = ORIENTED_EDGE('',*,*,#1759,.F.);
#3370 = ORIENTED_EDGE('',*,*,#3364,.F.);
#3371 = CYLINDRICAL_SURFACE('',#3372,0.5);
#3372 = AXIS2_PLACEMENT_3D('',#3373,#3374,#3375);
#3373 = CARTESIAN_POINT('',(126.720456,-132.142295,-4.6E-02));
#3374 = DIRECTION('',(-0.,-0.,-1.));
#3375 = DIRECTION('',(-0.,-1.,0.));
#3376 = ADVANCED_FACE('',(#3377),#3388,.F.);
#3377 = FACE_BOUND('',#3378,.T.);
#3378 = EDGE_LOOP('',(#3379,#3380,#3386,#3387));
#3379 = ORIENTED_EDGE('',*,*,#200,.T.);
#3380 = ORIENTED_EDGE('',*,*,#3381,.T.);
#3381 = EDGE_CURVE('',#201,#1771,#3382,.T.);
#3382 = LINE('',#3383,#3384);
#3383 = CARTESIAN_POINT('',(126.720456,-130.102295,-4.6E-02));
#3384 = VECTOR('',#3385,1.);
#3385 = DIRECTION('',(0.,0.,1.));
#3386 = ORIENTED_EDGE('',*,*,#1770,.F.);
#3387 = ORIENTED_EDGE('',*,*,#3381,.F.);
#3388 = CYLINDRICAL_SURFACE('',#3389,0.5);
#3389 = AXIS2_PLACEMENT_3D('',#3390,#3391,#3392);
#3390 = CARTESIAN_POINT('',(126.720456,-129.602295,-4.6E-02));
#3391 = DIRECTION('',(-0.,-0.,-1.));
#3392 = DIRECTION('',(-0.,-1.,0.));
#3393 = ADVANCED_FACE('',(#3394),#3405,.F.);
#3394 = FACE_BOUND('',#3395,.T.);
#3395 = EDGE_LOOP('',(#3396,#3397,#3403,#3404));
#3396 = ORIENTED_EDGE('',*,*,#211,.T.);
#3397 = ORIENTED_EDGE('',*,*,#3398,.T.);
#3398 = EDGE_CURVE('',#212,#1782,#3399,.T.);
#3399 = LINE('',#3400,#3401);
#3400 = CARTESIAN_POINT('',(126.720456,-127.562295,-4.6E-02));
#3401 = VECTOR('',#3402,1.);
#3402 = DIRECTION('',(0.,0.,1.));
#3403 = ORIENTED_EDGE('',*,*,#1781,.F.);
#3404 = ORIENTED_EDGE('',*,*,#3398,.F.);
#3405 = CYLINDRICAL_SURFACE('',#3406,0.5);
#3406 = AXIS2_PLACEMENT_3D('',#3407,#3408,#3409);
#3407 = CARTESIAN_POINT('',(126.720456,-127.062295,-4.6E-02));
#3408 = DIRECTION('',(-0.,-0.,-1.));
#3409 = DIRECTION('',(-0.,-1.,0.));
#3410 = ADVANCED_FACE('',(#3411),#3422,.F.);
#3411 = FACE_BOUND('',#3412,.T.);
#3412 = EDGE_LOOP('',(#3413,#3414,#3420,#3421));
#3413 = ORIENTED_EDGE('',*,*,#222,.T.);
#3414 = ORIENTED_EDGE('',*,*,#3415,.T.);
#3415 = EDGE_CURVE('',#223,#1793,#3416,.T.);
#3416 = LINE('',#3417,#3418);
#3417 = CARTESIAN_POINT('',(126.720456,-125.022295,-4.6E-02));
#3418 = VECTOR('',#3419,1.);
#3419 = DIRECTION('',(0.,0.,1.));
#3420 = ORIENTED_EDGE('',*,*,#1792,.F.);
#3421 = ORIENTED_EDGE('',*,*,#3415,.F.);
#3422 = CYLINDRICAL_SURFACE('',#3423,0.5);
#3423 = AXIS2_PLACEMENT_3D('',#3424,#3425,#3426);
#3424 = CARTESIAN_POINT('',(126.720456,-124.522295,-4.6E-02));
#3425 = DIRECTION('',(-0.,-0.,-1.));
#3426 = DIRECTION('',(-0.,-1.,0.));
#3427 = ADVANCED_FACE('',(#3428),#3439,.F.);
#3428 = FACE_BOUND('',#3429,.T.);
#3429 = EDGE_LOOP('',(#3430,#3431,#3437,#3438));
#3430 = ORIENTED_EDGE('',*,*,#233,.T.);
#3431 = ORIENTED_EDGE('',*,*,#3432,.T.);
#3432 = EDGE_CURVE('',#234,#1804,#3433,.T.);
#3433 = LINE('',#3434,#3435);
#3434 = CARTESIAN_POINT('',(126.720456,-122.482295,-4.6E-02));
#3435 = VECTOR('',#3436,1.);
#3436 = DIRECTION('',(0.,0.,1.));
#3437 = ORIENTED_EDGE('',*,*,#1803,.F.);
#3438 = ORIENTED_EDGE('',*,*,#3432,.F.);
#3439 = CYLINDRICAL_SURFACE('',#3440,0.5);
#3440 = AXIS2_PLACEMENT_3D('',#3441,#3442,#3443);
#3441 = CARTESIAN_POINT('',(126.720456,-121.982295,-4.6E-02));
#3442 = DIRECTION('',(-0.,-0.,-1.));
#3443 = DIRECTION('',(-0.,-1.,0.));
#3444 = ADVANCED_FACE('',(#3445),#3456,.F.);
#3445 = FACE_BOUND('',#3446,.T.);
#3446 = EDGE_LOOP('',(#3447,#3448,#3454,#3455));
#3447 = ORIENTED_EDGE('',*,*,#244,.T.);
#3448 = ORIENTED_EDGE('',*,*,#3449,.T.);
#3449 = EDGE_CURVE('',#245,#1815,#3450,.T.);
#3450 = LINE('',#3451,#3452);
#3451 = CARTESIAN_POINT('',(126.720456,-119.942295,-4.6E-02));
#3452 = VECTOR('',#3453,1.);
#3453 = DIRECTION('',(0.,0.,1.));
#3454 = ORIENTED_EDGE('',*,*,#1814,.F.);
#3455 = ORIENTED_EDGE('',*,*,#3449,.F.);
#3456 = CYLINDRICAL_SURFACE('',#3457,0.5);
#3457 = AXIS2_PLACEMENT_3D('',#3458,#3459,#3460);
#3458 = CARTESIAN_POINT('',(126.720456,-119.442295,-4.6E-02));
#3459 = DIRECTION('',(-0.,-0.,-1.));
#3460 = DIRECTION('',(-0.,-1.,0.));
#3461 = ADVANCED_FACE('',(#3462),#3473,.F.);
#3462 = FACE_BOUND('',#3463,.T.);
#3463 = EDGE_LOOP('',(#3464,#3465,#3471,#3472));
#3464 = ORIENTED_EDGE('',*,*,#255,.T.);
#3465 = ORIENTED_EDGE('',*,*,#3466,.T.);
#3466 = EDGE_CURVE('',#256,#1826,#3467,.T.);
#3467 = LINE('',#3468,#3469);
#3468 = CARTESIAN_POINT('',(126.720456,-117.402295,-4.6E-02));
#3469 = VECTOR('',#3470,1.);
#3470 = DIRECTION('',(0.,0.,1.));
#3471 = ORIENTED_EDGE('',*,*,#1825,.F.);
#3472 = ORIENTED_EDGE('',*,*,#3466,.F.);
#3473 = CYLINDRICAL_SURFACE('',#3474,0.5);
#3474 = AXIS2_PLACEMENT_3D('',#3475,#3476,#3477);
#3475 = CARTESIAN_POINT('',(126.720456,-116.902295,-4.6E-02));
#3476 = DIRECTION('',(-0.,-0.,-1.));
#3477 = DIRECTION('',(-0.,-1.,0.));
#3478 = ADVANCED_FACE('',(#3479),#3490,.F.);
#3479 = FACE_BOUND('',#3480,.T.);
#3480 = EDGE_LOOP('',(#3481,#3482,#3488,#3489));
#3481 = ORIENTED_EDGE('',*,*,#266,.T.);
#3482 = ORIENTED_EDGE('',*,*,#3483,.T.);
#3483 = EDGE_CURVE('',#267,#1837,#3484,.T.);
#3484 = LINE('',#3485,#3486);
#3485 = CARTESIAN_POINT('',(126.720456,-114.862295,-4.6E-02));
#3486 = VECTOR('',#3487,1.);
#3487 = DIRECTION('',(0.,0.,1.));
#3488 = ORIENTED_EDGE('',*,*,#1836,.F.);
#3489 = ORIENTED_EDGE('',*,*,#3483,.F.);
#3490 = CYLINDRICAL_SURFACE('',#3491,0.5);
#3491 = AXIS2_PLACEMENT_3D('',#3492,#3493,#3494);
#3492 = CARTESIAN_POINT('',(126.720456,-114.362295,-4.6E-02));
#3493 = DIRECTION('',(-0.,-0.,-1.));
#3494 = DIRECTION('',(-0.,-1.,0.));
#3495 = ADVANCED_FACE('',(#3496),#3507,.F.);
#3496 = FACE_BOUND('',#3497,.T.);
#3497 = EDGE_LOOP('',(#3498,#3499,#3505,#3506));
#3498 = ORIENTED_EDGE('',*,*,#277,.T.);
#3499 = ORIENTED_EDGE('',*,*,#3500,.T.);
#3500 = EDGE_CURVE('',#278,#1848,#3501,.T.);
#3501 = LINE('',#3502,#3503);
#3502 = CARTESIAN_POINT('',(136.820456,-132.527295,-4.6E-02));
#3503 = VECTOR('',#3504,1.);
#3504 = DIRECTION('',(0.,0.,1.));
#3505 = ORIENTED_EDGE('',*,*,#1847,.F.);
#3506 = ORIENTED_EDGE('',*,*,#3500,.F.);
#3507 = CYLINDRICAL_SURFACE('',#3508,0.5);
#3508 = AXIS2_PLACEMENT_3D('',#3509,#3510,#3511);
#3509 = CARTESIAN_POINT('',(136.820456,-132.027295,-4.6E-02));
#3510 = DIRECTION('',(-0.,-0.,-1.));
#3511 = DIRECTION('',(-0.,-1.,0.));
#3512 = ADVANCED_FACE('',(#3513),#3524,.F.);
#3513 = FACE_BOUND('',#3514,.T.);
#3514 = EDGE_LOOP('',(#3515,#3516,#3522,#3523));
#3515 = ORIENTED_EDGE('',*,*,#288,.T.);
#3516 = ORIENTED_EDGE('',*,*,#3517,.T.);
#3517 = EDGE_CURVE('',#289,#1859,#3518,.T.);
#3518 = LINE('',#3519,#3520);
#3519 = CARTESIAN_POINT('',(136.820456,-129.987295,-4.6E-02));
#3520 = VECTOR('',#3521,1.);
#3521 = DIRECTION('',(0.,0.,1.));
#3522 = ORIENTED_EDGE('',*,*,#1858,.F.);
#3523 = ORIENTED_EDGE('',*,*,#3517,.F.);
#3524 = CYLINDRICAL_SURFACE('',#3525,0.5);
#3525 = AXIS2_PLACEMENT_3D('',#3526,#3527,#3528);
#3526 = CARTESIAN_POINT('',(136.820456,-129.487295,-4.6E-02));
#3527 = DIRECTION('',(-0.,-0.,-1.));
#3528 = DIRECTION('',(-0.,-1.,0.));
#3529 = ADVANCED_FACE('',(#3530),#3541,.F.);
#3530 = FACE_BOUND('',#3531,.T.);
#3531 = EDGE_LOOP('',(#3532,#3533,#3539,#3540));
#3532 = ORIENTED_EDGE('',*,*,#299,.T.);
#3533 = ORIENTED_EDGE('',*,*,#3534,.T.);
#3534 = EDGE_CURVE('',#300,#1870,#3535,.T.);
#3535 = LINE('',#3536,#3537);
#3536 = CARTESIAN_POINT('',(140.840456,-133.726045,-4.6E-02));
#3537 = VECTOR('',#3538,1.);
#3538 = DIRECTION('',(0.,0.,1.));
#3539 = ORIENTED_EDGE('',*,*,#1869,.F.);
#3540 = ORIENTED_EDGE('',*,*,#3534,.F.);
#3541 = CYLINDRICAL_SURFACE('',#3542,0.4);
#3542 = AXIS2_PLACEMENT_3D('',#3543,#3544,#3545);
#3543 = CARTESIAN_POINT('',(140.840456,-133.326045,-4.6E-02));
#3544 = DIRECTION('',(-0.,-0.,-1.));
#3545 = DIRECTION('',(-7.105427357601E-14,-1.,0.));
#3546 = ADVANCED_FACE('',(#3547),#3558,.F.);
#3547 = FACE_BOUND('',#3548,.T.);
#3548 = EDGE_LOOP('',(#3549,#3550,#3556,#3557));
#3549 = ORIENTED_EDGE('',*,*,#310,.T.);
#3550 = ORIENTED_EDGE('',*,*,#3551,.T.);
#3551 = EDGE_CURVE('',#311,#1881,#3552,.T.);
#3552 = LINE('',#3553,#3554);
#3553 = CARTESIAN_POINT('',(140.820456,-130.569795,-4.6E-02));
#3554 = VECTOR('',#3555,1.);
#3555 = DIRECTION('',(0.,0.,1.));
#3556 = ORIENTED_EDGE('',*,*,#1880,.F.);
#3557 = ORIENTED_EDGE('',*,*,#3551,.F.);
#3558 = CYLINDRICAL_SURFACE('',#3559,0.4);
#3559 = AXIS2_PLACEMENT_3D('',#3560,#3561,#3562);
#3560 = CARTESIAN_POINT('',(140.820456,-130.169795,-4.6E-02));
#3561 = DIRECTION('',(-0.,-0.,-1.));
#3562 = DIRECTION('',(-0.,-1.,0.));
#3563 = ADVANCED_FACE('',(#3564),#3575,.F.);
#3564 = FACE_BOUND('',#3565,.T.);
#3565 = EDGE_LOOP('',(#3566,#3567,#3573,#3574));
#3566 = ORIENTED_EDGE('',*,*,#321,.T.);
#3567 = ORIENTED_EDGE('',*,*,#3568,.T.);
#3568 = EDGE_CURVE('',#322,#1892,#3569,.T.);
#3569 = LINE('',#3570,#3571);
#3570 = CARTESIAN_POINT('',(136.820456,-127.447295,-4.6E-02));
#3571 = VECTOR('',#3572,1.);
#3572 = DIRECTION('',(0.,0.,1.));
#3573 = ORIENTED_EDGE('',*,*,#1891,.F.);
#3574 = ORIENTED_EDGE('',*,*,#3568,.F.);
#3575 = CYLINDRICAL_SURFACE('',#3576,0.5);
#3576 = AXIS2_PLACEMENT_3D('',#3577,#3578,#3579);
#3577 = CARTESIAN_POINT('',(136.820456,-126.947295,-4.6E-02));
#3578 = DIRECTION('',(-0.,-0.,-1.));
#3579 = DIRECTION('',(-0.,-1.,0.));
#3580 = ADVANCED_FACE('',(#3581),#3592,.F.);
#3581 = FACE_BOUND('',#3582,.T.);
#3582 = EDGE_LOOP('',(#3583,#3584,#3590,#3591));
#3583 = ORIENTED_EDGE('',*,*,#332,.T.);
#3584 = ORIENTED_EDGE('',*,*,#3585,.T.);
#3585 = EDGE_CURVE('',#333,#1903,#3586,.T.);
#3586 = LINE('',#3587,#3588);
#3587 = CARTESIAN_POINT('',(136.820456,-124.907295,-4.6E-02));
#3588 = VECTOR('',#3589,1.);
#3589 = DIRECTION('',(0.,0.,1.));
#3590 = ORIENTED_EDGE('',*,*,#1902,.F.);
#3591 = ORIENTED_EDGE('',*,*,#3585,.F.);
#3592 = CYLINDRICAL_SURFACE('',#3593,0.5);
#3593 = AXIS2_PLACEMENT_3D('',#3594,#3595,#3596);
#3594 = CARTESIAN_POINT('',(136.820456,-124.407295,-4.6E-02));
#3595 = DIRECTION('',(-0.,-0.,-1.));
#3596 = DIRECTION('',(-0.,-1.,0.));
#3597 = ADVANCED_FACE('',(#3598),#3609,.F.);
#3598 = FACE_BOUND('',#3599,.T.);
#3599 = EDGE_LOOP('',(#3600,#3601,#3607,#3608));
#3600 = ORIENTED_EDGE('',*,*,#343,.T.);
#3601 = ORIENTED_EDGE('',*,*,#3602,.T.);
#3602 = EDGE_CURVE('',#344,#1914,#3603,.T.);
#3603 = LINE('',#3604,#3605);
#3604 = CARTESIAN_POINT('',(140.820456,-127.413545,-4.6E-02));
#3605 = VECTOR('',#3606,1.);
#3606 = DIRECTION('',(0.,0.,1.));
#3607 = ORIENTED_EDGE('',*,*,#1913,.F.);
#3608 = ORIENTED_EDGE('',*,*,#3602,.F.);
#3609 = CYLINDRICAL_SURFACE('',#3610,0.4);
#3610 = AXIS2_PLACEMENT_3D('',#3611,#3612,#3613);
#3611 = CARTESIAN_POINT('',(140.820456,-127.013545,-4.6E-02));
#3612 = DIRECTION('',(-0.,-0.,-1.));
#3613 = DIRECTION('',(-0.,-1.,0.));
#3614 = ADVANCED_FACE('',(#3615),#3626,.F.);
#3615 = FACE_BOUND('',#3616,.T.);
#3616 = EDGE_LOOP('',(#3617,#3618,#3624,#3625));
#3617 = ORIENTED_EDGE('',*,*,#354,.T.);
#3618 = ORIENTED_EDGE('',*,*,#3619,.T.);
#3619 = EDGE_CURVE('',#355,#1925,#3620,.T.);
#3620 = LINE('',#3621,#3622);
#3621 = CARTESIAN_POINT('',(140.840456,-124.257295,-4.6E-02));
#3622 = VECTOR('',#3623,1.);
#3623 = DIRECTION('',(0.,0.,1.));
#3624 = ORIENTED_EDGE('',*,*,#1924,.F.);
#3625 = ORIENTED_EDGE('',*,*,#3619,.F.);
#3626 = CYLINDRICAL_SURFACE('',#3627,0.4);
#3627 = AXIS2_PLACEMENT_3D('',#3628,#3629,#3630);
#3628 = CARTESIAN_POINT('',(140.840456,-123.857295,-4.6E-02));
#3629 = DIRECTION('',(-0.,-0.,-1.));
#3630 = DIRECTION('',(-7.105427357601E-14,-1.,0.));
#3631 = ADVANCED_FACE('',(#3632),#3643,.F.);
#3632 = FACE_BOUND('',#3633,.T.);
#3633 = EDGE_LOOP('',(#3634,#3635,#3641,#3642));
#3634 = ORIENTED_EDGE('',*,*,#365,.T.);
#3635 = ORIENTED_EDGE('',*,*,#3636,.T.);
#3636 = EDGE_CURVE('',#366,#1936,#3637,.T.);
#3637 = LINE('',#3638,#3639);
#3638 = CARTESIAN_POINT('',(135.520456,-116.207295,-4.6E-02));
#3639 = VECTOR('',#3640,1.);
#3640 = DIRECTION('',(0.,0.,1.));
#3641 = ORIENTED_EDGE('',*,*,#1935,.F.);
#3642 = ORIENTED_EDGE('',*,*,#3636,.F.);
#3643 = CYLINDRICAL_SURFACE('',#3644,0.4);
#3644 = AXIS2_PLACEMENT_3D('',#3645,#3646,#3647);
#3645 = CARTESIAN_POINT('',(135.520456,-115.807295,-4.6E-02));
#3646 = DIRECTION('',(-0.,-0.,-1.));
#3647 = DIRECTION('',(-0.,-1.,0.));
#3648 = ADVANCED_FACE('',(#3649),#3660,.F.);
#3649 = FACE_BOUND('',#3650,.T.);
#3650 = EDGE_LOOP('',(#3651,#3652,#3658,#3659));
#3651 = ORIENTED_EDGE('',*,*,#376,.T.);
#3652 = ORIENTED_EDGE('',*,*,#3653,.T.);
#3653 = EDGE_CURVE('',#377,#1947,#3654,.T.);
#3654 = LINE('',#3655,#3656);
#3655 = CARTESIAN_POINT('',(136.820456,-122.367295,-4.6E-02));
#3656 = VECTOR('',#3657,1.);
#3657 = DIRECTION('',(0.,0.,1.));
#3658 = ORIENTED_EDGE('',*,*,#1946,.F.);
#3659 = ORIENTED_EDGE('',*,*,#3653,.F.);
#3660 = CYLINDRICAL_SURFACE('',#3661,0.5);
#3661 = AXIS2_PLACEMENT_3D('',#3662,#3663,#3664);
#3662 = CARTESIAN_POINT('',(136.820456,-121.867295,-4.6E-02));
#3663 = DIRECTION('',(-0.,-0.,-1.));
#3664 = DIRECTION('',(-0.,-1.,0.));
#3665 = ADVANCED_FACE('',(#3666),#3677,.F.);
#3666 = FACE_BOUND('',#3667,.T.);
#3667 = EDGE_LOOP('',(#3668,#3669,#3675,#3676));
#3668 = ORIENTED_EDGE('',*,*,#387,.T.);
#3669 = ORIENTED_EDGE('',*,*,#3670,.T.);
#3670 = EDGE_CURVE('',#388,#1958,#3671,.T.);
#3671 = LINE('',#3672,#3673);
#3672 = CARTESIAN_POINT('',(140.045456,-118.032295,-4.6E-02));
#3673 = VECTOR('',#3674,1.);
#3674 = DIRECTION('',(0.,0.,1.));
#3675 = ORIENTED_EDGE('',*,*,#1957,.F.);
#3676 = ORIENTED_EDGE('',*,*,#3670,.F.);
#3677 = CYLINDRICAL_SURFACE('',#3678,0.4);
#3678 = AXIS2_PLACEMENT_3D('',#3679,#3680,#3681);
#3679 = CARTESIAN_POINT('',(140.045456,-117.632295,-4.6E-02));
#3680 = DIRECTION('',(-0.,-0.,-1.));
#3681 = DIRECTION('',(-0.,-1.,0.));
#3682 = ADVANCED_FACE('',(#3683),#3694,.F.);
#3683 = FACE_BOUND('',#3684,.T.);
#3684 = EDGE_LOOP('',(#3685,#3686,#3692,#3693));
#3685 = ORIENTED_EDGE('',*,*,#398,.T.);
#3686 = ORIENTED_EDGE('',*,*,#3687,.T.);
#3687 = EDGE_CURVE('',#399,#1969,#3688,.T.);
#3688 = LINE('',#3689,#3690);
#3689 = CARTESIAN_POINT('',(121.780456,-107.127295,-4.6E-02));
#3690 = VECTOR('',#3691,1.);
#3691 = DIRECTION('',(0.,0.,1.));
#3692 = ORIENTED_EDGE('',*,*,#1968,.F.);
#3693 = ORIENTED_EDGE('',*,*,#3687,.F.);
#3694 = CYLINDRICAL_SURFACE('',#3695,0.4);
#3695 = AXIS2_PLACEMENT_3D('',#3696,#3697,#3698);
#3696 = CARTESIAN_POINT('',(121.780456,-106.727295,-4.6E-02));
#3697 = DIRECTION('',(-0.,-0.,-1.));
#3698 = DIRECTION('',(-0.,-1.,0.));
#3699 = ADVANCED_FACE('',(#3700),#3711,.F.);
#3700 = FACE_BOUND('',#3701,.T.);
#3701 = EDGE_LOOP('',(#3702,#3703,#3709,#3710));
#3702 = ORIENTED_EDGE('',*,*,#409,.T.);
#3703 = ORIENTED_EDGE('',*,*,#3704,.T.);
#3704 = EDGE_CURVE('',#410,#1980,#3705,.T.);
#3705 = LINE('',#3706,#3707);
#3706 = CARTESIAN_POINT('',(124.320456,-107.127295,-4.6E-02));
#3707 = VECTOR('',#3708,1.);
#3708 = DIRECTION('',(0.,0.,1.));
#3709 = ORIENTED_EDGE('',*,*,#1979,.F.);
#3710 = ORIENTED_EDGE('',*,*,#3704,.F.);
#3711 = CYLINDRICAL_SURFACE('',#3712,0.4);
#3712 = AXIS2_PLACEMENT_3D('',#3713,#3714,#3715);
#3713 = CARTESIAN_POINT('',(124.320456,-106.727295,-4.6E-02));
#3714 = DIRECTION('',(-0.,-0.,-1.));
#3715 = DIRECTION('',(-3.552713678801E-14,-1.,0.));
#3716 = ADVANCED_FACE('',(#3717),#3728,.F.);
#3717 = FACE_BOUND('',#3718,.T.);
#3718 = EDGE_LOOP('',(#3719,#3720,#3726,#3727));
#3719 = ORIENTED_EDGE('',*,*,#420,.T.);
#3720 = ORIENTED_EDGE('',*,*,#3721,.T.);
#3721 = EDGE_CURVE('',#421,#1991,#3722,.T.);
#3722 = LINE('',#3723,#3724);
#3723 = CARTESIAN_POINT('',(126.860456,-107.127295,-4.6E-02));
#3724 = VECTOR('',#3725,1.);
#3725 = DIRECTION('',(0.,0.,1.));
#3726 = ORIENTED_EDGE('',*,*,#1990,.F.);
#3727 = ORIENTED_EDGE('',*,*,#3721,.F.);
#3728 = CYLINDRICAL_SURFACE('',#3729,0.4);
#3729 = AXIS2_PLACEMENT_3D('',#3730,#3731,#3732);
#3730 = CARTESIAN_POINT('',(126.860456,-106.727295,-4.6E-02));
#3731 = DIRECTION('',(-0.,-0.,-1.));
#3732 = DIRECTION('',(-0.,-1.,0.));
#3733 = ADVANCED_FACE('',(#3734),#3745,.F.);
#3734 = FACE_BOUND('',#3735,.T.);
#3735 = EDGE_LOOP('',(#3736,#3737,#3743,#3744));
#3736 = ORIENTED_EDGE('',*,*,#431,.T.);
#3737 = ORIENTED_EDGE('',*,*,#3738,.T.);
#3738 = EDGE_CURVE('',#432,#2002,#3739,.T.);
#3739 = LINE('',#3740,#3741);
#3740 = CARTESIAN_POINT('',(129.400456,-107.127295,-4.6E-02));
#3741 = VECTOR('',#3742,1.);
#3742 = DIRECTION('',(0.,0.,1.));
#3743 = ORIENTED_EDGE('',*,*,#2001,.F.);
#3744 = ORIENTED_EDGE('',*,*,#3738,.F.);
#3745 = CYLINDRICAL_SURFACE('',#3746,0.4);
#3746 = AXIS2_PLACEMENT_3D('',#3747,#3748,#3749);
#3747 = CARTESIAN_POINT('',(129.400456,-106.727295,-4.6E-02));
#3748 = DIRECTION('',(-0.,-0.,-1.));
#3749 = DIRECTION('',(-7.105427357601E-14,-1.,0.));
#3750 = ADVANCED_FACE('',(#3751),#3762,.F.);
#3751 = FACE_BOUND('',#3752,.T.);
#3752 = EDGE_LOOP('',(#3753,#3754,#3760,#3761));
#3753 = ORIENTED_EDGE('',*,*,#442,.T.);
#3754 = ORIENTED_EDGE('',*,*,#3755,.T.);
#3755 = EDGE_CURVE('',#443,#2013,#3756,.T.);
#3756 = LINE('',#3757,#3758);
#3757 = CARTESIAN_POINT('',(121.780456,-99.507295,-4.6E-02));
#3758 = VECTOR('',#3759,1.);
#3759 = DIRECTION('',(0.,0.,1.));
#3760 = ORIENTED_EDGE('',*,*,#2012,.F.);
#3761 = ORIENTED_EDGE('',*,*,#3755,.F.);
#3762 = CYLINDRICAL_SURFACE('',#3763,0.4);
#3763 = AXIS2_PLACEMENT_3D('',#3764,#3765,#3766);
#3764 = CARTESIAN_POINT('',(121.780456,-99.107295,-4.6E-02));
#3765 = DIRECTION('',(-0.,-0.,-1.));
#3766 = DIRECTION('',(-0.,-1.,0.));
#3767 = ADVANCED_FACE('',(#3768),#3779,.F.);
#3768 = FACE_BOUND('',#3769,.T.);
#3769 = EDGE_LOOP('',(#3770,#3771,#3777,#3778));
#3770 = ORIENTED_EDGE('',*,*,#453,.T.);
#3771 = ORIENTED_EDGE('',*,*,#3772,.T.);
#3772 = EDGE_CURVE('',#454,#2024,#3773,.T.);
#3773 = LINE('',#3774,#3775);
#3774 = CARTESIAN_POINT('',(124.320456,-99.507295,-4.6E-02));
#3775 = VECTOR('',#3776,1.);
#3776 = DIRECTION('',(0.,0.,1.));
#3777 = ORIENTED_EDGE('',*,*,#2023,.F.);
#3778 = ORIENTED_EDGE('',*,*,#3772,.F.);
#3779 = CYLINDRICAL_SURFACE('',#3780,0.4);
#3780 = AXIS2_PLACEMENT_3D('',#3781,#3782,#3783);
#3781 = CARTESIAN_POINT('',(124.320456,-99.107295,-4.6E-02));
#3782 = DIRECTION('',(-0.,-0.,-1.));
#3783 = DIRECTION('',(-3.552713678801E-14,-1.,0.));
#3784 = ADVANCED_FACE('',(#3785),#3796,.F.);
#3785 = FACE_BOUND('',#3786,.T.);
#3786 = EDGE_LOOP('',(#3787,#3788,#3794,#3795));
#3787 = ORIENTED_EDGE('',*,*,#464,.T.);
#3788 = ORIENTED_EDGE('',*,*,#3789,.T.);
#3789 = EDGE_CURVE('',#465,#2035,#3790,.T.);
#3790 = LINE('',#3791,#3792);
#3791 = CARTESIAN_POINT('',(124.245456,-95.432295,-4.6E-02));
#3792 = VECTOR('',#3793,1.);
#3793 = DIRECTION('',(0.,0.,1.));
#3794 = ORIENTED_EDGE('',*,*,#2034,.F.);
#3795 = ORIENTED_EDGE('',*,*,#3789,.F.);
#3796 = CYLINDRICAL_SURFACE('',#3797,0.4);
#3797 = AXIS2_PLACEMENT_3D('',#3798,#3799,#3800);
#3798 = CARTESIAN_POINT('',(124.245456,-95.032295,-4.6E-02));
#3799 = DIRECTION('',(-0.,0.,-1.));
#3800 = DIRECTION('',(3.5527136788E-14,-1.,-0.));
#3801 = ADVANCED_FACE('',(#3802),#3813,.F.);
#3802 = FACE_BOUND('',#3803,.T.);
#3803 = EDGE_LOOP('',(#3804,#3805,#3811,#3812));
#3804 = ORIENTED_EDGE('',*,*,#475,.T.);
#3805 = ORIENTED_EDGE('',*,*,#3806,.T.);
#3806 = EDGE_CURVE('',#476,#2046,#3807,.T.);
#3807 = LINE('',#3808,#3809);
#3808 = CARTESIAN_POINT('',(126.860456,-99.507295,-4.6E-02));
#3809 = VECTOR('',#3810,1.);
#3810 = DIRECTION('',(0.,0.,1.));
#3811 = ORIENTED_EDGE('',*,*,#2045,.F.);
#3812 = ORIENTED_EDGE('',*,*,#3806,.F.);
#3813 = CYLINDRICAL_SURFACE('',#3814,0.4);
#3814 = AXIS2_PLACEMENT_3D('',#3815,#3816,#3817);
#3815 = CARTESIAN_POINT('',(126.860456,-99.107295,-4.6E-02));
#3816 = DIRECTION('',(-0.,-0.,-1.));
#3817 = DIRECTION('',(-0.,-1.,0.));
#3818 = ADVANCED_FACE('',(#3819),#3830,.F.);
#3819 = FACE_BOUND('',#3820,.T.);
#3820 = EDGE_LOOP('',(#3821,#3822,#3828,#3829));
#3821 = ORIENTED_EDGE('',*,*,#486,.T.);
#3822 = ORIENTED_EDGE('',*,*,#3823,.T.);
#3823 = EDGE_CURVE('',#487,#2057,#3824,.T.);
#3824 = LINE('',#3825,#3826);
#3825 = CARTESIAN_POINT('',(129.400456,-99.507295,-4.6E-02));
#3826 = VECTOR('',#3827,1.);
#3827 = DIRECTION('',(0.,0.,1.));
#3828 = ORIENTED_EDGE('',*,*,#2056,.F.);
#3829 = ORIENTED_EDGE('',*,*,#3823,.F.);
#3830 = CYLINDRICAL_SURFACE('',#3831,0.4);
#3831 = AXIS2_PLACEMENT_3D('',#3832,#3833,#3834);
#3832 = CARTESIAN_POINT('',(129.400456,-99.107295,-4.6E-02));
#3833 = DIRECTION('',(-0.,-0.,-1.));
#3834 = DIRECTION('',(-7.105427357601E-14,-1.,0.));
#3835 = ADVANCED_FACE('',(#3836),#3847,.F.);
#3836 = FACE_BOUND('',#3837,.T.);
#3837 = EDGE_LOOP('',(#3838,#3839,#3845,#3846));
#3838 = ORIENTED_EDGE('',*,*,#497,.T.);
#3839 = ORIENTED_EDGE('',*,*,#3840,.T.);
#3840 = EDGE_CURVE('',#498,#2068,#3841,.T.);
#3841 = LINE('',#3842,#3843);
#3842 = CARTESIAN_POINT('',(126.785456,-95.432295,-4.6E-02));
#3843 = VECTOR('',#3844,1.);
#3844 = DIRECTION('',(0.,0.,1.));
#3845 = ORIENTED_EDGE('',*,*,#2067,.F.);
#3846 = ORIENTED_EDGE('',*,*,#3840,.F.);
#3847 = CYLINDRICAL_SURFACE('',#3848,0.4);
#3848 = AXIS2_PLACEMENT_3D('',#3849,#3850,#3851);
#3849 = CARTESIAN_POINT('',(126.785456,-95.032295,-4.6E-02));
#3850 = DIRECTION('',(-0.,-0.,-1.));
#3851 = DIRECTION('',(-3.552713678801E-14,-1.,0.));
#3852 = ADVANCED_FACE('',(#3853),#3864,.F.);
#3853 = FACE_BOUND('',#3854,.T.);
#3854 = EDGE_LOOP('',(#3855,#3856,#3862,#3863));
#3855 = ORIENTED_EDGE('',*,*,#508,.T.);
#3856 = ORIENTED_EDGE('',*,*,#3857,.T.);
#3857 = EDGE_CURVE('',#509,#2079,#3858,.T.);
#3858 = LINE('',#3859,#3860);
#3859 = CARTESIAN_POINT('',(129.325456,-95.432295,-4.6E-02));
#3860 = VECTOR('',#3861,1.);
#3861 = DIRECTION('',(0.,0.,1.));
#3862 = ORIENTED_EDGE('',*,*,#2078,.F.);
#3863 = ORIENTED_EDGE('',*,*,#3857,.F.);
#3864 = CYLINDRICAL_SURFACE('',#3865,0.4);
#3865 = AXIS2_PLACEMENT_3D('',#3866,#3867,#3868);
#3866 = CARTESIAN_POINT('',(129.325456,-95.032295,-4.6E-02));
#3867 = DIRECTION('',(-0.,-0.,-1.));
#3868 = DIRECTION('',(-0.,-1.,0.));
#3869 = ADVANCED_FACE('',(#3870),#3881,.F.);
#3870 = FACE_BOUND('',#3871,.T.);
#3871 = EDGE_LOOP('',(#3872,#3873,#3879,#3880));
#3872 = ORIENTED_EDGE('',*,*,#519,.T.);
#3873 = ORIENTED_EDGE('',*,*,#3874,.T.);
#3874 = EDGE_CURVE('',#520,#2090,#3875,.T.);
#3875 = LINE('',#3876,#3877);
#3876 = CARTESIAN_POINT('',(135.520456,-111.207295,-4.6E-02));
#3877 = VECTOR('',#3878,1.);
#3878 = DIRECTION('',(0.,0.,1.));
#3879 = ORIENTED_EDGE('',*,*,#2089,.F.);
#3880 = ORIENTED_EDGE('',*,*,#3874,.F.);
#3881 = CYLINDRICAL_SURFACE('',#3882,0.4);
#3882 = AXIS2_PLACEMENT_3D('',#3883,#3884,#3885);
#3883 = CARTESIAN_POINT('',(135.520456,-110.807295,-4.6E-02));
#3884 = DIRECTION('',(-0.,-0.,-1.));
#3885 = DIRECTION('',(-0.,-1.,0.));
#3886 = ADVANCED_FACE('',(#3887),#3898,.F.);
#3887 = FACE_BOUND('',#3888,.T.);
#3888 = EDGE_LOOP('',(#3889,#3890,#3896,#3897));
#3889 = ORIENTED_EDGE('',*,*,#530,.T.);
#3890 = ORIENTED_EDGE('',*,*,#3891,.T.);
#3891 = EDGE_CURVE('',#531,#2101,#3892,.T.);
#3892 = LINE('',#3893,#3894);
#3893 = CARTESIAN_POINT('',(131.940456,-107.127295,-4.6E-02));
#3894 = VECTOR('',#3895,1.);
#3895 = DIRECTION('',(0.,0.,1.));
#3896 = ORIENTED_EDGE('',*,*,#2100,.F.);
#3897 = ORIENTED_EDGE('',*,*,#3891,.F.);
#3898 = CYLINDRICAL_SURFACE('',#3899,0.4);
#3899 = AXIS2_PLACEMENT_3D('',#3900,#3901,#3902);
#3900 = CARTESIAN_POINT('',(131.940456,-106.727295,-4.6E-02));
#3901 = DIRECTION('',(-0.,0.,-1.));
#3902 = DIRECTION('',(7.105427357601E-14,-1.,-0.));
#3903 = ADVANCED_FACE('',(#3904),#3915,.F.);
#3904 = FACE_BOUND('',#3905,.T.);
#3905 = EDGE_LOOP('',(#3906,#3907,#3913,#3914));
#3906 = ORIENTED_EDGE('',*,*,#541,.T.);
#3907 = ORIENTED_EDGE('',*,*,#3908,.T.);
#3908 = EDGE_CURVE('',#542,#2112,#3909,.T.);
#3909 = LINE('',#3910,#3911);
#3910 = CARTESIAN_POINT('',(134.480456,-107.127295,-4.6E-02));
#3911 = VECTOR('',#3912,1.);
#3912 = DIRECTION('',(0.,0.,1.));
#3913 = ORIENTED_EDGE('',*,*,#2111,.F.);
#3914 = ORIENTED_EDGE('',*,*,#3908,.F.);
#3915 = CYLINDRICAL_SURFACE('',#3916,0.4);
#3916 = AXIS2_PLACEMENT_3D('',#3917,#3918,#3919);
#3917 = CARTESIAN_POINT('',(134.480456,-106.727295,-4.6E-02));
#3918 = DIRECTION('',(-0.,-0.,-1.));
#3919 = DIRECTION('',(-0.,-1.,0.));
#3920 = ADVANCED_FACE('',(#3921),#3932,.F.);
#3921 = FACE_BOUND('',#3922,.T.);
#3922 = EDGE_LOOP('',(#3923,#3924,#3930,#3931));
#3923 = ORIENTED_EDGE('',*,*,#552,.T.);
#3924 = ORIENTED_EDGE('',*,*,#3925,.T.);
#3925 = EDGE_CURVE('',#553,#2123,#3926,.T.);
#3926 = LINE('',#3927,#3928);
#3927 = CARTESIAN_POINT('',(140.045456,-110.412295,-4.6E-02));
#3928 = VECTOR('',#3929,1.);
#3929 = DIRECTION('',(0.,0.,1.));
#3930 = ORIENTED_EDGE('',*,*,#2122,.F.);
#3931 = ORIENTED_EDGE('',*,*,#3925,.F.);
#3932 = CYLINDRICAL_SURFACE('',#3933,0.4);
#3933 = AXIS2_PLACEMENT_3D('',#3934,#3935,#3936);
#3934 = CARTESIAN_POINT('',(140.045456,-110.012295,-4.6E-02));
#3935 = DIRECTION('',(-0.,-0.,-1.));
#3936 = DIRECTION('',(-0.,-1.,0.));
#3937 = ADVANCED_FACE('',(#3938),#3949,.F.);
#3938 = FACE_BOUND('',#3939,.T.);
#3939 = EDGE_LOOP('',(#3940,#3941,#3947,#3948));
#3940 = ORIENTED_EDGE('',*,*,#563,.T.);
#3941 = ORIENTED_EDGE('',*,*,#3942,.T.);
#3942 = EDGE_CURVE('',#564,#2134,#3943,.T.);
#3943 = LINE('',#3944,#3945);
#3944 = CARTESIAN_POINT('',(137.020456,-107.127295,-4.6E-02));
#3945 = VECTOR('',#3946,1.);
#3946 = DIRECTION('',(0.,0.,1.));
#3947 = ORIENTED_EDGE('',*,*,#2133,.F.);
#3948 = ORIENTED_EDGE('',*,*,#3942,.F.);
#3949 = CYLINDRICAL_SURFACE('',#3950,0.4);
#3950 = AXIS2_PLACEMENT_3D('',#3951,#3952,#3953);
#3951 = CARTESIAN_POINT('',(137.020456,-106.727295,-4.6E-02));
#3952 = DIRECTION('',(-0.,-0.,-1.));
#3953 = DIRECTION('',(-0.,-1.,0.));
#3954 = ADVANCED_FACE('',(#3955),#3966,.F.);
#3955 = FACE_BOUND('',#3956,.T.);
#3956 = EDGE_LOOP('',(#3957,#3958,#3964,#3965));
#3957 = ORIENTED_EDGE('',*,*,#574,.T.);
#3958 = ORIENTED_EDGE('',*,*,#3959,.T.);
#3959 = EDGE_CURVE('',#575,#2145,#3960,.T.);
#3960 = LINE('',#3961,#3962);
#3961 = CARTESIAN_POINT('',(139.560456,-107.127295,-4.6E-02));
#3962 = VECTOR('',#3963,1.);
#3963 = DIRECTION('',(0.,0.,1.));
#3964 = ORIENTED_EDGE('',*,*,#2144,.F.);
#3965 = ORIENTED_EDGE('',*,*,#3959,.F.);
#3966 = CYLINDRICAL_SURFACE('',#3967,0.4);
#3967 = AXIS2_PLACEMENT_3D('',#3968,#3969,#3970);
#3968 = CARTESIAN_POINT('',(139.560456,-106.727295,-4.6E-02));
#3969 = DIRECTION('',(-0.,-0.,-1.));
#3970 = DIRECTION('',(-0.,-1.,0.));
#3971 = ADVANCED_FACE('',(#3972),#3983,.F.);
#3972 = FACE_BOUND('',#3973,.T.);
#3973 = EDGE_LOOP('',(#3974,#3975,#3981,#3982));
#3974 = ORIENTED_EDGE('',*,*,#585,.T.);
#3975 = ORIENTED_EDGE('',*,*,#3976,.T.);
#3976 = EDGE_CURVE('',#586,#2156,#3977,.T.);
#3977 = LINE('',#3978,#3979);
#3978 = CARTESIAN_POINT('',(131.940456,-99.507295,-4.6E-02));
#3979 = VECTOR('',#3980,1.);
#3980 = DIRECTION('',(0.,0.,1.));
#3981 = ORIENTED_EDGE('',*,*,#2155,.F.);
#3982 = ORIENTED_EDGE('',*,*,#3976,.F.);
#3983 = CYLINDRICAL_SURFACE('',#3984,0.4);
#3984 = AXIS2_PLACEMENT_3D('',#3985,#3986,#3987);
#3985 = CARTESIAN_POINT('',(131.940456,-99.107295,-4.6E-02));
#3986 = DIRECTION('',(-0.,0.,-1.));
#3987 = DIRECTION('',(7.105427357601E-14,-1.,-0.));
#3988 = ADVANCED_FACE('',(#3989),#4000,.F.);
#3989 = FACE_BOUND('',#3990,.T.);
#3990 = EDGE_LOOP('',(#3991,#3992,#3998,#3999));
#3991 = ORIENTED_EDGE('',*,*,#596,.T.);
#3992 = ORIENTED_EDGE('',*,*,#3993,.T.);
#3993 = EDGE_CURVE('',#597,#2167,#3994,.T.);
#3994 = LINE('',#3995,#3996);
#3995 = CARTESIAN_POINT('',(134.480456,-99.507295,-4.6E-02));
#3996 = VECTOR('',#3997,1.);
#3997 = DIRECTION('',(0.,0.,1.));
#3998 = ORIENTED_EDGE('',*,*,#2166,.F.);
#3999 = ORIENTED_EDGE('',*,*,#3993,.F.);
#4000 = CYLINDRICAL_SURFACE('',#4001,0.4);
#4001 = AXIS2_PLACEMENT_3D('',#4002,#4003,#4004);
#4002 = CARTESIAN_POINT('',(134.480456,-99.107295,-4.6E-02));
#4003 = DIRECTION('',(-0.,-0.,-1.));
#4004 = DIRECTION('',(-0.,-1.,0.));
#4005 = ADVANCED_FACE('',(#4006),#4017,.F.);
#4006 = FACE_BOUND('',#4007,.T.);
#4007 = EDGE_LOOP('',(#4008,#4009,#4015,#4016));
#4008 = ORIENTED_EDGE('',*,*,#607,.T.);
#4009 = ORIENTED_EDGE('',*,*,#4010,.T.);
#4010 = EDGE_CURVE('',#608,#2178,#4011,.T.);
#4011 = LINE('',#4012,#4013);
#4012 = CARTESIAN_POINT('',(131.865456,-95.432295,-4.6E-02));
#4013 = VECTOR('',#4014,1.);
#4014 = DIRECTION('',(0.,0.,1.));
#4015 = ORIENTED_EDGE('',*,*,#2177,.F.);
#4016 = ORIENTED_EDGE('',*,*,#4010,.F.);
#4017 = CYLINDRICAL_SURFACE('',#4018,0.4);
#4018 = AXIS2_PLACEMENT_3D('',#4019,#4020,#4021);
#4019 = CARTESIAN_POINT('',(131.865456,-95.032295,-4.6E-02));
#4020 = DIRECTION('',(-0.,-0.,-1.));
#4021 = DIRECTION('',(-0.,-1.,0.));
#4022 = ADVANCED_FACE('',(#4023),#4034,.F.);
#4023 = FACE_BOUND('',#4024,.T.);
#4024 = EDGE_LOOP('',(#4025,#4026,#4032,#4033));
#4025 = ORIENTED_EDGE('',*,*,#618,.T.);
#4026 = ORIENTED_EDGE('',*,*,#4027,.T.);
#4027 = EDGE_CURVE('',#619,#2189,#4028,.T.);
#4028 = LINE('',#4029,#4030);
#4029 = CARTESIAN_POINT('',(134.405456,-95.432295,-4.6E-02));
#4030 = VECTOR('',#4031,1.);
#4031 = DIRECTION('',(0.,0.,1.));
#4032 = ORIENTED_EDGE('',*,*,#2188,.F.);
#4033 = ORIENTED_EDGE('',*,*,#4027,.F.);
#4034 = CYLINDRICAL_SURFACE('',#4035,0.4);
#4035 = AXIS2_PLACEMENT_3D('',#4036,#4037,#4038);
#4036 = CARTESIAN_POINT('',(134.405456,-95.032295,-4.6E-02));
#4037 = DIRECTION('',(-0.,-0.,-1.));
#4038 = DIRECTION('',(-7.105427357601E-14,-1.,0.));
#4039 = ADVANCED_FACE('',(#4040),#4051,.F.);
#4040 = FACE_BOUND('',#4041,.T.);
#4041 = EDGE_LOOP('',(#4042,#4043,#4049,#4050));
#4042 = ORIENTED_EDGE('',*,*,#629,.T.);
#4043 = ORIENTED_EDGE('',*,*,#4044,.T.);
#4044 = EDGE_CURVE('',#630,#2200,#4045,.T.);
#4045 = LINE('',#4046,#4047);
#4046 = CARTESIAN_POINT('',(137.020456,-99.507295,-4.6E-02));
#4047 = VECTOR('',#4048,1.);
#4048 = DIRECTION('',(0.,0.,1.));
#4049 = ORIENTED_EDGE('',*,*,#2199,.F.);
#4050 = ORIENTED_EDGE('',*,*,#4044,.F.);
#4051 = CYLINDRICAL_SURFACE('',#4052,0.4);
#4052 = AXIS2_PLACEMENT_3D('',#4053,#4054,#4055);
#4053 = CARTESIAN_POINT('',(137.020456,-99.107295,-4.6E-02));
#4054 = DIRECTION('',(-0.,-0.,-1.));
#4055 = DIRECTION('',(-0.,-1.,0.));
#4056 = ADVANCED_FACE('',(#4057),#4068,.F.);
#4057 = FACE_BOUND('',#4058,.T.);
#4058 = EDGE_LOOP('',(#4059,#4060,#4066,#4067));
#4059 = ORIENTED_EDGE('',*,*,#640,.T.);
#4060 = ORIENTED_EDGE('',*,*,#4061,.T.);
#4061 = EDGE_CURVE('',#641,#2211,#4062,.T.);
#4062 = LINE('',#4063,#4064);
#4063 = CARTESIAN_POINT('',(139.560456,-99.507295,-4.6E-02));
#4064 = VECTOR('',#4065,1.);
#4065 = DIRECTION('',(0.,0.,1.));
#4066 = ORIENTED_EDGE('',*,*,#2210,.F.);
#4067 = ORIENTED_EDGE('',*,*,#4061,.F.);
#4068 = CYLINDRICAL_SURFACE('',#4069,0.4);
#4069 = AXIS2_PLACEMENT_3D('',#4070,#4071,#4072);
#4070 = CARTESIAN_POINT('',(139.560456,-99.107295,-4.6E-02));
#4071 = DIRECTION('',(-0.,-0.,-1.));
#4072 = DIRECTION('',(-0.,-1.,0.));
#4073 = ADVANCED_FACE('',(#4074),#4085,.F.);
#4074 = FACE_BOUND('',#4075,.T.);
#4075 = EDGE_LOOP('',(#4076,#4077,#4083,#4084));
#4076 = ORIENTED_EDGE('',*,*,#651,.T.);
#4077 = ORIENTED_EDGE('',*,*,#4078,.T.);
#4078 = EDGE_CURVE('',#652,#2222,#4079,.T.);
#4079 = LINE('',#4080,#4081);
#4080 = CARTESIAN_POINT('',(136.945456,-95.432295,-4.6E-02));
#4081 = VECTOR('',#4082,1.);
#4082 = DIRECTION('',(0.,0.,1.));
#4083 = ORIENTED_EDGE('',*,*,#2221,.F.);
#4084 = ORIENTED_EDGE('',*,*,#4078,.F.);
#4085 = CYLINDRICAL_SURFACE('',#4086,0.4);
#4086 = AXIS2_PLACEMENT_3D('',#4087,#4088,#4089);
#4087 = CARTESIAN_POINT('',(136.945456,-95.032295,-4.6E-02));
#4088 = DIRECTION('',(-0.,-0.,-1.));
#4089 = DIRECTION('',(-0.,-1.,0.));
#4090 = ADVANCED_FACE('',(#4091),#4102,.F.);
#4091 = FACE_BOUND('',#4092,.T.);
#4092 = EDGE_LOOP('',(#4093,#4094,#4100,#4101));
#4093 = ORIENTED_EDGE('',*,*,#662,.T.);
#4094 = ORIENTED_EDGE('',*,*,#4095,.T.);
#4095 = EDGE_CURVE('',#663,#2233,#4096,.T.);
#4096 = LINE('',#4097,#4098);
#4097 = CARTESIAN_POINT('',(139.485456,-95.432295,-4.6E-02));
#4098 = VECTOR('',#4099,1.);
#4099 = DIRECTION('',(0.,0.,1.));
#4100 = ORIENTED_EDGE('',*,*,#2232,.F.);
#4101 = ORIENTED_EDGE('',*,*,#4095,.F.);
#4102 = CYLINDRICAL_SURFACE('',#4103,0.4);
#4103 = AXIS2_PLACEMENT_3D('',#4104,#4105,#4106);
#4104 = CARTESIAN_POINT('',(139.485456,-95.032295,-4.6E-02));
#4105 = DIRECTION('',(-0.,-0.,-1.));
#4106 = DIRECTION('',(-0.,-1.,0.));
#4107 = ADVANCED_FACE('',(#4108),#4119,.F.);
#4108 = FACE_BOUND('',#4109,.T.);
#4109 = EDGE_LOOP('',(#4110,#4111,#4117,#4118));
#4110 = ORIENTED_EDGE('',*,*,#673,.T.);
#4111 = ORIENTED_EDGE('',*,*,#4112,.T.);
#4112 = EDGE_CURVE('',#674,#2244,#4113,.T.);
#4113 = LINE('',#4114,#4115);
#4114 = CARTESIAN_POINT('',(140.865456,-121.101045,-4.6E-02));
#4115 = VECTOR('',#4116,1.);
#4116 = DIRECTION('',(0.,0.,1.));
#4117 = ORIENTED_EDGE('',*,*,#2243,.F.);
#4118 = ORIENTED_EDGE('',*,*,#4112,.F.);
#4119 = CYLINDRICAL_SURFACE('',#4120,0.4);
#4120 = AXIS2_PLACEMENT_3D('',#4121,#4122,#4123);
#4121 = CARTESIAN_POINT('',(140.865456,-120.701045,-4.6E-02));
#4122 = DIRECTION('',(-0.,-0.,-1.));
#4123 = DIRECTION('',(-0.,-1.,0.));
#4124 = ADVANCED_FACE('',(#4125),#4136,.F.);
#4125 = FACE_BOUND('',#4126,.T.);
#4126 = EDGE_LOOP('',(#4127,#4128,#4134,#4135));
#4127 = ORIENTED_EDGE('',*,*,#684,.T.);
#4128 = ORIENTED_EDGE('',*,*,#4129,.T.);
#4129 = EDGE_CURVE('',#685,#2255,#4130,.T.);
#4130 = LINE('',#4131,#4132);
#4131 = CARTESIAN_POINT('',(142.585456,-118.032295,-4.6E-02));
#4132 = VECTOR('',#4133,1.);
#4133 = DIRECTION('',(0.,0.,1.));
#4134 = ORIENTED_EDGE('',*,*,#2254,.F.);
#4135 = ORIENTED_EDGE('',*,*,#4129,.F.);
#4136 = CYLINDRICAL_SURFACE('',#4137,0.4);
#4137 = AXIS2_PLACEMENT_3D('',#4138,#4139,#4140);
#4138 = CARTESIAN_POINT('',(142.585456,-117.632295,-4.6E-02));
#4139 = DIRECTION('',(-0.,-0.,-1.));
#4140 = DIRECTION('',(-0.,-1.,0.));
#4141 = ADVANCED_FACE('',(#4142),#4153,.F.);
#4142 = FACE_BOUND('',#4143,.T.);
#4143 = EDGE_LOOP('',(#4144,#4145,#4151,#4152));
#4144 = ORIENTED_EDGE('',*,*,#695,.T.);
#4145 = ORIENTED_EDGE('',*,*,#4146,.T.);
#4146 = EDGE_CURVE('',#696,#2266,#4147,.T.);
#4147 = LINE('',#4148,#4149);
#4148 = CARTESIAN_POINT('',(145.125456,-118.032295,-4.6E-02));
#4149 = VECTOR('',#4150,1.);
#4150 = DIRECTION('',(0.,0.,1.));
#4151 = ORIENTED_EDGE('',*,*,#2265,.F.);
#4152 = ORIENTED_EDGE('',*,*,#4146,.F.);
#4153 = CYLINDRICAL_SURFACE('',#4154,0.4);
#4154 = AXIS2_PLACEMENT_3D('',#4155,#4156,#4157);
#4155 = CARTESIAN_POINT('',(145.125456,-117.632295,-4.6E-02));
#4156 = DIRECTION('',(-0.,0.,-1.));
#4157 = DIRECTION('',(7.105427357601E-14,-1.,-0.));
#4158 = ADVANCED_FACE('',(#4159),#4170,.F.);
#4159 = FACE_BOUND('',#4160,.T.);
#4160 = EDGE_LOOP('',(#4161,#4162,#4168,#4169));
#4161 = ORIENTED_EDGE('',*,*,#706,.T.);
#4162 = ORIENTED_EDGE('',*,*,#4163,.T.);
#4163 = EDGE_CURVE('',#707,#2277,#4164,.T.);
#4164 = LINE('',#4165,#4166);
#4165 = CARTESIAN_POINT('',(147.665456,-118.032295,-4.6E-02));
#4166 = VECTOR('',#4167,1.);
#4167 = DIRECTION('',(0.,0.,1.));
#4168 = ORIENTED_EDGE('',*,*,#2276,.F.);
#4169 = ORIENTED_EDGE('',*,*,#4163,.F.);
#4170 = CYLINDRICAL_SURFACE('',#4171,0.4);
#4171 = AXIS2_PLACEMENT_3D('',#4172,#4173,#4174);
#4172 = CARTESIAN_POINT('',(147.665456,-117.632295,-4.6E-02));
#4173 = DIRECTION('',(-0.,-0.,-1.));
#4174 = DIRECTION('',(-0.,-1.,0.));
#4175 = ADVANCED_FACE('',(#4176),#4187,.F.);
#4176 = FACE_BOUND('',#4177,.T.);
#4177 = EDGE_LOOP('',(#4178,#4179,#4185,#4186));
#4178 = ORIENTED_EDGE('',*,*,#717,.T.);
#4179 = ORIENTED_EDGE('',*,*,#4180,.T.);
#4180 = EDGE_CURVE('',#718,#2288,#4181,.T.);
#4181 = LINE('',#4182,#4183);
#4182 = CARTESIAN_POINT('',(150.205456,-118.032295,-4.6E-02));
#4183 = VECTOR('',#4184,1.);
#4184 = DIRECTION('',(0.,0.,1.));
#4185 = ORIENTED_EDGE('',*,*,#2287,.F.);
#4186 = ORIENTED_EDGE('',*,*,#4180,.F.);
#4187 = CYLINDRICAL_SURFACE('',#4188,0.4);
#4188 = AXIS2_PLACEMENT_3D('',#4189,#4190,#4191);
#4189 = CARTESIAN_POINT('',(150.205456,-117.632295,-4.6E-02));
#4190 = DIRECTION('',(-0.,-0.,-1.));
#4191 = DIRECTION('',(-0.,-1.,0.));
#4192 = ADVANCED_FACE('',(#4193),#4204,.F.);
#4193 = FACE_BOUND('',#4194,.T.);
#4194 = EDGE_LOOP('',(#4195,#4196,#4202,#4203));
#4195 = ORIENTED_EDGE('',*,*,#728,.T.);
#4196 = ORIENTED_EDGE('',*,*,#4197,.T.);
#4197 = EDGE_CURVE('',#729,#2299,#4198,.T.);
#4198 = LINE('',#4199,#4200);
#4199 = CARTESIAN_POINT('',(151.000456,-133.726045,-4.6E-02));
#4200 = VECTOR('',#4201,1.);
#4201 = DIRECTION('',(0.,0.,1.));
#4202 = ORIENTED_EDGE('',*,*,#2298,.F.);
#4203 = ORIENTED_EDGE('',*,*,#4197,.F.);
#4204 = CYLINDRICAL_SURFACE('',#4205,0.4);
#4205 = AXIS2_PLACEMENT_3D('',#4206,#4207,#4208);
#4206 = CARTESIAN_POINT('',(151.000456,-133.326045,-4.6E-02));
#4207 = DIRECTION('',(-0.,0.,-1.));
#4208 = DIRECTION('',(7.105427357601E-14,-1.,-0.));
#4209 = ADVANCED_FACE('',(#4210),#4221,.F.);
#4210 = FACE_BOUND('',#4211,.T.);
#4211 = EDGE_LOOP('',(#4212,#4213,#4219,#4220));
#4212 = ORIENTED_EDGE('',*,*,#739,.T.);
#4213 = ORIENTED_EDGE('',*,*,#4214,.T.);
#4214 = EDGE_CURVE('',#740,#2310,#4215,.T.);
#4215 = LINE('',#4216,#4217);
#4216 = CARTESIAN_POINT('',(150.980456,-130.569795,-4.6E-02));
#4217 = VECTOR('',#4218,1.);
#4218 = DIRECTION('',(0.,0.,1.));
#4219 = ORIENTED_EDGE('',*,*,#2309,.F.);
#4220 = ORIENTED_EDGE('',*,*,#4214,.F.);
#4221 = CYLINDRICAL_SURFACE('',#4222,0.4);
#4222 = AXIS2_PLACEMENT_3D('',#4223,#4224,#4225);
#4223 = CARTESIAN_POINT('',(150.980456,-130.169795,-4.6E-02));
#4224 = DIRECTION('',(-0.,-0.,-1.));
#4225 = DIRECTION('',(-0.,-1.,0.));
#4226 = ADVANCED_FACE('',(#4227),#4238,.F.);
#4227 = FACE_BOUND('',#4228,.T.);
#4228 = EDGE_LOOP('',(#4229,#4230,#4236,#4237));
#4229 = ORIENTED_EDGE('',*,*,#750,.T.);
#4230 = ORIENTED_EDGE('',*,*,#4231,.T.);
#4231 = EDGE_CURVE('',#751,#2321,#4232,.T.);
#4232 = LINE('',#4233,#4234);
#4233 = CARTESIAN_POINT('',(154.420456,-132.617295,-4.6E-02));
#4234 = VECTOR('',#4235,1.);
#4235 = DIRECTION('',(0.,0.,1.));
#4236 = ORIENTED_EDGE('',*,*,#2320,.F.);
#4237 = ORIENTED_EDGE('',*,*,#4231,.F.);
#4238 = CYLINDRICAL_SURFACE('',#4239,0.5);
#4239 = AXIS2_PLACEMENT_3D('',#4240,#4241,#4242);
#4240 = CARTESIAN_POINT('',(154.420456,-132.117295,-4.6E-02));
#4241 = DIRECTION('',(-0.,-0.,-1.));
#4242 = DIRECTION('',(-0.,-1.,0.));
#4243 = ADVANCED_FACE('',(#4244),#4255,.F.);
#4244 = FACE_BOUND('',#4245,.T.);
#4245 = EDGE_LOOP('',(#4246,#4247,#4253,#4254));
#4246 = ORIENTED_EDGE('',*,*,#761,.T.);
#4247 = ORIENTED_EDGE('',*,*,#4248,.T.);
#4248 = EDGE_CURVE('',#762,#2332,#4249,.T.);
#4249 = LINE('',#4250,#4251);
#4250 = CARTESIAN_POINT('',(154.420456,-130.077295,-4.6E-02));
#4251 = VECTOR('',#4252,1.);
#4252 = DIRECTION('',(0.,0.,1.));
#4253 = ORIENTED_EDGE('',*,*,#2331,.F.);
#4254 = ORIENTED_EDGE('',*,*,#4248,.F.);
#4255 = CYLINDRICAL_SURFACE('',#4256,0.5);
#4256 = AXIS2_PLACEMENT_3D('',#4257,#4258,#4259);
#4257 = CARTESIAN_POINT('',(154.420456,-129.577295,-4.6E-02));
#4258 = DIRECTION('',(-0.,-0.,-1.));
#4259 = DIRECTION('',(-0.,-1.,0.));
#4260 = ADVANCED_FACE('',(#4261),#4272,.F.);
#4261 = FACE_BOUND('',#4262,.T.);
#4262 = EDGE_LOOP('',(#4263,#4264,#4270,#4271));
#4263 = ORIENTED_EDGE('',*,*,#772,.T.);
#4264 = ORIENTED_EDGE('',*,*,#4265,.T.);
#4265 = EDGE_CURVE('',#773,#2343,#4266,.T.);
#4266 = LINE('',#4267,#4268);
#4267 = CARTESIAN_POINT('',(150.980456,-127.413545,-4.6E-02));
#4268 = VECTOR('',#4269,1.);
#4269 = DIRECTION('',(0.,0.,1.));
#4270 = ORIENTED_EDGE('',*,*,#2342,.F.);
#4271 = ORIENTED_EDGE('',*,*,#4265,.F.);
#4272 = CYLINDRICAL_SURFACE('',#4273,0.4);
#4273 = AXIS2_PLACEMENT_3D('',#4274,#4275,#4276);
#4274 = CARTESIAN_POINT('',(150.980456,-127.013545,-4.6E-02));
#4275 = DIRECTION('',(-0.,-0.,-1.));
#4276 = DIRECTION('',(-0.,-1.,0.));
#4277 = ADVANCED_FACE('',(#4278),#4289,.F.);
#4278 = FACE_BOUND('',#4279,.T.);
#4279 = EDGE_LOOP('',(#4280,#4281,#4287,#4288));
#4280 = ORIENTED_EDGE('',*,*,#783,.T.);
#4281 = ORIENTED_EDGE('',*,*,#4282,.T.);
#4282 = EDGE_CURVE('',#784,#2354,#4283,.T.);
#4283 = LINE('',#4284,#4285);
#4284 = CARTESIAN_POINT('',(151.000456,-124.257295,-4.6E-02));
#4285 = VECTOR('',#4286,1.);
#4286 = DIRECTION('',(0.,0.,1.));
#4287 = ORIENTED_EDGE('',*,*,#2353,.F.);
#4288 = ORIENTED_EDGE('',*,*,#4282,.F.);
#4289 = CYLINDRICAL_SURFACE('',#4290,0.4);
#4290 = AXIS2_PLACEMENT_3D('',#4291,#4292,#4293);
#4291 = CARTESIAN_POINT('',(151.000456,-123.857295,-4.6E-02));
#4292 = DIRECTION('',(-0.,0.,-1.));
#4293 = DIRECTION('',(7.105427357601E-14,-1.,-0.));
#4294 = ADVANCED_FACE('',(#4295),#4306,.F.);
#4295 = FACE_BOUND('',#4296,.T.);
#4296 = EDGE_LOOP('',(#4297,#4298,#4304,#4305));
#4297 = ORIENTED_EDGE('',*,*,#794,.T.);
#4298 = ORIENTED_EDGE('',*,*,#4299,.T.);
#4299 = EDGE_CURVE('',#795,#2365,#4300,.T.);
#4300 = LINE('',#4301,#4302);
#4301 = CARTESIAN_POINT('',(154.420456,-127.537295,-4.6E-02));
#4302 = VECTOR('',#4303,1.);
#4303 = DIRECTION('',(0.,0.,1.));
#4304 = ORIENTED_EDGE('',*,*,#2364,.F.);
#4305 = ORIENTED_EDGE('',*,*,#4299,.F.);
#4306 = CYLINDRICAL_SURFACE('',#4307,0.5);
#4307 = AXIS2_PLACEMENT_3D('',#4308,#4309,#4310);
#4308 = CARTESIAN_POINT('',(154.420456,-127.037295,-4.6E-02));
#4309 = DIRECTION('',(-0.,-0.,-1.));
#4310 = DIRECTION('',(-0.,-1.,0.));
#4311 = ADVANCED_FACE('',(#4312),#4323,.F.);
#4312 = FACE_BOUND('',#4313,.T.);
#4313 = EDGE_LOOP('',(#4314,#4315,#4321,#4322));
#4314 = ORIENTED_EDGE('',*,*,#805,.T.);
#4315 = ORIENTED_EDGE('',*,*,#4316,.T.);
#4316 = EDGE_CURVE('',#806,#2376,#4317,.T.);
#4317 = LINE('',#4318,#4319);
#4318 = CARTESIAN_POINT('',(154.420456,-124.997295,-4.6E-02));
#4319 = VECTOR('',#4320,1.);
#4320 = DIRECTION('',(0.,0.,1.));
#4321 = ORIENTED_EDGE('',*,*,#2375,.F.);
#4322 = ORIENTED_EDGE('',*,*,#4316,.F.);
#4323 = CYLINDRICAL_SURFACE('',#4324,0.5);
#4324 = AXIS2_PLACEMENT_3D('',#4325,#4326,#4327);
#4325 = CARTESIAN_POINT('',(154.420456,-124.497295,-4.6E-02));
#4326 = DIRECTION('',(-0.,-0.,-1.));
#4327 = DIRECTION('',(-0.,-1.,0.));
#4328 = ADVANCED_FACE('',(#4329),#4340,.F.);
#4329 = FACE_BOUND('',#4330,.T.);
#4330 = EDGE_LOOP('',(#4331,#4332,#4338,#4339));
#4331 = ORIENTED_EDGE('',*,*,#816,.T.);
#4332 = ORIENTED_EDGE('',*,*,#4333,.T.);
#4333 = EDGE_CURVE('',#817,#2387,#4334,.T.);
#4334 = LINE('',#4335,#4336);
#4335 = CARTESIAN_POINT('',(151.025456,-121.101045,-4.6E-02));
#4336 = VECTOR('',#4337,1.);
#4337 = DIRECTION('',(0.,0.,1.));
#4338 = ORIENTED_EDGE('',*,*,#2386,.F.);
#4339 = ORIENTED_EDGE('',*,*,#4333,.F.);
#4340 = CYLINDRICAL_SURFACE('',#4341,0.4);
#4341 = AXIS2_PLACEMENT_3D('',#4342,#4343,#4344);
#4342 = CARTESIAN_POINT('',(151.025456,-120.701045,-4.6E-02));
#4343 = DIRECTION('',(-0.,-0.,-1.));
#4344 = DIRECTION('',(-7.105427357601E-14,-1.,0.));
#4345 = ADVANCED_FACE('',(#4346),#4357,.F.);
#4346 = FACE_BOUND('',#4347,.T.);
#4347 = EDGE_LOOP('',(#4348,#4349,#4355,#4356));
#4348 = ORIENTED_EDGE('',*,*,#827,.T.);
#4349 = ORIENTED_EDGE('',*,*,#4350,.T.);
#4350 = EDGE_CURVE('',#828,#2398,#4351,.T.);
#4351 = LINE('',#4352,#4353);
#4352 = CARTESIAN_POINT('',(154.420456,-122.457295,-4.6E-02));
#4353 = VECTOR('',#4354,1.);
#4354 = DIRECTION('',(0.,0.,1.));
#4355 = ORIENTED_EDGE('',*,*,#2397,.F.);
#4356 = ORIENTED_EDGE('',*,*,#4350,.F.);
#4357 = CYLINDRICAL_SURFACE('',#4358,0.5);
#4358 = AXIS2_PLACEMENT_3D('',#4359,#4360,#4361);
#4359 = CARTESIAN_POINT('',(154.420456,-121.957295,-4.6E-02));
#4360 = DIRECTION('',(-0.,-0.,-1.));
#4361 = DIRECTION('',(-0.,-1.,0.));
#4362 = ADVANCED_FACE('',(#4363),#4374,.F.);
#4363 = FACE_BOUND('',#4364,.T.);
#4364 = EDGE_LOOP('',(#4365,#4366,#4372,#4373));
#4365 = ORIENTED_EDGE('',*,*,#838,.T.);
#4366 = ORIENTED_EDGE('',*,*,#4367,.T.);
#4367 = EDGE_CURVE('',#839,#2409,#4368,.T.);
#4368 = LINE('',#4369,#4370);
#4369 = CARTESIAN_POINT('',(152.745456,-118.032295,-4.6E-02));
#4370 = VECTOR('',#4371,1.);
#4371 = DIRECTION('',(0.,0.,1.));
#4372 = ORIENTED_EDGE('',*,*,#2408,.F.);
#4373 = ORIENTED_EDGE('',*,*,#4367,.F.);
#4374 = CYLINDRICAL_SURFACE('',#4375,0.4);
#4375 = AXIS2_PLACEMENT_3D('',#4376,#4377,#4378);
#4376 = CARTESIAN_POINT('',(152.745456,-117.632295,-4.6E-02));
#4377 = DIRECTION('',(-0.,-0.,-1.));
#4378 = DIRECTION('',(-0.,-1.,0.));
#4379 = ADVANCED_FACE('',(#4380),#4391,.F.);
#4380 = FACE_BOUND('',#4381,.T.);
#4381 = EDGE_LOOP('',(#4382,#4383,#4389,#4390));
#4382 = ORIENTED_EDGE('',*,*,#849,.T.);
#4383 = ORIENTED_EDGE('',*,*,#4384,.T.);
#4384 = EDGE_CURVE('',#850,#2420,#4385,.T.);
#4385 = LINE('',#4386,#4387);
#4386 = CARTESIAN_POINT('',(155.285456,-118.032295,-4.6E-02));
#4387 = VECTOR('',#4388,1.);
#4388 = DIRECTION('',(0.,0.,1.));
#4389 = ORIENTED_EDGE('',*,*,#2419,.F.);
#4390 = ORIENTED_EDGE('',*,*,#4384,.F.);
#4391 = CYLINDRICAL_SURFACE('',#4392,0.4);
#4392 = AXIS2_PLACEMENT_3D('',#4393,#4394,#4395);
#4393 = CARTESIAN_POINT('',(155.285456,-117.632295,-4.6E-02));
#4394 = DIRECTION('',(-0.,-0.,-1.));
#4395 = DIRECTION('',(-0.,-1.,0.));
#4396 = ADVANCED_FACE('',(#4397),#4408,.F.);
#4397 = FACE_BOUND('',#4398,.T.);
#4398 = EDGE_LOOP('',(#4399,#4400,#4406,#4407));
#4399 = ORIENTED_EDGE('',*,*,#860,.T.);
#4400 = ORIENTED_EDGE('',*,*,#4401,.T.);
#4401 = EDGE_CURVE('',#861,#2431,#4402,.T.);
#4402 = LINE('',#4403,#4404);
#4403 = CARTESIAN_POINT('',(157.825456,-118.032295,-4.6E-02));
#4404 = VECTOR('',#4405,1.);
#4405 = DIRECTION('',(0.,0.,1.));
#4406 = ORIENTED_EDGE('',*,*,#2430,.F.);
#4407 = ORIENTED_EDGE('',*,*,#4401,.F.);
#4408 = CYLINDRICAL_SURFACE('',#4409,0.4);
#4409 = AXIS2_PLACEMENT_3D('',#4410,#4411,#4412);
#4410 = CARTESIAN_POINT('',(157.825456,-117.632295,-4.6E-02));
#4411 = DIRECTION('',(-0.,-0.,-1.));
#4412 = DIRECTION('',(-0.,-1.,0.));
#4413 = ADVANCED_FACE('',(#4414),#4425,.F.);
#4414 = FACE_BOUND('',#4415,.T.);
#4415 = EDGE_LOOP('',(#4416,#4417,#4423,#4424));
#4416 = ORIENTED_EDGE('',*,*,#871,.T.);
#4417 = ORIENTED_EDGE('',*,*,#4418,.T.);
#4418 = EDGE_CURVE('',#872,#2442,#4419,.T.);
#4419 = LINE('',#4420,#4421);
#4420 = CARTESIAN_POINT('',(142.585456,-110.412295,-4.6E-02));
#4421 = VECTOR('',#4422,1.);
#4422 = DIRECTION('',(0.,0.,1.));
#4423 = ORIENTED_EDGE('',*,*,#2441,.F.);
#4424 = ORIENTED_EDGE('',*,*,#4418,.F.);
#4425 = CYLINDRICAL_SURFACE('',#4426,0.4);
#4426 = AXIS2_PLACEMENT_3D('',#4427,#4428,#4429);
#4427 = CARTESIAN_POINT('',(142.585456,-110.012295,-4.6E-02));
#4428 = DIRECTION('',(-0.,-0.,-1.));
#4429 = DIRECTION('',(-0.,-1.,0.));
#4430 = ADVANCED_FACE('',(#4431),#4442,.F.);
#4431 = FACE_BOUND('',#4432,.T.);
#4432 = EDGE_LOOP('',(#4433,#4434,#4440,#4441));
#4433 = ORIENTED_EDGE('',*,*,#882,.T.);
#4434 = ORIENTED_EDGE('',*,*,#4435,.T.);
#4435 = EDGE_CURVE('',#883,#2453,#4436,.T.);
#4436 = LINE('',#4437,#4438);
#4437 = CARTESIAN_POINT('',(145.125456,-110.412295,-4.6E-02));
#4438 = VECTOR('',#4439,1.);
#4439 = DIRECTION('',(0.,0.,1.));
#4440 = ORIENTED_EDGE('',*,*,#2452,.F.);
#4441 = ORIENTED_EDGE('',*,*,#4435,.F.);
#4442 = CYLINDRICAL_SURFACE('',#4443,0.4);
#4443 = AXIS2_PLACEMENT_3D('',#4444,#4445,#4446);
#4444 = CARTESIAN_POINT('',(145.125456,-110.012295,-4.6E-02));
#4445 = DIRECTION('',(-0.,0.,-1.));
#4446 = DIRECTION('',(7.105427357601E-14,-1.,-0.));
#4447 = ADVANCED_FACE('',(#4448),#4459,.F.);
#4448 = FACE_BOUND('',#4449,.T.);
#4449 = EDGE_LOOP('',(#4450,#4451,#4457,#4458));
#4450 = ORIENTED_EDGE('',*,*,#893,.T.);
#4451 = ORIENTED_EDGE('',*,*,#4452,.T.);
#4452 = EDGE_CURVE('',#894,#2464,#4453,.T.);
#4453 = LINE('',#4454,#4455);
#4454 = CARTESIAN_POINT('',(142.100456,-107.127295,-4.6E-02));
#4455 = VECTOR('',#4456,1.);
#4456 = DIRECTION('',(0.,0.,1.));
#4457 = ORIENTED_EDGE('',*,*,#2463,.F.);
#4458 = ORIENTED_EDGE('',*,*,#4452,.F.);
#4459 = CYLINDRICAL_SURFACE('',#4460,0.4);
#4460 = AXIS2_PLACEMENT_3D('',#4461,#4462,#4463);
#4461 = CARTESIAN_POINT('',(142.100456,-106.727295,-4.6E-02));
#4462 = DIRECTION('',(-0.,-0.,-1.));
#4463 = DIRECTION('',(-0.,-1.,0.));
#4464 = ADVANCED_FACE('',(#4465),#4476,.F.);
#4465 = FACE_BOUND('',#4466,.T.);
#4466 = EDGE_LOOP('',(#4467,#4468,#4474,#4475));
#4467 = ORIENTED_EDGE('',*,*,#904,.T.);
#4468 = ORIENTED_EDGE('',*,*,#4469,.T.);
#4469 = EDGE_CURVE('',#905,#2475,#4470,.T.);
#4470 = LINE('',#4471,#4472);
#4471 = CARTESIAN_POINT('',(144.640456,-107.127295,-4.6E-02));
#4472 = VECTOR('',#4473,1.);
#4473 = DIRECTION('',(0.,0.,1.));
#4474 = ORIENTED_EDGE('',*,*,#2474,.F.);
#4475 = ORIENTED_EDGE('',*,*,#4469,.F.);
#4476 = CYLINDRICAL_SURFACE('',#4477,0.4);
#4477 = AXIS2_PLACEMENT_3D('',#4478,#4479,#4480);
#4478 = CARTESIAN_POINT('',(144.640456,-106.727295,-4.6E-02));
#4479 = DIRECTION('',(-0.,-0.,-1.));
#4480 = DIRECTION('',(-0.,-1.,0.));
#4481 = ADVANCED_FACE('',(#4482),#4493,.F.);
#4482 = FACE_BOUND('',#4483,.T.);
#4483 = EDGE_LOOP('',(#4484,#4485,#4491,#4492));
#4484 = ORIENTED_EDGE('',*,*,#915,.T.);
#4485 = ORIENTED_EDGE('',*,*,#4486,.T.);
#4486 = EDGE_CURVE('',#916,#2486,#4487,.T.);
#4487 = LINE('',#4488,#4489);
#4488 = CARTESIAN_POINT('',(147.665456,-110.412295,-4.6E-02));
#4489 = VECTOR('',#4490,1.);
#4490 = DIRECTION('',(0.,0.,1.));
#4491 = ORIENTED_EDGE('',*,*,#2485,.F.);
#4492 = ORIENTED_EDGE('',*,*,#4486,.F.);
#4493 = CYLINDRICAL_SURFACE('',#4494,0.4);
#4494 = AXIS2_PLACEMENT_3D('',#4495,#4496,#4497);
#4495 = CARTESIAN_POINT('',(147.665456,-110.012295,-4.6E-02));
#4496 = DIRECTION('',(-0.,-0.,-1.));
#4497 = DIRECTION('',(-0.,-1.,0.));
#4498 = ADVANCED_FACE('',(#4499),#4510,.F.);
#4499 = FACE_BOUND('',#4500,.T.);
#4500 = EDGE_LOOP('',(#4501,#4502,#4508,#4509));
#4501 = ORIENTED_EDGE('',*,*,#926,.T.);
#4502 = ORIENTED_EDGE('',*,*,#4503,.T.);
#4503 = EDGE_CURVE('',#927,#2497,#4504,.T.);
#4504 = LINE('',#4505,#4506);
#4505 = CARTESIAN_POINT('',(150.205456,-110.412295,-4.6E-02));
#4506 = VECTOR('',#4507,1.);
#4507 = DIRECTION('',(0.,0.,1.));
#4508 = ORIENTED_EDGE('',*,*,#2496,.F.);
#4509 = ORIENTED_EDGE('',*,*,#4503,.F.);
#4510 = CYLINDRICAL_SURFACE('',#4511,0.4);
#4511 = AXIS2_PLACEMENT_3D('',#4512,#4513,#4514);
#4512 = CARTESIAN_POINT('',(150.205456,-110.012295,-4.6E-02));
#4513 = DIRECTION('',(-0.,-0.,-1.));
#4514 = DIRECTION('',(-0.,-1.,0.));
#4515 = ADVANCED_FACE('',(#4516),#4527,.F.);
#4516 = FACE_BOUND('',#4517,.T.);
#4517 = EDGE_LOOP('',(#4518,#4519,#4525,#4526));
#4518 = ORIENTED_EDGE('',*,*,#937,.T.);
#4519 = ORIENTED_EDGE('',*,*,#4520,.T.);
#4520 = EDGE_CURVE('',#938,#2508,#4521,.T.);
#4521 = LINE('',#4522,#4523);
#4522 = CARTESIAN_POINT('',(149.045456,-106.207295,-4.6E-02));
#4523 = VECTOR('',#4524,1.);
#4524 = DIRECTION('',(0.,0.,1.));
#4525 = ORIENTED_EDGE('',*,*,#2507,.F.);
#4526 = ORIENTED_EDGE('',*,*,#4520,.F.);
#4527 = CYLINDRICAL_SURFACE('',#4528,0.4);
#4528 = AXIS2_PLACEMENT_3D('',#4529,#4530,#4531);
#4529 = CARTESIAN_POINT('',(149.045456,-105.807295,-4.6E-02));
#4530 = DIRECTION('',(-0.,-0.,-1.));
#4531 = DIRECTION('',(-0.,-1.,0.));
#4532 = ADVANCED_FACE('',(#4533),#4544,.F.);
#4533 = FACE_BOUND('',#4534,.T.);
#4534 = EDGE_LOOP('',(#4535,#4536,#4542,#4543));
#4535 = ORIENTED_EDGE('',*,*,#948,.T.);
#4536 = ORIENTED_EDGE('',*,*,#4537,.T.);
#4537 = EDGE_CURVE('',#949,#2519,#4538,.T.);
#4538 = LINE('',#4539,#4540);
#4539 = CARTESIAN_POINT('',(142.100456,-99.507295,-4.6E-02));
#4540 = VECTOR('',#4541,1.);
#4541 = DIRECTION('',(0.,0.,1.));
#4542 = ORIENTED_EDGE('',*,*,#2518,.F.);
#4543 = ORIENTED_EDGE('',*,*,#4537,.F.);
#4544 = CYLINDRICAL_SURFACE('',#4545,0.4);
#4545 = AXIS2_PLACEMENT_3D('',#4546,#4547,#4548);
#4546 = CARTESIAN_POINT('',(142.100456,-99.107295,-4.6E-02));
#4547 = DIRECTION('',(-0.,-0.,-1.));
#4548 = DIRECTION('',(-0.,-1.,0.));
#4549 = ADVANCED_FACE('',(#4550),#4561,.F.);
#4550 = FACE_BOUND('',#4551,.T.);
#4551 = EDGE_LOOP('',(#4552,#4553,#4559,#4560));
#4552 = ORIENTED_EDGE('',*,*,#959,.T.);
#4553 = ORIENTED_EDGE('',*,*,#4554,.T.);
#4554 = EDGE_CURVE('',#960,#2530,#4555,.T.);
#4555 = LINE('',#4556,#4557);
#4556 = CARTESIAN_POINT('',(144.640456,-99.507295,-4.6E-02));
#4557 = VECTOR('',#4558,1.);
#4558 = DIRECTION('',(0.,0.,1.));
#4559 = ORIENTED_EDGE('',*,*,#2529,.F.);
#4560 = ORIENTED_EDGE('',*,*,#4554,.F.);
#4561 = CYLINDRICAL_SURFACE('',#4562,0.4);
#4562 = AXIS2_PLACEMENT_3D('',#4563,#4564,#4565);
#4563 = CARTESIAN_POINT('',(144.640456,-99.107295,-4.6E-02));
#4564 = DIRECTION('',(-0.,-0.,-1.));
#4565 = DIRECTION('',(-0.,-1.,0.));
#4566 = ADVANCED_FACE('',(#4567),#4578,.F.);
#4567 = FACE_BOUND('',#4568,.T.);
#4568 = EDGE_LOOP('',(#4569,#4570,#4576,#4577));
#4569 = ORIENTED_EDGE('',*,*,#970,.T.);
#4570 = ORIENTED_EDGE('',*,*,#4571,.T.);
#4571 = EDGE_CURVE('',#971,#2541,#4572,.T.);
#4572 = LINE('',#4573,#4574);
#4573 = CARTESIAN_POINT('',(142.025456,-95.432295,-4.6E-02));
#4574 = VECTOR('',#4575,1.);
#4575 = DIRECTION('',(0.,0.,1.));
#4576 = ORIENTED_EDGE('',*,*,#2540,.F.);
#4577 = ORIENTED_EDGE('',*,*,#4571,.F.);
#4578 = CYLINDRICAL_SURFACE('',#4579,0.4);
#4579 = AXIS2_PLACEMENT_3D('',#4580,#4581,#4582);
#4580 = CARTESIAN_POINT('',(142.025456,-95.032295,-4.6E-02));
#4581 = DIRECTION('',(-0.,-0.,-1.));
#4582 = DIRECTION('',(-7.105427357601E-14,-1.,0.));
#4583 = ADVANCED_FACE('',(#4584),#4595,.F.);
#4584 = FACE_BOUND('',#4585,.T.);
#4585 = EDGE_LOOP('',(#4586,#4587,#4593,#4594));
#4586 = ORIENTED_EDGE('',*,*,#981,.T.);
#4587 = ORIENTED_EDGE('',*,*,#4588,.T.);
#4588 = EDGE_CURVE('',#982,#2552,#4589,.T.);
#4589 = LINE('',#4590,#4591);
#4590 = CARTESIAN_POINT('',(149.045456,-101.207295,-4.6E-02));
#4591 = VECTOR('',#4592,1.);
#4592 = DIRECTION('',(0.,0.,1.));
#4593 = ORIENTED_EDGE('',*,*,#2551,.F.);
#4594 = ORIENTED_EDGE('',*,*,#4588,.F.);
#4595 = CYLINDRICAL_SURFACE('',#4596,0.4);
#4596 = AXIS2_PLACEMENT_3D('',#4597,#4598,#4599);
#4597 = CARTESIAN_POINT('',(149.045456,-100.807295,-4.6E-02));
#4598 = DIRECTION('',(-0.,-0.,-1.));
#4599 = DIRECTION('',(-0.,-1.,0.));
#4600 = ADVANCED_FACE('',(#4601),#4612,.F.);
#4601 = FACE_BOUND('',#4602,.T.);
#4602 = EDGE_LOOP('',(#4603,#4604,#4610,#4611));
#4603 = ORIENTED_EDGE('',*,*,#992,.T.);
#4604 = ORIENTED_EDGE('',*,*,#4605,.T.);
#4605 = EDGE_CURVE('',#993,#2563,#4606,.T.);
#4606 = LINE('',#4607,#4608);
#4607 = CARTESIAN_POINT('',(152.745456,-110.412295,-4.6E-02));
#4608 = VECTOR('',#4609,1.);
#4609 = DIRECTION('',(0.,0.,1.));
#4610 = ORIENTED_EDGE('',*,*,#2562,.F.);
#4611 = ORIENTED_EDGE('',*,*,#4605,.F.);
#4612 = CYLINDRICAL_SURFACE('',#4613,0.4);
#4613 = AXIS2_PLACEMENT_3D('',#4614,#4615,#4616);
#4614 = CARTESIAN_POINT('',(152.745456,-110.012295,-4.6E-02));
#4615 = DIRECTION('',(-0.,-0.,-1.));
#4616 = DIRECTION('',(-0.,-1.,0.));
#4617 = ADVANCED_FACE('',(#4618),#4629,.F.);
#4618 = FACE_BOUND('',#4619,.T.);
#4619 = EDGE_LOOP('',(#4620,#4621,#4627,#4628));
#4620 = ORIENTED_EDGE('',*,*,#1003,.T.);
#4621 = ORIENTED_EDGE('',*,*,#4622,.T.);
#4622 = EDGE_CURVE('',#1004,#2574,#4623,.T.);
#4623 = LINE('',#4624,#4625);
#4624 = CARTESIAN_POINT('',(155.285456,-110.412295,-4.6E-02));
#4625 = VECTOR('',#4626,1.);
#4626 = DIRECTION('',(0.,0.,1.));
#4627 = ORIENTED_EDGE('',*,*,#2573,.F.);
#4628 = ORIENTED_EDGE('',*,*,#4622,.F.);
#4629 = CYLINDRICAL_SURFACE('',#4630,0.4);
#4630 = AXIS2_PLACEMENT_3D('',#4631,#4632,#4633);
#4631 = CARTESIAN_POINT('',(155.285456,-110.012295,-4.6E-02));
#4632 = DIRECTION('',(-0.,-0.,-1.));
#4633 = DIRECTION('',(-0.,-1.,0.));
#4634 = ADVANCED_FACE('',(#4635),#4646,.F.);
#4635 = FACE_BOUND('',#4636,.T.);
#4636 = EDGE_LOOP('',(#4637,#4638,#4644,#4645));
#4637 = ORIENTED_EDGE('',*,*,#1014,.T.);
#4638 = ORIENTED_EDGE('',*,*,#4639,.T.);
#4639 = EDGE_CURVE('',#1015,#2585,#4640,.T.);
#4640 = LINE('',#4641,#4642);
#4641 = CARTESIAN_POINT('',(151.920456,-106.212295,-4.6E-02));
#4642 = VECTOR('',#4643,1.);
#4643 = DIRECTION('',(0.,0.,1.));
#4644 = ORIENTED_EDGE('',*,*,#2584,.F.);
#4645 = ORIENTED_EDGE('',*,*,#4639,.F.);
#4646 = CYLINDRICAL_SURFACE('',#4647,0.4);
#4647 = AXIS2_PLACEMENT_3D('',#4648,#4649,#4650);
#4648 = CARTESIAN_POINT('',(151.920456,-105.812295,-4.6E-02));
#4649 = DIRECTION('',(-0.,-0.,-1.));
#4650 = DIRECTION('',(-0.,-1.,0.));
#4651 = ADVANCED_FACE('',(#4652),#4663,.F.);
#4652 = FACE_BOUND('',#4653,.T.);
#4653 = EDGE_LOOP('',(#4654,#4655,#4661,#4662));
#4654 = ORIENTED_EDGE('',*,*,#1025,.T.);
#4655 = ORIENTED_EDGE('',*,*,#4656,.T.);
#4656 = EDGE_CURVE('',#1026,#2596,#4657,.T.);
#4657 = LINE('',#4658,#4659);
#4658 = CARTESIAN_POINT('',(157.825456,-110.412295,-4.6E-02));
#4659 = VECTOR('',#4660,1.);
#4660 = DIRECTION('',(0.,0.,1.));
#4661 = ORIENTED_EDGE('',*,*,#2595,.F.);
#4662 = ORIENTED_EDGE('',*,*,#4656,.F.);
#4663 = CYLINDRICAL_SURFACE('',#4664,0.4);
#4664 = AXIS2_PLACEMENT_3D('',#4665,#4666,#4667);
#4665 = CARTESIAN_POINT('',(157.825456,-110.012295,-4.6E-02));
#4666 = DIRECTION('',(-0.,-0.,-1.));
#4667 = DIRECTION('',(-0.,-1.,0.));
#4668 = ADVANCED_FACE('',(#4669),#4680,.F.);
#4669 = FACE_BOUND('',#4670,.T.);
#4670 = EDGE_LOOP('',(#4671,#4672,#4678,#4679));
#4671 = ORIENTED_EDGE('',*,*,#1036,.T.);
#4672 = ORIENTED_EDGE('',*,*,#4673,.T.);
#4673 = EDGE_CURVE('',#1037,#2607,#4674,.T.);
#4674 = LINE('',#4675,#4676);
#4675 = CARTESIAN_POINT('',(156.770456,-103.682295,-4.6E-02));
#4676 = VECTOR('',#4677,1.);
#4677 = DIRECTION('',(0.,0.,1.));
#4678 = ORIENTED_EDGE('',*,*,#2606,.F.);
#4679 = ORIENTED_EDGE('',*,*,#4673,.F.);
#4680 = CYLINDRICAL_SURFACE('',#4681,0.4);
#4681 = AXIS2_PLACEMENT_3D('',#4682,#4683,#4684);
#4682 = CARTESIAN_POINT('',(156.770456,-103.282295,-4.6E-02));
#4683 = DIRECTION('',(-0.,-0.,-1.));
#4684 = DIRECTION('',(-0.,-1.,0.));
#4685 = ADVANCED_FACE('',(#4686),#4697,.F.);
#4686 = FACE_BOUND('',#4687,.T.);
#4687 = EDGE_LOOP('',(#4688,#4689,#4695,#4696));
#4688 = ORIENTED_EDGE('',*,*,#1047,.T.);
#4689 = ORIENTED_EDGE('',*,*,#4690,.T.);
#4690 = EDGE_CURVE('',#1048,#2618,#4691,.T.);
#4691 = LINE('',#4692,#4693);
#4692 = CARTESIAN_POINT('',(160.670456,-106.212295,-4.6E-02));
#4693 = VECTOR('',#4694,1.);
#4694 = DIRECTION('',(0.,0.,1.));
#4695 = ORIENTED_EDGE('',*,*,#2617,.F.);
#4696 = ORIENTED_EDGE('',*,*,#4690,.F.);
#4697 = CYLINDRICAL_SURFACE('',#4698,0.4);
#4698 = AXIS2_PLACEMENT_3D('',#4699,#4700,#4701);
#4699 = CARTESIAN_POINT('',(160.670456,-105.812295,-4.6E-02));
#4700 = DIRECTION('',(-0.,-0.,-1.));
#4701 = DIRECTION('',(-0.,-1.,0.));
#4702 = ADVANCED_FACE('',(#4703),#4714,.F.);
#4703 = FACE_BOUND('',#4704,.T.);
#4704 = EDGE_LOOP('',(#4705,#4706,#4712,#4713));
#4705 = ORIENTED_EDGE('',*,*,#1058,.T.);
#4706 = ORIENTED_EDGE('',*,*,#4707,.T.);
#4707 = EDGE_CURVE('',#1059,#2629,#4708,.T.);
#4708 = LINE('',#4709,#4710);
#4709 = CARTESIAN_POINT('',(151.920456,-96.052295,-4.6E-02));
#4710 = VECTOR('',#4711,1.);
#4711 = DIRECTION('',(0.,0.,1.));
#4712 = ORIENTED_EDGE('',*,*,#2628,.F.);
#4713 = ORIENTED_EDGE('',*,*,#4707,.F.);
#4714 = CYLINDRICAL_SURFACE('',#4715,0.4);
#4715 = AXIS2_PLACEMENT_3D('',#4716,#4717,#4718);
#4716 = CARTESIAN_POINT('',(151.920456,-95.652295,-4.6E-02));
#4717 = DIRECTION('',(-0.,-0.,-1.));
#4718 = DIRECTION('',(-0.,-1.,0.));
#4719 = ADVANCED_FACE('',(#4720),#4731,.F.);
#4720 = FACE_BOUND('',#4721,.T.);
#4721 = EDGE_LOOP('',(#4722,#4723,#4729,#4730));
#4722 = ORIENTED_EDGE('',*,*,#1069,.T.);
#4723 = ORIENTED_EDGE('',*,*,#4724,.T.);
#4724 = EDGE_CURVE('',#1070,#2640,#4725,.T.);
#4725 = LINE('',#4726,#4727);
#4726 = CARTESIAN_POINT('',(156.770456,-101.132295,-4.6E-02));
#4727 = VECTOR('',#4728,1.);
#4728 = DIRECTION('',(0.,0.,1.));
#4729 = ORIENTED_EDGE('',*,*,#2639,.F.);
#4730 = ORIENTED_EDGE('',*,*,#4724,.F.);
#4731 = CYLINDRICAL_SURFACE('',#4732,0.4);
#4732 = AXIS2_PLACEMENT_3D('',#4733,#4734,#4735);
#4733 = CARTESIAN_POINT('',(156.770456,-100.732295,-4.6E-02));
#4734 = DIRECTION('',(-0.,-0.,-1.));
#4735 = DIRECTION('',(-0.,-1.,0.));
#4736 = ADVANCED_FACE('',(#4737),#4748,.F.);
#4737 = FACE_BOUND('',#4738,.T.);
#4738 = EDGE_LOOP('',(#4739,#4740,#4746,#4747));
#4739 = ORIENTED_EDGE('',*,*,#1080,.T.);
#4740 = ORIENTED_EDGE('',*,*,#4741,.T.);
#4741 = EDGE_CURVE('',#1081,#2651,#4742,.T.);
#4742 = LINE('',#4743,#4744);
#4743 = CARTESIAN_POINT('',(156.770456,-98.592295,-4.6E-02));
#4744 = VECTOR('',#4745,1.);
#4745 = DIRECTION('',(0.,0.,1.));
#4746 = ORIENTED_EDGE('',*,*,#2650,.F.);
#4747 = ORIENTED_EDGE('',*,*,#4741,.F.);
#4748 = CYLINDRICAL_SURFACE('',#4749,0.4);
#4749 = AXIS2_PLACEMENT_3D('',#4750,#4751,#4752);
#4750 = CARTESIAN_POINT('',(156.770456,-98.192295,-4.6E-02));
#4751 = DIRECTION('',(-0.,-0.,-1.));
#4752 = DIRECTION('',(-0.,-1.,0.));
#4753 = ADVANCED_FACE('',(#4754),#4765,.F.);
#4754 = FACE_BOUND('',#4755,.T.);
#4755 = EDGE_LOOP('',(#4756,#4757,#4763,#4764));
#4756 = ORIENTED_EDGE('',*,*,#1091,.T.);
#4757 = ORIENTED_EDGE('',*,*,#4758,.T.);
#4758 = EDGE_CURVE('',#1092,#2662,#4759,.T.);
#4759 = LINE('',#4760,#4761);
#4760 = CARTESIAN_POINT('',(160.670456,-96.052295,-4.6E-02));
#4761 = VECTOR('',#4762,1.);
#4762 = DIRECTION('',(0.,0.,1.));
#4763 = ORIENTED_EDGE('',*,*,#2661,.F.);
#4764 = ORIENTED_EDGE('',*,*,#4758,.F.);
#4765 = CYLINDRICAL_SURFACE('',#4766,0.4);
#4766 = AXIS2_PLACEMENT_3D('',#4767,#4768,#4769);
#4767 = CARTESIAN_POINT('',(160.670456,-95.652295,-4.6E-02));
#4768 = DIRECTION('',(-0.,-0.,-1.));
#4769 = DIRECTION('',(-0.,-1.,0.));
#4770 = ADVANCED_FACE('',(#4771),#4782,.F.);
#4771 = FACE_BOUND('',#4772,.T.);
#4772 = EDGE_LOOP('',(#4773,#4774,#4780,#4781));
#4773 = ORIENTED_EDGE('',*,*,#1102,.T.);
#4774 = ORIENTED_EDGE('',*,*,#4775,.T.);
#4775 = EDGE_CURVE('',#1103,#2673,#4776,.T.);
#4776 = LINE('',#4777,#4778);
#4777 = CARTESIAN_POINT('',(121.045456,-85.877296,-4.6E-02));
#4778 = VECTOR('',#4779,1.);
#4779 = DIRECTION('',(0.,0.,1.));
#4780 = ORIENTED_EDGE('',*,*,#2672,.F.);
#4781 = ORIENTED_EDGE('',*,*,#4775,.F.);
#4782 = CYLINDRICAL_SURFACE('',#4783,0.4);
#4783 = AXIS2_PLACEMENT_3D('',#4784,#4785,#4786);
#4784 = CARTESIAN_POINT('',(121.045456,-85.477296,-4.6E-02));
#4785 = DIRECTION('',(-0.,-0.,-1.));
#4786 = DIRECTION('',(-0.,-1.,0.));
#4787 = ADVANCED_FACE('',(#4788),#4799,.F.);
#4788 = FACE_BOUND('',#4789,.T.);
#4789 = EDGE_LOOP('',(#4790,#4791,#4797,#4798));
#4790 = ORIENTED_EDGE('',*,*,#1113,.T.);
#4791 = ORIENTED_EDGE('',*,*,#4792,.T.);
#4792 = EDGE_CURVE('',#1114,#2684,#4793,.T.);
#4793 = LINE('',#4794,#4795);
#4794 = CARTESIAN_POINT('',(126.400456,-88.356996,-4.6E-02));
#4795 = VECTOR('',#4796,1.);
#4796 = DIRECTION('',(0.,0.,1.));
#4797 = ORIENTED_EDGE('',*,*,#2683,.F.);
#4798 = ORIENTED_EDGE('',*,*,#4792,.F.);
#4799 = CYLINDRICAL_SURFACE('',#4800,0.4572);
#4800 = AXIS2_PLACEMENT_3D('',#4801,#4802,#4803);
#4801 = CARTESIAN_POINT('',(126.400456,-87.899796,-4.6E-02));
#4802 = DIRECTION('',(-0.,-0.,-1.));
#4803 = DIRECTION('',(-0.,-1.,0.));
#4804 = ADVANCED_FACE('',(#4805),#4816,.F.);
#4805 = FACE_BOUND('',#4806,.T.);
#4806 = EDGE_LOOP('',(#4807,#4808,#4814,#4815));
#4807 = ORIENTED_EDGE('',*,*,#1124,.T.);
#4808 = ORIENTED_EDGE('',*,*,#4809,.T.);
#4809 = EDGE_CURVE('',#1125,#2695,#4810,.T.);
#4810 = LINE('',#4811,#4812);
#4811 = CARTESIAN_POINT('',(126.400456,-85.816996,-4.6E-02));
#4812 = VECTOR('',#4813,1.);
#4813 = DIRECTION('',(0.,0.,1.));
#4814 = ORIENTED_EDGE('',*,*,#2694,.F.);
#4815 = ORIENTED_EDGE('',*,*,#4809,.F.);
#4816 = CYLINDRICAL_SURFACE('',#4817,0.4572);
#4817 = AXIS2_PLACEMENT_3D('',#4818,#4819,#4820);
#4818 = CARTESIAN_POINT('',(126.400456,-85.359796,-4.6E-02));
#4819 = DIRECTION('',(-0.,-0.,-1.));
#4820 = DIRECTION('',(-0.,-1.,0.));
#4821 = ADVANCED_FACE('',(#4822),#4833,.F.);
#4822 = FACE_BOUND('',#4823,.T.);
#4823 = EDGE_LOOP('',(#4824,#4825,#4831,#4832));
#4824 = ORIENTED_EDGE('',*,*,#1135,.T.);
#4825 = ORIENTED_EDGE('',*,*,#4826,.T.);
#4826 = EDGE_CURVE('',#1136,#2706,#4827,.T.);
#4827 = LINE('',#4828,#4829);
#4828 = CARTESIAN_POINT('',(121.045456,-83.337296,-4.6E-02));
#4829 = VECTOR('',#4830,1.);
#4830 = DIRECTION('',(0.,0.,1.));
#4831 = ORIENTED_EDGE('',*,*,#2705,.F.);
#4832 = ORIENTED_EDGE('',*,*,#4826,.F.);
#4833 = CYLINDRICAL_SURFACE('',#4834,0.4);
#4834 = AXIS2_PLACEMENT_3D('',#4835,#4836,#4837);
#4835 = CARTESIAN_POINT('',(121.045456,-82.937296,-4.6E-02));
#4836 = DIRECTION('',(-0.,-0.,-1.));
#4837 = DIRECTION('',(-0.,-1.,0.));
#4838 = ADVANCED_FACE('',(#4839),#4850,.F.);
#4839 = FACE_BOUND('',#4840,.T.);
#4840 = EDGE_LOOP('',(#4841,#4842,#4848,#4849));
#4841 = ORIENTED_EDGE('',*,*,#1146,.T.);
#4842 = ORIENTED_EDGE('',*,*,#4843,.T.);
#4843 = EDGE_CURVE('',#1147,#2717,#4844,.T.);
#4844 = LINE('',#4845,#4846);
#4845 = CARTESIAN_POINT('',(121.045456,-80.797296,-4.6E-02));
#4846 = VECTOR('',#4847,1.);
#4847 = DIRECTION('',(0.,0.,1.));
#4848 = ORIENTED_EDGE('',*,*,#2716,.F.);
#4849 = ORIENTED_EDGE('',*,*,#4843,.F.);
#4850 = CYLINDRICAL_SURFACE('',#4851,0.4);
#4851 = AXIS2_PLACEMENT_3D('',#4852,#4853,#4854);
#4852 = CARTESIAN_POINT('',(121.045456,-80.397296,-4.6E-02));
#4853 = DIRECTION('',(-0.,-0.,-1.));
#4854 = DIRECTION('',(-0.,-1.,0.));
#4855 = ADVANCED_FACE('',(#4856),#4867,.F.);
#4856 = FACE_BOUND('',#4857,.T.);
#4857 = EDGE_LOOP('',(#4858,#4859,#4865,#4866));
#4858 = ORIENTED_EDGE('',*,*,#1157,.T.);
#4859 = ORIENTED_EDGE('',*,*,#4860,.T.);
#4860 = EDGE_CURVE('',#1158,#2728,#4861,.T.);
#4861 = LINE('',#4862,#4863);
#4862 = CARTESIAN_POINT('',(121.045456,-78.257296,-4.6E-02));
#4863 = VECTOR('',#4864,1.);
#4864 = DIRECTION('',(0.,0.,1.));
#4865 = ORIENTED_EDGE('',*,*,#2727,.F.);
#4866 = ORIENTED_EDGE('',*,*,#4860,.F.);
#4867 = CYLINDRICAL_SURFACE('',#4868,0.4);
#4868 = AXIS2_PLACEMENT_3D('',#4869,#4870,#4871);
#4869 = CARTESIAN_POINT('',(121.045456,-77.857296,-4.6E-02));
#4870 = DIRECTION('',(-0.,-0.,-1.));
#4871 = DIRECTION('',(-0.,-1.,0.));
#4872 = ADVANCED_FACE('',(#4873),#4884,.F.);
#4873 = FACE_BOUND('',#4874,.T.);
#4874 = EDGE_LOOP('',(#4875,#4876,#4882,#4883));
#4875 = ORIENTED_EDGE('',*,*,#1168,.T.);
#4876 = ORIENTED_EDGE('',*,*,#4877,.T.);
#4877 = EDGE_CURVE('',#1169,#2739,#4878,.T.);
#4878 = LINE('',#4879,#4880);
#4879 = CARTESIAN_POINT('',(121.045456,-75.717296,-4.6E-02));
#4880 = VECTOR('',#4881,1.);
#4881 = DIRECTION('',(0.,0.,1.));
#4882 = ORIENTED_EDGE('',*,*,#2738,.F.);
#4883 = ORIENTED_EDGE('',*,*,#4877,.F.);
#4884 = CYLINDRICAL_SURFACE('',#4885,0.4);
#4885 = AXIS2_PLACEMENT_3D('',#4886,#4887,#4888);
#4886 = CARTESIAN_POINT('',(121.045456,-75.317296,-4.6E-02));
#4887 = DIRECTION('',(-0.,-0.,-1.));
#4888 = DIRECTION('',(-0.,-1.,0.));
#4889 = ADVANCED_FACE('',(#4890),#4901,.F.);
#4890 = FACE_BOUND('',#4891,.T.);
#4891 = EDGE_LOOP('',(#4892,#4893,#4899,#4900));
#4892 = ORIENTED_EDGE('',*,*,#1179,.T.);
#4893 = ORIENTED_EDGE('',*,*,#4894,.T.);
#4894 = EDGE_CURVE('',#1180,#2750,#4895,.T.);
#4895 = LINE('',#4896,#4897);
#4896 = CARTESIAN_POINT('',(126.400456,-83.276996,-4.6E-02));
#4897 = VECTOR('',#4898,1.);
#4898 = DIRECTION('',(0.,0.,1.));
#4899 = ORIENTED_EDGE('',*,*,#2749,.F.);
#4900 = ORIENTED_EDGE('',*,*,#4894,.F.);
#4901 = CYLINDRICAL_SURFACE('',#4902,0.4572);
#4902 = AXIS2_PLACEMENT_3D('',#4903,#4904,#4905);
#4903 = CARTESIAN_POINT('',(126.400456,-82.819796,-4.6E-02));
#4904 = DIRECTION('',(-0.,-0.,-1.));
#4905 = DIRECTION('',(-0.,-1.,0.));
#4906 = ADVANCED_FACE('',(#4907),#4918,.F.);
#4907 = FACE_BOUND('',#4908,.T.);
#4908 = EDGE_LOOP('',(#4909,#4910,#4916,#4917));
#4909 = ORIENTED_EDGE('',*,*,#1190,.T.);
#4910 = ORIENTED_EDGE('',*,*,#4911,.T.);
#4911 = EDGE_CURVE('',#1191,#2761,#4912,.T.);
#4912 = LINE('',#4913,#4914);
#4913 = CARTESIAN_POINT('',(126.400456,-80.736996,-4.6E-02));
#4914 = VECTOR('',#4915,1.);
#4915 = DIRECTION('',(0.,0.,1.));
#4916 = ORIENTED_EDGE('',*,*,#2760,.F.);
#4917 = ORIENTED_EDGE('',*,*,#4911,.F.);
#4918 = CYLINDRICAL_SURFACE('',#4919,0.4572);
#4919 = AXIS2_PLACEMENT_3D('',#4920,#4921,#4922);
#4920 = CARTESIAN_POINT('',(126.400456,-80.279796,-4.6E-02));
#4921 = DIRECTION('',(-0.,-0.,-1.));
#4922 = DIRECTION('',(-0.,-1.,0.));
#4923 = ADVANCED_FACE('',(#4924),#4935,.F.);
#4924 = FACE_BOUND('',#4925,.T.);
#4925 = EDGE_LOOP('',(#4926,#4927,#4933,#4934));
#4926 = ORIENTED_EDGE('',*,*,#1201,.T.);
#4927 = ORIENTED_EDGE('',*,*,#4928,.T.);
#4928 = EDGE_CURVE('',#1202,#2772,#4929,.T.);
#4929 = LINE('',#4930,#4931);
#4930 = CARTESIAN_POINT('',(126.400456,-78.196996,-4.6E-02));
#4931 = VECTOR('',#4932,1.);
#4932 = DIRECTION('',(0.,0.,1.));
#4933 = ORIENTED_EDGE('',*,*,#2771,.F.);
#4934 = ORIENTED_EDGE('',*,*,#4928,.F.);
#4935 = CYLINDRICAL_SURFACE('',#4936,0.4572);
#4936 = AXIS2_PLACEMENT_3D('',#4937,#4938,#4939);
#4937 = CARTESIAN_POINT('',(126.400456,-77.739796,-4.6E-02));
#4938 = DIRECTION('',(-0.,-0.,-1.));
#4939 = DIRECTION('',(-0.,-1.,0.));
#4940 = ADVANCED_FACE('',(#4941),#4952,.F.);
#4941 = FACE_BOUND('',#4942,.T.);
#4942 = EDGE_LOOP('',(#4943,#4944,#4950,#4951));
#4943 = ORIENTED_EDGE('',*,*,#1212,.T.);
#4944 = ORIENTED_EDGE('',*,*,#4945,.T.);
#4945 = EDGE_CURVE('',#1213,#2783,#4946,.T.);
#4946 = LINE('',#4947,#4948);
#4947 = CARTESIAN_POINT('',(126.400456,-75.656996,-4.6E-02));
#4948 = VECTOR('',#4949,1.);
#4949 = DIRECTION('',(0.,0.,1.));
#4950 = ORIENTED_EDGE('',*,*,#2782,.F.);
#4951 = ORIENTED_EDGE('',*,*,#4945,.F.);
#4952 = CYLINDRICAL_SURFACE('',#4953,0.4572);
#4953 = AXIS2_PLACEMENT_3D('',#4954,#4955,#4956);
#4954 = CARTESIAN_POINT('',(126.400456,-75.199796,-4.6E-02));
#4955 = DIRECTION('',(-0.,-0.,-1.));
#4956 = DIRECTION('',(-0.,-1.,0.));
#4957 = ADVANCED_FACE('',(#4958),#4969,.F.);
#4958 = FACE_BOUND('',#4959,.T.);
#4959 = EDGE_LOOP('',(#4960,#4961,#4967,#4968));
#4960 = ORIENTED_EDGE('',*,*,#1223,.T.);
#4961 = ORIENTED_EDGE('',*,*,#4962,.T.);
#4962 = EDGE_CURVE('',#1224,#2794,#4963,.T.);
#4963 = LINE('',#4964,#4965);
#4964 = CARTESIAN_POINT('',(134.020456,-88.356996,-4.6E-02));
#4965 = VECTOR('',#4966,1.);
#4966 = DIRECTION('',(0.,0.,1.));
#4967 = ORIENTED_EDGE('',*,*,#2793,.F.);
#4968 = ORIENTED_EDGE('',*,*,#4962,.F.);
#4969 = CYLINDRICAL_SURFACE('',#4970,0.4572);
#4970 = AXIS2_PLACEMENT_3D('',#4971,#4972,#4973);
#4971 = CARTESIAN_POINT('',(134.020456,-87.899796,-4.6E-02));
#4972 = DIRECTION('',(-0.,-0.,-1.));
#4973 = DIRECTION('',(-0.,-1.,0.));
#4974 = ADVANCED_FACE('',(#4975),#4986,.F.);
#4975 = FACE_BOUND('',#4976,.T.);
#4976 = EDGE_LOOP('',(#4977,#4978,#4984,#4985));
#4977 = ORIENTED_EDGE('',*,*,#1234,.T.);
#4978 = ORIENTED_EDGE('',*,*,#4979,.T.);
#4979 = EDGE_CURVE('',#1235,#2805,#4980,.T.);
#4980 = LINE('',#4981,#4982);
#4981 = CARTESIAN_POINT('',(134.020456,-85.816996,-4.6E-02));
#4982 = VECTOR('',#4983,1.);
#4983 = DIRECTION('',(0.,0.,1.));
#4984 = ORIENTED_EDGE('',*,*,#2804,.F.);
#4985 = ORIENTED_EDGE('',*,*,#4979,.F.);
#4986 = CYLINDRICAL_SURFACE('',#4987,0.4572);
#4987 = AXIS2_PLACEMENT_3D('',#4988,#4989,#4990);
#4988 = CARTESIAN_POINT('',(134.020456,-85.359796,-4.6E-02));
#4989 = DIRECTION('',(-0.,-0.,-1.));
#4990 = DIRECTION('',(-0.,-1.,0.));
#4991 = ADVANCED_FACE('',(#4992),#5003,.F.);
#4992 = FACE_BOUND('',#4993,.T.);
#4993 = EDGE_LOOP('',(#4994,#4995,#5001,#5002));
#4994 = ORIENTED_EDGE('',*,*,#1245,.T.);
#4995 = ORIENTED_EDGE('',*,*,#4996,.T.);
#4996 = EDGE_CURVE('',#1246,#2816,#4997,.T.);
#4997 = LINE('',#4998,#4999);
#4998 = CARTESIAN_POINT('',(139.020456,-83.777295,-4.6E-02));
#4999 = VECTOR('',#5000,1.);
#5000 = DIRECTION('',(0.,0.,1.));
#5001 = ORIENTED_EDGE('',*,*,#2815,.F.);
#5002 = ORIENTED_EDGE('',*,*,#4996,.F.);
#5003 = CYLINDRICAL_SURFACE('',#5004,0.5);
#5004 = AXIS2_PLACEMENT_3D('',#5005,#5006,#5007);
#5005 = CARTESIAN_POINT('',(139.020456,-83.277295,-4.6E-02));
#5006 = DIRECTION('',(-0.,-0.,-1.));
#5007 = DIRECTION('',(-0.,-1.,0.));
#5008 = ADVANCED_FACE('',(#5009),#5020,.F.);
#5009 = FACE_BOUND('',#5010,.T.);
#5010 = EDGE_LOOP('',(#5011,#5012,#5018,#5019));
#5011 = ORIENTED_EDGE('',*,*,#1256,.T.);
#5012 = ORIENTED_EDGE('',*,*,#5013,.T.);
#5013 = EDGE_CURVE('',#1257,#2827,#5014,.T.);
#5014 = LINE('',#5015,#5016);
#5015 = CARTESIAN_POINT('',(134.020456,-83.276996,-4.6E-02));
#5016 = VECTOR('',#5017,1.);
#5017 = DIRECTION('',(0.,0.,1.));
#5018 = ORIENTED_EDGE('',*,*,#2826,.F.);
#5019 = ORIENTED_EDGE('',*,*,#5013,.F.);
#5020 = CYLINDRICAL_SURFACE('',#5021,0.4572);
#5021 = AXIS2_PLACEMENT_3D('',#5022,#5023,#5024);
#5022 = CARTESIAN_POINT('',(134.020456,-82.819796,-4.6E-02));
#5023 = DIRECTION('',(-0.,-0.,-1.));
#5024 = DIRECTION('',(-0.,-1.,0.));
#5025 = ADVANCED_FACE('',(#5026),#5037,.F.);
#5026 = FACE_BOUND('',#5027,.T.);
#5027 = EDGE_LOOP('',(#5028,#5029,#5035,#5036));
#5028 = ORIENTED_EDGE('',*,*,#1267,.T.);
#5029 = ORIENTED_EDGE('',*,*,#5030,.T.);
#5030 = EDGE_CURVE('',#1268,#2838,#5031,.T.);
#5031 = LINE('',#5032,#5033);
#5032 = CARTESIAN_POINT('',(134.020456,-80.736996,-4.6E-02));
#5033 = VECTOR('',#5034,1.);
#5034 = DIRECTION('',(0.,0.,1.));
#5035 = ORIENTED_EDGE('',*,*,#2837,.F.);
#5036 = ORIENTED_EDGE('',*,*,#5030,.F.);
#5037 = CYLINDRICAL_SURFACE('',#5038,0.4572);
#5038 = AXIS2_PLACEMENT_3D('',#5039,#5040,#5041);
#5039 = CARTESIAN_POINT('',(134.020456,-80.279796,-4.6E-02));
#5040 = DIRECTION('',(-0.,-0.,-1.));
#5041 = DIRECTION('',(-0.,-1.,0.));
#5042 = ADVANCED_FACE('',(#5043),#5054,.F.);
#5043 = FACE_BOUND('',#5044,.T.);
#5044 = EDGE_LOOP('',(#5045,#5046,#5052,#5053));
#5045 = ORIENTED_EDGE('',*,*,#1278,.T.);
#5046 = ORIENTED_EDGE('',*,*,#5047,.T.);
#5047 = EDGE_CURVE('',#1279,#2849,#5048,.T.);
#5048 = LINE('',#5049,#5050);
#5049 = CARTESIAN_POINT('',(134.020456,-78.196996,-4.6E-02));
#5050 = VECTOR('',#5051,1.);
#5051 = DIRECTION('',(0.,0.,1.));
#5052 = ORIENTED_EDGE('',*,*,#2848,.F.);
#5053 = ORIENTED_EDGE('',*,*,#5047,.F.);
#5054 = CYLINDRICAL_SURFACE('',#5055,0.4572);
#5055 = AXIS2_PLACEMENT_3D('',#5056,#5057,#5058);
#5056 = CARTESIAN_POINT('',(134.020456,-77.739796,-4.6E-02));
#5057 = DIRECTION('',(-0.,-0.,-1.));
#5058 = DIRECTION('',(-0.,-1.,0.));
#5059 = ADVANCED_FACE('',(#5060),#5071,.F.);
#5060 = FACE_BOUND('',#5061,.T.);
#5061 = EDGE_LOOP('',(#5062,#5063,#5069,#5070));
#5062 = ORIENTED_EDGE('',*,*,#1289,.T.);
#5063 = ORIENTED_EDGE('',*,*,#5064,.T.);
#5064 = EDGE_CURVE('',#1290,#2860,#5065,.T.);
#5065 = LINE('',#5066,#5067);
#5066 = CARTESIAN_POINT('',(134.020456,-75.656996,-4.6E-02));
#5067 = VECTOR('',#5068,1.);
#5068 = DIRECTION('',(0.,0.,1.));
#5069 = ORIENTED_EDGE('',*,*,#2859,.F.);
#5070 = ORIENTED_EDGE('',*,*,#5064,.F.);
#5071 = CYLINDRICAL_SURFACE('',#5072,0.4572);
#5072 = AXIS2_PLACEMENT_3D('',#5073,#5074,#5075);
#5073 = CARTESIAN_POINT('',(134.020456,-75.199796,-4.6E-02));
#5074 = DIRECTION('',(-0.,-0.,-1.));
#5075 = DIRECTION('',(-0.,-1.,0.));
#5076 = ADVANCED_FACE('',(#5077),#5088,.F.);
#5077 = FACE_BOUND('',#5078,.T.);
#5078 = EDGE_LOOP('',(#5079,#5080,#5086,#5087));
#5079 = ORIENTED_EDGE('',*,*,#1300,.T.);
#5080 = ORIENTED_EDGE('',*,*,#5081,.T.);
#5081 = EDGE_CURVE('',#1301,#2871,#5082,.T.);
#5082 = LINE('',#5083,#5084);
#5083 = CARTESIAN_POINT('',(139.020456,-81.237295,-4.6E-02));
#5084 = VECTOR('',#5085,1.);
#5085 = DIRECTION('',(0.,0.,1.));
#5086 = ORIENTED_EDGE('',*,*,#2870,.F.);
#5087 = ORIENTED_EDGE('',*,*,#5081,.F.);
#5088 = CYLINDRICAL_SURFACE('',#5089,0.5);
#5089 = AXIS2_PLACEMENT_3D('',#5090,#5091,#5092);
#5090 = CARTESIAN_POINT('',(139.020456,-80.737295,-4.6E-02));
#5091 = DIRECTION('',(-0.,-0.,-1.));
#5092 = DIRECTION('',(-0.,-1.,0.));
#5093 = ADVANCED_FACE('',(#5094),#5105,.F.);
#5094 = FACE_BOUND('',#5095,.T.);
#5095 = EDGE_LOOP('',(#5096,#5097,#5103,#5104));
#5096 = ORIENTED_EDGE('',*,*,#1311,.T.);
#5097 = ORIENTED_EDGE('',*,*,#5098,.T.);
#5098 = EDGE_CURVE('',#1312,#2882,#5099,.T.);
#5099 = LINE('',#5100,#5101);
#5100 = CARTESIAN_POINT('',(139.020456,-78.697295,-4.6E-02));
#5101 = VECTOR('',#5102,1.);
#5102 = DIRECTION('',(0.,0.,1.));
#5103 = ORIENTED_EDGE('',*,*,#2881,.F.);
#5104 = ORIENTED_EDGE('',*,*,#5098,.F.);
#5105 = CYLINDRICAL_SURFACE('',#5106,0.5);
#5106 = AXIS2_PLACEMENT_3D('',#5107,#5108,#5109);
#5107 = CARTESIAN_POINT('',(139.020456,-78.197295,-4.6E-02));
#5108 = DIRECTION('',(-0.,-0.,-1.));
#5109 = DIRECTION('',(-0.,-1.,0.));
#5110 = ADVANCED_FACE('',(#5111),#5122,.F.);
#5111 = FACE_BOUND('',#5112,.T.);
#5112 = EDGE_LOOP('',(#5113,#5114,#5120,#5121));
#5113 = ORIENTED_EDGE('',*,*,#1322,.T.);
#5114 = ORIENTED_EDGE('',*,*,#5115,.T.);
#5115 = EDGE_CURVE('',#1323,#2893,#5116,.T.);
#5116 = LINE('',#5117,#5118);
#5117 = CARTESIAN_POINT('',(139.020456,-76.157295,-4.6E-02));
#5118 = VECTOR('',#5119,1.);
#5119 = DIRECTION('',(0.,0.,1.));
#5120 = ORIENTED_EDGE('',*,*,#2892,.F.);
#5121 = ORIENTED_EDGE('',*,*,#5115,.F.);
#5122 = CYLINDRICAL_SURFACE('',#5123,0.5);
#5123 = AXIS2_PLACEMENT_3D('',#5124,#5125,#5126);
#5124 = CARTESIAN_POINT('',(139.020456,-75.657295,-4.6E-02));
#5125 = DIRECTION('',(-0.,-0.,-1.));
#5126 = DIRECTION('',(-0.,-1.,0.));
#5127 = ADVANCED_FACE('',(#5128),#5139,.F.);
#5128 = FACE_BOUND('',#5129,.T.);
#5129 = EDGE_LOOP('',(#5130,#5131,#5137,#5138));
#5130 = ORIENTED_EDGE('',*,*,#1333,.T.);
#5131 = ORIENTED_EDGE('',*,*,#5132,.T.);
#5132 = EDGE_CURVE('',#1334,#2904,#5133,.T.);
#5133 = LINE('',#5134,#5135);
#5134 = CARTESIAN_POINT('',(139.020456,-73.617295,-4.6E-02));
#5135 = VECTOR('',#5136,1.);
#5136 = DIRECTION('',(0.,0.,1.));
#5137 = ORIENTED_EDGE('',*,*,#2903,.F.);
#5138 = ORIENTED_EDGE('',*,*,#5132,.F.);
#5139 = CYLINDRICAL_SURFACE('',#5140,0.5);
#5140 = AXIS2_PLACEMENT_3D('',#5141,#5142,#5143);
#5141 = CARTESIAN_POINT('',(139.020456,-73.117295,-4.6E-02));
#5142 = DIRECTION('',(-0.,-0.,-1.));
#5143 = DIRECTION('',(-0.,-1.,0.));
#5144 = ADVANCED_FACE('',(#5145),#5156,.F.);
#5145 = FACE_BOUND('',#5146,.T.);
#5146 = EDGE_LOOP('',(#5147,#5148,#5154,#5155));
#5147 = ORIENTED_EDGE('',*,*,#1344,.T.);
#5148 = ORIENTED_EDGE('',*,*,#5149,.T.);
#5149 = EDGE_CURVE('',#1345,#2915,#5150,.T.);
#5150 = LINE('',#5151,#5152);
#5151 = CARTESIAN_POINT('',(121.045456,-73.177296,-4.6E-02));
#5152 = VECTOR('',#5153,1.);
#5153 = DIRECTION('',(0.,0.,1.));
#5154 = ORIENTED_EDGE('',*,*,#2914,.F.);
#5155 = ORIENTED_EDGE('',*,*,#5149,.F.);
#5156 = CYLINDRICAL_SURFACE('',#5157,0.4);
#5157 = AXIS2_PLACEMENT_3D('',#5158,#5159,#5160);
#5158 = CARTESIAN_POINT('',(121.045456,-72.777296,-4.6E-02));
#5159 = DIRECTION('',(-0.,-0.,-1.));
#5160 = DIRECTION('',(-0.,-1.,0.));
#5161 = ADVANCED_FACE('',(#5162),#5173,.F.);
#5162 = FACE_BOUND('',#5163,.T.);
#5163 = EDGE_LOOP('',(#5164,#5165,#5171,#5172));
#5164 = ORIENTED_EDGE('',*,*,#1355,.T.);
#5165 = ORIENTED_EDGE('',*,*,#5166,.T.);
#5166 = EDGE_CURVE('',#1356,#2926,#5167,.T.);
#5167 = LINE('',#5168,#5169);
#5168 = CARTESIAN_POINT('',(121.045456,-70.637296,-4.6E-02));
#5169 = VECTOR('',#5170,1.);
#5170 = DIRECTION('',(0.,0.,1.));
#5171 = ORIENTED_EDGE('',*,*,#2925,.F.);
#5172 = ORIENTED_EDGE('',*,*,#5166,.F.);
#5173 = CYLINDRICAL_SURFACE('',#5174,0.4);
#5174 = AXIS2_PLACEMENT_3D('',#5175,#5176,#5177);
#5175 = CARTESIAN_POINT('',(121.045456,-70.237296,-4.6E-02));
#5176 = DIRECTION('',(-0.,-0.,-1.));
#5177 = DIRECTION('',(-0.,-1.,0.));
#5178 = ADVANCED_FACE('',(#5179),#5190,.F.);
#5179 = FACE_BOUND('',#5180,.T.);
#5180 = EDGE_LOOP('',(#5181,#5182,#5188,#5189));
#5181 = ORIENTED_EDGE('',*,*,#1366,.T.);
#5182 = ORIENTED_EDGE('',*,*,#5183,.T.);
#5183 = EDGE_CURVE('',#1367,#2937,#5184,.T.);
#5184 = LINE('',#5185,#5186);
#5185 = CARTESIAN_POINT('',(121.045456,-68.097296,-4.6E-02));
#5186 = VECTOR('',#5187,1.);
#5187 = DIRECTION('',(0.,0.,1.));
#5188 = ORIENTED_EDGE('',*,*,#2936,.F.);
#5189 = ORIENTED_EDGE('',*,*,#5183,.F.);
#5190 = CYLINDRICAL_SURFACE('',#5191,0.4);
#5191 = AXIS2_PLACEMENT_3D('',#5192,#5193,#5194);
#5192 = CARTESIAN_POINT('',(121.045456,-67.697296,-4.6E-02));
#5193 = DIRECTION('',(-0.,-0.,-1.));
#5194 = DIRECTION('',(-0.,-1.,0.));
#5195 = ADVANCED_FACE('',(#5196),#5207,.F.);
#5196 = FACE_BOUND('',#5197,.T.);
#5197 = EDGE_LOOP('',(#5198,#5199,#5205,#5206));
#5198 = ORIENTED_EDGE('',*,*,#1377,.T.);
#5199 = ORIENTED_EDGE('',*,*,#5200,.T.);
#5200 = EDGE_CURVE('',#1378,#2948,#5201,.T.);
#5201 = LINE('',#5202,#5203);
#5202 = CARTESIAN_POINT('',(126.400456,-73.116996,-4.6E-02));
#5203 = VECTOR('',#5204,1.);
#5204 = DIRECTION('',(0.,0.,1.));
#5205 = ORIENTED_EDGE('',*,*,#2947,.F.);
#5206 = ORIENTED_EDGE('',*,*,#5200,.F.);
#5207 = CYLINDRICAL_SURFACE('',#5208,0.4572);
#5208 = AXIS2_PLACEMENT_3D('',#5209,#5210,#5211);
#5209 = CARTESIAN_POINT('',(126.400456,-72.659796,-4.6E-02));
#5210 = DIRECTION('',(-0.,-0.,-1.));
#5211 = DIRECTION('',(-0.,-1.,0.));
#5212 = ADVANCED_FACE('',(#5213),#5224,.F.);
#5213 = FACE_BOUND('',#5214,.T.);
#5214 = EDGE_LOOP('',(#5215,#5216,#5222,#5223));
#5215 = ORIENTED_EDGE('',*,*,#1388,.T.);
#5216 = ORIENTED_EDGE('',*,*,#5217,.T.);
#5217 = EDGE_CURVE('',#1389,#2959,#5218,.T.);
#5218 = LINE('',#5219,#5220);
#5219 = CARTESIAN_POINT('',(126.400456,-70.576996,-4.6E-02));
#5220 = VECTOR('',#5221,1.);
#5221 = DIRECTION('',(0.,0.,1.));
#5222 = ORIENTED_EDGE('',*,*,#2958,.F.);
#5223 = ORIENTED_EDGE('',*,*,#5217,.F.);
#5224 = CYLINDRICAL_SURFACE('',#5225,0.4572);
#5225 = AXIS2_PLACEMENT_3D('',#5226,#5227,#5228);
#5226 = CARTESIAN_POINT('',(126.400456,-70.119796,-4.6E-02));
#5227 = DIRECTION('',(-0.,-0.,-1.));
#5228 = DIRECTION('',(-0.,-1.,0.));
#5229 = ADVANCED_FACE('',(#5230),#5241,.F.);
#5230 = FACE_BOUND('',#5231,.T.);
#5231 = EDGE_LOOP('',(#5232,#5233,#5239,#5240));
#5232 = ORIENTED_EDGE('',*,*,#1399,.T.);
#5233 = ORIENTED_EDGE('',*,*,#5234,.T.);
#5234 = EDGE_CURVE('',#1400,#2970,#5235,.T.);
#5235 = LINE('',#5236,#5237);
#5236 = CARTESIAN_POINT('',(126.400456,-68.036996,-4.6E-02));
#5237 = VECTOR('',#5238,1.);
#5238 = DIRECTION('',(0.,0.,1.));
#5239 = ORIENTED_EDGE('',*,*,#2969,.F.);
#5240 = ORIENTED_EDGE('',*,*,#5234,.F.);
#5241 = CYLINDRICAL_SURFACE('',#5242,0.4572);
#5242 = AXIS2_PLACEMENT_3D('',#5243,#5244,#5245);
#5243 = CARTESIAN_POINT('',(126.400456,-67.579796,-4.6E-02));
#5244 = DIRECTION('',(-0.,-0.,-1.));
#5245 = DIRECTION('',(-0.,-1.,0.));
#5246 = ADVANCED_FACE('',(#5247),#5258,.F.);
#5247 = FACE_BOUND('',#5248,.T.);
#5248 = EDGE_LOOP('',(#5249,#5250,#5256,#5257));
#5249 = ORIENTED_EDGE('',*,*,#1410,.T.);
#5250 = ORIENTED_EDGE('',*,*,#5251,.T.);
#5251 = EDGE_CURVE('',#1411,#2981,#5252,.T.);
#5252 = LINE('',#5253,#5254);
#5253 = CARTESIAN_POINT('',(126.400456,-65.496996,-4.6E-02));
#5254 = VECTOR('',#5255,1.);
#5255 = DIRECTION('',(0.,0.,1.));
#5256 = ORIENTED_EDGE('',*,*,#2980,.F.);
#5257 = ORIENTED_EDGE('',*,*,#5251,.F.);
#5258 = CYLINDRICAL_SURFACE('',#5259,0.4572);
#5259 = AXIS2_PLACEMENT_3D('',#5260,#5261,#5262);
#5260 = CARTESIAN_POINT('',(126.400456,-65.039796,-4.6E-02));
#5261 = DIRECTION('',(-0.,-0.,-1.));
#5262 = DIRECTION('',(-0.,-1.,0.));
#5263 = ADVANCED_FACE('',(#5264),#5275,.F.);
#5264 = FACE_BOUND('',#5265,.T.);
#5265 = EDGE_LOOP('',(#5266,#5267,#5273,#5274));
#5266 = ORIENTED_EDGE('',*,*,#1421,.T.);
#5267 = ORIENTED_EDGE('',*,*,#5268,.T.);
#5268 = EDGE_CURVE('',#1422,#2992,#5269,.T.);
#5269 = LINE('',#5270,#5271);
#5270 = CARTESIAN_POINT('',(126.720456,-56.447295,-4.6E-02));
#5271 = VECTOR('',#5272,1.);
#5272 = DIRECTION('',(0.,0.,1.));
#5273 = ORIENTED_EDGE('',*,*,#2991,.F.);
#5274 = ORIENTED_EDGE('',*,*,#5268,.F.);
#5275 = CYLINDRICAL_SURFACE('',#5276,0.5);
#5276 = AXIS2_PLACEMENT_3D('',#5277,#5278,#5279);
#5277 = CARTESIAN_POINT('',(126.720456,-55.947295,-4.6E-02));
#5278 = DIRECTION('',(-0.,-0.,-1.));
#5279 = DIRECTION('',(-0.,-1.,0.));
#5280 = ADVANCED_FACE('',(#5281),#5292,.F.);
#5281 = FACE_BOUND('',#5282,.T.);
#5282 = EDGE_LOOP('',(#5283,#5284,#5290,#5291));
#5283 = ORIENTED_EDGE('',*,*,#1432,.T.);
#5284 = ORIENTED_EDGE('',*,*,#5285,.T.);
#5285 = EDGE_CURVE('',#1433,#3003,#5286,.T.);
#5286 = LINE('',#5287,#5288);
#5287 = CARTESIAN_POINT('',(126.720456,-53.907295,-4.6E-02));
#5288 = VECTOR('',#5289,1.);
#5289 = DIRECTION('',(0.,0.,1.));
#5290 = ORIENTED_EDGE('',*,*,#3002,.F.);
#5291 = ORIENTED_EDGE('',*,*,#5285,.F.);
#5292 = CYLINDRICAL_SURFACE('',#5293,0.5);
#5293 = AXIS2_PLACEMENT_3D('',#5294,#5295,#5296);
#5294 = CARTESIAN_POINT('',(126.720456,-53.407295,-4.6E-02));
#5295 = DIRECTION('',(-0.,-0.,-1.));
#5296 = DIRECTION('',(-0.,-1.,0.));
#5297 = ADVANCED_FACE('',(#5298),#5309,.F.);
#5298 = FACE_BOUND('',#5299,.T.);
#5299 = EDGE_LOOP('',(#5300,#5301,#5307,#5308));
#5300 = ORIENTED_EDGE('',*,*,#1443,.T.);
#5301 = ORIENTED_EDGE('',*,*,#5302,.T.);
#5302 = EDGE_CURVE('',#1444,#3014,#5303,.T.);
#5303 = LINE('',#5304,#5305);
#5304 = CARTESIAN_POINT('',(134.020456,-73.116996,-4.6E-02));
#5305 = VECTOR('',#5306,1.);
#5306 = DIRECTION('',(0.,0.,1.));
#5307 = ORIENTED_EDGE('',*,*,#3013,.F.);
#5308 = ORIENTED_EDGE('',*,*,#5302,.F.);
#5309 = CYLINDRICAL_SURFACE('',#5310,0.4572);
#5310 = AXIS2_PLACEMENT_3D('',#5311,#5312,#5313);
#5311 = CARTESIAN_POINT('',(134.020456,-72.659796,-4.6E-02));
#5312 = DIRECTION('',(-0.,-0.,-1.));
#5313 = DIRECTION('',(-0.,-1.,0.));
#5314 = ADVANCED_FACE('',(#5315),#5326,.F.);
#5315 = FACE_BOUND('',#5316,.T.);
#5316 = EDGE_LOOP('',(#5317,#5318,#5324,#5325));
#5317 = ORIENTED_EDGE('',*,*,#1454,.T.);
#5318 = ORIENTED_EDGE('',*,*,#5319,.T.);
#5319 = EDGE_CURVE('',#1455,#3025,#5320,.T.);
#5320 = LINE('',#5321,#5322);
#5321 = CARTESIAN_POINT('',(134.020456,-70.576996,-4.6E-02));
#5322 = VECTOR('',#5323,1.);
#5323 = DIRECTION('',(0.,0.,1.));
#5324 = ORIENTED_EDGE('',*,*,#3024,.F.);
#5325 = ORIENTED_EDGE('',*,*,#5319,.F.);
#5326 = CYLINDRICAL_SURFACE('',#5327,0.4572);
#5327 = AXIS2_PLACEMENT_3D('',#5328,#5329,#5330);
#5328 = CARTESIAN_POINT('',(134.020456,-70.119796,-4.6E-02));
#5329 = DIRECTION('',(-0.,-0.,-1.));
#5330 = DIRECTION('',(-0.,-1.,0.));
#5331 = ADVANCED_FACE('',(#5332),#5343,.F.);
#5332 = FACE_BOUND('',#5333,.T.);
#5333 = EDGE_LOOP('',(#5334,#5335,#5341,#5342));
#5334 = ORIENTED_EDGE('',*,*,#1465,.T.);
#5335 = ORIENTED_EDGE('',*,*,#5336,.T.);
#5336 = EDGE_CURVE('',#1466,#3036,#5337,.T.);
#5337 = LINE('',#5338,#5339);
#5338 = CARTESIAN_POINT('',(134.020456,-68.036996,-4.6E-02));
#5339 = VECTOR('',#5340,1.);
#5340 = DIRECTION('',(0.,0.,1.));
#5341 = ORIENTED_EDGE('',*,*,#3035,.F.);
#5342 = ORIENTED_EDGE('',*,*,#5336,.F.);
#5343 = CYLINDRICAL_SURFACE('',#5344,0.4572);
#5344 = AXIS2_PLACEMENT_3D('',#5345,#5346,#5347);
#5345 = CARTESIAN_POINT('',(134.020456,-67.579796,-4.6E-02));
#5346 = DIRECTION('',(-0.,-0.,-1.));
#5347 = DIRECTION('',(-0.,-1.,0.));
#5348 = ADVANCED_FACE('',(#5349),#5360,.F.);
#5349 = FACE_BOUND('',#5350,.T.);
#5350 = EDGE_LOOP('',(#5351,#5352,#5358,#5359));
#5351 = ORIENTED_EDGE('',*,*,#1476,.T.);
#5352 = ORIENTED_EDGE('',*,*,#5353,.T.);
#5353 = EDGE_CURVE('',#1477,#3047,#5354,.T.);
#5354 = LINE('',#5355,#5356);
#5355 = CARTESIAN_POINT('',(134.020456,-65.496996,-4.6E-02));
#5356 = VECTOR('',#5357,1.);
#5357 = DIRECTION('',(0.,0.,1.));
#5358 = ORIENTED_EDGE('',*,*,#3046,.F.);
#5359 = ORIENTED_EDGE('',*,*,#5353,.F.);
#5360 = CYLINDRICAL_SURFACE('',#5361,0.4572);
#5361 = AXIS2_PLACEMENT_3D('',#5362,#5363,#5364);
#5362 = CARTESIAN_POINT('',(134.020456,-65.039796,-4.6E-02));
#5363 = DIRECTION('',(-0.,-0.,-1.));
#5364 = DIRECTION('',(-0.,-1.,0.));
#5365 = ADVANCED_FACE('',(#5366),#5377,.F.);
#5366 = FACE_BOUND('',#5367,.T.);
#5367 = EDGE_LOOP('',(#5368,#5369,#5375,#5376));
#5368 = ORIENTED_EDGE('',*,*,#1487,.T.);
#5369 = ORIENTED_EDGE('',*,*,#5370,.T.);
#5370 = EDGE_CURVE('',#1488,#3058,#5371,.T.);
#5371 = LINE('',#5372,#5373);
#5372 = CARTESIAN_POINT('',(139.020456,-71.077295,-4.6E-02));
#5373 = VECTOR('',#5374,1.);
#5374 = DIRECTION('',(0.,0.,1.));
#5375 = ORIENTED_EDGE('',*,*,#3057,.F.);
#5376 = ORIENTED_EDGE('',*,*,#5370,.F.);
#5377 = CYLINDRICAL_SURFACE('',#5378,0.5);
#5378 = AXIS2_PLACEMENT_3D('',#5379,#5380,#5381);
#5379 = CARTESIAN_POINT('',(139.020456,-70.577295,-4.6E-02));
#5380 = DIRECTION('',(-0.,-0.,-1.));
#5381 = DIRECTION('',(-0.,-1.,0.));
#5382 = ADVANCED_FACE('',(#5383),#5394,.F.);
#5383 = FACE_BOUND('',#5384,.T.);
#5384 = EDGE_LOOP('',(#5385,#5386,#5392,#5393));
#5385 = ORIENTED_EDGE('',*,*,#1498,.T.);
#5386 = ORIENTED_EDGE('',*,*,#5387,.T.);
#5387 = EDGE_CURVE('',#1499,#3069,#5388,.T.);
#5388 = LINE('',#5389,#5390);
#5389 = CARTESIAN_POINT('',(131.120456,-56.447295,-4.6E-02));
#5390 = VECTOR('',#5391,1.);
#5391 = DIRECTION('',(0.,0.,1.));
#5392 = ORIENTED_EDGE('',*,*,#3068,.F.);
#5393 = ORIENTED_EDGE('',*,*,#5387,.F.);
#5394 = CYLINDRICAL_SURFACE('',#5395,0.5);
#5395 = AXIS2_PLACEMENT_3D('',#5396,#5397,#5398);
#5396 = CARTESIAN_POINT('',(131.120456,-55.947295,-4.6E-02));
#5397 = DIRECTION('',(-0.,-0.,-1.));
#5398 = DIRECTION('',(-0.,-1.,0.));
#5399 = ADVANCED_FACE('',(#5400),#5411,.F.);
#5400 = FACE_BOUND('',#5401,.T.);
#5401 = EDGE_LOOP('',(#5402,#5403,#5409,#5410));
#5402 = ORIENTED_EDGE('',*,*,#1509,.T.);
#5403 = ORIENTED_EDGE('',*,*,#5404,.T.);
#5404 = EDGE_CURVE('',#1510,#3080,#5405,.T.);
#5405 = LINE('',#5406,#5407);
#5406 = CARTESIAN_POINT('',(131.120456,-53.907295,-4.6E-02));
#5407 = VECTOR('',#5408,1.);
#5408 = DIRECTION('',(0.,0.,1.));
#5409 = ORIENTED_EDGE('',*,*,#3079,.F.);
#5410 = ORIENTED_EDGE('',*,*,#5404,.F.);
#5411 = CYLINDRICAL_SURFACE('',#5412,0.5);
#5412 = AXIS2_PLACEMENT_3D('',#5413,#5414,#5415);
#5413 = CARTESIAN_POINT('',(131.120456,-53.407295,-4.6E-02));
#5414 = DIRECTION('',(-0.,-0.,-1.));
#5415 = DIRECTION('',(-0.,-1.,0.));
#5416 = ADVANCED_FACE('',(#5417),#5428,.F.);
#5417 = FACE_BOUND('',#5418,.T.);
#5418 = EDGE_LOOP('',(#5419,#5420,#5426,#5427));
#5419 = ORIENTED_EDGE('',*,*,#1520,.T.);
#5420 = ORIENTED_EDGE('',*,*,#5421,.T.);
#5421 = EDGE_CURVE('',#1521,#3091,#5422,.T.);
#5422 = LINE('',#5423,#5424);
#5423 = CARTESIAN_POINT('',(135.970456,-57.632295,-4.6E-02));
#5424 = VECTOR('',#5425,1.);
#5425 = DIRECTION('',(0.,0.,1.));
#5426 = ORIENTED_EDGE('',*,*,#3090,.F.);
#5427 = ORIENTED_EDGE('',*,*,#5421,.F.);
#5428 = CYLINDRICAL_SURFACE('',#5429,0.4);
#5429 = AXIS2_PLACEMENT_3D('',#5430,#5431,#5432);
#5430 = CARTESIAN_POINT('',(135.970456,-57.232295,-4.6E-02));
#5431 = DIRECTION('',(-0.,-0.,-1.));
#5432 = DIRECTION('',(-0.,-1.,0.));
#5433 = ADVANCED_FACE('',(#5434),#5445,.F.);
#5434 = FACE_BOUND('',#5435,.T.);
#5435 = EDGE_LOOP('',(#5436,#5437,#5443,#5444));
#5436 = ORIENTED_EDGE('',*,*,#1531,.T.);
#5437 = ORIENTED_EDGE('',*,*,#5438,.T.);
#5438 = EDGE_CURVE('',#1532,#3102,#5439,.T.);
#5439 = LINE('',#5440,#5441);
#5440 = CARTESIAN_POINT('',(138.470456,-57.632295,-4.6E-02));
#5441 = VECTOR('',#5442,1.);
#5442 = DIRECTION('',(0.,0.,1.));
#5443 = ORIENTED_EDGE('',*,*,#3101,.F.);
#5444 = ORIENTED_EDGE('',*,*,#5438,.F.);
#5445 = CYLINDRICAL_SURFACE('',#5446,0.4);
#5446 = AXIS2_PLACEMENT_3D('',#5447,#5448,#5449);
#5447 = CARTESIAN_POINT('',(138.470456,-57.232295,-4.6E-02));
#5448 = DIRECTION('',(-0.,-0.,-1.));
#5449 = DIRECTION('',(-0.,-1.,0.));
#5450 = ADVANCED_FACE('',(#5451),#5462,.F.);
#5451 = FACE_BOUND('',#5452,.T.);
#5452 = EDGE_LOOP('',(#5453,#5454,#5460,#5461));
#5453 = ORIENTED_EDGE('',*,*,#1542,.T.);
#5454 = ORIENTED_EDGE('',*,*,#5455,.T.);
#5455 = EDGE_CURVE('',#1543,#3113,#5456,.T.);
#5456 = LINE('',#5457,#5458);
#5457 = CARTESIAN_POINT('',(149.420456,-83.777295,-4.6E-02));
#5458 = VECTOR('',#5459,1.);
#5459 = DIRECTION('',(0.,0.,1.));
#5460 = ORIENTED_EDGE('',*,*,#3112,.F.);
#5461 = ORIENTED_EDGE('',*,*,#5455,.F.);
#5462 = CYLINDRICAL_SURFACE('',#5463,0.5);
#5463 = AXIS2_PLACEMENT_3D('',#5464,#5465,#5466);
#5464 = CARTESIAN_POINT('',(149.420456,-83.277295,-4.6E-02));
#5465 = DIRECTION('',(-0.,-0.,-1.));
#5466 = DIRECTION('',(-0.,-1.,0.));
#5467 = ADVANCED_FACE('',(#5468),#5479,.F.);
#5468 = FACE_BOUND('',#5469,.T.);
#5469 = EDGE_LOOP('',(#5470,#5471,#5477,#5478));
#5470 = ORIENTED_EDGE('',*,*,#1553,.T.);
#5471 = ORIENTED_EDGE('',*,*,#5472,.T.);
#5472 = EDGE_CURVE('',#1554,#3124,#5473,.T.);
#5473 = LINE('',#5474,#5475);
#5474 = CARTESIAN_POINT('',(149.420456,-81.237295,-4.6E-02));
#5475 = VECTOR('',#5476,1.);
#5476 = DIRECTION('',(0.,0.,1.));
#5477 = ORIENTED_EDGE('',*,*,#3123,.F.);
#5478 = ORIENTED_EDGE('',*,*,#5472,.F.);
#5479 = CYLINDRICAL_SURFACE('',#5480,0.5);
#5480 = AXIS2_PLACEMENT_3D('',#5481,#5482,#5483);
#5481 = CARTESIAN_POINT('',(149.420456,-80.737295,-4.6E-02));
#5482 = DIRECTION('',(-0.,-0.,-1.));
#5483 = DIRECTION('',(-0.,-1.,0.));
#5484 = ADVANCED_FACE('',(#5485),#5496,.F.);
#5485 = FACE_BOUND('',#5486,.T.);
#5486 = EDGE_LOOP('',(#5487,#5488,#5494,#5495));
#5487 = ORIENTED_EDGE('',*,*,#1564,.T.);
#5488 = ORIENTED_EDGE('',*,*,#5489,.T.);
#5489 = EDGE_CURVE('',#1565,#3135,#5490,.T.);
#5490 = LINE('',#5491,#5492);
#5491 = CARTESIAN_POINT('',(149.420456,-78.697295,-4.6E-02));
#5492 = VECTOR('',#5493,1.);
#5493 = DIRECTION('',(0.,0.,1.));
#5494 = ORIENTED_EDGE('',*,*,#3134,.F.);
#5495 = ORIENTED_EDGE('',*,*,#5489,.F.);
#5496 = CYLINDRICAL_SURFACE('',#5497,0.5);
#5497 = AXIS2_PLACEMENT_3D('',#5498,#5499,#5500);
#5498 = CARTESIAN_POINT('',(149.420456,-78.197295,-4.6E-02));
#5499 = DIRECTION('',(-0.,-0.,-1.));
#5500 = DIRECTION('',(-0.,-1.,0.));
#5501 = ADVANCED_FACE('',(#5502),#5513,.F.);
#5502 = FACE_BOUND('',#5503,.T.);
#5503 = EDGE_LOOP('',(#5504,#5505,#5511,#5512));
#5504 = ORIENTED_EDGE('',*,*,#1575,.T.);
#5505 = ORIENTED_EDGE('',*,*,#5506,.T.);
#5506 = EDGE_CURVE('',#1576,#3146,#5507,.T.);
#5507 = LINE('',#5508,#5509);
#5508 = CARTESIAN_POINT('',(149.420456,-76.157295,-4.6E-02));
#5509 = VECTOR('',#5510,1.);
#5510 = DIRECTION('',(0.,0.,1.));
#5511 = ORIENTED_EDGE('',*,*,#3145,.F.);
#5512 = ORIENTED_EDGE('',*,*,#5506,.F.);
#5513 = CYLINDRICAL_SURFACE('',#5514,0.5);
#5514 = AXIS2_PLACEMENT_3D('',#5515,#5516,#5517);
#5515 = CARTESIAN_POINT('',(149.420456,-75.657295,-4.6E-02));
#5516 = DIRECTION('',(-0.,-0.,-1.));
#5517 = DIRECTION('',(-0.,-1.,0.));
#5518 = ADVANCED_FACE('',(#5519),#5530,.F.);
#5519 = FACE_BOUND('',#5520,.T.);
#5520 = EDGE_LOOP('',(#5521,#5522,#5528,#5529));
#5521 = ORIENTED_EDGE('',*,*,#1586,.T.);
#5522 = ORIENTED_EDGE('',*,*,#5523,.T.);
#5523 = EDGE_CURVE('',#1587,#3157,#5524,.T.);
#5524 = LINE('',#5525,#5526);
#5525 = CARTESIAN_POINT('',(149.420456,-73.617295,-4.6E-02));
#5526 = VECTOR('',#5527,1.);
#5527 = DIRECTION('',(0.,0.,1.));
#5528 = ORIENTED_EDGE('',*,*,#3156,.F.);
#5529 = ORIENTED_EDGE('',*,*,#5523,.F.);
#5530 = CYLINDRICAL_SURFACE('',#5531,0.5);
#5531 = AXIS2_PLACEMENT_3D('',#5532,#5533,#5534);
#5532 = CARTESIAN_POINT('',(149.420456,-73.117295,-4.6E-02));
#5533 = DIRECTION('',(-0.,-0.,-1.));
#5534 = DIRECTION('',(-0.,-1.,0.));
#5535 = ADVANCED_FACE('',(#5536),#5547,.F.);
#5536 = FACE_BOUND('',#5537,.T.);
#5537 = EDGE_LOOP('',(#5538,#5539,#5545,#5546));
#5538 = ORIENTED_EDGE('',*,*,#1597,.T.);
#5539 = ORIENTED_EDGE('',*,*,#5540,.T.);
#5540 = EDGE_CURVE('',#1598,#3168,#5541,.T.);
#5541 = LINE('',#5542,#5543);
#5542 = CARTESIAN_POINT('',(149.420456,-71.077295,-4.6E-02));
#5543 = VECTOR('',#5544,1.);
#5544 = DIRECTION('',(0.,0.,1.));
#5545 = ORIENTED_EDGE('',*,*,#3167,.F.);
#5546 = ORIENTED_EDGE('',*,*,#5540,.F.);
#5547 = CYLINDRICAL_SURFACE('',#5548,0.5);
#5548 = AXIS2_PLACEMENT_3D('',#5549,#5550,#5551);
#5549 = CARTESIAN_POINT('',(149.420456,-70.577295,-4.6E-02));
#5550 = DIRECTION('',(-0.,-0.,-1.));
#5551 = DIRECTION('',(-0.,-1.,0.));
#5552 = ADVANCED_FACE('',(#5553),#5564,.F.);
#5553 = FACE_BOUND('',#5554,.T.);
#5554 = EDGE_LOOP('',(#5555,#5556,#5562,#5563));
#5555 = ORIENTED_EDGE('',*,*,#1608,.T.);
#5556 = ORIENTED_EDGE('',*,*,#5557,.T.);
#5557 = EDGE_CURVE('',#1609,#3179,#5558,.T.);
#5558 = LINE('',#5559,#5560);
#5559 = CARTESIAN_POINT('',(143.105456,-58.182295,-4.6E-02));
#5560 = VECTOR('',#5561,1.);
#5561 = DIRECTION('',(0.,0.,1.));
#5562 = ORIENTED_EDGE('',*,*,#3178,.F.);
#5563 = ORIENTED_EDGE('',*,*,#5557,.F.);
#5564 = CYLINDRICAL_SURFACE('',#5565,0.45);
#5565 = AXIS2_PLACEMENT_3D('',#5566,#5567,#5568);
#5566 = CARTESIAN_POINT('',(143.105456,-57.732295,-4.6E-02));
#5567 = DIRECTION('',(-0.,-0.,-1.));
#5568 = DIRECTION('',(-0.,-1.,0.));
#5569 = ADVANCED_FACE('',(#5570),#5581,.F.);
#5570 = FACE_BOUND('',#5571,.T.);
#5571 = EDGE_LOOP('',(#5572,#5573,#5579,#5580));
#5572 = ORIENTED_EDGE('',*,*,#1619,.T.);
#5573 = ORIENTED_EDGE('',*,*,#5574,.T.);
#5574 = EDGE_CURVE('',#1620,#3190,#5575,.T.);
#5575 = LINE('',#5576,#5577);
#5576 = CARTESIAN_POINT('',(145.645456,-58.182295,-4.6E-02));
#5577 = VECTOR('',#5578,1.);
#5578 = DIRECTION('',(0.,0.,1.));
#5579 = ORIENTED_EDGE('',*,*,#3189,.F.);
#5580 = ORIENTED_EDGE('',*,*,#5574,.F.);
#5581 = CYLINDRICAL_SURFACE('',#5582,0.45);
#5582 = AXIS2_PLACEMENT_3D('',#5583,#5584,#5585);
#5583 = CARTESIAN_POINT('',(145.645456,-57.732295,-4.6E-02));
#5584 = DIRECTION('',(-0.,-0.,-1.));
#5585 = DIRECTION('',(-6.315935428979E-14,-1.,0.));
#5586 = ADVANCED_FACE('',(#5587),#5598,.F.);
#5587 = FACE_BOUND('',#5588,.T.);
#5588 = EDGE_LOOP('',(#5589,#5590,#5596,#5597));
#5589 = ORIENTED_EDGE('',*,*,#1630,.T.);
#5590 = ORIENTED_EDGE('',*,*,#5591,.T.);
#5591 = EDGE_CURVE('',#1631,#3201,#5592,.T.);
#5592 = LINE('',#5593,#5594);
#5593 = CARTESIAN_POINT('',(140.915456,-53.282295,-4.6E-02));
#5594 = VECTOR('',#5595,1.);
#5595 = DIRECTION('',(0.,0.,1.));
#5596 = ORIENTED_EDGE('',*,*,#3200,.F.);
#5597 = ORIENTED_EDGE('',*,*,#5591,.F.);
#5598 = CYLINDRICAL_SURFACE('',#5599,0.4);
#5599 = AXIS2_PLACEMENT_3D('',#5600,#5601,#5602);
#5600 = CARTESIAN_POINT('',(140.915456,-52.882295,-4.6E-02));
#5601 = DIRECTION('',(-0.,-0.,-1.));
#5602 = DIRECTION('',(-0.,-1.,0.));
#5603 = ADVANCED_FACE('',(#5604),#5615,.F.);
#5604 = FACE_BOUND('',#5605,.T.);
#5605 = EDGE_LOOP('',(#5606,#5607,#5613,#5614));
#5606 = ORIENTED_EDGE('',*,*,#1641,.T.);
#5607 = ORIENTED_EDGE('',*,*,#5608,.T.);
#5608 = EDGE_CURVE('',#1642,#3212,#5609,.T.);
#5609 = LINE('',#5610,#5611);
#5610 = CARTESIAN_POINT('',(154.420456,-64.067295,-4.6E-02));
#5611 = VECTOR('',#5612,1.);
#5612 = DIRECTION('',(0.,0.,1.));
#5613 = ORIENTED_EDGE('',*,*,#3211,.F.);
#5614 = ORIENTED_EDGE('',*,*,#5608,.F.);
#5615 = CYLINDRICAL_SURFACE('',#5616,0.5);
#5616 = AXIS2_PLACEMENT_3D('',#5617,#5618,#5619);
#5617 = CARTESIAN_POINT('',(154.420456,-63.567295,-4.6E-02));
#5618 = DIRECTION('',(-0.,-0.,-1.));
#5619 = DIRECTION('',(-0.,-1.,0.));
#5620 = ADVANCED_FACE('',(#5621),#5632,.F.);
#5621 = FACE_BOUND('',#5622,.T.);
#5622 = EDGE_LOOP('',(#5623,#5624,#5630,#5631));
#5623 = ORIENTED_EDGE('',*,*,#1652,.T.);
#5624 = ORIENTED_EDGE('',*,*,#5625,.T.);
#5625 = EDGE_CURVE('',#1653,#3223,#5626,.T.);
#5626 = LINE('',#5627,#5628);
#5627 = CARTESIAN_POINT('',(154.420456,-61.527295,-4.6E-02));
#5628 = VECTOR('',#5629,1.);
#5629 = DIRECTION('',(0.,0.,1.));
#5630 = ORIENTED_EDGE('',*,*,#3222,.F.);
#5631 = ORIENTED_EDGE('',*,*,#5625,.F.);
#5632 = CYLINDRICAL_SURFACE('',#5633,0.5);
#5633 = AXIS2_PLACEMENT_3D('',#5634,#5635,#5636);
#5634 = CARTESIAN_POINT('',(154.420456,-61.027295,-4.6E-02));
#5635 = DIRECTION('',(-0.,-0.,-1.));
#5636 = DIRECTION('',(-0.,-1.,0.));
#5637 = ADVANCED_FACE('',(#5638),#5649,.F.);
#5638 = FACE_BOUND('',#5639,.T.);
#5639 = EDGE_LOOP('',(#5640,#5641,#5647,#5648));
#5640 = ORIENTED_EDGE('',*,*,#1663,.T.);
#5641 = ORIENTED_EDGE('',*,*,#5642,.T.);
#5642 = EDGE_CURVE('',#1664,#3234,#5643,.T.);
#5643 = LINE('',#5644,#5645);
#5644 = CARTESIAN_POINT('',(154.420456,-58.987295,-4.6E-02));
#5645 = VECTOR('',#5646,1.);
#5646 = DIRECTION('',(0.,0.,1.));
#5647 = ORIENTED_EDGE('',*,*,#3233,.F.);
#5648 = ORIENTED_EDGE('',*,*,#5642,.F.);
#5649 = CYLINDRICAL_SURFACE('',#5650,0.5);
#5650 = AXIS2_PLACEMENT_3D('',#5651,#5652,#5653);
#5651 = CARTESIAN_POINT('',(154.420456,-58.487295,-4.6E-02));
#5652 = DIRECTION('',(-0.,-0.,-1.));
#5653 = DIRECTION('',(-0.,-1.,0.));
#5654 = ADVANCED_FACE('',(#5655),#5666,.F.);
#5655 = FACE_BOUND('',#5656,.T.);
#5656 = EDGE_LOOP('',(#5657,#5658,#5664,#5665));
#5657 = ORIENTED_EDGE('',*,*,#1674,.T.);
#5658 = ORIENTED_EDGE('',*,*,#5659,.T.);
#5659 = EDGE_CURVE('',#1675,#3245,#5660,.T.);
#5660 = LINE('',#5661,#5662);
#5661 = CARTESIAN_POINT('',(151.075456,-53.282295,-4.6E-02));
#5662 = VECTOR('',#5663,1.);
#5663 = DIRECTION('',(0.,0.,1.));
#5664 = ORIENTED_EDGE('',*,*,#3244,.F.);
#5665 = ORIENTED_EDGE('',*,*,#5659,.F.);
#5666 = CYLINDRICAL_SURFACE('',#5667,0.4);
#5667 = AXIS2_PLACEMENT_3D('',#5668,#5669,#5670);
#5668 = CARTESIAN_POINT('',(151.075456,-52.882295,-4.6E-02));
#5669 = DIRECTION('',(-0.,-0.,-1.));
#5670 = DIRECTION('',(-0.,-1.,0.));
#5671 = ADVANCED_FACE('',(#5672),#5683,.F.);
#5672 = FACE_BOUND('',#5673,.T.);
#5673 = EDGE_LOOP('',(#5674,#5675,#5681,#5682));
#5674 = ORIENTED_EDGE('',*,*,#1685,.T.);
#5675 = ORIENTED_EDGE('',*,*,#5676,.T.);
#5676 = EDGE_CURVE('',#1686,#3256,#5677,.T.);
#5677 = LINE('',#5678,#5679);
#5678 = CARTESIAN_POINT('',(154.420456,-56.447295,-4.6E-02));
#5679 = VECTOR('',#5680,1.);
#5680 = DIRECTION('',(0.,0.,1.));
#5681 = ORIENTED_EDGE('',*,*,#3255,.F.);
#5682 = ORIENTED_EDGE('',*,*,#5676,.F.);
#5683 = CYLINDRICAL_SURFACE('',#5684,0.5);
#5684 = AXIS2_PLACEMENT_3D('',#5685,#5686,#5687);
#5685 = CARTESIAN_POINT('',(154.420456,-55.947295,-4.6E-02));
#5686 = DIRECTION('',(-0.,-0.,-1.));
#5687 = DIRECTION('',(-0.,-1.,0.));
#5688 = ADVANCED_FACE('',(#5689),#5700,.F.);
#5689 = FACE_BOUND('',#5690,.T.);
#5690 = EDGE_LOOP('',(#5691,#5692,#5698,#5699));
#5691 = ORIENTED_EDGE('',*,*,#1696,.T.);
#5692 = ORIENTED_EDGE('',*,*,#5693,.T.);
#5693 = EDGE_CURVE('',#1697,#3267,#5694,.T.);
#5694 = LINE('',#5695,#5696);
#5695 = CARTESIAN_POINT('',(154.420456,-53.907295,-4.6E-02));
#5696 = VECTOR('',#5697,1.);
#5697 = DIRECTION('',(0.,0.,1.));
#5698 = ORIENTED_EDGE('',*,*,#3266,.F.);
#5699 = ORIENTED_EDGE('',*,*,#5693,.F.);
#5700 = CYLINDRICAL_SURFACE('',#5701,0.5);
#5701 = AXIS2_PLACEMENT_3D('',#5702,#5703,#5704);
#5702 = CARTESIAN_POINT('',(154.420456,-53.407295,-4.6E-02));
#5703 = DIRECTION('',(-0.,-0.,-1.));
#5704 = DIRECTION('',(-0.,-1.,0.));
#5705 = ( GEOMETRIC_REPRESENTATION_CONTEXT(3) 
GLOBAL_UNCERTAINTY_ASSIGNED_CONTEXT((#5709)) 
GLOBAL_UNIT_ASSIGNED_CONTEXT((#5706,#5707,#5708)) REPRESENTATION_CONTEXT
('Context #1','3D Context with UNIT and UNCERTAINTY') );
#5706 = ( LENGTH_UNIT() NAMED_UNIT(*) SI_UNIT(.MILLI.,.METRE.) );
#5707 = ( NAMED_UNIT(*) PLANE_ANGLE_UNIT() SI_UNIT($,.RADIAN.) );
#5708 = ( NAMED_UNIT(*) SI_UNIT($,.STERADIAN.) SOLID_ANGLE_UNIT() );
#5709 = UNCERTAINTY_MEASURE_WITH_UNIT(LENGTH_MEASURE(1.E-07),#5706,
  'distance_accuracy_value','confusion accuracy');
#5710 = CONTEXT_DEPENDENT_SHAPE_REPRESENTATION(#5711,#5713);
#5711 = ( REPRESENTATION_RELATIONSHIP('','',#32,#10) 
REPRESENTATION_RELATIONSHIP_WITH_TRANSFORMATION(#5712) 
SHAPE_REPRESENTATION_RELATIONSHIP() );
#5712 = ITEM_DEFINED_TRANSFORMATION('','',#11,#15);
#5713 = PRODUCT_DEFINITION_SHAPE('Placement','Placement of an item',
  #5714);
#5714 = NEXT_ASSEMBLY_USAGE_OCCURRENCE('1','=>[0:1:1:2]','',#5,#27,$);
#5715 = PRODUCT_RELATED_PRODUCT_CATEGORY('part',$,(#29));
#5716 = MECHANICAL_DESIGN_GEOMETRIC_PRESENTATION_REPRESENTATION('',(
    #5717),#5705);
#5717 = STYLED_ITEM('color',(#5718),#33);
#5718 = PRESENTATION_STYLE_ASSIGNMENT((#5719));
#5719 = SURFACE_STYLE_USAGE(.BOTH.,#5720);
#5720 = SURFACE_SIDE_STYLE('',(#5721));
#5721 = SURFACE_STYLE_FILL_AREA(#5722);
#5722 = FILL_AREA_STYLE('',(#5723));
#5723 = FILL_AREA_STYLE_COLOUR('',#5724);
#5724 = COLOUR_RGB('',0.313304153717,0.484529207832,0.410020903123);
ENDSEC;
END-ISO-10303-21;
