ISO-10303-21;
HEADER;
FILE_DESCRIPTION(('KiCad electronic assembly'),'2;1');
FILE_NAME('CSC202_LP_MSPM0G3507_3TERM_BREAKOUT-3D.step',
  '2026-04-07T17:49:40',('Pcbnew'),('Kicad'),
  'Open CASCADE STEP processor 7.6','KiCad to STEP converter','Unknown'
  );
FILE_SCHEMA(('AUTOMOTIVE_DESIGN { 1 0 10303 214 1 1 1 1 }'));
ENDSEC;
DATA;
#1 = APPLICATION_PROTOCOL_DEFINITION('international standard',
  'automotive_design',2000,#2);
#2 = APPLICATION_CONTEXT(
  'core data for automotive mechanical design processes');
#3 = SHAPE_DEFINITION_REPRESENTATION(#4,#10);
#4 = PRODUCT_DEFINITION_SHAPE('','',#5);
#5 = PRODUCT_DEFINITION('design','',#6,#9);
#6 = PRODUCT_DEFINITION_FORMATION('','',#7);
#7 = PRODUCT('CSC202_LP_MSPM0G3507_3TERM_BREAKOUT-3D 1',
  'CSC202_LP_MSPM0G3507_3TERM_BREAKOUT-3D 1','',(#8));
#8 = PRODUCT_CONTEXT('',#2,'mechanical');
#9 = PRODUCT_DEFINITION_CONTEXT('part definition',#2,'design');
#10 = SHAPE_REPRESENTATION('',(#11,#15),#19);
#11 = AXIS2_PLACEMENT_3D('',#12,#13,#14);
#12 = CARTESIAN_POINT('',(0.,0.,0.));
#13 = DIRECTION('',(0.,0.,1.));
#14 = DIRECTION('',(1.,0.,-0.));
#15 = AXIS2_PLACEMENT_3D('',#16,#17,#18);
#16 = CARTESIAN_POINT('',(0.,0.,0.));
#17 = DIRECTION('',(0.,0.,1.));
#18 = DIRECTION('',(1.,0.,-0.));
#19 = ( GEOMETRIC_REPRESENTATION_CONTEXT(3) 
GLOBAL_UNCERTAINTY_ASSIGNED_CONTEXT((#23)) GLOBAL_UNIT_ASSIGNED_CONTEXT(
(#20,#21,#22)) REPRESENTATION_CONTEXT('Context #1',
  '3D Context with UNIT and UNCERTAINTY') );
#20 = ( LENGTH_UNIT() NAMED_UNIT(*) SI_UNIT(.MILLI.,.METRE.) );
#21 = ( NAMED_UNIT(*) PLANE_ANGLE_UNIT() SI_UNIT($,.RADIAN.) );
#22 = ( NAMED_UNIT(*) SI_UNIT($,.STERADIAN.) SOLID_ANGLE_UNIT() );
#23 = UNCERTAINTY_MEASURE_WITH_UNIT(LENGTH_MEASURE(1.E-07),#20,
  'distance_accuracy_value','confusion accuracy');
#24 = PRODUCT_RELATED_PRODUCT_CATEGORY('part',$,(#7));
#25 = SHAPE_DEFINITION_REPRESENTATION(#26,#32);
#26 = PRODUCT_DEFINITION_SHAPE('','',#27);
#27 = PRODUCT_DEFINITION('design','',#28,#31);
#28 = PRODUCT_DEFINITION_FORMATION('','',#29);
#29 = PRODUCT('CSC202_LP_MSPM0G3507_3TERM_BREAKOUT_PCB',
  'CSC202_LP_MSPM0G3507_3TERM_BREAKOUT_PCB','',(#30));
#30 = PRODUCT_CONTEXT('',#2,'mechanical');
#31 = PRODUCT_DEFINITION_CONTEXT('part definition',#2,'design');
#32 = ADVANCED_BREP_SHAPE_REPRESENTATION('',(#11,#33),#3443);
#33 = MANIFOLD_SOLID_BREP('',#34);
#34 = CLOSED_SHELL('',(#35,#77,#108,#139,#1071,#2003,#2020,#2037,#2054,
    #2071,#2083,#2100,#2117,#2134,#2151,#2168,#2185,#2202,#2219,#2236,
    #2253,#2270,#2287,#2304,#2321,#2338,#2355,#2372,#2389,#2406,#2423,
    #2440,#2457,#2474,#2491,#2508,#2525,#2542,#2559,#2576,#2593,#2610,
    #2627,#2644,#2661,#2678,#2695,#2712,#2729,#2746,#2763,#2780,#2797,
    #2814,#2831,#2848,#2865,#2882,#2899,#2916,#2933,#2950,#2967,#2984,
    #3001,#3018,#3035,#3052,#3069,#3086,#3103,#3120,#3137,#3154,#3171,
    #3188,#3205,#3222,#3239,#3256,#3273,#3290,#3307,#3324,#3341,#3358,
    #3375,#3392,#3409,#3426));
#35 = ADVANCED_FACE('',(#36),#72,.T.);
#36 = FACE_BOUND('',#37,.T.);
#37 = EDGE_LOOP('',(#38,#48,#57,#65));
#38 = ORIENTED_EDGE('',*,*,#39,.T.);
#39 = EDGE_CURVE('',#40,#42,#44,.T.);
#40 = VERTEX_POINT('',#41);
#41 = CARTESIAN_POINT('',(178.138927,-79.999798,0.));
#42 = VERTEX_POINT('',#43);
#43 = CARTESIAN_POINT('',(178.138927,-79.999798,1.51));
#44 = LINE('',#45,#46);
#45 = CARTESIAN_POINT('',(178.138927,-79.999798,0.));
#46 = VECTOR('',#47,1.);
#47 = DIRECTION('',(0.,0.,1.));
#48 = ORIENTED_EDGE('',*,*,#49,.T.);
#49 = EDGE_CURVE('',#42,#50,#52,.T.);
#50 = VERTEX_POINT('',#51);
#51 = CARTESIAN_POINT('',(179.138927,-80.999798,1.51));
#52 = CIRCLE('',#53,0.999999252925);
#53 = AXIS2_PLACEMENT_3D('',#54,#55,#56);
#54 = CARTESIAN_POINT('',(178.13892774707,-80.99979725292,1.51));
#55 = DIRECTION('',(0.,0.,-1.));
#56 = DIRECTION('',(-7.470757349539E-07,1.,0.));
#57 = ORIENTED_EDGE('',*,*,#58,.F.);
#58 = EDGE_CURVE('',#59,#50,#61,.T.);
#59 = VERTEX_POINT('',#60);
#60 = CARTESIAN_POINT('',(179.138927,-80.999798,0.));
#61 = LINE('',#62,#63);
#62 = CARTESIAN_POINT('',(179.138927,-80.999798,0.));
#63 = VECTOR('',#64,1.);
#64 = DIRECTION('',(0.,0.,1.));
#65 = ORIENTED_EDGE('',*,*,#66,.F.);
#66 = EDGE_CURVE('',#40,#59,#67,.T.);
#67 = CIRCLE('',#68,0.999999252925);
#68 = AXIS2_PLACEMENT_3D('',#69,#70,#71);
#69 = CARTESIAN_POINT('',(178.13892774707,-80.99979725292,0.));
#70 = DIRECTION('',(0.,0.,-1.));
#71 = DIRECTION('',(-7.470757349539E-07,1.,0.));
#72 = CYLINDRICAL_SURFACE('',#73,0.999999252925);
#73 = AXIS2_PLACEMENT_3D('',#74,#75,#76);
#74 = CARTESIAN_POINT('',(178.13892774707,-80.99979725292,0.));
#75 = DIRECTION('',(0.,0.,-1.));
#76 = DIRECTION('',(-7.470757349539E-07,1.,0.));
#77 = ADVANCED_FACE('',(#78),#103,.T.);
#78 = FACE_BOUND('',#79,.T.);
#79 = EDGE_LOOP('',(#80,#90,#96,#97));
#80 = ORIENTED_EDGE('',*,*,#81,.T.);
#81 = EDGE_CURVE('',#82,#84,#86,.T.);
#82 = VERTEX_POINT('',#83);
#83 = CARTESIAN_POINT('',(90.138927,-79.999798,0.));
#84 = VERTEX_POINT('',#85);
#85 = CARTESIAN_POINT('',(90.138927,-79.999798,1.51));
#86 = LINE('',#87,#88);
#87 = CARTESIAN_POINT('',(90.138927,-79.999798,0.));
#88 = VECTOR('',#89,1.);
#89 = DIRECTION('',(0.,0.,1.));
#90 = ORIENTED_EDGE('',*,*,#91,.T.);
#91 = EDGE_CURVE('',#84,#42,#92,.T.);
#92 = LINE('',#93,#94);
#93 = CARTESIAN_POINT('',(90.138927,-79.999798,1.51));
#94 = VECTOR('',#95,1.);
#95 = DIRECTION('',(1.,0.,0.));
#96 = ORIENTED_EDGE('',*,*,#39,.F.);
#97 = ORIENTED_EDGE('',*,*,#98,.F.);
#98 = EDGE_CURVE('',#82,#40,#99,.T.);
#99 = LINE('',#100,#101);
#100 = CARTESIAN_POINT('',(90.138927,-79.999798,0.));
#101 = VECTOR('',#102,1.);
#102 = DIRECTION('',(1.,0.,0.));
#103 = PLANE('',#104);
#104 = AXIS2_PLACEMENT_3D('',#105,#106,#107);
#105 = CARTESIAN_POINT('',(90.138927,-79.999798,0.));
#106 = DIRECTION('',(0.,1.,0.));
#107 = DIRECTION('',(1.,0.,0.));
#108 = ADVANCED_FACE('',(#109),#134,.T.);
#109 = FACE_BOUND('',#110,.T.);
#110 = EDGE_LOOP('',(#111,#112,#120,#128));
#111 = ORIENTED_EDGE('',*,*,#58,.T.);
#112 = ORIENTED_EDGE('',*,*,#113,.T.);
#113 = EDGE_CURVE('',#50,#114,#116,.T.);
#114 = VERTEX_POINT('',#115);
#115 = CARTESIAN_POINT('',(179.138927,-113.999798,1.51));
#116 = LINE('',#117,#118);
#117 = CARTESIAN_POINT('',(179.138927,-80.999798,1.51));
#118 = VECTOR('',#119,1.);
#119 = DIRECTION('',(0.,-1.,0.));
#120 = ORIENTED_EDGE('',*,*,#121,.F.);
#121 = EDGE_CURVE('',#122,#114,#124,.T.);
#122 = VERTEX_POINT('',#123);
#123 = CARTESIAN_POINT('',(179.138927,-113.999798,0.));
#124 = LINE('',#125,#126);
#125 = CARTESIAN_POINT('',(179.138927,-113.999798,0.));
#126 = VECTOR('',#127,1.);
#127 = DIRECTION('',(0.,0.,1.));
#128 = ORIENTED_EDGE('',*,*,#129,.F.);
#129 = EDGE_CURVE('',#59,#122,#130,.T.);
#130 = LINE('',#131,#132);
#131 = CARTESIAN_POINT('',(179.138927,-80.999798,0.));
#132 = VECTOR('',#133,1.);
#133 = DIRECTION('',(0.,-1.,0.));
#134 = PLANE('',#135);
#135 = AXIS2_PLACEMENT_3D('',#136,#137,#138);
#136 = CARTESIAN_POINT('',(179.138927,-80.999798,0.));
#137 = DIRECTION('',(1.,0.,-0.));
#138 = DIRECTION('',(0.,-1.,0.));
#139 = ADVANCED_FACE('',(#140,#186,#197,#208,#219,#230,#241,#252,#263,
    #274,#285,#296,#307,#318,#329,#340,#351,#362,#373,#384,#395,#406,
    #417,#428,#439,#450,#461,#472,#483,#494,#505,#516,#527,#538,#549,
    #560,#571,#582,#593,#604,#615,#626,#637,#648,#659,#670,#681,#692,
    #703,#714,#725,#736,#747,#758,#769,#780,#791,#802,#813,#824,#835,
    #846,#857,#868,#879,#890,#901,#912,#923,#934,#945,#956,#967,#978,
    #989,#1000,#1011,#1022,#1033,#1044,#1055),#1066,.F.);
#140 = FACE_BOUND('',#141,.F.);
#141 = EDGE_LOOP('',(#142,#143,#144,#153,#161,#170,#178,#185));
#142 = ORIENTED_EDGE('',*,*,#66,.F.);
#143 = ORIENTED_EDGE('',*,*,#98,.F.);
#144 = ORIENTED_EDGE('',*,*,#145,.F.);
#145 = EDGE_CURVE('',#146,#82,#148,.T.);
#146 = VERTEX_POINT('',#147);
#147 = CARTESIAN_POINT('',(89.138927,-80.999798,0.));
#148 = CIRCLE('',#149,0.999999252925);
#149 = AXIS2_PLACEMENT_3D('',#150,#151,#152);
#150 = CARTESIAN_POINT('',(90.138926252925,-80.99979725292,0.));
#151 = DIRECTION('',(0.,0.,-1.));
#152 = DIRECTION('',(-1.,-7.47075720743E-07,-0.));
#153 = ORIENTED_EDGE('',*,*,#154,.F.);
#154 = EDGE_CURVE('',#155,#146,#157,.T.);
#155 = VERTEX_POINT('',#156);
#156 = CARTESIAN_POINT('',(89.138927,-113.999798,0.));
#157 = LINE('',#158,#159);
#158 = CARTESIAN_POINT('',(89.138927,-113.999798,0.));
#159 = VECTOR('',#160,1.);
#160 = DIRECTION('',(0.,1.,0.));
#161 = ORIENTED_EDGE('',*,*,#162,.F.);
#162 = EDGE_CURVE('',#163,#155,#165,.T.);
#163 = VERTEX_POINT('',#164);
#164 = CARTESIAN_POINT('',(90.138927,-114.999798,0.));
#165 = CIRCLE('',#166,0.999999252925);
#166 = AXIS2_PLACEMENT_3D('',#167,#168,#169);
#167 = CARTESIAN_POINT('',(90.138926252925,-113.999798747,0.));
#168 = DIRECTION('',(0.,0.,-1.));
#169 = DIRECTION('',(7.470757491648E-07,-1.,0.));
#170 = ORIENTED_EDGE('',*,*,#171,.F.);
#171 = EDGE_CURVE('',#172,#163,#174,.T.);
#172 = VERTEX_POINT('',#173);
#173 = CARTESIAN_POINT('',(178.138927,-114.999798,0.));
#174 = LINE('',#175,#176);
#175 = CARTESIAN_POINT('',(178.138927,-114.999798,0.));
#176 = VECTOR('',#177,1.);
#177 = DIRECTION('',(-1.,0.,0.));
#178 = ORIENTED_EDGE('',*,*,#179,.F.);
#179 = EDGE_CURVE('',#122,#172,#180,.T.);
#180 = CIRCLE('',#181,0.999999252925);
#181 = AXIS2_PLACEMENT_3D('',#182,#183,#184);
#182 = CARTESIAN_POINT('',(178.13892774707,-113.999798747,0.));
#183 = DIRECTION('',(0.,0.,-1.));
#184 = DIRECTION('',(1.,7.470757633756E-07,0.));
#185 = ORIENTED_EDGE('',*,*,#129,.F.);
#186 = FACE_BOUND('',#187,.F.);
#187 = EDGE_LOOP('',(#188));
#188 = ORIENTED_EDGE('',*,*,#189,.T.);
#189 = EDGE_CURVE('',#190,#190,#192,.T.);
#190 = VERTEX_POINT('',#191);
#191 = CARTESIAN_POINT('',(100.836469,-110.58,0.));
#192 = CIRCLE('',#193,0.5);
#193 = AXIS2_PLACEMENT_3D('',#194,#195,#196);
#194 = CARTESIAN_POINT('',(100.836469,-110.08,0.));
#195 = DIRECTION('',(-0.,0.,-1.));
#196 = DIRECTION('',(-0.,-1.,0.));
#197 = FACE_BOUND('',#198,.F.);
#198 = EDGE_LOOP('',(#199));
#199 = ORIENTED_EDGE('',*,*,#200,.T.);
#200 = EDGE_CURVE('',#201,#201,#203,.T.);
#201 = VERTEX_POINT('',#202);
#202 = CARTESIAN_POINT('',(108.086469,-110.58,0.));
#203 = CIRCLE('',#204,0.5);
#204 = AXIS2_PLACEMENT_3D('',#205,#206,#207);
#205 = CARTESIAN_POINT('',(108.086469,-110.08,0.));
#206 = DIRECTION('',(-0.,0.,-1.));
#207 = DIRECTION('',(-0.,-1.,0.));
#208 = FACE_BOUND('',#209,.F.);
#209 = EDGE_LOOP('',(#210));
#210 = ORIENTED_EDGE('',*,*,#211,.T.);
#211 = EDGE_CURVE('',#212,#212,#214,.T.);
#212 = VERTEX_POINT('',#213);
#213 = CARTESIAN_POINT('',(100.836469,-108.04,0.));
#214 = CIRCLE('',#215,0.5);
#215 = AXIS2_PLACEMENT_3D('',#216,#217,#218);
#216 = CARTESIAN_POINT('',(100.836469,-107.54,0.));
#217 = DIRECTION('',(-0.,0.,-1.));
#218 = DIRECTION('',(-0.,-1.,0.));
#219 = FACE_BOUND('',#220,.F.);
#220 = EDGE_LOOP('',(#221));
#221 = ORIENTED_EDGE('',*,*,#222,.T.);
#222 = EDGE_CURVE('',#223,#223,#225,.T.);
#223 = VERTEX_POINT('',#224);
#224 = CARTESIAN_POINT('',(108.086469,-108.04,0.));
#225 = CIRCLE('',#226,0.5);
#226 = AXIS2_PLACEMENT_3D('',#227,#228,#229);
#227 = CARTESIAN_POINT('',(108.086469,-107.54,0.));
#228 = DIRECTION('',(-0.,0.,-1.));
#229 = DIRECTION('',(-0.,-1.,0.));
#230 = FACE_BOUND('',#231,.F.);
#231 = EDGE_LOOP('',(#232));
#232 = ORIENTED_EDGE('',*,*,#233,.T.);
#233 = EDGE_CURVE('',#234,#234,#236,.T.);
#234 = VERTEX_POINT('',#235);
#235 = CARTESIAN_POINT('',(100.836469,-105.5,0.));
#236 = CIRCLE('',#237,0.5);
#237 = AXIS2_PLACEMENT_3D('',#238,#239,#240);
#238 = CARTESIAN_POINT('',(100.836469,-105.,0.));
#239 = DIRECTION('',(-0.,0.,-1.));
#240 = DIRECTION('',(-0.,-1.,0.));
#241 = FACE_BOUND('',#242,.F.);
#242 = EDGE_LOOP('',(#243));
#243 = ORIENTED_EDGE('',*,*,#244,.T.);
#244 = EDGE_CURVE('',#245,#245,#247,.T.);
#245 = VERTEX_POINT('',#246);
#246 = CARTESIAN_POINT('',(108.086469,-105.5,0.));
#247 = CIRCLE('',#248,0.5);
#248 = AXIS2_PLACEMENT_3D('',#249,#250,#251);
#249 = CARTESIAN_POINT('',(108.086469,-105.,0.));
#250 = DIRECTION('',(-0.,0.,-1.));
#251 = DIRECTION('',(-0.,-1.,0.));
#252 = FACE_BOUND('',#253,.F.);
#253 = EDGE_LOOP('',(#254));
#254 = ORIENTED_EDGE('',*,*,#255,.T.);
#255 = EDGE_CURVE('',#256,#256,#258,.T.);
#256 = VERTEX_POINT('',#257);
#257 = CARTESIAN_POINT('',(126.141369,-110.624556,0.));
#258 = CIRCLE('',#259,0.5);
#259 = AXIS2_PLACEMENT_3D('',#260,#261,#262);
#260 = CARTESIAN_POINT('',(126.141369,-110.124556,0.));
#261 = DIRECTION('',(-0.,0.,-1.));
#262 = DIRECTION('',(-0.,-1.,0.));
#263 = FACE_BOUND('',#264,.F.);
#264 = EDGE_LOOP('',(#265));
#265 = ORIENTED_EDGE('',*,*,#266,.T.);
#266 = EDGE_CURVE('',#267,#267,#269,.T.);
#267 = VERTEX_POINT('',#268);
#268 = CARTESIAN_POINT('',(128.681369,-110.624556,0.));
#269 = CIRCLE('',#270,0.5);
#270 = AXIS2_PLACEMENT_3D('',#271,#272,#273);
#271 = CARTESIAN_POINT('',(128.681369,-110.124556,0.));
#272 = DIRECTION('',(-0.,0.,-1.));
#273 = DIRECTION('',(-0.,-1.,0.));
#274 = FACE_BOUND('',#275,.F.);
#275 = EDGE_LOOP('',(#276));
#276 = ORIENTED_EDGE('',*,*,#277,.T.);
#277 = EDGE_CURVE('',#278,#278,#280,.T.);
#278 = VERTEX_POINT('',#279);
#279 = CARTESIAN_POINT('',(126.141369,-108.084556,0.));
#280 = CIRCLE('',#281,0.5);
#281 = AXIS2_PLACEMENT_3D('',#282,#283,#284);
#282 = CARTESIAN_POINT('',(126.141369,-107.584556,0.));
#283 = DIRECTION('',(-0.,0.,-1.));
#284 = DIRECTION('',(-0.,-1.,0.));
#285 = FACE_BOUND('',#286,.F.);
#286 = EDGE_LOOP('',(#287));
#287 = ORIENTED_EDGE('',*,*,#288,.T.);
#288 = EDGE_CURVE('',#289,#289,#291,.T.);
#289 = VERTEX_POINT('',#290);
#290 = CARTESIAN_POINT('',(126.141369,-105.544556,0.));
#291 = CIRCLE('',#292,0.5);
#292 = AXIS2_PLACEMENT_3D('',#293,#294,#295);
#293 = CARTESIAN_POINT('',(126.141369,-105.044556,0.));
#294 = DIRECTION('',(-0.,0.,-1.));
#295 = DIRECTION('',(-0.,-1.,0.));
#296 = FACE_BOUND('',#297,.F.);
#297 = EDGE_LOOP('',(#298));
#298 = ORIENTED_EDGE('',*,*,#299,.T.);
#299 = EDGE_CURVE('',#300,#300,#302,.T.);
#300 = VERTEX_POINT('',#301);
#301 = CARTESIAN_POINT('',(128.681369,-108.084556,0.));
#302 = CIRCLE('',#303,0.5);
#303 = AXIS2_PLACEMENT_3D('',#304,#305,#306);
#304 = CARTESIAN_POINT('',(128.681369,-107.584556,0.));
#305 = DIRECTION('',(-0.,0.,-1.));
#306 = DIRECTION('',(-0.,-1.,0.));
#307 = FACE_BOUND('',#308,.F.);
#308 = EDGE_LOOP('',(#309));
#309 = ORIENTED_EDGE('',*,*,#310,.T.);
#310 = EDGE_CURVE('',#311,#311,#313,.T.);
#311 = VERTEX_POINT('',#312);
#312 = CARTESIAN_POINT('',(128.681369,-105.544556,0.));
#313 = CIRCLE('',#314,0.5);
#314 = AXIS2_PLACEMENT_3D('',#315,#316,#317);
#315 = CARTESIAN_POINT('',(128.681369,-105.044556,0.));
#316 = DIRECTION('',(-0.,0.,-1.));
#317 = DIRECTION('',(-0.,-1.,0.));
#318 = FACE_BOUND('',#319,.F.);
#319 = EDGE_LOOP('',(#320));
#320 = ORIENTED_EDGE('',*,*,#321,.T.);
#321 = EDGE_CURVE('',#322,#322,#324,.T.);
#322 = VERTEX_POINT('',#323);
#323 = CARTESIAN_POINT('',(100.836469,-102.96,0.));
#324 = CIRCLE('',#325,0.5);
#325 = AXIS2_PLACEMENT_3D('',#326,#327,#328);
#326 = CARTESIAN_POINT('',(100.836469,-102.46,0.));
#327 = DIRECTION('',(-0.,0.,-1.));
#328 = DIRECTION('',(-0.,-1.,0.));
#329 = FACE_BOUND('',#330,.F.);
#330 = EDGE_LOOP('',(#331));
#331 = ORIENTED_EDGE('',*,*,#332,.T.);
#332 = EDGE_CURVE('',#333,#333,#335,.T.);
#333 = VERTEX_POINT('',#334);
#334 = CARTESIAN_POINT('',(108.086469,-102.96,0.));
#335 = CIRCLE('',#336,0.5);
#336 = AXIS2_PLACEMENT_3D('',#337,#338,#339);
#337 = CARTESIAN_POINT('',(108.086469,-102.46,0.));
#338 = DIRECTION('',(-0.,0.,-1.));
#339 = DIRECTION('',(-0.,-1.,0.));
#340 = FACE_BOUND('',#341,.F.);
#341 = EDGE_LOOP('',(#342));
#342 = ORIENTED_EDGE('',*,*,#343,.T.);
#343 = EDGE_CURVE('',#344,#344,#346,.T.);
#344 = VERTEX_POINT('',#345);
#345 = CARTESIAN_POINT('',(100.836469,-100.42,0.));
#346 = CIRCLE('',#347,0.5);
#347 = AXIS2_PLACEMENT_3D('',#348,#349,#350);
#348 = CARTESIAN_POINT('',(100.836469,-99.92,0.));
#349 = DIRECTION('',(-0.,0.,-1.));
#350 = DIRECTION('',(-0.,-1.,0.));
#351 = FACE_BOUND('',#352,.F.);
#352 = EDGE_LOOP('',(#353));
#353 = ORIENTED_EDGE('',*,*,#354,.T.);
#354 = EDGE_CURVE('',#355,#355,#357,.T.);
#355 = VERTEX_POINT('',#356);
#356 = CARTESIAN_POINT('',(108.086469,-100.42,0.));
#357 = CIRCLE('',#358,0.5);
#358 = AXIS2_PLACEMENT_3D('',#359,#360,#361);
#359 = CARTESIAN_POINT('',(108.086469,-99.92,0.));
#360 = DIRECTION('',(-0.,0.,-1.));
#361 = DIRECTION('',(-0.,-1.,0.));
#362 = FACE_BOUND('',#363,.F.);
#363 = EDGE_LOOP('',(#364));
#364 = ORIENTED_EDGE('',*,*,#365,.T.);
#365 = EDGE_CURVE('',#366,#366,#368,.T.);
#366 = VERTEX_POINT('',#367);
#367 = CARTESIAN_POINT('',(126.141369,-103.004556,0.));
#368 = CIRCLE('',#369,0.5);
#369 = AXIS2_PLACEMENT_3D('',#370,#371,#372);
#370 = CARTESIAN_POINT('',(126.141369,-102.504556,0.));
#371 = DIRECTION('',(-0.,0.,-1.));
#372 = DIRECTION('',(-0.,-1.,0.));
#373 = FACE_BOUND('',#374,.F.);
#374 = EDGE_LOOP('',(#375));
#375 = ORIENTED_EDGE('',*,*,#376,.T.);
#376 = EDGE_CURVE('',#377,#377,#379,.T.);
#377 = VERTEX_POINT('',#378);
#378 = CARTESIAN_POINT('',(128.681369,-103.004556,0.));
#379 = CIRCLE('',#380,0.5);
#380 = AXIS2_PLACEMENT_3D('',#381,#382,#383);
#381 = CARTESIAN_POINT('',(128.681369,-102.504556,0.));
#382 = DIRECTION('',(-0.,0.,-1.));
#383 = DIRECTION('',(-0.,-1.,0.));
#384 = FACE_BOUND('',#385,.F.);
#385 = EDGE_LOOP('',(#386));
#386 = ORIENTED_EDGE('',*,*,#387,.T.);
#387 = EDGE_CURVE('',#388,#388,#390,.T.);
#388 = VERTEX_POINT('',#389);
#389 = CARTESIAN_POINT('',(126.141369,-100.464556,0.));
#390 = CIRCLE('',#391,0.5);
#391 = AXIS2_PLACEMENT_3D('',#392,#393,#394);
#392 = CARTESIAN_POINT('',(126.141369,-99.964556,0.));
#393 = DIRECTION('',(-0.,0.,-1.));
#394 = DIRECTION('',(-0.,-1.,0.));
#395 = FACE_BOUND('',#396,.F.);
#396 = EDGE_LOOP('',(#397));
#397 = ORIENTED_EDGE('',*,*,#398,.T.);
#398 = EDGE_CURVE('',#399,#399,#401,.T.);
#399 = VERTEX_POINT('',#400);
#400 = CARTESIAN_POINT('',(128.681369,-100.464556,0.));
#401 = CIRCLE('',#402,0.5);
#402 = AXIS2_PLACEMENT_3D('',#403,#404,#405);
#403 = CARTESIAN_POINT('',(128.681369,-99.964556,0.));
#404 = DIRECTION('',(-0.,0.,-1.));
#405 = DIRECTION('',(-0.,-1.,0.));
#406 = FACE_BOUND('',#407,.F.);
#407 = EDGE_LOOP('',(#408));
#408 = ORIENTED_EDGE('',*,*,#409,.T.);
#409 = EDGE_CURVE('',#410,#410,#412,.T.);
#410 = VERTEX_POINT('',#411);
#411 = CARTESIAN_POINT('',(146.586469,-110.58,0.));
#412 = CIRCLE('',#413,0.5);
#413 = AXIS2_PLACEMENT_3D('',#414,#415,#416);
#414 = CARTESIAN_POINT('',(146.586469,-110.08,0.));
#415 = DIRECTION('',(-0.,0.,-1.));
#416 = DIRECTION('',(-0.,-1.,0.));
#417 = FACE_BOUND('',#418,.F.);
#418 = EDGE_LOOP('',(#419));
#419 = ORIENTED_EDGE('',*,*,#420,.T.);
#420 = EDGE_CURVE('',#421,#421,#423,.T.);
#421 = VERTEX_POINT('',#422);
#422 = CARTESIAN_POINT('',(153.836469,-110.58,0.));
#423 = CIRCLE('',#424,0.5);
#424 = AXIS2_PLACEMENT_3D('',#425,#426,#427);
#425 = CARTESIAN_POINT('',(153.836469,-110.08,0.));
#426 = DIRECTION('',(-0.,0.,-1.));
#427 = DIRECTION('',(-0.,-1.,0.));
#428 = FACE_BOUND('',#429,.F.);
#429 = EDGE_LOOP('',(#430));
#430 = ORIENTED_EDGE('',*,*,#431,.T.);
#431 = EDGE_CURVE('',#432,#432,#434,.T.);
#432 = VERTEX_POINT('',#433);
#433 = CARTESIAN_POINT('',(146.586469,-108.04,0.));
#434 = CIRCLE('',#435,0.5);
#435 = AXIS2_PLACEMENT_3D('',#436,#437,#438);
#436 = CARTESIAN_POINT('',(146.586469,-107.54,0.));
#437 = DIRECTION('',(-0.,0.,-1.));
#438 = DIRECTION('',(-0.,-1.,0.));
#439 = FACE_BOUND('',#440,.F.);
#440 = EDGE_LOOP('',(#441));
#441 = ORIENTED_EDGE('',*,*,#442,.T.);
#442 = EDGE_CURVE('',#443,#443,#445,.T.);
#443 = VERTEX_POINT('',#444);
#444 = CARTESIAN_POINT('',(153.836469,-108.04,0.));
#445 = CIRCLE('',#446,0.5);
#446 = AXIS2_PLACEMENT_3D('',#447,#448,#449);
#447 = CARTESIAN_POINT('',(153.836469,-107.54,0.));
#448 = DIRECTION('',(-0.,0.,-1.));
#449 = DIRECTION('',(-0.,-1.,0.));
#450 = FACE_BOUND('',#451,.F.);
#451 = EDGE_LOOP('',(#452));
#452 = ORIENTED_EDGE('',*,*,#453,.T.);
#453 = EDGE_CURVE('',#454,#454,#456,.T.);
#454 = VERTEX_POINT('',#455);
#455 = CARTESIAN_POINT('',(146.586469,-105.5,0.));
#456 = CIRCLE('',#457,0.5);
#457 = AXIS2_PLACEMENT_3D('',#458,#459,#460);
#458 = CARTESIAN_POINT('',(146.586469,-105.,0.));
#459 = DIRECTION('',(-0.,0.,-1.));
#460 = DIRECTION('',(-0.,-1.,0.));
#461 = FACE_BOUND('',#462,.F.);
#462 = EDGE_LOOP('',(#463));
#463 = ORIENTED_EDGE('',*,*,#464,.T.);
#464 = EDGE_CURVE('',#465,#465,#467,.T.);
#465 = VERTEX_POINT('',#466);
#466 = CARTESIAN_POINT('',(153.836469,-105.5,0.));
#467 = CIRCLE('',#468,0.5);
#468 = AXIS2_PLACEMENT_3D('',#469,#470,#471);
#469 = CARTESIAN_POINT('',(153.836469,-105.,0.));
#470 = DIRECTION('',(-0.,0.,-1.));
#471 = DIRECTION('',(-0.,-1.,0.));
#472 = FACE_BOUND('',#473,.F.);
#473 = EDGE_LOOP('',(#474));
#474 = ORIENTED_EDGE('',*,*,#475,.T.);
#475 = EDGE_CURVE('',#476,#476,#478,.T.);
#476 = VERTEX_POINT('',#477);
#477 = CARTESIAN_POINT('',(168.685369,-110.624556,0.));
#478 = CIRCLE('',#479,0.5);
#479 = AXIS2_PLACEMENT_3D('',#480,#481,#482);
#480 = CARTESIAN_POINT('',(168.685369,-110.124556,0.));
#481 = DIRECTION('',(-0.,0.,-1.));
#482 = DIRECTION('',(-0.,-1.,0.));
#483 = FACE_BOUND('',#484,.F.);
#484 = EDGE_LOOP('',(#485));
#485 = ORIENTED_EDGE('',*,*,#486,.T.);
#486 = EDGE_CURVE('',#487,#487,#489,.T.);
#487 = VERTEX_POINT('',#488);
#488 = CARTESIAN_POINT('',(171.225369,-110.624556,0.));
#489 = CIRCLE('',#490,0.5);
#490 = AXIS2_PLACEMENT_3D('',#491,#492,#493);
#491 = CARTESIAN_POINT('',(171.225369,-110.124556,0.));
#492 = DIRECTION('',(-0.,0.,-1.));
#493 = DIRECTION('',(-0.,-1.,0.));
#494 = FACE_BOUND('',#495,.F.);
#495 = EDGE_LOOP('',(#496));
#496 = ORIENTED_EDGE('',*,*,#497,.T.);
#497 = EDGE_CURVE('',#498,#498,#500,.T.);
#498 = VERTEX_POINT('',#499);
#499 = CARTESIAN_POINT('',(168.685369,-108.084556,0.));
#500 = CIRCLE('',#501,0.5);
#501 = AXIS2_PLACEMENT_3D('',#502,#503,#504);
#502 = CARTESIAN_POINT('',(168.685369,-107.584556,0.));
#503 = DIRECTION('',(-0.,0.,-1.));
#504 = DIRECTION('',(-0.,-1.,0.));
#505 = FACE_BOUND('',#506,.F.);
#506 = EDGE_LOOP('',(#507));
#507 = ORIENTED_EDGE('',*,*,#508,.T.);
#508 = EDGE_CURVE('',#509,#509,#511,.T.);
#509 = VERTEX_POINT('',#510);
#510 = CARTESIAN_POINT('',(171.225369,-108.084556,0.));
#511 = CIRCLE('',#512,0.5);
#512 = AXIS2_PLACEMENT_3D('',#513,#514,#515);
#513 = CARTESIAN_POINT('',(171.225369,-107.584556,0.));
#514 = DIRECTION('',(-0.,0.,-1.));
#515 = DIRECTION('',(-0.,-1.,0.));
#516 = FACE_BOUND('',#517,.F.);
#517 = EDGE_LOOP('',(#518));
#518 = ORIENTED_EDGE('',*,*,#519,.T.);
#519 = EDGE_CURVE('',#520,#520,#522,.T.);
#520 = VERTEX_POINT('',#521);
#521 = CARTESIAN_POINT('',(168.685369,-105.544556,0.));
#522 = CIRCLE('',#523,0.5);
#523 = AXIS2_PLACEMENT_3D('',#524,#525,#526);
#524 = CARTESIAN_POINT('',(168.685369,-105.044556,0.));
#525 = DIRECTION('',(-0.,0.,-1.));
#526 = DIRECTION('',(-0.,-1.,0.));
#527 = FACE_BOUND('',#528,.F.);
#528 = EDGE_LOOP('',(#529));
#529 = ORIENTED_EDGE('',*,*,#530,.T.);
#530 = EDGE_CURVE('',#531,#531,#533,.T.);
#531 = VERTEX_POINT('',#532);
#532 = CARTESIAN_POINT('',(171.225369,-105.544556,0.));
#533 = CIRCLE('',#534,0.5);
#534 = AXIS2_PLACEMENT_3D('',#535,#536,#537);
#535 = CARTESIAN_POINT('',(171.225369,-105.044556,0.));
#536 = DIRECTION('',(-0.,0.,-1.));
#537 = DIRECTION('',(-0.,-1.,0.));
#538 = FACE_BOUND('',#539,.F.);
#539 = EDGE_LOOP('',(#540));
#540 = ORIENTED_EDGE('',*,*,#541,.T.);
#541 = EDGE_CURVE('',#542,#542,#544,.T.);
#542 = VERTEX_POINT('',#543);
#543 = CARTESIAN_POINT('',(146.586469,-102.96,0.));
#544 = CIRCLE('',#545,0.5);
#545 = AXIS2_PLACEMENT_3D('',#546,#547,#548);
#546 = CARTESIAN_POINT('',(146.586469,-102.46,0.));
#547 = DIRECTION('',(-0.,0.,-1.));
#548 = DIRECTION('',(-0.,-1.,0.));
#549 = FACE_BOUND('',#550,.F.);
#550 = EDGE_LOOP('',(#551));
#551 = ORIENTED_EDGE('',*,*,#552,.T.);
#552 = EDGE_CURVE('',#553,#553,#555,.T.);
#553 = VERTEX_POINT('',#554);
#554 = CARTESIAN_POINT('',(153.836469,-102.96,0.));
#555 = CIRCLE('',#556,0.5);
#556 = AXIS2_PLACEMENT_3D('',#557,#558,#559);
#557 = CARTESIAN_POINT('',(153.836469,-102.46,0.));
#558 = DIRECTION('',(-0.,0.,-1.));
#559 = DIRECTION('',(-0.,-1.,0.));
#560 = FACE_BOUND('',#561,.F.);
#561 = EDGE_LOOP('',(#562));
#562 = ORIENTED_EDGE('',*,*,#563,.T.);
#563 = EDGE_CURVE('',#564,#564,#566,.T.);
#564 = VERTEX_POINT('',#565);
#565 = CARTESIAN_POINT('',(146.586469,-100.42,0.));
#566 = CIRCLE('',#567,0.5);
#567 = AXIS2_PLACEMENT_3D('',#568,#569,#570);
#568 = CARTESIAN_POINT('',(146.586469,-99.92,0.));
#569 = DIRECTION('',(-0.,0.,-1.));
#570 = DIRECTION('',(-0.,-1.,0.));
#571 = FACE_BOUND('',#572,.F.);
#572 = EDGE_LOOP('',(#573));
#573 = ORIENTED_EDGE('',*,*,#574,.T.);
#574 = EDGE_CURVE('',#575,#575,#577,.T.);
#575 = VERTEX_POINT('',#576);
#576 = CARTESIAN_POINT('',(153.836469,-100.42,0.));
#577 = CIRCLE('',#578,0.5);
#578 = AXIS2_PLACEMENT_3D('',#579,#580,#581);
#579 = CARTESIAN_POINT('',(153.836469,-99.92,0.));
#580 = DIRECTION('',(-0.,0.,-1.));
#581 = DIRECTION('',(-0.,-1.,0.));
#582 = FACE_BOUND('',#583,.F.);
#583 = EDGE_LOOP('',(#584));
#584 = ORIENTED_EDGE('',*,*,#585,.T.);
#585 = EDGE_CURVE('',#586,#586,#588,.T.);
#586 = VERTEX_POINT('',#587);
#587 = CARTESIAN_POINT('',(168.685369,-103.004556,0.));
#588 = CIRCLE('',#589,0.5);
#589 = AXIS2_PLACEMENT_3D('',#590,#591,#592);
#590 = CARTESIAN_POINT('',(168.685369,-102.504556,0.));
#591 = DIRECTION('',(-0.,0.,-1.));
#592 = DIRECTION('',(-0.,-1.,0.));
#593 = FACE_BOUND('',#594,.F.);
#594 = EDGE_LOOP('',(#595));
#595 = ORIENTED_EDGE('',*,*,#596,.T.);
#596 = EDGE_CURVE('',#597,#597,#599,.T.);
#597 = VERTEX_POINT('',#598);
#598 = CARTESIAN_POINT('',(171.225369,-103.004556,0.));
#599 = CIRCLE('',#600,0.5);
#600 = AXIS2_PLACEMENT_3D('',#601,#602,#603);
#601 = CARTESIAN_POINT('',(171.225369,-102.504556,0.));
#602 = DIRECTION('',(-0.,0.,-1.));
#603 = DIRECTION('',(-0.,-1.,0.));
#604 = FACE_BOUND('',#605,.F.);
#605 = EDGE_LOOP('',(#606));
#606 = ORIENTED_EDGE('',*,*,#607,.T.);
#607 = EDGE_CURVE('',#608,#608,#610,.T.);
#608 = VERTEX_POINT('',#609);
#609 = CARTESIAN_POINT('',(168.685369,-100.464556,0.));
#610 = CIRCLE('',#611,0.5);
#611 = AXIS2_PLACEMENT_3D('',#612,#613,#614);
#612 = CARTESIAN_POINT('',(168.685369,-99.964556,0.));
#613 = DIRECTION('',(-0.,0.,-1.));
#614 = DIRECTION('',(-0.,-1.,0.));
#615 = FACE_BOUND('',#616,.F.);
#616 = EDGE_LOOP('',(#617));
#617 = ORIENTED_EDGE('',*,*,#618,.T.);
#618 = EDGE_CURVE('',#619,#619,#621,.T.);
#619 = VERTEX_POINT('',#620);
#620 = CARTESIAN_POINT('',(171.225369,-100.464556,0.));
#621 = CIRCLE('',#622,0.5);
#622 = AXIS2_PLACEMENT_3D('',#623,#624,#625);
#623 = CARTESIAN_POINT('',(171.225369,-99.964556,0.));
#624 = DIRECTION('',(-0.,0.,-1.));
#625 = DIRECTION('',(-0.,-1.,0.));
#626 = FACE_BOUND('',#627,.F.);
#627 = EDGE_LOOP('',(#628));
#628 = ORIENTED_EDGE('',*,*,#629,.T.);
#629 = EDGE_CURVE('',#630,#630,#632,.T.);
#630 = VERTEX_POINT('',#631);
#631 = CARTESIAN_POINT('',(100.836469,-97.88,0.));
#632 = CIRCLE('',#633,0.5);
#633 = AXIS2_PLACEMENT_3D('',#634,#635,#636);
#634 = CARTESIAN_POINT('',(100.836469,-97.38,0.));
#635 = DIRECTION('',(-0.,0.,-1.));
#636 = DIRECTION('',(-0.,-1.,0.));
#637 = FACE_BOUND('',#638,.F.);
#638 = EDGE_LOOP('',(#639));
#639 = ORIENTED_EDGE('',*,*,#640,.T.);
#640 = EDGE_CURVE('',#641,#641,#643,.T.);
#641 = VERTEX_POINT('',#642);
#642 = CARTESIAN_POINT('',(108.086469,-97.88,0.));
#643 = CIRCLE('',#644,0.5);
#644 = AXIS2_PLACEMENT_3D('',#645,#646,#647);
#645 = CARTESIAN_POINT('',(108.086469,-97.38,0.));
#646 = DIRECTION('',(-0.,0.,-1.));
#647 = DIRECTION('',(-0.,-1.,0.));
#648 = FACE_BOUND('',#649,.F.);
#649 = EDGE_LOOP('',(#650));
#650 = ORIENTED_EDGE('',*,*,#651,.T.);
#651 = EDGE_CURVE('',#652,#652,#654,.T.);
#652 = VERTEX_POINT('',#653);
#653 = CARTESIAN_POINT('',(100.836469,-95.34,0.));
#654 = CIRCLE('',#655,0.5);
#655 = AXIS2_PLACEMENT_3D('',#656,#657,#658);
#656 = CARTESIAN_POINT('',(100.836469,-94.84,0.));
#657 = DIRECTION('',(-0.,0.,-1.));
#658 = DIRECTION('',(-0.,-1.,0.));
#659 = FACE_BOUND('',#660,.F.);
#660 = EDGE_LOOP('',(#661));
#661 = ORIENTED_EDGE('',*,*,#662,.T.);
#662 = EDGE_CURVE('',#663,#663,#665,.T.);
#663 = VERTEX_POINT('',#664);
#664 = CARTESIAN_POINT('',(108.086469,-95.34,0.));
#665 = CIRCLE('',#666,0.5);
#666 = AXIS2_PLACEMENT_3D('',#667,#668,#669);
#667 = CARTESIAN_POINT('',(108.086469,-94.84,0.));
#668 = DIRECTION('',(-0.,0.,-1.));
#669 = DIRECTION('',(-0.,-1.,0.));
#670 = FACE_BOUND('',#671,.F.);
#671 = EDGE_LOOP('',(#672));
#672 = ORIENTED_EDGE('',*,*,#673,.T.);
#673 = EDGE_CURVE('',#674,#674,#676,.T.);
#674 = VERTEX_POINT('',#675);
#675 = CARTESIAN_POINT('',(126.141369,-97.924556,0.));
#676 = CIRCLE('',#677,0.5);
#677 = AXIS2_PLACEMENT_3D('',#678,#679,#680);
#678 = CARTESIAN_POINT('',(126.141369,-97.424556,0.));
#679 = DIRECTION('',(-0.,0.,-1.));
#680 = DIRECTION('',(-0.,-1.,0.));
#681 = FACE_BOUND('',#682,.F.);
#682 = EDGE_LOOP('',(#683));
#683 = ORIENTED_EDGE('',*,*,#684,.T.);
#684 = EDGE_CURVE('',#685,#685,#687,.T.);
#685 = VERTEX_POINT('',#686);
#686 = CARTESIAN_POINT('',(128.681369,-97.924556,0.));
#687 = CIRCLE('',#688,0.5);
#688 = AXIS2_PLACEMENT_3D('',#689,#690,#691);
#689 = CARTESIAN_POINT('',(128.681369,-97.424556,0.));
#690 = DIRECTION('',(-0.,0.,-1.));
#691 = DIRECTION('',(-0.,-1.,0.));
#692 = FACE_BOUND('',#693,.F.);
#693 = EDGE_LOOP('',(#694));
#694 = ORIENTED_EDGE('',*,*,#695,.T.);
#695 = EDGE_CURVE('',#696,#696,#698,.T.);
#696 = VERTEX_POINT('',#697);
#697 = CARTESIAN_POINT('',(126.141369,-95.384556,0.));
#698 = CIRCLE('',#699,0.5);
#699 = AXIS2_PLACEMENT_3D('',#700,#701,#702);
#700 = CARTESIAN_POINT('',(126.141369,-94.884556,0.));
#701 = DIRECTION('',(-0.,0.,-1.));
#702 = DIRECTION('',(-0.,-1.,0.));
#703 = FACE_BOUND('',#704,.F.);
#704 = EDGE_LOOP('',(#705));
#705 = ORIENTED_EDGE('',*,*,#706,.T.);
#706 = EDGE_CURVE('',#707,#707,#709,.T.);
#707 = VERTEX_POINT('',#708);
#708 = CARTESIAN_POINT('',(128.681369,-95.384556,0.));
#709 = CIRCLE('',#710,0.5);
#710 = AXIS2_PLACEMENT_3D('',#711,#712,#713);
#711 = CARTESIAN_POINT('',(128.681369,-94.884556,0.));
#712 = DIRECTION('',(-0.,0.,-1.));
#713 = DIRECTION('',(-0.,-1.,0.));
#714 = FACE_BOUND('',#715,.F.);
#715 = EDGE_LOOP('',(#716));
#716 = ORIENTED_EDGE('',*,*,#717,.T.);
#717 = EDGE_CURVE('',#718,#718,#720,.T.);
#718 = VERTEX_POINT('',#719);
#719 = CARTESIAN_POINT('',(100.836469,-92.8,0.));
#720 = CIRCLE('',#721,0.5);
#721 = AXIS2_PLACEMENT_3D('',#722,#723,#724);
#722 = CARTESIAN_POINT('',(100.836469,-92.3,0.));
#723 = DIRECTION('',(-0.,0.,-1.));
#724 = DIRECTION('',(-0.,-1.,0.));
#725 = FACE_BOUND('',#726,.F.);
#726 = EDGE_LOOP('',(#727));
#727 = ORIENTED_EDGE('',*,*,#728,.T.);
#728 = EDGE_CURVE('',#729,#729,#731,.T.);
#729 = VERTEX_POINT('',#730);
#730 = CARTESIAN_POINT('',(108.086469,-92.8,0.));
#731 = CIRCLE('',#732,0.5);
#732 = AXIS2_PLACEMENT_3D('',#733,#734,#735);
#733 = CARTESIAN_POINT('',(108.086469,-92.3,0.));
#734 = DIRECTION('',(-0.,0.,-1.));
#735 = DIRECTION('',(-0.,-1.,0.));
#736 = FACE_BOUND('',#737,.F.);
#737 = EDGE_LOOP('',(#738));
#738 = ORIENTED_EDGE('',*,*,#739,.T.);
#739 = EDGE_CURVE('',#740,#740,#742,.T.);
#740 = VERTEX_POINT('',#741);
#741 = CARTESIAN_POINT('',(100.836469,-90.26,0.));
#742 = CIRCLE('',#743,0.5);
#743 = AXIS2_PLACEMENT_3D('',#744,#745,#746);
#744 = CARTESIAN_POINT('',(100.836469,-89.76,0.));
#745 = DIRECTION('',(-0.,0.,-1.));
#746 = DIRECTION('',(-0.,-1.,0.));
#747 = FACE_BOUND('',#748,.F.);
#748 = EDGE_LOOP('',(#749));
#749 = ORIENTED_EDGE('',*,*,#750,.T.);
#750 = EDGE_CURVE('',#751,#751,#753,.T.);
#751 = VERTEX_POINT('',#752);
#752 = CARTESIAN_POINT('',(108.086469,-90.26,0.));
#753 = CIRCLE('',#754,0.5);
#754 = AXIS2_PLACEMENT_3D('',#755,#756,#757);
#755 = CARTESIAN_POINT('',(108.086469,-89.76,0.));
#756 = DIRECTION('',(-0.,0.,-1.));
#757 = DIRECTION('',(-0.,-1.,0.));
#758 = FACE_BOUND('',#759,.F.);
#759 = EDGE_LOOP('',(#760));
#760 = ORIENTED_EDGE('',*,*,#761,.T.);
#761 = EDGE_CURVE('',#762,#762,#764,.T.);
#762 = VERTEX_POINT('',#763);
#763 = CARTESIAN_POINT('',(100.836469,-87.72,0.));
#764 = CIRCLE('',#765,0.5);
#765 = AXIS2_PLACEMENT_3D('',#766,#767,#768);
#766 = CARTESIAN_POINT('',(100.836469,-87.22,0.));
#767 = DIRECTION('',(-0.,0.,-1.));
#768 = DIRECTION('',(-0.,-1.,0.));
#769 = FACE_BOUND('',#770,.F.);
#770 = EDGE_LOOP('',(#771));
#771 = ORIENTED_EDGE('',*,*,#772,.T.);
#772 = EDGE_CURVE('',#773,#773,#775,.T.);
#773 = VERTEX_POINT('',#774);
#774 = CARTESIAN_POINT('',(108.086469,-87.72,0.));
#775 = CIRCLE('',#776,0.5);
#776 = AXIS2_PLACEMENT_3D('',#777,#778,#779);
#777 = CARTESIAN_POINT('',(108.086469,-87.22,0.));
#778 = DIRECTION('',(-0.,0.,-1.));
#779 = DIRECTION('',(-0.,-1.,0.));
#780 = FACE_BOUND('',#781,.F.);
#781 = EDGE_LOOP('',(#782));
#782 = ORIENTED_EDGE('',*,*,#783,.T.);
#783 = EDGE_CURVE('',#784,#784,#786,.T.);
#784 = VERTEX_POINT('',#785);
#785 = CARTESIAN_POINT('',(126.141369,-92.844556,0.));
#786 = CIRCLE('',#787,0.5);
#787 = AXIS2_PLACEMENT_3D('',#788,#789,#790);
#788 = CARTESIAN_POINT('',(126.141369,-92.344556,0.));
#789 = DIRECTION('',(-0.,0.,-1.));
#790 = DIRECTION('',(-0.,-1.,0.));
#791 = FACE_BOUND('',#792,.F.);
#792 = EDGE_LOOP('',(#793));
#793 = ORIENTED_EDGE('',*,*,#794,.T.);
#794 = EDGE_CURVE('',#795,#795,#797,.T.);
#795 = VERTEX_POINT('',#796);
#796 = CARTESIAN_POINT('',(126.141369,-90.304556,0.));
#797 = CIRCLE('',#798,0.5);
#798 = AXIS2_PLACEMENT_3D('',#799,#800,#801);
#799 = CARTESIAN_POINT('',(126.141369,-89.804556,0.));
#800 = DIRECTION('',(-0.,0.,-1.));
#801 = DIRECTION('',(-0.,-1.,0.));
#802 = FACE_BOUND('',#803,.F.);
#803 = EDGE_LOOP('',(#804));
#804 = ORIENTED_EDGE('',*,*,#805,.T.);
#805 = EDGE_CURVE('',#806,#806,#808,.T.);
#806 = VERTEX_POINT('',#807);
#807 = CARTESIAN_POINT('',(128.681369,-92.844556,0.));
#808 = CIRCLE('',#809,0.5);
#809 = AXIS2_PLACEMENT_3D('',#810,#811,#812);
#810 = CARTESIAN_POINT('',(128.681369,-92.344556,0.));
#811 = DIRECTION('',(-0.,0.,-1.));
#812 = DIRECTION('',(-0.,-1.,0.));
#813 = FACE_BOUND('',#814,.F.);
#814 = EDGE_LOOP('',(#815));
#815 = ORIENTED_EDGE('',*,*,#816,.T.);
#816 = EDGE_CURVE('',#817,#817,#819,.T.);
#817 = VERTEX_POINT('',#818);
#818 = CARTESIAN_POINT('',(128.681369,-90.304556,0.));
#819 = CIRCLE('',#820,0.5);
#820 = AXIS2_PLACEMENT_3D('',#821,#822,#823);
#821 = CARTESIAN_POINT('',(128.681369,-89.804556,0.));
#822 = DIRECTION('',(-0.,0.,-1.));
#823 = DIRECTION('',(-0.,-1.,0.));
#824 = FACE_BOUND('',#825,.F.);
#825 = EDGE_LOOP('',(#826));
#826 = ORIENTED_EDGE('',*,*,#827,.T.);
#827 = EDGE_CURVE('',#828,#828,#830,.T.);
#828 = VERTEX_POINT('',#829);
#829 = CARTESIAN_POINT('',(126.141369,-87.764556,0.));
#830 = CIRCLE('',#831,0.5);
#831 = AXIS2_PLACEMENT_3D('',#832,#833,#834);
#832 = CARTESIAN_POINT('',(126.141369,-87.264556,0.));
#833 = DIRECTION('',(-0.,0.,-1.));
#834 = DIRECTION('',(-0.,-1.,0.));
#835 = FACE_BOUND('',#836,.F.);
#836 = EDGE_LOOP('',(#837));
#837 = ORIENTED_EDGE('',*,*,#838,.T.);
#838 = EDGE_CURVE('',#839,#839,#841,.T.);
#839 = VERTEX_POINT('',#840);
#840 = CARTESIAN_POINT('',(128.681369,-87.764556,0.));
#841 = CIRCLE('',#842,0.5);
#842 = AXIS2_PLACEMENT_3D('',#843,#844,#845);
#843 = CARTESIAN_POINT('',(128.681369,-87.264556,0.));
#844 = DIRECTION('',(-0.,0.,-1.));
#845 = DIRECTION('',(-0.,-1.,0.));
#846 = FACE_BOUND('',#847,.F.);
#847 = EDGE_LOOP('',(#848));
#848 = ORIENTED_EDGE('',*,*,#849,.T.);
#849 = EDGE_CURVE('',#850,#850,#852,.T.);
#850 = VERTEX_POINT('',#851);
#851 = CARTESIAN_POINT('',(146.586469,-97.88,0.));
#852 = CIRCLE('',#853,0.5);
#853 = AXIS2_PLACEMENT_3D('',#854,#855,#856);
#854 = CARTESIAN_POINT('',(146.586469,-97.38,0.));
#855 = DIRECTION('',(-0.,0.,-1.));
#856 = DIRECTION('',(-0.,-1.,0.));
#857 = FACE_BOUND('',#858,.F.);
#858 = EDGE_LOOP('',(#859));
#859 = ORIENTED_EDGE('',*,*,#860,.T.);
#860 = EDGE_CURVE('',#861,#861,#863,.T.);
#861 = VERTEX_POINT('',#862);
#862 = CARTESIAN_POINT('',(153.836469,-97.88,0.));
#863 = CIRCLE('',#864,0.5);
#864 = AXIS2_PLACEMENT_3D('',#865,#866,#867);
#865 = CARTESIAN_POINT('',(153.836469,-97.38,0.));
#866 = DIRECTION('',(-0.,0.,-1.));
#867 = DIRECTION('',(-0.,-1.,0.));
#868 = FACE_BOUND('',#869,.F.);
#869 = EDGE_LOOP('',(#870));
#870 = ORIENTED_EDGE('',*,*,#871,.T.);
#871 = EDGE_CURVE('',#872,#872,#874,.T.);
#872 = VERTEX_POINT('',#873);
#873 = CARTESIAN_POINT('',(146.586469,-95.34,0.));
#874 = CIRCLE('',#875,0.5);
#875 = AXIS2_PLACEMENT_3D('',#876,#877,#878);
#876 = CARTESIAN_POINT('',(146.586469,-94.84,0.));
#877 = DIRECTION('',(-0.,0.,-1.));
#878 = DIRECTION('',(-0.,-1.,0.));
#879 = FACE_BOUND('',#880,.F.);
#880 = EDGE_LOOP('',(#881));
#881 = ORIENTED_EDGE('',*,*,#882,.T.);
#882 = EDGE_CURVE('',#883,#883,#885,.T.);
#883 = VERTEX_POINT('',#884);
#884 = CARTESIAN_POINT('',(153.836469,-95.34,0.));
#885 = CIRCLE('',#886,0.5);
#886 = AXIS2_PLACEMENT_3D('',#887,#888,#889);
#887 = CARTESIAN_POINT('',(153.836469,-94.84,0.));
#888 = DIRECTION('',(-0.,0.,-1.));
#889 = DIRECTION('',(-0.,-1.,0.));
#890 = FACE_BOUND('',#891,.F.);
#891 = EDGE_LOOP('',(#892));
#892 = ORIENTED_EDGE('',*,*,#893,.T.);
#893 = EDGE_CURVE('',#894,#894,#896,.T.);
#894 = VERTEX_POINT('',#895);
#895 = CARTESIAN_POINT('',(168.685369,-97.924556,0.));
#896 = CIRCLE('',#897,0.5);
#897 = AXIS2_PLACEMENT_3D('',#898,#899,#900);
#898 = CARTESIAN_POINT('',(168.685369,-97.424556,0.));
#899 = DIRECTION('',(-0.,0.,-1.));
#900 = DIRECTION('',(-0.,-1.,0.));
#901 = FACE_BOUND('',#902,.F.);
#902 = EDGE_LOOP('',(#903));
#903 = ORIENTED_EDGE('',*,*,#904,.T.);
#904 = EDGE_CURVE('',#905,#905,#907,.T.);
#905 = VERTEX_POINT('',#906);
#906 = CARTESIAN_POINT('',(171.225369,-97.924556,0.));
#907 = CIRCLE('',#908,0.5);
#908 = AXIS2_PLACEMENT_3D('',#909,#910,#911);
#909 = CARTESIAN_POINT('',(171.225369,-97.424556,0.));
#910 = DIRECTION('',(-0.,0.,-1.));
#911 = DIRECTION('',(-0.,-1.,0.));
#912 = FACE_BOUND('',#913,.F.);
#913 = EDGE_LOOP('',(#914));
#914 = ORIENTED_EDGE('',*,*,#915,.T.);
#915 = EDGE_CURVE('',#916,#916,#918,.T.);
#916 = VERTEX_POINT('',#917);
#917 = CARTESIAN_POINT('',(168.685369,-95.384556,0.));
#918 = CIRCLE('',#919,0.5);
#919 = AXIS2_PLACEMENT_3D('',#920,#921,#922);
#920 = CARTESIAN_POINT('',(168.685369,-94.884556,0.));
#921 = DIRECTION('',(-0.,0.,-1.));
#922 = DIRECTION('',(-0.,-1.,0.));
#923 = FACE_BOUND('',#924,.F.);
#924 = EDGE_LOOP('',(#925));
#925 = ORIENTED_EDGE('',*,*,#926,.T.);
#926 = EDGE_CURVE('',#927,#927,#929,.T.);
#927 = VERTEX_POINT('',#928);
#928 = CARTESIAN_POINT('',(171.225369,-95.384556,0.));
#929 = CIRCLE('',#930,0.5);
#930 = AXIS2_PLACEMENT_3D('',#931,#932,#933);
#931 = CARTESIAN_POINT('',(171.225369,-94.884556,0.));
#932 = DIRECTION('',(-0.,0.,-1.));
#933 = DIRECTION('',(-0.,-1.,0.));
#934 = FACE_BOUND('',#935,.F.);
#935 = EDGE_LOOP('',(#936));
#936 = ORIENTED_EDGE('',*,*,#937,.T.);
#937 = EDGE_CURVE('',#938,#938,#940,.T.);
#938 = VERTEX_POINT('',#939);
#939 = CARTESIAN_POINT('',(146.586469,-92.8,0.));
#940 = CIRCLE('',#941,0.5);
#941 = AXIS2_PLACEMENT_3D('',#942,#943,#944);
#942 = CARTESIAN_POINT('',(146.586469,-92.3,0.));
#943 = DIRECTION('',(-0.,0.,-1.));
#944 = DIRECTION('',(-0.,-1.,0.));
#945 = FACE_BOUND('',#946,.F.);
#946 = EDGE_LOOP('',(#947));
#947 = ORIENTED_EDGE('',*,*,#948,.T.);
#948 = EDGE_CURVE('',#949,#949,#951,.T.);
#949 = VERTEX_POINT('',#950);
#950 = CARTESIAN_POINT('',(153.836469,-92.8,0.));
#951 = CIRCLE('',#952,0.5);
#952 = AXIS2_PLACEMENT_3D('',#953,#954,#955);
#953 = CARTESIAN_POINT('',(153.836469,-92.3,0.));
#954 = DIRECTION('',(-0.,0.,-1.));
#955 = DIRECTION('',(-0.,-1.,0.));
#956 = FACE_BOUND('',#957,.F.);
#957 = EDGE_LOOP('',(#958));
#958 = ORIENTED_EDGE('',*,*,#959,.T.);
#959 = EDGE_CURVE('',#960,#960,#962,.T.);
#960 = VERTEX_POINT('',#961);
#961 = CARTESIAN_POINT('',(146.586469,-90.26,0.));
#962 = CIRCLE('',#963,0.5);
#963 = AXIS2_PLACEMENT_3D('',#964,#965,#966);
#964 = CARTESIAN_POINT('',(146.586469,-89.76,0.));
#965 = DIRECTION('',(-0.,0.,-1.));
#966 = DIRECTION('',(-0.,-1.,0.));
#967 = FACE_BOUND('',#968,.F.);
#968 = EDGE_LOOP('',(#969));
#969 = ORIENTED_EDGE('',*,*,#970,.T.);
#970 = EDGE_CURVE('',#971,#971,#973,.T.);
#971 = VERTEX_POINT('',#972);
#972 = CARTESIAN_POINT('',(153.836469,-90.26,0.));
#973 = CIRCLE('',#974,0.5);
#974 = AXIS2_PLACEMENT_3D('',#975,#976,#977);
#975 = CARTESIAN_POINT('',(153.836469,-89.76,0.));
#976 = DIRECTION('',(-0.,0.,-1.));
#977 = DIRECTION('',(-0.,-1.,0.));
#978 = FACE_BOUND('',#979,.F.);
#979 = EDGE_LOOP('',(#980));
#980 = ORIENTED_EDGE('',*,*,#981,.T.);
#981 = EDGE_CURVE('',#982,#982,#984,.T.);
#982 = VERTEX_POINT('',#983);
#983 = CARTESIAN_POINT('',(146.586469,-87.72,0.));
#984 = CIRCLE('',#985,0.5);
#985 = AXIS2_PLACEMENT_3D('',#986,#987,#988);
#986 = CARTESIAN_POINT('',(146.586469,-87.22,0.));
#987 = DIRECTION('',(-0.,0.,-1.));
#988 = DIRECTION('',(-0.,-1.,0.));
#989 = FACE_BOUND('',#990,.F.);
#990 = EDGE_LOOP('',(#991));
#991 = ORIENTED_EDGE('',*,*,#992,.T.);
#992 = EDGE_CURVE('',#993,#993,#995,.T.);
#993 = VERTEX_POINT('',#994);
#994 = CARTESIAN_POINT('',(153.836469,-87.72,0.));
#995 = CIRCLE('',#996,0.5);
#996 = AXIS2_PLACEMENT_3D('',#997,#998,#999);
#997 = CARTESIAN_POINT('',(153.836469,-87.22,0.));
#998 = DIRECTION('',(-0.,0.,-1.));
#999 = DIRECTION('',(-0.,-1.,0.));
#1000 = FACE_BOUND('',#1001,.F.);
#1001 = EDGE_LOOP('',(#1002));
#1002 = ORIENTED_EDGE('',*,*,#1003,.T.);
#1003 = EDGE_CURVE('',#1004,#1004,#1006,.T.);
#1004 = VERTEX_POINT('',#1005);
#1005 = CARTESIAN_POINT('',(168.685369,-92.844556,0.));
#1006 = CIRCLE('',#1007,0.5);
#1007 = AXIS2_PLACEMENT_3D('',#1008,#1009,#1010);
#1008 = CARTESIAN_POINT('',(168.685369,-92.344556,0.));
#1009 = DIRECTION('',(-0.,0.,-1.));
#1010 = DIRECTION('',(-0.,-1.,0.));
#1011 = FACE_BOUND('',#1012,.F.);
#1012 = EDGE_LOOP('',(#1013));
#1013 = ORIENTED_EDGE('',*,*,#1014,.T.);
#1014 = EDGE_CURVE('',#1015,#1015,#1017,.T.);
#1015 = VERTEX_POINT('',#1016);
#1016 = CARTESIAN_POINT('',(171.225369,-92.844556,0.));
#1017 = CIRCLE('',#1018,0.5);
#1018 = AXIS2_PLACEMENT_3D('',#1019,#1020,#1021);
#1019 = CARTESIAN_POINT('',(171.225369,-92.344556,0.));
#1020 = DIRECTION('',(-0.,0.,-1.));
#1021 = DIRECTION('',(-0.,-1.,0.));
#1022 = FACE_BOUND('',#1023,.F.);
#1023 = EDGE_LOOP('',(#1024));
#1024 = ORIENTED_EDGE('',*,*,#1025,.T.);
#1025 = EDGE_CURVE('',#1026,#1026,#1028,.T.);
#1026 = VERTEX_POINT('',#1027);
#1027 = CARTESIAN_POINT('',(168.685369,-90.304556,0.));
#1028 = CIRCLE('',#1029,0.5);
#1029 = AXIS2_PLACEMENT_3D('',#1030,#1031,#1032);
#1030 = CARTESIAN_POINT('',(168.685369,-89.804556,0.));
#1031 = DIRECTION('',(-0.,0.,-1.));
#1032 = DIRECTION('',(-0.,-1.,0.));
#1033 = FACE_BOUND('',#1034,.F.);
#1034 = EDGE_LOOP('',(#1035));
#1035 = ORIENTED_EDGE('',*,*,#1036,.T.);
#1036 = EDGE_CURVE('',#1037,#1037,#1039,.T.);
#1037 = VERTEX_POINT('',#1038);
#1038 = CARTESIAN_POINT('',(171.225369,-90.304556,0.));
#1039 = CIRCLE('',#1040,0.5);
#1040 = AXIS2_PLACEMENT_3D('',#1041,#1042,#1043);
#1041 = CARTESIAN_POINT('',(171.225369,-89.804556,0.));
#1042 = DIRECTION('',(-0.,0.,-1.));
#1043 = DIRECTION('',(-0.,-1.,0.));
#1044 = FACE_BOUND('',#1045,.F.);
#1045 = EDGE_LOOP('',(#1046));
#1046 = ORIENTED_EDGE('',*,*,#1047,.T.);
#1047 = EDGE_CURVE('',#1048,#1048,#1050,.T.);
#1048 = VERTEX_POINT('',#1049);
#1049 = CARTESIAN_POINT('',(168.685369,-87.764556,0.));
#1050 = CIRCLE('',#1051,0.5);
#1051 = AXIS2_PLACEMENT_3D('',#1052,#1053,#1054);
#1052 = CARTESIAN_POINT('',(168.685369,-87.264556,0.));
#1053 = DIRECTION('',(-0.,0.,-1.));
#1054 = DIRECTION('',(-0.,-1.,0.));
#1055 = FACE_BOUND('',#1056,.F.);
#1056 = EDGE_LOOP('',(#1057));
#1057 = ORIENTED_EDGE('',*,*,#1058,.T.);
#1058 = EDGE_CURVE('',#1059,#1059,#1061,.T.);
#1059 = VERTEX_POINT('',#1060);
#1060 = CARTESIAN_POINT('',(171.225369,-87.764556,0.));
#1061 = CIRCLE('',#1062,0.5);
#1062 = AXIS2_PLACEMENT_3D('',#1063,#1064,#1065);
#1063 = CARTESIAN_POINT('',(171.225369,-87.264556,0.));
#1064 = DIRECTION('',(-0.,0.,-1.));
#1065 = DIRECTION('',(-0.,-1.,0.));
#1066 = PLANE('',#1067);
#1067 = AXIS2_PLACEMENT_3D('',#1068,#1069,#1070);
#1068 = CARTESIAN_POINT('',(0.,0.,0.));
#1069 = DIRECTION('',(0.,0.,1.));
#1070 = DIRECTION('',(1.,0.,-0.));
#1071 = ADVANCED_FACE('',(#1072,#1118,#1129,#1140,#1151,#1162,#1173,
    #1184,#1195,#1206,#1217,#1228,#1239,#1250,#1261,#1272,#1283,#1294,
    #1305,#1316,#1327,#1338,#1349,#1360,#1371,#1382,#1393,#1404,#1415,
    #1426,#1437,#1448,#1459,#1470,#1481,#1492,#1503,#1514,#1525,#1536,
    #1547,#1558,#1569,#1580,#1591,#1602,#1613,#1624,#1635,#1646,#1657,
    #1668,#1679,#1690,#1701,#1712,#1723,#1734,#1745,#1756,#1767,#1778,
    #1789,#1800,#1811,#1822,#1833,#1844,#1855,#1866,#1877,#1888,#1899,
    #1910,#1921,#1932,#1943,#1954,#1965,#1976,#1987),#1998,.T.);
#1072 = FACE_BOUND('',#1073,.T.);
#1073 = EDGE_LOOP('',(#1074,#1075,#1076,#1085,#1093,#1102,#1110,#1117));
#1074 = ORIENTED_EDGE('',*,*,#49,.F.);
#1075 = ORIENTED_EDGE('',*,*,#91,.F.);
#1076 = ORIENTED_EDGE('',*,*,#1077,.F.);
#1077 = EDGE_CURVE('',#1078,#84,#1080,.T.);
#1078 = VERTEX_POINT('',#1079);
#1079 = CARTESIAN_POINT('',(89.138927,-80.999798,1.51));
#1080 = CIRCLE('',#1081,0.999999252925);
#1081 = AXIS2_PLACEMENT_3D('',#1082,#1083,#1084);
#1082 = CARTESIAN_POINT('',(90.138926252925,-80.99979725292,1.51));
#1083 = DIRECTION('',(0.,0.,-1.));
#1084 = DIRECTION('',(-1.,-7.47075720743E-07,-0.));
#1085 = ORIENTED_EDGE('',*,*,#1086,.F.);
#1086 = EDGE_CURVE('',#1087,#1078,#1089,.T.);
#1087 = VERTEX_POINT('',#1088);
#1088 = CARTESIAN_POINT('',(89.138927,-113.999798,1.51));
#1089 = LINE('',#1090,#1091);
#1090 = CARTESIAN_POINT('',(89.138927,-113.999798,1.51));
#1091 = VECTOR('',#1092,1.);
#1092 = DIRECTION('',(0.,1.,0.));
#1093 = ORIENTED_EDGE('',*,*,#1094,.F.);
#1094 = EDGE_CURVE('',#1095,#1087,#1097,.T.);
#1095 = VERTEX_POINT('',#1096);
#1096 = CARTESIAN_POINT('',(90.138927,-114.999798,1.51));
#1097 = CIRCLE('',#1098,0.999999252925);
#1098 = AXIS2_PLACEMENT_3D('',#1099,#1100,#1101);
#1099 = CARTESIAN_POINT('',(90.138926252925,-113.999798747,1.51));
#1100 = DIRECTION('',(0.,0.,-1.));
#1101 = DIRECTION('',(7.470757491648E-07,-1.,0.));
#1102 = ORIENTED_EDGE('',*,*,#1103,.F.);
#1103 = EDGE_CURVE('',#1104,#1095,#1106,.T.);
#1104 = VERTEX_POINT('',#1105);
#1105 = CARTESIAN_POINT('',(178.138927,-114.999798,1.51));
#1106 = LINE('',#1107,#1108);
#1107 = CARTESIAN_POINT('',(178.138927,-114.999798,1.51));
#1108 = VECTOR('',#1109,1.);
#1109 = DIRECTION('',(-1.,0.,0.));
#1110 = ORIENTED_EDGE('',*,*,#1111,.F.);
#1111 = EDGE_CURVE('',#114,#1104,#1112,.T.);
#1112 = CIRCLE('',#1113,0.999999252925);
#1113 = AXIS2_PLACEMENT_3D('',#1114,#1115,#1116);
#1114 = CARTESIAN_POINT('',(178.13892774707,-113.999798747,1.51));
#1115 = DIRECTION('',(0.,0.,-1.));
#1116 = DIRECTION('',(1.,7.470757633756E-07,0.));
#1117 = ORIENTED_EDGE('',*,*,#113,.F.);
#1118 = FACE_BOUND('',#1119,.T.);
#1119 = EDGE_LOOP('',(#1120));
#1120 = ORIENTED_EDGE('',*,*,#1121,.T.);
#1121 = EDGE_CURVE('',#1122,#1122,#1124,.T.);
#1122 = VERTEX_POINT('',#1123);
#1123 = CARTESIAN_POINT('',(100.836469,-110.58,1.51));
#1124 = CIRCLE('',#1125,0.5);
#1125 = AXIS2_PLACEMENT_3D('',#1126,#1127,#1128);
#1126 = CARTESIAN_POINT('',(100.836469,-110.08,1.51));
#1127 = DIRECTION('',(-0.,0.,-1.));
#1128 = DIRECTION('',(-0.,-1.,0.));
#1129 = FACE_BOUND('',#1130,.T.);
#1130 = EDGE_LOOP('',(#1131));
#1131 = ORIENTED_EDGE('',*,*,#1132,.T.);
#1132 = EDGE_CURVE('',#1133,#1133,#1135,.T.);
#1133 = VERTEX_POINT('',#1134);
#1134 = CARTESIAN_POINT('',(108.086469,-110.58,1.51));
#1135 = CIRCLE('',#1136,0.5);
#1136 = AXIS2_PLACEMENT_3D('',#1137,#1138,#1139);
#1137 = CARTESIAN_POINT('',(108.086469,-110.08,1.51));
#1138 = DIRECTION('',(-0.,0.,-1.));
#1139 = DIRECTION('',(-0.,-1.,0.));
#1140 = FACE_BOUND('',#1141,.T.);
#1141 = EDGE_LOOP('',(#1142));
#1142 = ORIENTED_EDGE('',*,*,#1143,.T.);
#1143 = EDGE_CURVE('',#1144,#1144,#1146,.T.);
#1144 = VERTEX_POINT('',#1145);
#1145 = CARTESIAN_POINT('',(100.836469,-108.04,1.51));
#1146 = CIRCLE('',#1147,0.5);
#1147 = AXIS2_PLACEMENT_3D('',#1148,#1149,#1150);
#1148 = CARTESIAN_POINT('',(100.836469,-107.54,1.51));
#1149 = DIRECTION('',(-0.,0.,-1.));
#1150 = DIRECTION('',(-0.,-1.,0.));
#1151 = FACE_BOUND('',#1152,.T.);
#1152 = EDGE_LOOP('',(#1153));
#1153 = ORIENTED_EDGE('',*,*,#1154,.T.);
#1154 = EDGE_CURVE('',#1155,#1155,#1157,.T.);
#1155 = VERTEX_POINT('',#1156);
#1156 = CARTESIAN_POINT('',(108.086469,-108.04,1.51));
#1157 = CIRCLE('',#1158,0.5);
#1158 = AXIS2_PLACEMENT_3D('',#1159,#1160,#1161);
#1159 = CARTESIAN_POINT('',(108.086469,-107.54,1.51));
#1160 = DIRECTION('',(-0.,0.,-1.));
#1161 = DIRECTION('',(-0.,-1.,0.));
#1162 = FACE_BOUND('',#1163,.T.);
#1163 = EDGE_LOOP('',(#1164));
#1164 = ORIENTED_EDGE('',*,*,#1165,.T.);
#1165 = EDGE_CURVE('',#1166,#1166,#1168,.T.);
#1166 = VERTEX_POINT('',#1167);
#1167 = CARTESIAN_POINT('',(100.836469,-105.5,1.51));
#1168 = CIRCLE('',#1169,0.5);
#1169 = AXIS2_PLACEMENT_3D('',#1170,#1171,#1172);
#1170 = CARTESIAN_POINT('',(100.836469,-105.,1.51));
#1171 = DIRECTION('',(-0.,0.,-1.));
#1172 = DIRECTION('',(-0.,-1.,0.));
#1173 = FACE_BOUND('',#1174,.T.);
#1174 = EDGE_LOOP('',(#1175));
#1175 = ORIENTED_EDGE('',*,*,#1176,.T.);
#1176 = EDGE_CURVE('',#1177,#1177,#1179,.T.);
#1177 = VERTEX_POINT('',#1178);
#1178 = CARTESIAN_POINT('',(108.086469,-105.5,1.51));
#1179 = CIRCLE('',#1180,0.5);
#1180 = AXIS2_PLACEMENT_3D('',#1181,#1182,#1183);
#1181 = CARTESIAN_POINT('',(108.086469,-105.,1.51));
#1182 = DIRECTION('',(-0.,0.,-1.));
#1183 = DIRECTION('',(-0.,-1.,0.));
#1184 = FACE_BOUND('',#1185,.T.);
#1185 = EDGE_LOOP('',(#1186));
#1186 = ORIENTED_EDGE('',*,*,#1187,.T.);
#1187 = EDGE_CURVE('',#1188,#1188,#1190,.T.);
#1188 = VERTEX_POINT('',#1189);
#1189 = CARTESIAN_POINT('',(126.141369,-110.624556,1.51));
#1190 = CIRCLE('',#1191,0.5);
#1191 = AXIS2_PLACEMENT_3D('',#1192,#1193,#1194);
#1192 = CARTESIAN_POINT('',(126.141369,-110.124556,1.51));
#1193 = DIRECTION('',(-0.,0.,-1.));
#1194 = DIRECTION('',(-0.,-1.,0.));
#1195 = FACE_BOUND('',#1196,.T.);
#1196 = EDGE_LOOP('',(#1197));
#1197 = ORIENTED_EDGE('',*,*,#1198,.T.);
#1198 = EDGE_CURVE('',#1199,#1199,#1201,.T.);
#1199 = VERTEX_POINT('',#1200);
#1200 = CARTESIAN_POINT('',(128.681369,-110.624556,1.51));
#1201 = CIRCLE('',#1202,0.5);
#1202 = AXIS2_PLACEMENT_3D('',#1203,#1204,#1205);
#1203 = CARTESIAN_POINT('',(128.681369,-110.124556,1.51));
#1204 = DIRECTION('',(-0.,0.,-1.));
#1205 = DIRECTION('',(-0.,-1.,0.));
#1206 = FACE_BOUND('',#1207,.T.);
#1207 = EDGE_LOOP('',(#1208));
#1208 = ORIENTED_EDGE('',*,*,#1209,.T.);
#1209 = EDGE_CURVE('',#1210,#1210,#1212,.T.);
#1210 = VERTEX_POINT('',#1211);
#1211 = CARTESIAN_POINT('',(126.141369,-108.084556,1.51));
#1212 = CIRCLE('',#1213,0.5);
#1213 = AXIS2_PLACEMENT_3D('',#1214,#1215,#1216);
#1214 = CARTESIAN_POINT('',(126.141369,-107.584556,1.51));
#1215 = DIRECTION('',(-0.,0.,-1.));
#1216 = DIRECTION('',(-0.,-1.,0.));
#1217 = FACE_BOUND('',#1218,.T.);
#1218 = EDGE_LOOP('',(#1219));
#1219 = ORIENTED_EDGE('',*,*,#1220,.T.);
#1220 = EDGE_CURVE('',#1221,#1221,#1223,.T.);
#1221 = VERTEX_POINT('',#1222);
#1222 = CARTESIAN_POINT('',(126.141369,-105.544556,1.51));
#1223 = CIRCLE('',#1224,0.5);
#1224 = AXIS2_PLACEMENT_3D('',#1225,#1226,#1227);
#1225 = CARTESIAN_POINT('',(126.141369,-105.044556,1.51));
#1226 = DIRECTION('',(-0.,0.,-1.));
#1227 = DIRECTION('',(-0.,-1.,0.));
#1228 = FACE_BOUND('',#1229,.T.);
#1229 = EDGE_LOOP('',(#1230));
#1230 = ORIENTED_EDGE('',*,*,#1231,.T.);
#1231 = EDGE_CURVE('',#1232,#1232,#1234,.T.);
#1232 = VERTEX_POINT('',#1233);
#1233 = CARTESIAN_POINT('',(128.681369,-108.084556,1.51));
#1234 = CIRCLE('',#1235,0.5);
#1235 = AXIS2_PLACEMENT_3D('',#1236,#1237,#1238);
#1236 = CARTESIAN_POINT('',(128.681369,-107.584556,1.51));
#1237 = DIRECTION('',(-0.,0.,-1.));
#1238 = DIRECTION('',(-0.,-1.,0.));
#1239 = FACE_BOUND('',#1240,.T.);
#1240 = EDGE_LOOP('',(#1241));
#1241 = ORIENTED_EDGE('',*,*,#1242,.T.);
#1242 = EDGE_CURVE('',#1243,#1243,#1245,.T.);
#1243 = VERTEX_POINT('',#1244);
#1244 = CARTESIAN_POINT('',(128.681369,-105.544556,1.51));
#1245 = CIRCLE('',#1246,0.5);
#1246 = AXIS2_PLACEMENT_3D('',#1247,#1248,#1249);
#1247 = CARTESIAN_POINT('',(128.681369,-105.044556,1.51));
#1248 = DIRECTION('',(-0.,0.,-1.));
#1249 = DIRECTION('',(-0.,-1.,0.));
#1250 = FACE_BOUND('',#1251,.T.);
#1251 = EDGE_LOOP('',(#1252));
#1252 = ORIENTED_EDGE('',*,*,#1253,.T.);
#1253 = EDGE_CURVE('',#1254,#1254,#1256,.T.);
#1254 = VERTEX_POINT('',#1255);
#1255 = CARTESIAN_POINT('',(100.836469,-102.96,1.51));
#1256 = CIRCLE('',#1257,0.5);
#1257 = AXIS2_PLACEMENT_3D('',#1258,#1259,#1260);
#1258 = CARTESIAN_POINT('',(100.836469,-102.46,1.51));
#1259 = DIRECTION('',(-0.,0.,-1.));
#1260 = DIRECTION('',(-0.,-1.,0.));
#1261 = FACE_BOUND('',#1262,.T.);
#1262 = EDGE_LOOP('',(#1263));
#1263 = ORIENTED_EDGE('',*,*,#1264,.T.);
#1264 = EDGE_CURVE('',#1265,#1265,#1267,.T.);
#1265 = VERTEX_POINT('',#1266);
#1266 = CARTESIAN_POINT('',(108.086469,-102.96,1.51));
#1267 = CIRCLE('',#1268,0.5);
#1268 = AXIS2_PLACEMENT_3D('',#1269,#1270,#1271);
#1269 = CARTESIAN_POINT('',(108.086469,-102.46,1.51));
#1270 = DIRECTION('',(-0.,0.,-1.));
#1271 = DIRECTION('',(-0.,-1.,0.));
#1272 = FACE_BOUND('',#1273,.T.);
#1273 = EDGE_LOOP('',(#1274));
#1274 = ORIENTED_EDGE('',*,*,#1275,.T.);
#1275 = EDGE_CURVE('',#1276,#1276,#1278,.T.);
#1276 = VERTEX_POINT('',#1277);
#1277 = CARTESIAN_POINT('',(100.836469,-100.42,1.51));
#1278 = CIRCLE('',#1279,0.5);
#1279 = AXIS2_PLACEMENT_3D('',#1280,#1281,#1282);
#1280 = CARTESIAN_POINT('',(100.836469,-99.92,1.51));
#1281 = DIRECTION('',(-0.,0.,-1.));
#1282 = DIRECTION('',(-0.,-1.,0.));
#1283 = FACE_BOUND('',#1284,.T.);
#1284 = EDGE_LOOP('',(#1285));
#1285 = ORIENTED_EDGE('',*,*,#1286,.T.);
#1286 = EDGE_CURVE('',#1287,#1287,#1289,.T.);
#1287 = VERTEX_POINT('',#1288);
#1288 = CARTESIAN_POINT('',(108.086469,-100.42,1.51));
#1289 = CIRCLE('',#1290,0.5);
#1290 = AXIS2_PLACEMENT_3D('',#1291,#1292,#1293);
#1291 = CARTESIAN_POINT('',(108.086469,-99.92,1.51));
#1292 = DIRECTION('',(-0.,0.,-1.));
#1293 = DIRECTION('',(-0.,-1.,0.));
#1294 = FACE_BOUND('',#1295,.T.);
#1295 = EDGE_LOOP('',(#1296));
#1296 = ORIENTED_EDGE('',*,*,#1297,.T.);
#1297 = EDGE_CURVE('',#1298,#1298,#1300,.T.);
#1298 = VERTEX_POINT('',#1299);
#1299 = CARTESIAN_POINT('',(126.141369,-103.004556,1.51));
#1300 = CIRCLE('',#1301,0.5);
#1301 = AXIS2_PLACEMENT_3D('',#1302,#1303,#1304);
#1302 = CARTESIAN_POINT('',(126.141369,-102.504556,1.51));
#1303 = DIRECTION('',(-0.,0.,-1.));
#1304 = DIRECTION('',(-0.,-1.,0.));
#1305 = FACE_BOUND('',#1306,.T.);
#1306 = EDGE_LOOP('',(#1307));
#1307 = ORIENTED_EDGE('',*,*,#1308,.T.);
#1308 = EDGE_CURVE('',#1309,#1309,#1311,.T.);
#1309 = VERTEX_POINT('',#1310);
#1310 = CARTESIAN_POINT('',(128.681369,-103.004556,1.51));
#1311 = CIRCLE('',#1312,0.5);
#1312 = AXIS2_PLACEMENT_3D('',#1313,#1314,#1315);
#1313 = CARTESIAN_POINT('',(128.681369,-102.504556,1.51));
#1314 = DIRECTION('',(-0.,0.,-1.));
#1315 = DIRECTION('',(-0.,-1.,0.));
#1316 = FACE_BOUND('',#1317,.T.);
#1317 = EDGE_LOOP('',(#1318));
#1318 = ORIENTED_EDGE('',*,*,#1319,.T.);
#1319 = EDGE_CURVE('',#1320,#1320,#1322,.T.);
#1320 = VERTEX_POINT('',#1321);
#1321 = CARTESIAN_POINT('',(126.141369,-100.464556,1.51));
#1322 = CIRCLE('',#1323,0.5);
#1323 = AXIS2_PLACEMENT_3D('',#1324,#1325,#1326);
#1324 = CARTESIAN_POINT('',(126.141369,-99.964556,1.51));
#1325 = DIRECTION('',(-0.,0.,-1.));
#1326 = DIRECTION('',(-0.,-1.,0.));
#1327 = FACE_BOUND('',#1328,.T.);
#1328 = EDGE_LOOP('',(#1329));
#1329 = ORIENTED_EDGE('',*,*,#1330,.T.);
#1330 = EDGE_CURVE('',#1331,#1331,#1333,.T.);
#1331 = VERTEX_POINT('',#1332);
#1332 = CARTESIAN_POINT('',(128.681369,-100.464556,1.51));
#1333 = CIRCLE('',#1334,0.5);
#1334 = AXIS2_PLACEMENT_3D('',#1335,#1336,#1337);
#1335 = CARTESIAN_POINT('',(128.681369,-99.964556,1.51));
#1336 = DIRECTION('',(-0.,0.,-1.));
#1337 = DIRECTION('',(-0.,-1.,0.));
#1338 = FACE_BOUND('',#1339,.T.);
#1339 = EDGE_LOOP('',(#1340));
#1340 = ORIENTED_EDGE('',*,*,#1341,.T.);
#1341 = EDGE_CURVE('',#1342,#1342,#1344,.T.);
#1342 = VERTEX_POINT('',#1343);
#1343 = CARTESIAN_POINT('',(146.586469,-110.58,1.51));
#1344 = CIRCLE('',#1345,0.5);
#1345 = AXIS2_PLACEMENT_3D('',#1346,#1347,#1348);
#1346 = CARTESIAN_POINT('',(146.586469,-110.08,1.51));
#1347 = DIRECTION('',(-0.,0.,-1.));
#1348 = DIRECTION('',(-0.,-1.,0.));
#1349 = FACE_BOUND('',#1350,.T.);
#1350 = EDGE_LOOP('',(#1351));
#1351 = ORIENTED_EDGE('',*,*,#1352,.T.);
#1352 = EDGE_CURVE('',#1353,#1353,#1355,.T.);
#1353 = VERTEX_POINT('',#1354);
#1354 = CARTESIAN_POINT('',(153.836469,-110.58,1.51));
#1355 = CIRCLE('',#1356,0.5);
#1356 = AXIS2_PLACEMENT_3D('',#1357,#1358,#1359);
#1357 = CARTESIAN_POINT('',(153.836469,-110.08,1.51));
#1358 = DIRECTION('',(-0.,0.,-1.));
#1359 = DIRECTION('',(-0.,-1.,0.));
#1360 = FACE_BOUND('',#1361,.T.);
#1361 = EDGE_LOOP('',(#1362));
#1362 = ORIENTED_EDGE('',*,*,#1363,.T.);
#1363 = EDGE_CURVE('',#1364,#1364,#1366,.T.);
#1364 = VERTEX_POINT('',#1365);
#1365 = CARTESIAN_POINT('',(146.586469,-108.04,1.51));
#1366 = CIRCLE('',#1367,0.5);
#1367 = AXIS2_PLACEMENT_3D('',#1368,#1369,#1370);
#1368 = CARTESIAN_POINT('',(146.586469,-107.54,1.51));
#1369 = DIRECTION('',(-0.,0.,-1.));
#1370 = DIRECTION('',(-0.,-1.,0.));
#1371 = FACE_BOUND('',#1372,.T.);
#1372 = EDGE_LOOP('',(#1373));
#1373 = ORIENTED_EDGE('',*,*,#1374,.T.);
#1374 = EDGE_CURVE('',#1375,#1375,#1377,.T.);
#1375 = VERTEX_POINT('',#1376);
#1376 = CARTESIAN_POINT('',(153.836469,-108.04,1.51));
#1377 = CIRCLE('',#1378,0.5);
#1378 = AXIS2_PLACEMENT_3D('',#1379,#1380,#1381);
#1379 = CARTESIAN_POINT('',(153.836469,-107.54,1.51));
#1380 = DIRECTION('',(-0.,0.,-1.));
#1381 = DIRECTION('',(-0.,-1.,0.));
#1382 = FACE_BOUND('',#1383,.T.);
#1383 = EDGE_LOOP('',(#1384));
#1384 = ORIENTED_EDGE('',*,*,#1385,.T.);
#1385 = EDGE_CURVE('',#1386,#1386,#1388,.T.);
#1386 = VERTEX_POINT('',#1387);
#1387 = CARTESIAN_POINT('',(146.586469,-105.5,1.51));
#1388 = CIRCLE('',#1389,0.5);
#1389 = AXIS2_PLACEMENT_3D('',#1390,#1391,#1392);
#1390 = CARTESIAN_POINT('',(146.586469,-105.,1.51));
#1391 = DIRECTION('',(-0.,0.,-1.));
#1392 = DIRECTION('',(-0.,-1.,0.));
#1393 = FACE_BOUND('',#1394,.T.);
#1394 = EDGE_LOOP('',(#1395));
#1395 = ORIENTED_EDGE('',*,*,#1396,.T.);
#1396 = EDGE_CURVE('',#1397,#1397,#1399,.T.);
#1397 = VERTEX_POINT('',#1398);
#1398 = CARTESIAN_POINT('',(153.836469,-105.5,1.51));
#1399 = CIRCLE('',#1400,0.5);
#1400 = AXIS2_PLACEMENT_3D('',#1401,#1402,#1403);
#1401 = CARTESIAN_POINT('',(153.836469,-105.,1.51));
#1402 = DIRECTION('',(-0.,0.,-1.));
#1403 = DIRECTION('',(-0.,-1.,0.));
#1404 = FACE_BOUND('',#1405,.T.);
#1405 = EDGE_LOOP('',(#1406));
#1406 = ORIENTED_EDGE('',*,*,#1407,.T.);
#1407 = EDGE_CURVE('',#1408,#1408,#1410,.T.);
#1408 = VERTEX_POINT('',#1409);
#1409 = CARTESIAN_POINT('',(168.685369,-110.624556,1.51));
#1410 = CIRCLE('',#1411,0.5);
#1411 = AXIS2_PLACEMENT_3D('',#1412,#1413,#1414);
#1412 = CARTESIAN_POINT('',(168.685369,-110.124556,1.51));
#1413 = DIRECTION('',(-0.,0.,-1.));
#1414 = DIRECTION('',(-0.,-1.,0.));
#1415 = FACE_BOUND('',#1416,.T.);
#1416 = EDGE_LOOP('',(#1417));
#1417 = ORIENTED_EDGE('',*,*,#1418,.T.);
#1418 = EDGE_CURVE('',#1419,#1419,#1421,.T.);
#1419 = VERTEX_POINT('',#1420);
#1420 = CARTESIAN_POINT('',(171.225369,-110.624556,1.51));
#1421 = CIRCLE('',#1422,0.5);
#1422 = AXIS2_PLACEMENT_3D('',#1423,#1424,#1425);
#1423 = CARTESIAN_POINT('',(171.225369,-110.124556,1.51));
#1424 = DIRECTION('',(-0.,0.,-1.));
#1425 = DIRECTION('',(-0.,-1.,0.));
#1426 = FACE_BOUND('',#1427,.T.);
#1427 = EDGE_LOOP('',(#1428));
#1428 = ORIENTED_EDGE('',*,*,#1429,.T.);
#1429 = EDGE_CURVE('',#1430,#1430,#1432,.T.);
#1430 = VERTEX_POINT('',#1431);
#1431 = CARTESIAN_POINT('',(168.685369,-108.084556,1.51));
#1432 = CIRCLE('',#1433,0.5);
#1433 = AXIS2_PLACEMENT_3D('',#1434,#1435,#1436);
#1434 = CARTESIAN_POINT('',(168.685369,-107.584556,1.51));
#1435 = DIRECTION('',(-0.,0.,-1.));
#1436 = DIRECTION('',(-0.,-1.,0.));
#1437 = FACE_BOUND('',#1438,.T.);
#1438 = EDGE_LOOP('',(#1439));
#1439 = ORIENTED_EDGE('',*,*,#1440,.T.);
#1440 = EDGE_CURVE('',#1441,#1441,#1443,.T.);
#1441 = VERTEX_POINT('',#1442);
#1442 = CARTESIAN_POINT('',(171.225369,-108.084556,1.51));
#1443 = CIRCLE('',#1444,0.5);
#1444 = AXIS2_PLACEMENT_3D('',#1445,#1446,#1447);
#1445 = CARTESIAN_POINT('',(171.225369,-107.584556,1.51));
#1446 = DIRECTION('',(-0.,0.,-1.));
#1447 = DIRECTION('',(-0.,-1.,0.));
#1448 = FACE_BOUND('',#1449,.T.);
#1449 = EDGE_LOOP('',(#1450));
#1450 = ORIENTED_EDGE('',*,*,#1451,.T.);
#1451 = EDGE_CURVE('',#1452,#1452,#1454,.T.);
#1452 = VERTEX_POINT('',#1453);
#1453 = CARTESIAN_POINT('',(168.685369,-105.544556,1.51));
#1454 = CIRCLE('',#1455,0.5);
#1455 = AXIS2_PLACEMENT_3D('',#1456,#1457,#1458);
#1456 = CARTESIAN_POINT('',(168.685369,-105.044556,1.51));
#1457 = DIRECTION('',(-0.,0.,-1.));
#1458 = DIRECTION('',(-0.,-1.,0.));
#1459 = FACE_BOUND('',#1460,.T.);
#1460 = EDGE_LOOP('',(#1461));
#1461 = ORIENTED_EDGE('',*,*,#1462,.T.);
#1462 = EDGE_CURVE('',#1463,#1463,#1465,.T.);
#1463 = VERTEX_POINT('',#1464);
#1464 = CARTESIAN_POINT('',(171.225369,-105.544556,1.51));
#1465 = CIRCLE('',#1466,0.5);
#1466 = AXIS2_PLACEMENT_3D('',#1467,#1468,#1469);
#1467 = CARTESIAN_POINT('',(171.225369,-105.044556,1.51));
#1468 = DIRECTION('',(-0.,0.,-1.));
#1469 = DIRECTION('',(-0.,-1.,0.));
#1470 = FACE_BOUND('',#1471,.T.);
#1471 = EDGE_LOOP('',(#1472));
#1472 = ORIENTED_EDGE('',*,*,#1473,.T.);
#1473 = EDGE_CURVE('',#1474,#1474,#1476,.T.);
#1474 = VERTEX_POINT('',#1475);
#1475 = CARTESIAN_POINT('',(146.586469,-102.96,1.51));
#1476 = CIRCLE('',#1477,0.5);
#1477 = AXIS2_PLACEMENT_3D('',#1478,#1479,#1480);
#1478 = CARTESIAN_POINT('',(146.586469,-102.46,1.51));
#1479 = DIRECTION('',(-0.,0.,-1.));
#1480 = DIRECTION('',(-0.,-1.,0.));
#1481 = FACE_BOUND('',#1482,.T.);
#1482 = EDGE_LOOP('',(#1483));
#1483 = ORIENTED_EDGE('',*,*,#1484,.T.);
#1484 = EDGE_CURVE('',#1485,#1485,#1487,.T.);
#1485 = VERTEX_POINT('',#1486);
#1486 = CARTESIAN_POINT('',(153.836469,-102.96,1.51));
#1487 = CIRCLE('',#1488,0.5);
#1488 = AXIS2_PLACEMENT_3D('',#1489,#1490,#1491);
#1489 = CARTESIAN_POINT('',(153.836469,-102.46,1.51));
#1490 = DIRECTION('',(-0.,0.,-1.));
#1491 = DIRECTION('',(-0.,-1.,0.));
#1492 = FACE_BOUND('',#1493,.T.);
#1493 = EDGE_LOOP('',(#1494));
#1494 = ORIENTED_EDGE('',*,*,#1495,.T.);
#1495 = EDGE_CURVE('',#1496,#1496,#1498,.T.);
#1496 = VERTEX_POINT('',#1497);
#1497 = CARTESIAN_POINT('',(146.586469,-100.42,1.51));
#1498 = CIRCLE('',#1499,0.5);
#1499 = AXIS2_PLACEMENT_3D('',#1500,#1501,#1502);
#1500 = CARTESIAN_POINT('',(146.586469,-99.92,1.51));
#1501 = DIRECTION('',(-0.,0.,-1.));
#1502 = DIRECTION('',(-0.,-1.,0.));
#1503 = FACE_BOUND('',#1504,.T.);
#1504 = EDGE_LOOP('',(#1505));
#1505 = ORIENTED_EDGE('',*,*,#1506,.T.);
#1506 = EDGE_CURVE('',#1507,#1507,#1509,.T.);
#1507 = VERTEX_POINT('',#1508);
#1508 = CARTESIAN_POINT('',(153.836469,-100.42,1.51));
#1509 = CIRCLE('',#1510,0.5);
#1510 = AXIS2_PLACEMENT_3D('',#1511,#1512,#1513);
#1511 = CARTESIAN_POINT('',(153.836469,-99.92,1.51));
#1512 = DIRECTION('',(-0.,0.,-1.));
#1513 = DIRECTION('',(-0.,-1.,0.));
#1514 = FACE_BOUND('',#1515,.T.);
#1515 = EDGE_LOOP('',(#1516));
#1516 = ORIENTED_EDGE('',*,*,#1517,.T.);
#1517 = EDGE_CURVE('',#1518,#1518,#1520,.T.);
#1518 = VERTEX_POINT('',#1519);
#1519 = CARTESIAN_POINT('',(168.685369,-103.004556,1.51));
#1520 = CIRCLE('',#1521,0.5);
#1521 = AXIS2_PLACEMENT_3D('',#1522,#1523,#1524);
#1522 = CARTESIAN_POINT('',(168.685369,-102.504556,1.51));
#1523 = DIRECTION('',(-0.,0.,-1.));
#1524 = DIRECTION('',(-0.,-1.,0.));
#1525 = FACE_BOUND('',#1526,.T.);
#1526 = EDGE_LOOP('',(#1527));
#1527 = ORIENTED_EDGE('',*,*,#1528,.T.);
#1528 = EDGE_CURVE('',#1529,#1529,#1531,.T.);
#1529 = VERTEX_POINT('',#1530);
#1530 = CARTESIAN_POINT('',(171.225369,-103.004556,1.51));
#1531 = CIRCLE('',#1532,0.5);
#1532 = AXIS2_PLACEMENT_3D('',#1533,#1534,#1535);
#1533 = CARTESIAN_POINT('',(171.225369,-102.504556,1.51));
#1534 = DIRECTION('',(-0.,0.,-1.));
#1535 = DIRECTION('',(-0.,-1.,0.));
#1536 = FACE_BOUND('',#1537,.T.);
#1537 = EDGE_LOOP('',(#1538));
#1538 = ORIENTED_EDGE('',*,*,#1539,.T.);
#1539 = EDGE_CURVE('',#1540,#1540,#1542,.T.);
#1540 = VERTEX_POINT('',#1541);
#1541 = CARTESIAN_POINT('',(168.685369,-100.464556,1.51));
#1542 = CIRCLE('',#1543,0.5);
#1543 = AXIS2_PLACEMENT_3D('',#1544,#1545,#1546);
#1544 = CARTESIAN_POINT('',(168.685369,-99.964556,1.51));
#1545 = DIRECTION('',(-0.,0.,-1.));
#1546 = DIRECTION('',(-0.,-1.,0.));
#1547 = FACE_BOUND('',#1548,.T.);
#1548 = EDGE_LOOP('',(#1549));
#1549 = ORIENTED_EDGE('',*,*,#1550,.T.);
#1550 = EDGE_CURVE('',#1551,#1551,#1553,.T.);
#1551 = VERTEX_POINT('',#1552);
#1552 = CARTESIAN_POINT('',(171.225369,-100.464556,1.51));
#1553 = CIRCLE('',#1554,0.5);
#1554 = AXIS2_PLACEMENT_3D('',#1555,#1556,#1557);
#1555 = CARTESIAN_POINT('',(171.225369,-99.964556,1.51));
#1556 = DIRECTION('',(-0.,0.,-1.));
#1557 = DIRECTION('',(-0.,-1.,0.));
#1558 = FACE_BOUND('',#1559,.T.);
#1559 = EDGE_LOOP('',(#1560));
#1560 = ORIENTED_EDGE('',*,*,#1561,.T.);
#1561 = EDGE_CURVE('',#1562,#1562,#1564,.T.);
#1562 = VERTEX_POINT('',#1563);
#1563 = CARTESIAN_POINT('',(100.836469,-97.88,1.51));
#1564 = CIRCLE('',#1565,0.5);
#1565 = AXIS2_PLACEMENT_3D('',#1566,#1567,#1568);
#1566 = CARTESIAN_POINT('',(100.836469,-97.38,1.51));
#1567 = DIRECTION('',(-0.,0.,-1.));
#1568 = DIRECTION('',(-0.,-1.,0.));
#1569 = FACE_BOUND('',#1570,.T.);
#1570 = EDGE_LOOP('',(#1571));
#1571 = ORIENTED_EDGE('',*,*,#1572,.T.);
#1572 = EDGE_CURVE('',#1573,#1573,#1575,.T.);
#1573 = VERTEX_POINT('',#1574);
#1574 = CARTESIAN_POINT('',(108.086469,-97.88,1.51));
#1575 = CIRCLE('',#1576,0.5);
#1576 = AXIS2_PLACEMENT_3D('',#1577,#1578,#1579);
#1577 = CARTESIAN_POINT('',(108.086469,-97.38,1.51));
#1578 = DIRECTION('',(-0.,0.,-1.));
#1579 = DIRECTION('',(-0.,-1.,0.));
#1580 = FACE_BOUND('',#1581,.T.);
#1581 = EDGE_LOOP('',(#1582));
#1582 = ORIENTED_EDGE('',*,*,#1583,.T.);
#1583 = EDGE_CURVE('',#1584,#1584,#1586,.T.);
#1584 = VERTEX_POINT('',#1585);
#1585 = CARTESIAN_POINT('',(100.836469,-95.34,1.51));
#1586 = CIRCLE('',#1587,0.5);
#1587 = AXIS2_PLACEMENT_3D('',#1588,#1589,#1590);
#1588 = CARTESIAN_POINT('',(100.836469,-94.84,1.51));
#1589 = DIRECTION('',(-0.,0.,-1.));
#1590 = DIRECTION('',(-0.,-1.,0.));
#1591 = FACE_BOUND('',#1592,.T.);
#1592 = EDGE_LOOP('',(#1593));
#1593 = ORIENTED_EDGE('',*,*,#1594,.T.);
#1594 = EDGE_CURVE('',#1595,#1595,#1597,.T.);
#1595 = VERTEX_POINT('',#1596);
#1596 = CARTESIAN_POINT('',(108.086469,-95.34,1.51));
#1597 = CIRCLE('',#1598,0.5);
#1598 = AXIS2_PLACEMENT_3D('',#1599,#1600,#1601);
#1599 = CARTESIAN_POINT('',(108.086469,-94.84,1.51));
#1600 = DIRECTION('',(-0.,0.,-1.));
#1601 = DIRECTION('',(-0.,-1.,0.));
#1602 = FACE_BOUND('',#1603,.T.);
#1603 = EDGE_LOOP('',(#1604));
#1604 = ORIENTED_EDGE('',*,*,#1605,.T.);
#1605 = EDGE_CURVE('',#1606,#1606,#1608,.T.);
#1606 = VERTEX_POINT('',#1607);
#1607 = CARTESIAN_POINT('',(126.141369,-97.924556,1.51));
#1608 = CIRCLE('',#1609,0.5);
#1609 = AXIS2_PLACEMENT_3D('',#1610,#1611,#1612);
#1610 = CARTESIAN_POINT('',(126.141369,-97.424556,1.51));
#1611 = DIRECTION('',(-0.,0.,-1.));
#1612 = DIRECTION('',(-0.,-1.,0.));
#1613 = FACE_BOUND('',#1614,.T.);
#1614 = EDGE_LOOP('',(#1615));
#1615 = ORIENTED_EDGE('',*,*,#1616,.T.);
#1616 = EDGE_CURVE('',#1617,#1617,#1619,.T.);
#1617 = VERTEX_POINT('',#1618);
#1618 = CARTESIAN_POINT('',(128.681369,-97.924556,1.51));
#1619 = CIRCLE('',#1620,0.5);
#1620 = AXIS2_PLACEMENT_3D('',#1621,#1622,#1623);
#1621 = CARTESIAN_POINT('',(128.681369,-97.424556,1.51));
#1622 = DIRECTION('',(-0.,0.,-1.));
#1623 = DIRECTION('',(-0.,-1.,0.));
#1624 = FACE_BOUND('',#1625,.T.);
#1625 = EDGE_LOOP('',(#1626));
#1626 = ORIENTED_EDGE('',*,*,#1627,.T.);
#1627 = EDGE_CURVE('',#1628,#1628,#1630,.T.);
#1628 = VERTEX_POINT('',#1629);
#1629 = CARTESIAN_POINT('',(126.141369,-95.384556,1.51));
#1630 = CIRCLE('',#1631,0.5);
#1631 = AXIS2_PLACEMENT_3D('',#1632,#1633,#1634);
#1632 = CARTESIAN_POINT('',(126.141369,-94.884556,1.51));
#1633 = DIRECTION('',(-0.,0.,-1.));
#1634 = DIRECTION('',(-0.,-1.,0.));
#1635 = FACE_BOUND('',#1636,.T.);
#1636 = EDGE_LOOP('',(#1637));
#1637 = ORIENTED_EDGE('',*,*,#1638,.T.);
#1638 = EDGE_CURVE('',#1639,#1639,#1641,.T.);
#1639 = VERTEX_POINT('',#1640);
#1640 = CARTESIAN_POINT('',(128.681369,-95.384556,1.51));
#1641 = CIRCLE('',#1642,0.5);
#1642 = AXIS2_PLACEMENT_3D('',#1643,#1644,#1645);
#1643 = CARTESIAN_POINT('',(128.681369,-94.884556,1.51));
#1644 = DIRECTION('',(-0.,0.,-1.));
#1645 = DIRECTION('',(-0.,-1.,0.));
#1646 = FACE_BOUND('',#1647,.T.);
#1647 = EDGE_LOOP('',(#1648));
#1648 = ORIENTED_EDGE('',*,*,#1649,.T.);
#1649 = EDGE_CURVE('',#1650,#1650,#1652,.T.);
#1650 = VERTEX_POINT('',#1651);
#1651 = CARTESIAN_POINT('',(100.836469,-92.8,1.51));
#1652 = CIRCLE('',#1653,0.5);
#1653 = AXIS2_PLACEMENT_3D('',#1654,#1655,#1656);
#1654 = CARTESIAN_POINT('',(100.836469,-92.3,1.51));
#1655 = DIRECTION('',(-0.,0.,-1.));
#1656 = DIRECTION('',(-0.,-1.,0.));
#1657 = FACE_BOUND('',#1658,.T.);
#1658 = EDGE_LOOP('',(#1659));
#1659 = ORIENTED_EDGE('',*,*,#1660,.T.);
#1660 = EDGE_CURVE('',#1661,#1661,#1663,.T.);
#1661 = VERTEX_POINT('',#1662);
#1662 = CARTESIAN_POINT('',(108.086469,-92.8,1.51));
#1663 = CIRCLE('',#1664,0.5);
#1664 = AXIS2_PLACEMENT_3D('',#1665,#1666,#1667);
#1665 = CARTESIAN_POINT('',(108.086469,-92.3,1.51));
#1666 = DIRECTION('',(-0.,0.,-1.));
#1667 = DIRECTION('',(-0.,-1.,0.));
#1668 = FACE_BOUND('',#1669,.T.);
#1669 = EDGE_LOOP('',(#1670));
#1670 = ORIENTED_EDGE('',*,*,#1671,.T.);
#1671 = EDGE_CURVE('',#1672,#1672,#1674,.T.);
#1672 = VERTEX_POINT('',#1673);
#1673 = CARTESIAN_POINT('',(100.836469,-90.26,1.51));
#1674 = CIRCLE('',#1675,0.5);
#1675 = AXIS2_PLACEMENT_3D('',#1676,#1677,#1678);
#1676 = CARTESIAN_POINT('',(100.836469,-89.76,1.51));
#1677 = DIRECTION('',(-0.,0.,-1.));
#1678 = DIRECTION('',(-0.,-1.,0.));
#1679 = FACE_BOUND('',#1680,.T.);
#1680 = EDGE_LOOP('',(#1681));
#1681 = ORIENTED_EDGE('',*,*,#1682,.T.);
#1682 = EDGE_CURVE('',#1683,#1683,#1685,.T.);
#1683 = VERTEX_POINT('',#1684);
#1684 = CARTESIAN_POINT('',(108.086469,-90.26,1.51));
#1685 = CIRCLE('',#1686,0.5);
#1686 = AXIS2_PLACEMENT_3D('',#1687,#1688,#1689);
#1687 = CARTESIAN_POINT('',(108.086469,-89.76,1.51));
#1688 = DIRECTION('',(-0.,0.,-1.));
#1689 = DIRECTION('',(-0.,-1.,0.));
#1690 = FACE_BOUND('',#1691,.T.);
#1691 = EDGE_LOOP('',(#1692));
#1692 = ORIENTED_EDGE('',*,*,#1693,.T.);
#1693 = EDGE_CURVE('',#1694,#1694,#1696,.T.);
#1694 = VERTEX_POINT('',#1695);
#1695 = CARTESIAN_POINT('',(100.836469,-87.72,1.51));
#1696 = CIRCLE('',#1697,0.5);
#1697 = AXIS2_PLACEMENT_3D('',#1698,#1699,#1700);
#1698 = CARTESIAN_POINT('',(100.836469,-87.22,1.51));
#1699 = DIRECTION('',(-0.,0.,-1.));
#1700 = DIRECTION('',(-0.,-1.,0.));
#1701 = FACE_BOUND('',#1702,.T.);
#1702 = EDGE_LOOP('',(#1703));
#1703 = ORIENTED_EDGE('',*,*,#1704,.T.);
#1704 = EDGE_CURVE('',#1705,#1705,#1707,.T.);
#1705 = VERTEX_POINT('',#1706);
#1706 = CARTESIAN_POINT('',(108.086469,-87.72,1.51));
#1707 = CIRCLE('',#1708,0.5);
#1708 = AXIS2_PLACEMENT_3D('',#1709,#1710,#1711);
#1709 = CARTESIAN_POINT('',(108.086469,-87.22,1.51));
#1710 = DIRECTION('',(-0.,0.,-1.));
#1711 = DIRECTION('',(-0.,-1.,0.));
#1712 = FACE_BOUND('',#1713,.T.);
#1713 = EDGE_LOOP('',(#1714));
#1714 = ORIENTED_EDGE('',*,*,#1715,.T.);
#1715 = EDGE_CURVE('',#1716,#1716,#1718,.T.);
#1716 = VERTEX_POINT('',#1717);
#1717 = CARTESIAN_POINT('',(126.141369,-92.844556,1.51));
#1718 = CIRCLE('',#1719,0.5);
#1719 = AXIS2_PLACEMENT_3D('',#1720,#1721,#1722);
#1720 = CARTESIAN_POINT('',(126.141369,-92.344556,1.51));
#1721 = DIRECTION('',(-0.,0.,-1.));
#1722 = DIRECTION('',(-0.,-1.,0.));
#1723 = FACE_BOUND('',#1724,.T.);
#1724 = EDGE_LOOP('',(#1725));
#1725 = ORIENTED_EDGE('',*,*,#1726,.T.);
#1726 = EDGE_CURVE('',#1727,#1727,#1729,.T.);
#1727 = VERTEX_POINT('',#1728);
#1728 = CARTESIAN_POINT('',(126.141369,-90.304556,1.51));
#1729 = CIRCLE('',#1730,0.5);
#1730 = AXIS2_PLACEMENT_3D('',#1731,#1732,#1733);
#1731 = CARTESIAN_POINT('',(126.141369,-89.804556,1.51));
#1732 = DIRECTION('',(-0.,0.,-1.));
#1733 = DIRECTION('',(-0.,-1.,0.));
#1734 = FACE_BOUND('',#1735,.T.);
#1735 = EDGE_LOOP('',(#1736));
#1736 = ORIENTED_EDGE('',*,*,#1737,.T.);
#1737 = EDGE_CURVE('',#1738,#1738,#1740,.T.);
#1738 = VERTEX_POINT('',#1739);
#1739 = CARTESIAN_POINT('',(128.681369,-92.844556,1.51));
#1740 = CIRCLE('',#1741,0.5);
#1741 = AXIS2_PLACEMENT_3D('',#1742,#1743,#1744);
#1742 = CARTESIAN_POINT('',(128.681369,-92.344556,1.51));
#1743 = DIRECTION('',(-0.,0.,-1.));
#1744 = DIRECTION('',(-0.,-1.,0.));
#1745 = FACE_BOUND('',#1746,.T.);
#1746 = EDGE_LOOP('',(#1747));
#1747 = ORIENTED_EDGE('',*,*,#1748,.T.);
#1748 = EDGE_CURVE('',#1749,#1749,#1751,.T.);
#1749 = VERTEX_POINT('',#1750);
#1750 = CARTESIAN_POINT('',(128.681369,-90.304556,1.51));
#1751 = CIRCLE('',#1752,0.5);
#1752 = AXIS2_PLACEMENT_3D('',#1753,#1754,#1755);
#1753 = CARTESIAN_POINT('',(128.681369,-89.804556,1.51));
#1754 = DIRECTION('',(-0.,0.,-1.));
#1755 = DIRECTION('',(-0.,-1.,0.));
#1756 = FACE_BOUND('',#1757,.T.);
#1757 = EDGE_LOOP('',(#1758));
#1758 = ORIENTED_EDGE('',*,*,#1759,.T.);
#1759 = EDGE_CURVE('',#1760,#1760,#1762,.T.);
#1760 = VERTEX_POINT('',#1761);
#1761 = CARTESIAN_POINT('',(126.141369,-87.764556,1.51));
#1762 = CIRCLE('',#1763,0.5);
#1763 = AXIS2_PLACEMENT_3D('',#1764,#1765,#1766);
#1764 = CARTESIAN_POINT('',(126.141369,-87.264556,1.51));
#1765 = DIRECTION('',(-0.,0.,-1.));
#1766 = DIRECTION('',(-0.,-1.,0.));
#1767 = FACE_BOUND('',#1768,.T.);
#1768 = EDGE_LOOP('',(#1769));
#1769 = ORIENTED_EDGE('',*,*,#1770,.T.);
#1770 = EDGE_CURVE('',#1771,#1771,#1773,.T.);
#1771 = VERTEX_POINT('',#1772);
#1772 = CARTESIAN_POINT('',(128.681369,-87.764556,1.51));
#1773 = CIRCLE('',#1774,0.5);
#1774 = AXIS2_PLACEMENT_3D('',#1775,#1776,#1777);
#1775 = CARTESIAN_POINT('',(128.681369,-87.264556,1.51));
#1776 = DIRECTION('',(-0.,0.,-1.));
#1777 = DIRECTION('',(-0.,-1.,0.));
#1778 = FACE_BOUND('',#1779,.T.);
#1779 = EDGE_LOOP('',(#1780));
#1780 = ORIENTED_EDGE('',*,*,#1781,.T.);
#1781 = EDGE_CURVE('',#1782,#1782,#1784,.T.);
#1782 = VERTEX_POINT('',#1783);
#1783 = CARTESIAN_POINT('',(146.586469,-97.88,1.51));
#1784 = CIRCLE('',#1785,0.5);
#1785 = AXIS2_PLACEMENT_3D('',#1786,#1787,#1788);
#1786 = CARTESIAN_POINT('',(146.586469,-97.38,1.51));
#1787 = DIRECTION('',(-0.,0.,-1.));
#1788 = DIRECTION('',(-0.,-1.,0.));
#1789 = FACE_BOUND('',#1790,.T.);
#1790 = EDGE_LOOP('',(#1791));
#1791 = ORIENTED_EDGE('',*,*,#1792,.T.);
#1792 = EDGE_CURVE('',#1793,#1793,#1795,.T.);
#1793 = VERTEX_POINT('',#1794);
#1794 = CARTESIAN_POINT('',(153.836469,-97.88,1.51));
#1795 = CIRCLE('',#1796,0.5);
#1796 = AXIS2_PLACEMENT_3D('',#1797,#1798,#1799);
#1797 = CARTESIAN_POINT('',(153.836469,-97.38,1.51));
#1798 = DIRECTION('',(-0.,0.,-1.));
#1799 = DIRECTION('',(-0.,-1.,0.));
#1800 = FACE_BOUND('',#1801,.T.);
#1801 = EDGE_LOOP('',(#1802));
#1802 = ORIENTED_EDGE('',*,*,#1803,.T.);
#1803 = EDGE_CURVE('',#1804,#1804,#1806,.T.);
#1804 = VERTEX_POINT('',#1805);
#1805 = CARTESIAN_POINT('',(146.586469,-95.34,1.51));
#1806 = CIRCLE('',#1807,0.5);
#1807 = AXIS2_PLACEMENT_3D('',#1808,#1809,#1810);
#1808 = CARTESIAN_POINT('',(146.586469,-94.84,1.51));
#1809 = DIRECTION('',(-0.,0.,-1.));
#1810 = DIRECTION('',(-0.,-1.,0.));
#1811 = FACE_BOUND('',#1812,.T.);
#1812 = EDGE_LOOP('',(#1813));
#1813 = ORIENTED_EDGE('',*,*,#1814,.T.);
#1814 = EDGE_CURVE('',#1815,#1815,#1817,.T.);
#1815 = VERTEX_POINT('',#1816);
#1816 = CARTESIAN_POINT('',(153.836469,-95.34,1.51));
#1817 = CIRCLE('',#1818,0.5);
#1818 = AXIS2_PLACEMENT_3D('',#1819,#1820,#1821);
#1819 = CARTESIAN_POINT('',(153.836469,-94.84,1.51));
#1820 = DIRECTION('',(-0.,0.,-1.));
#1821 = DIRECTION('',(-0.,-1.,0.));
#1822 = FACE_BOUND('',#1823,.T.);
#1823 = EDGE_LOOP('',(#1824));
#1824 = ORIENTED_EDGE('',*,*,#1825,.T.);
#1825 = EDGE_CURVE('',#1826,#1826,#1828,.T.);
#1826 = VERTEX_POINT('',#1827);
#1827 = CARTESIAN_POINT('',(168.685369,-97.924556,1.51));
#1828 = CIRCLE('',#1829,0.5);
#1829 = AXIS2_PLACEMENT_3D('',#1830,#1831,#1832);
#1830 = CARTESIAN_POINT('',(168.685369,-97.424556,1.51));
#1831 = DIRECTION('',(-0.,0.,-1.));
#1832 = DIRECTION('',(-0.,-1.,0.));
#1833 = FACE_BOUND('',#1834,.T.);
#1834 = EDGE_LOOP('',(#1835));
#1835 = ORIENTED_EDGE('',*,*,#1836,.T.);
#1836 = EDGE_CURVE('',#1837,#1837,#1839,.T.);
#1837 = VERTEX_POINT('',#1838);
#1838 = CARTESIAN_POINT('',(171.225369,-97.924556,1.51));
#1839 = CIRCLE('',#1840,0.5);
#1840 = AXIS2_PLACEMENT_3D('',#1841,#1842,#1843);
#1841 = CARTESIAN_POINT('',(171.225369,-97.424556,1.51));
#1842 = DIRECTION('',(-0.,0.,-1.));
#1843 = DIRECTION('',(-0.,-1.,0.));
#1844 = FACE_BOUND('',#1845,.T.);
#1845 = EDGE_LOOP('',(#1846));
#1846 = ORIENTED_EDGE('',*,*,#1847,.T.);
#1847 = EDGE_CURVE('',#1848,#1848,#1850,.T.);
#1848 = VERTEX_POINT('',#1849);
#1849 = CARTESIAN_POINT('',(168.685369,-95.384556,1.51));
#1850 = CIRCLE('',#1851,0.5);
#1851 = AXIS2_PLACEMENT_3D('',#1852,#1853,#1854);
#1852 = CARTESIAN_POINT('',(168.685369,-94.884556,1.51));
#1853 = DIRECTION('',(-0.,0.,-1.));
#1854 = DIRECTION('',(-0.,-1.,0.));
#1855 = FACE_BOUND('',#1856,.T.);
#1856 = EDGE_LOOP('',(#1857));
#1857 = ORIENTED_EDGE('',*,*,#1858,.T.);
#1858 = EDGE_CURVE('',#1859,#1859,#1861,.T.);
#1859 = VERTEX_POINT('',#1860);
#1860 = CARTESIAN_POINT('',(171.225369,-95.384556,1.51));
#1861 = CIRCLE('',#1862,0.5);
#1862 = AXIS2_PLACEMENT_3D('',#1863,#1864,#1865);
#1863 = CARTESIAN_POINT('',(171.225369,-94.884556,1.51));
#1864 = DIRECTION('',(-0.,0.,-1.));
#1865 = DIRECTION('',(-0.,-1.,0.));
#1866 = FACE_BOUND('',#1867,.T.);
#1867 = EDGE_LOOP('',(#1868));
#1868 = ORIENTED_EDGE('',*,*,#1869,.T.);
#1869 = EDGE_CURVE('',#1870,#1870,#1872,.T.);
#1870 = VERTEX_POINT('',#1871);
#1871 = CARTESIAN_POINT('',(146.586469,-92.8,1.51));
#1872 = CIRCLE('',#1873,0.5);
#1873 = AXIS2_PLACEMENT_3D('',#1874,#1875,#1876);
#1874 = CARTESIAN_POINT('',(146.586469,-92.3,1.51));
#1875 = DIRECTION('',(-0.,0.,-1.));
#1876 = DIRECTION('',(-0.,-1.,0.));
#1877 = FACE_BOUND('',#1878,.T.);
#1878 = EDGE_LOOP('',(#1879));
#1879 = ORIENTED_EDGE('',*,*,#1880,.T.);
#1880 = EDGE_CURVE('',#1881,#1881,#1883,.T.);
#1881 = VERTEX_POINT('',#1882);
#1882 = CARTESIAN_POINT('',(153.836469,-92.8,1.51));
#1883 = CIRCLE('',#1884,0.5);
#1884 = AXIS2_PLACEMENT_3D('',#1885,#1886,#1887);
#1885 = CARTESIAN_POINT('',(153.836469,-92.3,1.51));
#1886 = DIRECTION('',(-0.,0.,-1.));
#1887 = DIRECTION('',(-0.,-1.,0.));
#1888 = FACE_BOUND('',#1889,.T.);
#1889 = EDGE_LOOP('',(#1890));
#1890 = ORIENTED_EDGE('',*,*,#1891,.T.);
#1891 = EDGE_CURVE('',#1892,#1892,#1894,.T.);
#1892 = VERTEX_POINT('',#1893);
#1893 = CARTESIAN_POINT('',(146.586469,-90.26,1.51));
#1894 = CIRCLE('',#1895,0.5);
#1895 = AXIS2_PLACEMENT_3D('',#1896,#1897,#1898);
#1896 = CARTESIAN_POINT('',(146.586469,-89.76,1.51));
#1897 = DIRECTION('',(-0.,0.,-1.));
#1898 = DIRECTION('',(-0.,-1.,0.));
#1899 = FACE_BOUND('',#1900,.T.);
#1900 = EDGE_LOOP('',(#1901));
#1901 = ORIENTED_EDGE('',*,*,#1902,.T.);
#1902 = EDGE_CURVE('',#1903,#1903,#1905,.T.);
#1903 = VERTEX_POINT('',#1904);
#1904 = CARTESIAN_POINT('',(153.836469,-90.26,1.51));
#1905 = CIRCLE('',#1906,0.5);
#1906 = AXIS2_PLACEMENT_3D('',#1907,#1908,#1909);
#1907 = CARTESIAN_POINT('',(153.836469,-89.76,1.51));
#1908 = DIRECTION('',(-0.,0.,-1.));
#1909 = DIRECTION('',(-0.,-1.,0.));
#1910 = FACE_BOUND('',#1911,.T.);
#1911 = EDGE_LOOP('',(#1912));
#1912 = ORIENTED_EDGE('',*,*,#1913,.T.);
#1913 = EDGE_CURVE('',#1914,#1914,#1916,.T.);
#1914 = VERTEX_POINT('',#1915);
#1915 = CARTESIAN_POINT('',(146.586469,-87.72,1.51));
#1916 = CIRCLE('',#1917,0.5);
#1917 = AXIS2_PLACEMENT_3D('',#1918,#1919,#1920);
#1918 = CARTESIAN_POINT('',(146.586469,-87.22,1.51));
#1919 = DIRECTION('',(-0.,0.,-1.));
#1920 = DIRECTION('',(-0.,-1.,0.));
#1921 = FACE_BOUND('',#1922,.T.);
#1922 = EDGE_LOOP('',(#1923));
#1923 = ORIENTED_EDGE('',*,*,#1924,.T.);
#1924 = EDGE_CURVE('',#1925,#1925,#1927,.T.);
#1925 = VERTEX_POINT('',#1926);
#1926 = CARTESIAN_POINT('',(153.836469,-87.72,1.51));
#1927 = CIRCLE('',#1928,0.5);
#1928 = AXIS2_PLACEMENT_3D('',#1929,#1930,#1931);
#1929 = CARTESIAN_POINT('',(153.836469,-87.22,1.51));
#1930 = DIRECTION('',(-0.,0.,-1.));
#1931 = DIRECTION('',(-0.,-1.,0.));
#1932 = FACE_BOUND('',#1933,.T.);
#1933 = EDGE_LOOP('',(#1934));
#1934 = ORIENTED_EDGE('',*,*,#1935,.T.);
#1935 = EDGE_CURVE('',#1936,#1936,#1938,.T.);
#1936 = VERTEX_POINT('',#1937);
#1937 = CARTESIAN_POINT('',(168.685369,-92.844556,1.51));
#1938 = CIRCLE('',#1939,0.5);
#1939 = AXIS2_PLACEMENT_3D('',#1940,#1941,#1942);
#1940 = CARTESIAN_POINT('',(168.685369,-92.344556,1.51));
#1941 = DIRECTION('',(-0.,0.,-1.));
#1942 = DIRECTION('',(-0.,-1.,0.));
#1943 = FACE_BOUND('',#1944,.T.);
#1944 = EDGE_LOOP('',(#1945));
#1945 = ORIENTED_EDGE('',*,*,#1946,.T.);
#1946 = EDGE_CURVE('',#1947,#1947,#1949,.T.);
#1947 = VERTEX_POINT('',#1948);
#1948 = CARTESIAN_POINT('',(171.225369,-92.844556,1.51));
#1949 = CIRCLE('',#1950,0.5);
#1950 = AXIS2_PLACEMENT_3D('',#1951,#1952,#1953);
#1951 = CARTESIAN_POINT('',(171.225369,-92.344556,1.51));
#1952 = DIRECTION('',(-0.,0.,-1.));
#1953 = DIRECTION('',(-0.,-1.,0.));
#1954 = FACE_BOUND('',#1955,.T.);
#1955 = EDGE_LOOP('',(#1956));
#1956 = ORIENTED_EDGE('',*,*,#1957,.T.);
#1957 = EDGE_CURVE('',#1958,#1958,#1960,.T.);
#1958 = VERTEX_POINT('',#1959);
#1959 = CARTESIAN_POINT('',(168.685369,-90.304556,1.51));
#1960 = CIRCLE('',#1961,0.5);
#1961 = AXIS2_PLACEMENT_3D('',#1962,#1963,#1964);
#1962 = CARTESIAN_POINT('',(168.685369,-89.804556,1.51));
#1963 = DIRECTION('',(-0.,0.,-1.));
#1964 = DIRECTION('',(-0.,-1.,0.));
#1965 = FACE_BOUND('',#1966,.T.);
#1966 = EDGE_LOOP('',(#1967));
#1967 = ORIENTED_EDGE('',*,*,#1968,.T.);
#1968 = EDGE_CURVE('',#1969,#1969,#1971,.T.);
#1969 = VERTEX_POINT('',#1970);
#1970 = CARTESIAN_POINT('',(171.225369,-90.304556,1.51));
#1971 = CIRCLE('',#1972,0.5);
#1972 = AXIS2_PLACEMENT_3D('',#1973,#1974,#1975);
#1973 = CARTESIAN_POINT('',(171.225369,-89.804556,1.51));
#1974 = DIRECTION('',(-0.,0.,-1.));
#1975 = DIRECTION('',(-0.,-1.,0.));
#1976 = FACE_BOUND('',#1977,.T.);
#1977 = EDGE_LOOP('',(#1978));
#1978 = ORIENTED_EDGE('',*,*,#1979,.T.);
#1979 = EDGE_CURVE('',#1980,#1980,#1982,.T.);
#1980 = VERTEX_POINT('',#1981);
#1981 = CARTESIAN_POINT('',(168.685369,-87.764556,1.51));
#1982 = CIRCLE('',#1983,0.5);
#1983 = AXIS2_PLACEMENT_3D('',#1984,#1985,#1986);
#1984 = CARTESIAN_POINT('',(168.685369,-87.264556,1.51));
#1985 = DIRECTION('',(-0.,0.,-1.));
#1986 = DIRECTION('',(-0.,-1.,0.));
#1987 = FACE_BOUND('',#1988,.T.);
#1988 = EDGE_LOOP('',(#1989));
#1989 = ORIENTED_EDGE('',*,*,#1990,.T.);
#1990 = EDGE_CURVE('',#1991,#1991,#1993,.T.);
#1991 = VERTEX_POINT('',#1992);
#1992 = CARTESIAN_POINT('',(171.225369,-87.764556,1.51));
#1993 = CIRCLE('',#1994,0.5);
#1994 = AXIS2_PLACEMENT_3D('',#1995,#1996,#1997);
#1995 = CARTESIAN_POINT('',(171.225369,-87.264556,1.51));
#1996 = DIRECTION('',(-0.,0.,-1.));
#1997 = DIRECTION('',(-0.,-1.,0.));
#1998 = PLANE('',#1999);
#1999 = AXIS2_PLACEMENT_3D('',#2000,#2001,#2002);
#2000 = CARTESIAN_POINT('',(0.,0.,1.51));
#2001 = DIRECTION('',(0.,0.,1.));
#2002 = DIRECTION('',(1.,0.,-0.));
#2003 = ADVANCED_FACE('',(#2004),#2015,.T.);
#2004 = FACE_BOUND('',#2005,.T.);
#2005 = EDGE_LOOP('',(#2006,#2012,#2013,#2014));
#2006 = ORIENTED_EDGE('',*,*,#2007,.T.);
#2007 = EDGE_CURVE('',#146,#1078,#2008,.T.);
#2008 = LINE('',#2009,#2010);
#2009 = CARTESIAN_POINT('',(89.138927,-80.999798,0.));
#2010 = VECTOR('',#2011,1.);
#2011 = DIRECTION('',(0.,0.,1.));
#2012 = ORIENTED_EDGE('',*,*,#1077,.T.);
#2013 = ORIENTED_EDGE('',*,*,#81,.F.);
#2014 = ORIENTED_EDGE('',*,*,#145,.F.);
#2015 = CYLINDRICAL_SURFACE('',#2016,0.999999252925);
#2016 = AXIS2_PLACEMENT_3D('',#2017,#2018,#2019);
#2017 = CARTESIAN_POINT('',(90.138926252925,-80.99979725292,0.));
#2018 = DIRECTION('',(0.,0.,-1.));
#2019 = DIRECTION('',(-1.,-7.47075720743E-07,-0.));
#2020 = ADVANCED_FACE('',(#2021),#2032,.T.);
#2021 = FACE_BOUND('',#2022,.T.);
#2022 = EDGE_LOOP('',(#2023,#2024,#2025,#2031));
#2023 = ORIENTED_EDGE('',*,*,#121,.T.);
#2024 = ORIENTED_EDGE('',*,*,#1111,.T.);
#2025 = ORIENTED_EDGE('',*,*,#2026,.F.);
#2026 = EDGE_CURVE('',#172,#1104,#2027,.T.);
#2027 = LINE('',#2028,#2029);
#2028 = CARTESIAN_POINT('',(178.138927,-114.999798,0.));
#2029 = VECTOR('',#2030,1.);
#2030 = DIRECTION('',(0.,0.,1.));
#2031 = ORIENTED_EDGE('',*,*,#179,.F.);
#2032 = CYLINDRICAL_SURFACE('',#2033,0.999999252925);
#2033 = AXIS2_PLACEMENT_3D('',#2034,#2035,#2036);
#2034 = CARTESIAN_POINT('',(178.13892774707,-113.999798747,0.));
#2035 = DIRECTION('',(0.,0.,-1.));
#2036 = DIRECTION('',(1.,7.470757633756E-07,0.));
#2037 = ADVANCED_FACE('',(#2038),#2049,.T.);
#2038 = FACE_BOUND('',#2039,.T.);
#2039 = EDGE_LOOP('',(#2040,#2046,#2047,#2048));
#2040 = ORIENTED_EDGE('',*,*,#2041,.T.);
#2041 = EDGE_CURVE('',#155,#1087,#2042,.T.);
#2042 = LINE('',#2043,#2044);
#2043 = CARTESIAN_POINT('',(89.138927,-113.999798,0.));
#2044 = VECTOR('',#2045,1.);
#2045 = DIRECTION('',(0.,0.,1.));
#2046 = ORIENTED_EDGE('',*,*,#1086,.T.);
#2047 = ORIENTED_EDGE('',*,*,#2007,.F.);
#2048 = ORIENTED_EDGE('',*,*,#154,.F.);
#2049 = PLANE('',#2050);
#2050 = AXIS2_PLACEMENT_3D('',#2051,#2052,#2053);
#2051 = CARTESIAN_POINT('',(89.138927,-113.999798,0.));
#2052 = DIRECTION('',(-1.,0.,0.));
#2053 = DIRECTION('',(0.,1.,0.));
#2054 = ADVANCED_FACE('',(#2055),#2066,.T.);
#2055 = FACE_BOUND('',#2056,.T.);
#2056 = EDGE_LOOP('',(#2057,#2058,#2059,#2065));
#2057 = ORIENTED_EDGE('',*,*,#2026,.T.);
#2058 = ORIENTED_EDGE('',*,*,#1103,.T.);
#2059 = ORIENTED_EDGE('',*,*,#2060,.F.);
#2060 = EDGE_CURVE('',#163,#1095,#2061,.T.);
#2061 = LINE('',#2062,#2063);
#2062 = CARTESIAN_POINT('',(90.138927,-114.999798,0.));
#2063 = VECTOR('',#2064,1.);
#2064 = DIRECTION('',(0.,0.,1.));
#2065 = ORIENTED_EDGE('',*,*,#171,.F.);
#2066 = PLANE('',#2067);
#2067 = AXIS2_PLACEMENT_3D('',#2068,#2069,#2070);
#2068 = CARTESIAN_POINT('',(178.138927,-114.999798,0.));
#2069 = DIRECTION('',(0.,-1.,0.));
#2070 = DIRECTION('',(-1.,0.,0.));
#2071 = ADVANCED_FACE('',(#2072),#2078,.T.);
#2072 = FACE_BOUND('',#2073,.T.);
#2073 = EDGE_LOOP('',(#2074,#2075,#2076,#2077));
#2074 = ORIENTED_EDGE('',*,*,#2060,.T.);
#2075 = ORIENTED_EDGE('',*,*,#1094,.T.);
#2076 = ORIENTED_EDGE('',*,*,#2041,.F.);
#2077 = ORIENTED_EDGE('',*,*,#162,.F.);
#2078 = CYLINDRICAL_SURFACE('',#2079,0.999999252925);
#2079 = AXIS2_PLACEMENT_3D('',#2080,#2081,#2082);
#2080 = CARTESIAN_POINT('',(90.138926252925,-113.999798747,0.));
#2081 = DIRECTION('',(0.,0.,-1.));
#2082 = DIRECTION('',(7.470757491648E-07,-1.,0.));
#2083 = ADVANCED_FACE('',(#2084),#2095,.F.);
#2084 = FACE_BOUND('',#2085,.T.);
#2085 = EDGE_LOOP('',(#2086,#2087,#2093,#2094));
#2086 = ORIENTED_EDGE('',*,*,#189,.T.);
#2087 = ORIENTED_EDGE('',*,*,#2088,.T.);
#2088 = EDGE_CURVE('',#190,#1122,#2089,.T.);
#2089 = LINE('',#2090,#2091);
#2090 = CARTESIAN_POINT('',(100.836469,-110.58,-4.6E-02));
#2091 = VECTOR('',#2092,1.);
#2092 = DIRECTION('',(0.,0.,1.));
#2093 = ORIENTED_EDGE('',*,*,#1121,.F.);
#2094 = ORIENTED_EDGE('',*,*,#2088,.F.);
#2095 = CYLINDRICAL_SURFACE('',#2096,0.5);
#2096 = AXIS2_PLACEMENT_3D('',#2097,#2098,#2099);
#2097 = CARTESIAN_POINT('',(100.836469,-110.08,-4.6E-02));
#2098 = DIRECTION('',(-0.,-0.,-1.));
#2099 = DIRECTION('',(-0.,-1.,0.));
#2100 = ADVANCED_FACE('',(#2101),#2112,.F.);
#2101 = FACE_BOUND('',#2102,.T.);
#2102 = EDGE_LOOP('',(#2103,#2104,#2110,#2111));
#2103 = ORIENTED_EDGE('',*,*,#200,.T.);
#2104 = ORIENTED_EDGE('',*,*,#2105,.T.);
#2105 = EDGE_CURVE('',#201,#1133,#2106,.T.);
#2106 = LINE('',#2107,#2108);
#2107 = CARTESIAN_POINT('',(108.086469,-110.58,-4.6E-02));
#2108 = VECTOR('',#2109,1.);
#2109 = DIRECTION('',(0.,0.,1.));
#2110 = ORIENTED_EDGE('',*,*,#1132,.F.);
#2111 = ORIENTED_EDGE('',*,*,#2105,.F.);
#2112 = CYLINDRICAL_SURFACE('',#2113,0.5);
#2113 = AXIS2_PLACEMENT_3D('',#2114,#2115,#2116);
#2114 = CARTESIAN_POINT('',(108.086469,-110.08,-4.6E-02));
#2115 = DIRECTION('',(-0.,-0.,-1.));
#2116 = DIRECTION('',(-0.,-1.,0.));
#2117 = ADVANCED_FACE('',(#2118),#2129,.F.);
#2118 = FACE_BOUND('',#2119,.T.);
#2119 = EDGE_LOOP('',(#2120,#2121,#2127,#2128));
#2120 = ORIENTED_EDGE('',*,*,#211,.T.);
#2121 = ORIENTED_EDGE('',*,*,#2122,.T.);
#2122 = EDGE_CURVE('',#212,#1144,#2123,.T.);
#2123 = LINE('',#2124,#2125);
#2124 = CARTESIAN_POINT('',(100.836469,-108.04,-4.6E-02));
#2125 = VECTOR('',#2126,1.);
#2126 = DIRECTION('',(0.,0.,1.));
#2127 = ORIENTED_EDGE('',*,*,#1143,.F.);
#2128 = ORIENTED_EDGE('',*,*,#2122,.F.);
#2129 = CYLINDRICAL_SURFACE('',#2130,0.5);
#2130 = AXIS2_PLACEMENT_3D('',#2131,#2132,#2133);
#2131 = CARTESIAN_POINT('',(100.836469,-107.54,-4.6E-02));
#2132 = DIRECTION('',(-0.,-0.,-1.));
#2133 = DIRECTION('',(-0.,-1.,0.));
#2134 = ADVANCED_FACE('',(#2135),#2146,.F.);
#2135 = FACE_BOUND('',#2136,.T.);
#2136 = EDGE_LOOP('',(#2137,#2138,#2144,#2145));
#2137 = ORIENTED_EDGE('',*,*,#222,.T.);
#2138 = ORIENTED_EDGE('',*,*,#2139,.T.);
#2139 = EDGE_CURVE('',#223,#1155,#2140,.T.);
#2140 = LINE('',#2141,#2142);
#2141 = CARTESIAN_POINT('',(108.086469,-108.04,-4.6E-02));
#2142 = VECTOR('',#2143,1.);
#2143 = DIRECTION('',(0.,0.,1.));
#2144 = ORIENTED_EDGE('',*,*,#1154,.F.);
#2145 = ORIENTED_EDGE('',*,*,#2139,.F.);
#2146 = CYLINDRICAL_SURFACE('',#2147,0.5);
#2147 = AXIS2_PLACEMENT_3D('',#2148,#2149,#2150);
#2148 = CARTESIAN_POINT('',(108.086469,-107.54,-4.6E-02));
#2149 = DIRECTION('',(-0.,-0.,-1.));
#2150 = DIRECTION('',(-0.,-1.,0.));
#2151 = ADVANCED_FACE('',(#2152),#2163,.F.);
#2152 = FACE_BOUND('',#2153,.T.);
#2153 = EDGE_LOOP('',(#2154,#2155,#2161,#2162));
#2154 = ORIENTED_EDGE('',*,*,#233,.T.);
#2155 = ORIENTED_EDGE('',*,*,#2156,.T.);
#2156 = EDGE_CURVE('',#234,#1166,#2157,.T.);
#2157 = LINE('',#2158,#2159);
#2158 = CARTESIAN_POINT('',(100.836469,-105.5,-4.6E-02));
#2159 = VECTOR('',#2160,1.);
#2160 = DIRECTION('',(0.,0.,1.));
#2161 = ORIENTED_EDGE('',*,*,#1165,.F.);
#2162 = ORIENTED_EDGE('',*,*,#2156,.F.);
#2163 = CYLINDRICAL_SURFACE('',#2164,0.5);
#2164 = AXIS2_PLACEMENT_3D('',#2165,#2166,#2167);
#2165 = CARTESIAN_POINT('',(100.836469,-105.,-4.6E-02));
#2166 = DIRECTION('',(-0.,-0.,-1.));
#2167 = DIRECTION('',(-0.,-1.,0.));
#2168 = ADVANCED_FACE('',(#2169),#2180,.F.);
#2169 = FACE_BOUND('',#2170,.T.);
#2170 = EDGE_LOOP('',(#2171,#2172,#2178,#2179));
#2171 = ORIENTED_EDGE('',*,*,#244,.T.);
#2172 = ORIENTED_EDGE('',*,*,#2173,.T.);
#2173 = EDGE_CURVE('',#245,#1177,#2174,.T.);
#2174 = LINE('',#2175,#2176);
#2175 = CARTESIAN_POINT('',(108.086469,-105.5,-4.6E-02));
#2176 = VECTOR('',#2177,1.);
#2177 = DIRECTION('',(0.,0.,1.));
#2178 = ORIENTED_EDGE('',*,*,#1176,.F.);
#2179 = ORIENTED_EDGE('',*,*,#2173,.F.);
#2180 = CYLINDRICAL_SURFACE('',#2181,0.5);
#2181 = AXIS2_PLACEMENT_3D('',#2182,#2183,#2184);
#2182 = CARTESIAN_POINT('',(108.086469,-105.,-4.6E-02));
#2183 = DIRECTION('',(-0.,-0.,-1.));
#2184 = DIRECTION('',(-0.,-1.,0.));
#2185 = ADVANCED_FACE('',(#2186),#2197,.F.);
#2186 = FACE_BOUND('',#2187,.T.);
#2187 = EDGE_LOOP('',(#2188,#2189,#2195,#2196));
#2188 = ORIENTED_EDGE('',*,*,#255,.T.);
#2189 = ORIENTED_EDGE('',*,*,#2190,.T.);
#2190 = EDGE_CURVE('',#256,#1188,#2191,.T.);
#2191 = LINE('',#2192,#2193);
#2192 = CARTESIAN_POINT('',(126.141369,-110.624556,-4.6E-02));
#2193 = VECTOR('',#2194,1.);
#2194 = DIRECTION('',(0.,0.,1.));
#2195 = ORIENTED_EDGE('',*,*,#1187,.F.);
#2196 = ORIENTED_EDGE('',*,*,#2190,.F.);
#2197 = CYLINDRICAL_SURFACE('',#2198,0.5);
#2198 = AXIS2_PLACEMENT_3D('',#2199,#2200,#2201);
#2199 = CARTESIAN_POINT('',(126.141369,-110.124556,-4.6E-02));
#2200 = DIRECTION('',(-0.,-0.,-1.));
#2201 = DIRECTION('',(-0.,-1.,0.));
#2202 = ADVANCED_FACE('',(#2203),#2214,.F.);
#2203 = FACE_BOUND('',#2204,.T.);
#2204 = EDGE_LOOP('',(#2205,#2206,#2212,#2213));
#2205 = ORIENTED_EDGE('',*,*,#266,.T.);
#2206 = ORIENTED_EDGE('',*,*,#2207,.T.);
#2207 = EDGE_CURVE('',#267,#1199,#2208,.T.);
#2208 = LINE('',#2209,#2210);
#2209 = CARTESIAN_POINT('',(128.681369,-110.624556,-4.6E-02));
#2210 = VECTOR('',#2211,1.);
#2211 = DIRECTION('',(0.,0.,1.));
#2212 = ORIENTED_EDGE('',*,*,#1198,.F.);
#2213 = ORIENTED_EDGE('',*,*,#2207,.F.);
#2214 = CYLINDRICAL_SURFACE('',#2215,0.5);
#2215 = AXIS2_PLACEMENT_3D('',#2216,#2217,#2218);
#2216 = CARTESIAN_POINT('',(128.681369,-110.124556,-4.6E-02));
#2217 = DIRECTION('',(-0.,-0.,-1.));
#2218 = DIRECTION('',(-0.,-1.,0.));
#2219 = ADVANCED_FACE('',(#2220),#2231,.F.);
#2220 = FACE_BOUND('',#2221,.T.);
#2221 = EDGE_LOOP('',(#2222,#2223,#2229,#2230));
#2222 = ORIENTED_EDGE('',*,*,#277,.T.);
#2223 = ORIENTED_EDGE('',*,*,#2224,.T.);
#2224 = EDGE_CURVE('',#278,#1210,#2225,.T.);
#2225 = LINE('',#2226,#2227);
#2226 = CARTESIAN_POINT('',(126.141369,-108.084556,-4.6E-02));
#2227 = VECTOR('',#2228,1.);
#2228 = DIRECTION('',(0.,0.,1.));
#2229 = ORIENTED_EDGE('',*,*,#1209,.F.);
#2230 = ORIENTED_EDGE('',*,*,#2224,.F.);
#2231 = CYLINDRICAL_SURFACE('',#2232,0.5);
#2232 = AXIS2_PLACEMENT_3D('',#2233,#2234,#2235);
#2233 = CARTESIAN_POINT('',(126.141369,-107.584556,-4.6E-02));
#2234 = DIRECTION('',(-0.,-0.,-1.));
#2235 = DIRECTION('',(-0.,-1.,0.));
#2236 = ADVANCED_FACE('',(#2237),#2248,.F.);
#2237 = FACE_BOUND('',#2238,.T.);
#2238 = EDGE_LOOP('',(#2239,#2240,#2246,#2247));
#2239 = ORIENTED_EDGE('',*,*,#288,.T.);
#2240 = ORIENTED_EDGE('',*,*,#2241,.T.);
#2241 = EDGE_CURVE('',#289,#1221,#2242,.T.);
#2242 = LINE('',#2243,#2244);
#2243 = CARTESIAN_POINT('',(126.141369,-105.544556,-4.6E-02));
#2244 = VECTOR('',#2245,1.);
#2245 = DIRECTION('',(0.,0.,1.));
#2246 = ORIENTED_EDGE('',*,*,#1220,.F.);
#2247 = ORIENTED_EDGE('',*,*,#2241,.F.);
#2248 = CYLINDRICAL_SURFACE('',#2249,0.5);
#2249 = AXIS2_PLACEMENT_3D('',#2250,#2251,#2252);
#2250 = CARTESIAN_POINT('',(126.141369,-105.044556,-4.6E-02));
#2251 = DIRECTION('',(-0.,-0.,-1.));
#2252 = DIRECTION('',(-0.,-1.,0.));
#2253 = ADVANCED_FACE('',(#2254),#2265,.F.);
#2254 = FACE_BOUND('',#2255,.T.);
#2255 = EDGE_LOOP('',(#2256,#2257,#2263,#2264));
#2256 = ORIENTED_EDGE('',*,*,#299,.T.);
#2257 = ORIENTED_EDGE('',*,*,#2258,.T.);
#2258 = EDGE_CURVE('',#300,#1232,#2259,.T.);
#2259 = LINE('',#2260,#2261);
#2260 = CARTESIAN_POINT('',(128.681369,-108.084556,-4.6E-02));
#2261 = VECTOR('',#2262,1.);
#2262 = DIRECTION('',(0.,0.,1.));
#2263 = ORIENTED_EDGE('',*,*,#1231,.F.);
#2264 = ORIENTED_EDGE('',*,*,#2258,.F.);
#2265 = CYLINDRICAL_SURFACE('',#2266,0.5);
#2266 = AXIS2_PLACEMENT_3D('',#2267,#2268,#2269);
#2267 = CARTESIAN_POINT('',(128.681369,-107.584556,-4.6E-02));
#2268 = DIRECTION('',(-0.,-0.,-1.));
#2269 = DIRECTION('',(-0.,-1.,0.));
#2270 = ADVANCED_FACE('',(#2271),#2282,.F.);
#2271 = FACE_BOUND('',#2272,.T.);
#2272 = EDGE_LOOP('',(#2273,#2274,#2280,#2281));
#2273 = ORIENTED_EDGE('',*,*,#310,.T.);
#2274 = ORIENTED_EDGE('',*,*,#2275,.T.);
#2275 = EDGE_CURVE('',#311,#1243,#2276,.T.);
#2276 = LINE('',#2277,#2278);
#2277 = CARTESIAN_POINT('',(128.681369,-105.544556,-4.6E-02));
#2278 = VECTOR('',#2279,1.);
#2279 = DIRECTION('',(0.,0.,1.));
#2280 = ORIENTED_EDGE('',*,*,#1242,.F.);
#2281 = ORIENTED_EDGE('',*,*,#2275,.F.);
#2282 = CYLINDRICAL_SURFACE('',#2283,0.5);
#2283 = AXIS2_PLACEMENT_3D('',#2284,#2285,#2286);
#2284 = CARTESIAN_POINT('',(128.681369,-105.044556,-4.6E-02));
#2285 = DIRECTION('',(-0.,-0.,-1.));
#2286 = DIRECTION('',(-0.,-1.,0.));
#2287 = ADVANCED_FACE('',(#2288),#2299,.F.);
#2288 = FACE_BOUND('',#2289,.T.);
#2289 = EDGE_LOOP('',(#2290,#2291,#2297,#2298));
#2290 = ORIENTED_EDGE('',*,*,#321,.T.);
#2291 = ORIENTED_EDGE('',*,*,#2292,.T.);
#2292 = EDGE_CURVE('',#322,#1254,#2293,.T.);
#2293 = LINE('',#2294,#2295);
#2294 = CARTESIAN_POINT('',(100.836469,-102.96,-4.6E-02));
#2295 = VECTOR('',#2296,1.);
#2296 = DIRECTION('',(0.,0.,1.));
#2297 = ORIENTED_EDGE('',*,*,#1253,.F.);
#2298 = ORIENTED_EDGE('',*,*,#2292,.F.);
#2299 = CYLINDRICAL_SURFACE('',#2300,0.5);
#2300 = AXIS2_PLACEMENT_3D('',#2301,#2302,#2303);
#2301 = CARTESIAN_POINT('',(100.836469,-102.46,-4.6E-02));
#2302 = DIRECTION('',(-0.,-0.,-1.));
#2303 = DIRECTION('',(-0.,-1.,0.));
#2304 = ADVANCED_FACE('',(#2305),#2316,.F.);
#2305 = FACE_BOUND('',#2306,.T.);
#2306 = EDGE_LOOP('',(#2307,#2308,#2314,#2315));
#2307 = ORIENTED_EDGE('',*,*,#332,.T.);
#2308 = ORIENTED_EDGE('',*,*,#2309,.T.);
#2309 = EDGE_CURVE('',#333,#1265,#2310,.T.);
#2310 = LINE('',#2311,#2312);
#2311 = CARTESIAN_POINT('',(108.086469,-102.96,-4.6E-02));
#2312 = VECTOR('',#2313,1.);
#2313 = DIRECTION('',(0.,0.,1.));
#2314 = ORIENTED_EDGE('',*,*,#1264,.F.);
#2315 = ORIENTED_EDGE('',*,*,#2309,.F.);
#2316 = CYLINDRICAL_SURFACE('',#2317,0.5);
#2317 = AXIS2_PLACEMENT_3D('',#2318,#2319,#2320);
#2318 = CARTESIAN_POINT('',(108.086469,-102.46,-4.6E-02));
#2319 = DIRECTION('',(-0.,-0.,-1.));
#2320 = DIRECTION('',(-0.,-1.,0.));
#2321 = ADVANCED_FACE('',(#2322),#2333,.F.);
#2322 = FACE_BOUND('',#2323,.T.);
#2323 = EDGE_LOOP('',(#2324,#2325,#2331,#2332));
#2324 = ORIENTED_EDGE('',*,*,#343,.T.);
#2325 = ORIENTED_EDGE('',*,*,#2326,.T.);
#2326 = EDGE_CURVE('',#344,#1276,#2327,.T.);
#2327 = LINE('',#2328,#2329);
#2328 = CARTESIAN_POINT('',(100.836469,-100.42,-4.6E-02));
#2329 = VECTOR('',#2330,1.);
#2330 = DIRECTION('',(0.,0.,1.));
#2331 = ORIENTED_EDGE('',*,*,#1275,.F.);
#2332 = ORIENTED_EDGE('',*,*,#2326,.F.);
#2333 = CYLINDRICAL_SURFACE('',#2334,0.5);
#2334 = AXIS2_PLACEMENT_3D('',#2335,#2336,#2337);
#2335 = CARTESIAN_POINT('',(100.836469,-99.92,-4.6E-02));
#2336 = DIRECTION('',(-0.,-0.,-1.));
#2337 = DIRECTION('',(-0.,-1.,0.));
#2338 = ADVANCED_FACE('',(#2339),#2350,.F.);
#2339 = FACE_BOUND('',#2340,.T.);
#2340 = EDGE_LOOP('',(#2341,#2342,#2348,#2349));
#2341 = ORIENTED_EDGE('',*,*,#354,.T.);
#2342 = ORIENTED_EDGE('',*,*,#2343,.T.);
#2343 = EDGE_CURVE('',#355,#1287,#2344,.T.);
#2344 = LINE('',#2345,#2346);
#2345 = CARTESIAN_POINT('',(108.086469,-100.42,-4.6E-02));
#2346 = VECTOR('',#2347,1.);
#2347 = DIRECTION('',(0.,0.,1.));
#2348 = ORIENTED_EDGE('',*,*,#1286,.F.);
#2349 = ORIENTED_EDGE('',*,*,#2343,.F.);
#2350 = CYLINDRICAL_SURFACE('',#2351,0.5);
#2351 = AXIS2_PLACEMENT_3D('',#2352,#2353,#2354);
#2352 = CARTESIAN_POINT('',(108.086469,-99.92,-4.6E-02));
#2353 = DIRECTION('',(-0.,-0.,-1.));
#2354 = DIRECTION('',(-0.,-1.,0.));
#2355 = ADVANCED_FACE('',(#2356),#2367,.F.);
#2356 = FACE_BOUND('',#2357,.T.);
#2357 = EDGE_LOOP('',(#2358,#2359,#2365,#2366));
#2358 = ORIENTED_EDGE('',*,*,#365,.T.);
#2359 = ORIENTED_EDGE('',*,*,#2360,.T.);
#2360 = EDGE_CURVE('',#366,#1298,#2361,.T.);
#2361 = LINE('',#2362,#2363);
#2362 = CARTESIAN_POINT('',(126.141369,-103.004556,-4.6E-02));
#2363 = VECTOR('',#2364,1.);
#2364 = DIRECTION('',(0.,0.,1.));
#2365 = ORIENTED_EDGE('',*,*,#1297,.F.);
#2366 = ORIENTED_EDGE('',*,*,#2360,.F.);
#2367 = CYLINDRICAL_SURFACE('',#2368,0.5);
#2368 = AXIS2_PLACEMENT_3D('',#2369,#2370,#2371);
#2369 = CARTESIAN_POINT('',(126.141369,-102.504556,-4.6E-02));
#2370 = DIRECTION('',(-0.,-0.,-1.));
#2371 = DIRECTION('',(-0.,-1.,0.));
#2372 = ADVANCED_FACE('',(#2373),#2384,.F.);
#2373 = FACE_BOUND('',#2374,.T.);
#2374 = EDGE_LOOP('',(#2375,#2376,#2382,#2383));
#2375 = ORIENTED_EDGE('',*,*,#376,.T.);
#2376 = ORIENTED_EDGE('',*,*,#2377,.T.);
#2377 = EDGE_CURVE('',#377,#1309,#2378,.T.);
#2378 = LINE('',#2379,#2380);
#2379 = CARTESIAN_POINT('',(128.681369,-103.004556,-4.6E-02));
#2380 = VECTOR('',#2381,1.);
#2381 = DIRECTION('',(0.,0.,1.));
#2382 = ORIENTED_EDGE('',*,*,#1308,.F.);
#2383 = ORIENTED_EDGE('',*,*,#2377,.F.);
#2384 = CYLINDRICAL_SURFACE('',#2385,0.5);
#2385 = AXIS2_PLACEMENT_3D('',#2386,#2387,#2388);
#2386 = CARTESIAN_POINT('',(128.681369,-102.504556,-4.6E-02));
#2387 = DIRECTION('',(-0.,-0.,-1.));
#2388 = DIRECTION('',(-0.,-1.,0.));
#2389 = ADVANCED_FACE('',(#2390),#2401,.F.);
#2390 = FACE_BOUND('',#2391,.T.);
#2391 = EDGE_LOOP('',(#2392,#2393,#2399,#2400));
#2392 = ORIENTED_EDGE('',*,*,#387,.T.);
#2393 = ORIENTED_EDGE('',*,*,#2394,.T.);
#2394 = EDGE_CURVE('',#388,#1320,#2395,.T.);
#2395 = LINE('',#2396,#2397);
#2396 = CARTESIAN_POINT('',(126.141369,-100.464556,-4.6E-02));
#2397 = VECTOR('',#2398,1.);
#2398 = DIRECTION('',(0.,0.,1.));
#2399 = ORIENTED_EDGE('',*,*,#1319,.F.);
#2400 = ORIENTED_EDGE('',*,*,#2394,.F.);
#2401 = CYLINDRICAL_SURFACE('',#2402,0.5);
#2402 = AXIS2_PLACEMENT_3D('',#2403,#2404,#2405);
#2403 = CARTESIAN_POINT('',(126.141369,-99.964556,-4.6E-02));
#2404 = DIRECTION('',(-0.,-0.,-1.));
#2405 = DIRECTION('',(-0.,-1.,0.));
#2406 = ADVANCED_FACE('',(#2407),#2418,.F.);
#2407 = FACE_BOUND('',#2408,.T.);
#2408 = EDGE_LOOP('',(#2409,#2410,#2416,#2417));
#2409 = ORIENTED_EDGE('',*,*,#398,.T.);
#2410 = ORIENTED_EDGE('',*,*,#2411,.T.);
#2411 = EDGE_CURVE('',#399,#1331,#2412,.T.);
#2412 = LINE('',#2413,#2414);
#2413 = CARTESIAN_POINT('',(128.681369,-100.464556,-4.6E-02));
#2414 = VECTOR('',#2415,1.);
#2415 = DIRECTION('',(0.,0.,1.));
#2416 = ORIENTED_EDGE('',*,*,#1330,.F.);
#2417 = ORIENTED_EDGE('',*,*,#2411,.F.);
#2418 = CYLINDRICAL_SURFACE('',#2419,0.5);
#2419 = AXIS2_PLACEMENT_3D('',#2420,#2421,#2422);
#2420 = CARTESIAN_POINT('',(128.681369,-99.964556,-4.6E-02));
#2421 = DIRECTION('',(-0.,-0.,-1.));
#2422 = DIRECTION('',(-0.,-1.,0.));
#2423 = ADVANCED_FACE('',(#2424),#2435,.F.);
#2424 = FACE_BOUND('',#2425,.T.);
#2425 = EDGE_LOOP('',(#2426,#2427,#2433,#2434));
#2426 = ORIENTED_EDGE('',*,*,#409,.T.);
#2427 = ORIENTED_EDGE('',*,*,#2428,.T.);
#2428 = EDGE_CURVE('',#410,#1342,#2429,.T.);
#2429 = LINE('',#2430,#2431);
#2430 = CARTESIAN_POINT('',(146.586469,-110.58,-4.6E-02));
#2431 = VECTOR('',#2432,1.);
#2432 = DIRECTION('',(0.,0.,1.));
#2433 = ORIENTED_EDGE('',*,*,#1341,.F.);
#2434 = ORIENTED_EDGE('',*,*,#2428,.F.);
#2435 = CYLINDRICAL_SURFACE('',#2436,0.5);
#2436 = AXIS2_PLACEMENT_3D('',#2437,#2438,#2439);
#2437 = CARTESIAN_POINT('',(146.586469,-110.08,-4.6E-02));
#2438 = DIRECTION('',(-0.,-0.,-1.));
#2439 = DIRECTION('',(-0.,-1.,0.));
#2440 = ADVANCED_FACE('',(#2441),#2452,.F.);
#2441 = FACE_BOUND('',#2442,.T.);
#2442 = EDGE_LOOP('',(#2443,#2444,#2450,#2451));
#2443 = ORIENTED_EDGE('',*,*,#420,.T.);
#2444 = ORIENTED_EDGE('',*,*,#2445,.T.);
#2445 = EDGE_CURVE('',#421,#1353,#2446,.T.);
#2446 = LINE('',#2447,#2448);
#2447 = CARTESIAN_POINT('',(153.836469,-110.58,-4.6E-02));
#2448 = VECTOR('',#2449,1.);
#2449 = DIRECTION('',(0.,0.,1.));
#2450 = ORIENTED_EDGE('',*,*,#1352,.F.);
#2451 = ORIENTED_EDGE('',*,*,#2445,.F.);
#2452 = CYLINDRICAL_SURFACE('',#2453,0.5);
#2453 = AXIS2_PLACEMENT_3D('',#2454,#2455,#2456);
#2454 = CARTESIAN_POINT('',(153.836469,-110.08,-4.6E-02));
#2455 = DIRECTION('',(-0.,-0.,-1.));
#2456 = DIRECTION('',(-0.,-1.,0.));
#2457 = ADVANCED_FACE('',(#2458),#2469,.F.);
#2458 = FACE_BOUND('',#2459,.T.);
#2459 = EDGE_LOOP('',(#2460,#2461,#2467,#2468));
#2460 = ORIENTED_EDGE('',*,*,#431,.T.);
#2461 = ORIENTED_EDGE('',*,*,#2462,.T.);
#2462 = EDGE_CURVE('',#432,#1364,#2463,.T.);
#2463 = LINE('',#2464,#2465);
#2464 = CARTESIAN_POINT('',(146.586469,-108.04,-4.6E-02));
#2465 = VECTOR('',#2466,1.);
#2466 = DIRECTION('',(0.,0.,1.));
#2467 = ORIENTED_EDGE('',*,*,#1363,.F.);
#2468 = ORIENTED_EDGE('',*,*,#2462,.F.);
#2469 = CYLINDRICAL_SURFACE('',#2470,0.5);
#2470 = AXIS2_PLACEMENT_3D('',#2471,#2472,#2473);
#2471 = CARTESIAN_POINT('',(146.586469,-107.54,-4.6E-02));
#2472 = DIRECTION('',(-0.,-0.,-1.));
#2473 = DIRECTION('',(-0.,-1.,0.));
#2474 = ADVANCED_FACE('',(#2475),#2486,.F.);
#2475 = FACE_BOUND('',#2476,.T.);
#2476 = EDGE_LOOP('',(#2477,#2478,#2484,#2485));
#2477 = ORIENTED_EDGE('',*,*,#442,.T.);
#2478 = ORIENTED_EDGE('',*,*,#2479,.T.);
#2479 = EDGE_CURVE('',#443,#1375,#2480,.T.);
#2480 = LINE('',#2481,#2482);
#2481 = CARTESIAN_POINT('',(153.836469,-108.04,-4.6E-02));
#2482 = VECTOR('',#2483,1.);
#2483 = DIRECTION('',(0.,0.,1.));
#2484 = ORIENTED_EDGE('',*,*,#1374,.F.);
#2485 = ORIENTED_EDGE('',*,*,#2479,.F.);
#2486 = CYLINDRICAL_SURFACE('',#2487,0.5);
#2487 = AXIS2_PLACEMENT_3D('',#2488,#2489,#2490);
#2488 = CARTESIAN_POINT('',(153.836469,-107.54,-4.6E-02));
#2489 = DIRECTION('',(-0.,-0.,-1.));
#2490 = DIRECTION('',(-0.,-1.,0.));
#2491 = ADVANCED_FACE('',(#2492),#2503,.F.);
#2492 = FACE_BOUND('',#2493,.T.);
#2493 = EDGE_LOOP('',(#2494,#2495,#2501,#2502));
#2494 = ORIENTED_EDGE('',*,*,#453,.T.);
#2495 = ORIENTED_EDGE('',*,*,#2496,.T.);
#2496 = EDGE_CURVE('',#454,#1386,#2497,.T.);
#2497 = LINE('',#2498,#2499);
#2498 = CARTESIAN_POINT('',(146.586469,-105.5,-4.6E-02));
#2499 = VECTOR('',#2500,1.);
#2500 = DIRECTION('',(0.,0.,1.));
#2501 = ORIENTED_EDGE('',*,*,#1385,.F.);
#2502 = ORIENTED_EDGE('',*,*,#2496,.F.);
#2503 = CYLINDRICAL_SURFACE('',#2504,0.5);
#2504 = AXIS2_PLACEMENT_3D('',#2505,#2506,#2507);
#2505 = CARTESIAN_POINT('',(146.586469,-105.,-4.6E-02));
#2506 = DIRECTION('',(-0.,-0.,-1.));
#2507 = DIRECTION('',(-0.,-1.,0.));
#2508 = ADVANCED_FACE('',(#2509),#2520,.F.);
#2509 = FACE_BOUND('',#2510,.T.);
#2510 = EDGE_LOOP('',(#2511,#2512,#2518,#2519));
#2511 = ORIENTED_EDGE('',*,*,#464,.T.);
#2512 = ORIENTED_EDGE('',*,*,#2513,.T.);
#2513 = EDGE_CURVE('',#465,#1397,#2514,.T.);
#2514 = LINE('',#2515,#2516);
#2515 = CARTESIAN_POINT('',(153.836469,-105.5,-4.6E-02));
#2516 = VECTOR('',#2517,1.);
#2517 = DIRECTION('',(0.,0.,1.));
#2518 = ORIENTED_EDGE('',*,*,#1396,.F.);
#2519 = ORIENTED_EDGE('',*,*,#2513,.F.);
#2520 = CYLINDRICAL_SURFACE('',#2521,0.5);
#2521 = AXIS2_PLACEMENT_3D('',#2522,#2523,#2524);
#2522 = CARTESIAN_POINT('',(153.836469,-105.,-4.6E-02));
#2523 = DIRECTION('',(-0.,-0.,-1.));
#2524 = DIRECTION('',(-0.,-1.,0.));
#2525 = ADVANCED_FACE('',(#2526),#2537,.F.);
#2526 = FACE_BOUND('',#2527,.T.);
#2527 = EDGE_LOOP('',(#2528,#2529,#2535,#2536));
#2528 = ORIENTED_EDGE('',*,*,#475,.T.);
#2529 = ORIENTED_EDGE('',*,*,#2530,.T.);
#2530 = EDGE_CURVE('',#476,#1408,#2531,.T.);
#2531 = LINE('',#2532,#2533);
#2532 = CARTESIAN_POINT('',(168.685369,-110.624556,-4.6E-02));
#2533 = VECTOR('',#2534,1.);
#2534 = DIRECTION('',(0.,0.,1.));
#2535 = ORIENTED_EDGE('',*,*,#1407,.F.);
#2536 = ORIENTED_EDGE('',*,*,#2530,.F.);
#2537 = CYLINDRICAL_SURFACE('',#2538,0.5);
#2538 = AXIS2_PLACEMENT_3D('',#2539,#2540,#2541);
#2539 = CARTESIAN_POINT('',(168.685369,-110.124556,-4.6E-02));
#2540 = DIRECTION('',(-0.,-0.,-1.));
#2541 = DIRECTION('',(-0.,-1.,0.));
#2542 = ADVANCED_FACE('',(#2543),#2554,.F.);
#2543 = FACE_BOUND('',#2544,.T.);
#2544 = EDGE_LOOP('',(#2545,#2546,#2552,#2553));
#2545 = ORIENTED_EDGE('',*,*,#486,.T.);
#2546 = ORIENTED_EDGE('',*,*,#2547,.T.);
#2547 = EDGE_CURVE('',#487,#1419,#2548,.T.);
#2548 = LINE('',#2549,#2550);
#2549 = CARTESIAN_POINT('',(171.225369,-110.624556,-4.6E-02));
#2550 = VECTOR('',#2551,1.);
#2551 = DIRECTION('',(0.,0.,1.));
#2552 = ORIENTED_EDGE('',*,*,#1418,.F.);
#2553 = ORIENTED_EDGE('',*,*,#2547,.F.);
#2554 = CYLINDRICAL_SURFACE('',#2555,0.5);
#2555 = AXIS2_PLACEMENT_3D('',#2556,#2557,#2558);
#2556 = CARTESIAN_POINT('',(171.225369,-110.124556,-4.6E-02));
#2557 = DIRECTION('',(-0.,-0.,-1.));
#2558 = DIRECTION('',(-0.,-1.,0.));
#2559 = ADVANCED_FACE('',(#2560),#2571,.F.);
#2560 = FACE_BOUND('',#2561,.T.);
#2561 = EDGE_LOOP('',(#2562,#2563,#2569,#2570));
#2562 = ORIENTED_EDGE('',*,*,#497,.T.);
#2563 = ORIENTED_EDGE('',*,*,#2564,.T.);
#2564 = EDGE_CURVE('',#498,#1430,#2565,.T.);
#2565 = LINE('',#2566,#2567);
#2566 = CARTESIAN_POINT('',(168.685369,-108.084556,-4.6E-02));
#2567 = VECTOR('',#2568,1.);
#2568 = DIRECTION('',(0.,0.,1.));
#2569 = ORIENTED_EDGE('',*,*,#1429,.F.);
#2570 = ORIENTED_EDGE('',*,*,#2564,.F.);
#2571 = CYLINDRICAL_SURFACE('',#2572,0.5);
#2572 = AXIS2_PLACEMENT_3D('',#2573,#2574,#2575);
#2573 = CARTESIAN_POINT('',(168.685369,-107.584556,-4.6E-02));
#2574 = DIRECTION('',(-0.,-0.,-1.));
#2575 = DIRECTION('',(-0.,-1.,0.));
#2576 = ADVANCED_FACE('',(#2577),#2588,.F.);
#2577 = FACE_BOUND('',#2578,.T.);
#2578 = EDGE_LOOP('',(#2579,#2580,#2586,#2587));
#2579 = ORIENTED_EDGE('',*,*,#508,.T.);
#2580 = ORIENTED_EDGE('',*,*,#2581,.T.);
#2581 = EDGE_CURVE('',#509,#1441,#2582,.T.);
#2582 = LINE('',#2583,#2584);
#2583 = CARTESIAN_POINT('',(171.225369,-108.084556,-4.6E-02));
#2584 = VECTOR('',#2585,1.);
#2585 = DIRECTION('',(0.,0.,1.));
#2586 = ORIENTED_EDGE('',*,*,#1440,.F.);
#2587 = ORIENTED_EDGE('',*,*,#2581,.F.);
#2588 = CYLINDRICAL_SURFACE('',#2589,0.5);
#2589 = AXIS2_PLACEMENT_3D('',#2590,#2591,#2592);
#2590 = CARTESIAN_POINT('',(171.225369,-107.584556,-4.6E-02));
#2591 = DIRECTION('',(-0.,-0.,-1.));
#2592 = DIRECTION('',(-0.,-1.,0.));
#2593 = ADVANCED_FACE('',(#2594),#2605,.F.);
#2594 = FACE_BOUND('',#2595,.T.);
#2595 = EDGE_LOOP('',(#2596,#2597,#2603,#2604));
#2596 = ORIENTED_EDGE('',*,*,#519,.T.);
#2597 = ORIENTED_EDGE('',*,*,#2598,.T.);
#2598 = EDGE_CURVE('',#520,#1452,#2599,.T.);
#2599 = LINE('',#2600,#2601);
#2600 = CARTESIAN_POINT('',(168.685369,-105.544556,-4.6E-02));
#2601 = VECTOR('',#2602,1.);
#2602 = DIRECTION('',(0.,0.,1.));
#2603 = ORIENTED_EDGE('',*,*,#1451,.F.);
#2604 = ORIENTED_EDGE('',*,*,#2598,.F.);
#2605 = CYLINDRICAL_SURFACE('',#2606,0.5);
#2606 = AXIS2_PLACEMENT_3D('',#2607,#2608,#2609);
#2607 = CARTESIAN_POINT('',(168.685369,-105.044556,-4.6E-02));
#2608 = DIRECTION('',(-0.,-0.,-1.));
#2609 = DIRECTION('',(-0.,-1.,0.));
#2610 = ADVANCED_FACE('',(#2611),#2622,.F.);
#2611 = FACE_BOUND('',#2612,.T.);
#2612 = EDGE_LOOP('',(#2613,#2614,#2620,#2621));
#2613 = ORIENTED_EDGE('',*,*,#530,.T.);
#2614 = ORIENTED_EDGE('',*,*,#2615,.T.);
#2615 = EDGE_CURVE('',#531,#1463,#2616,.T.);
#2616 = LINE('',#2617,#2618);
#2617 = CARTESIAN_POINT('',(171.225369,-105.544556,-4.6E-02));
#2618 = VECTOR('',#2619,1.);
#2619 = DIRECTION('',(0.,0.,1.));
#2620 = ORIENTED_EDGE('',*,*,#1462,.F.);
#2621 = ORIENTED_EDGE('',*,*,#2615,.F.);
#2622 = CYLINDRICAL_SURFACE('',#2623,0.5);
#2623 = AXIS2_PLACEMENT_3D('',#2624,#2625,#2626);
#2624 = CARTESIAN_POINT('',(171.225369,-105.044556,-4.6E-02));
#2625 = DIRECTION('',(-0.,-0.,-1.));
#2626 = DIRECTION('',(-0.,-1.,0.));
#2627 = ADVANCED_FACE('',(#2628),#2639,.F.);
#2628 = FACE_BOUND('',#2629,.T.);
#2629 = EDGE_LOOP('',(#2630,#2631,#2637,#2638));
#2630 = ORIENTED_EDGE('',*,*,#541,.T.);
#2631 = ORIENTED_EDGE('',*,*,#2632,.T.);
#2632 = EDGE_CURVE('',#542,#1474,#2633,.T.);
#2633 = LINE('',#2634,#2635);
#2634 = CARTESIAN_POINT('',(146.586469,-102.96,-4.6E-02));
#2635 = VECTOR('',#2636,1.);
#2636 = DIRECTION('',(0.,0.,1.));
#2637 = ORIENTED_EDGE('',*,*,#1473,.F.);
#2638 = ORIENTED_EDGE('',*,*,#2632,.F.);
#2639 = CYLINDRICAL_SURFACE('',#2640,0.5);
#2640 = AXIS2_PLACEMENT_3D('',#2641,#2642,#2643);
#2641 = CARTESIAN_POINT('',(146.586469,-102.46,-4.6E-02));
#2642 = DIRECTION('',(-0.,-0.,-1.));
#2643 = DIRECTION('',(-0.,-1.,0.));
#2644 = ADVANCED_FACE('',(#2645),#2656,.F.);
#2645 = FACE_BOUND('',#2646,.T.);
#2646 = EDGE_LOOP('',(#2647,#2648,#2654,#2655));
#2647 = ORIENTED_EDGE('',*,*,#552,.T.);
#2648 = ORIENTED_EDGE('',*,*,#2649,.T.);
#2649 = EDGE_CURVE('',#553,#1485,#2650,.T.);
#2650 = LINE('',#2651,#2652);
#2651 = CARTESIAN_POINT('',(153.836469,-102.96,-4.6E-02));
#2652 = VECTOR('',#2653,1.);
#2653 = DIRECTION('',(0.,0.,1.));
#2654 = ORIENTED_EDGE('',*,*,#1484,.F.);
#2655 = ORIENTED_EDGE('',*,*,#2649,.F.);
#2656 = CYLINDRICAL_SURFACE('',#2657,0.5);
#2657 = AXIS2_PLACEMENT_3D('',#2658,#2659,#2660);
#2658 = CARTESIAN_POINT('',(153.836469,-102.46,-4.6E-02));
#2659 = DIRECTION('',(-0.,-0.,-1.));
#2660 = DIRECTION('',(-0.,-1.,0.));
#2661 = ADVANCED_FACE('',(#2662),#2673,.F.);
#2662 = FACE_BOUND('',#2663,.T.);
#2663 = EDGE_LOOP('',(#2664,#2665,#2671,#2672));
#2664 = ORIENTED_EDGE('',*,*,#563,.T.);
#2665 = ORIENTED_EDGE('',*,*,#2666,.T.);
#2666 = EDGE_CURVE('',#564,#1496,#2667,.T.);
#2667 = LINE('',#2668,#2669);
#2668 = CARTESIAN_POINT('',(146.586469,-100.42,-4.6E-02));
#2669 = VECTOR('',#2670,1.);
#2670 = DIRECTION('',(0.,0.,1.));
#2671 = ORIENTED_EDGE('',*,*,#1495,.F.);
#2672 = ORIENTED_EDGE('',*,*,#2666,.F.);
#2673 = CYLINDRICAL_SURFACE('',#2674,0.5);
#2674 = AXIS2_PLACEMENT_3D('',#2675,#2676,#2677);
#2675 = CARTESIAN_POINT('',(146.586469,-99.92,-4.6E-02));
#2676 = DIRECTION('',(-0.,-0.,-1.));
#2677 = DIRECTION('',(-0.,-1.,0.));
#2678 = ADVANCED_FACE('',(#2679),#2690,.F.);
#2679 = FACE_BOUND('',#2680,.T.);
#2680 = EDGE_LOOP('',(#2681,#2682,#2688,#2689));
#2681 = ORIENTED_EDGE('',*,*,#574,.T.);
#2682 = ORIENTED_EDGE('',*,*,#2683,.T.);
#2683 = EDGE_CURVE('',#575,#1507,#2684,.T.);
#2684 = LINE('',#2685,#2686);
#2685 = CARTESIAN_POINT('',(153.836469,-100.42,-4.6E-02));
#2686 = VECTOR('',#2687,1.);
#2687 = DIRECTION('',(0.,0.,1.));
#2688 = ORIENTED_EDGE('',*,*,#1506,.F.);
#2689 = ORIENTED_EDGE('',*,*,#2683,.F.);
#2690 = CYLINDRICAL_SURFACE('',#2691,0.5);
#2691 = AXIS2_PLACEMENT_3D('',#2692,#2693,#2694);
#2692 = CARTESIAN_POINT('',(153.836469,-99.92,-4.6E-02));
#2693 = DIRECTION('',(-0.,-0.,-1.));
#2694 = DIRECTION('',(-0.,-1.,0.));
#2695 = ADVANCED_FACE('',(#2696),#2707,.F.);
#2696 = FACE_BOUND('',#2697,.T.);
#2697 = EDGE_LOOP('',(#2698,#2699,#2705,#2706));
#2698 = ORIENTED_EDGE('',*,*,#585,.T.);
#2699 = ORIENTED_EDGE('',*,*,#2700,.T.);
#2700 = EDGE_CURVE('',#586,#1518,#2701,.T.);
#2701 = LINE('',#2702,#2703);
#2702 = CARTESIAN_POINT('',(168.685369,-103.004556,-4.6E-02));
#2703 = VECTOR('',#2704,1.);
#2704 = DIRECTION('',(0.,0.,1.));
#2705 = ORIENTED_EDGE('',*,*,#1517,.F.);
#2706 = ORIENTED_EDGE('',*,*,#2700,.F.);
#2707 = CYLINDRICAL_SURFACE('',#2708,0.5);
#2708 = AXIS2_PLACEMENT_3D('',#2709,#2710,#2711);
#2709 = CARTESIAN_POINT('',(168.685369,-102.504556,-4.6E-02));
#2710 = DIRECTION('',(-0.,-0.,-1.));
#2711 = DIRECTION('',(-0.,-1.,0.));
#2712 = ADVANCED_FACE('',(#2713),#2724,.F.);
#2713 = FACE_BOUND('',#2714,.T.);
#2714 = EDGE_LOOP('',(#2715,#2716,#2722,#2723));
#2715 = ORIENTED_EDGE('',*,*,#596,.T.);
#2716 = ORIENTED_EDGE('',*,*,#2717,.T.);
#2717 = EDGE_CURVE('',#597,#1529,#2718,.T.);
#2718 = LINE('',#2719,#2720);
#2719 = CARTESIAN_POINT('',(171.225369,-103.004556,-4.6E-02));
#2720 = VECTOR('',#2721,1.);
#2721 = DIRECTION('',(0.,0.,1.));
#2722 = ORIENTED_EDGE('',*,*,#1528,.F.);
#2723 = ORIENTED_EDGE('',*,*,#2717,.F.);
#2724 = CYLINDRICAL_SURFACE('',#2725,0.5);
#2725 = AXIS2_PLACEMENT_3D('',#2726,#2727,#2728);
#2726 = CARTESIAN_POINT('',(171.225369,-102.504556,-4.6E-02));
#2727 = DIRECTION('',(-0.,-0.,-1.));
#2728 = DIRECTION('',(-0.,-1.,0.));
#2729 = ADVANCED_FACE('',(#2730),#2741,.F.);
#2730 = FACE_BOUND('',#2731,.T.);
#2731 = EDGE_LOOP('',(#2732,#2733,#2739,#2740));
#2732 = ORIENTED_EDGE('',*,*,#607,.T.);
#2733 = ORIENTED_EDGE('',*,*,#2734,.T.);
#2734 = EDGE_CURVE('',#608,#1540,#2735,.T.);
#2735 = LINE('',#2736,#2737);
#2736 = CARTESIAN_POINT('',(168.685369,-100.464556,-4.6E-02));
#2737 = VECTOR('',#2738,1.);
#2738 = DIRECTION('',(0.,0.,1.));
#2739 = ORIENTED_EDGE('',*,*,#1539,.F.);
#2740 = ORIENTED_EDGE('',*,*,#2734,.F.);
#2741 = CYLINDRICAL_SURFACE('',#2742,0.5);
#2742 = AXIS2_PLACEMENT_3D('',#2743,#2744,#2745);
#2743 = CARTESIAN_POINT('',(168.685369,-99.964556,-4.6E-02));
#2744 = DIRECTION('',(-0.,-0.,-1.));
#2745 = DIRECTION('',(-0.,-1.,0.));
#2746 = ADVANCED_FACE('',(#2747),#2758,.F.);
#2747 = FACE_BOUND('',#2748,.T.);
#2748 = EDGE_LOOP('',(#2749,#2750,#2756,#2757));
#2749 = ORIENTED_EDGE('',*,*,#618,.T.);
#2750 = ORIENTED_EDGE('',*,*,#2751,.T.);
#2751 = EDGE_CURVE('',#619,#1551,#2752,.T.);
#2752 = LINE('',#2753,#2754);
#2753 = CARTESIAN_POINT('',(171.225369,-100.464556,-4.6E-02));
#2754 = VECTOR('',#2755,1.);
#2755 = DIRECTION('',(0.,0.,1.));
#2756 = ORIENTED_EDGE('',*,*,#1550,.F.);
#2757 = ORIENTED_EDGE('',*,*,#2751,.F.);
#2758 = CYLINDRICAL_SURFACE('',#2759,0.5);
#2759 = AXIS2_PLACEMENT_3D('',#2760,#2761,#2762);
#2760 = CARTESIAN_POINT('',(171.225369,-99.964556,-4.6E-02));
#2761 = DIRECTION('',(-0.,-0.,-1.));
#2762 = DIRECTION('',(-0.,-1.,0.));
#2763 = ADVANCED_FACE('',(#2764),#2775,.F.);
#2764 = FACE_BOUND('',#2765,.T.);
#2765 = EDGE_LOOP('',(#2766,#2767,#2773,#2774));
#2766 = ORIENTED_EDGE('',*,*,#629,.T.);
#2767 = ORIENTED_EDGE('',*,*,#2768,.T.);
#2768 = EDGE_CURVE('',#630,#1562,#2769,.T.);
#2769 = LINE('',#2770,#2771);
#2770 = CARTESIAN_POINT('',(100.836469,-97.88,-4.6E-02));
#2771 = VECTOR('',#2772,1.);
#2772 = DIRECTION('',(0.,0.,1.));
#2773 = ORIENTED_EDGE('',*,*,#1561,.F.);
#2774 = ORIENTED_EDGE('',*,*,#2768,.F.);
#2775 = CYLINDRICAL_SURFACE('',#2776,0.5);
#2776 = AXIS2_PLACEMENT_3D('',#2777,#2778,#2779);
#2777 = CARTESIAN_POINT('',(100.836469,-97.38,-4.6E-02));
#2778 = DIRECTION('',(-0.,-0.,-1.));
#2779 = DIRECTION('',(-0.,-1.,0.));
#2780 = ADVANCED_FACE('',(#2781),#2792,.F.);
#2781 = FACE_BOUND('',#2782,.T.);
#2782 = EDGE_LOOP('',(#2783,#2784,#2790,#2791));
#2783 = ORIENTED_EDGE('',*,*,#640,.T.);
#2784 = ORIENTED_EDGE('',*,*,#2785,.T.);
#2785 = EDGE_CURVE('',#641,#1573,#2786,.T.);
#2786 = LINE('',#2787,#2788);
#2787 = CARTESIAN_POINT('',(108.086469,-97.88,-4.6E-02));
#2788 = VECTOR('',#2789,1.);
#2789 = DIRECTION('',(0.,0.,1.));
#2790 = ORIENTED_EDGE('',*,*,#1572,.F.);
#2791 = ORIENTED_EDGE('',*,*,#2785,.F.);
#2792 = CYLINDRICAL_SURFACE('',#2793,0.5);
#2793 = AXIS2_PLACEMENT_3D('',#2794,#2795,#2796);
#2794 = CARTESIAN_POINT('',(108.086469,-97.38,-4.6E-02));
#2795 = DIRECTION('',(-0.,-0.,-1.));
#2796 = DIRECTION('',(-0.,-1.,0.));
#2797 = ADVANCED_FACE('',(#2798),#2809,.F.);
#2798 = FACE_BOUND('',#2799,.T.);
#2799 = EDGE_LOOP('',(#2800,#2801,#2807,#2808));
#2800 = ORIENTED_EDGE('',*,*,#651,.T.);
#2801 = ORIENTED_EDGE('',*,*,#2802,.T.);
#2802 = EDGE_CURVE('',#652,#1584,#2803,.T.);
#2803 = LINE('',#2804,#2805);
#2804 = CARTESIAN_POINT('',(100.836469,-95.34,-4.6E-02));
#2805 = VECTOR('',#2806,1.);
#2806 = DIRECTION('',(0.,0.,1.));
#2807 = ORIENTED_EDGE('',*,*,#1583,.F.);
#2808 = ORIENTED_EDGE('',*,*,#2802,.F.);
#2809 = CYLINDRICAL_SURFACE('',#2810,0.5);
#2810 = AXIS2_PLACEMENT_3D('',#2811,#2812,#2813);
#2811 = CARTESIAN_POINT('',(100.836469,-94.84,-4.6E-02));
#2812 = DIRECTION('',(-0.,-0.,-1.));
#2813 = DIRECTION('',(-0.,-1.,0.));
#2814 = ADVANCED_FACE('',(#2815),#2826,.F.);
#2815 = FACE_BOUND('',#2816,.T.);
#2816 = EDGE_LOOP('',(#2817,#2818,#2824,#2825));
#2817 = ORIENTED_EDGE('',*,*,#662,.T.);
#2818 = ORIENTED_EDGE('',*,*,#2819,.T.);
#2819 = EDGE_CURVE('',#663,#1595,#2820,.T.);
#2820 = LINE('',#2821,#2822);
#2821 = CARTESIAN_POINT('',(108.086469,-95.34,-4.6E-02));
#2822 = VECTOR('',#2823,1.);
#2823 = DIRECTION('',(0.,0.,1.));
#2824 = ORIENTED_EDGE('',*,*,#1594,.F.);
#2825 = ORIENTED_EDGE('',*,*,#2819,.F.);
#2826 = CYLINDRICAL_SURFACE('',#2827,0.5);
#2827 = AXIS2_PLACEMENT_3D('',#2828,#2829,#2830);
#2828 = CARTESIAN_POINT('',(108.086469,-94.84,-4.6E-02));
#2829 = DIRECTION('',(-0.,-0.,-1.));
#2830 = DIRECTION('',(-0.,-1.,0.));
#2831 = ADVANCED_FACE('',(#2832),#2843,.F.);
#2832 = FACE_BOUND('',#2833,.T.);
#2833 = EDGE_LOOP('',(#2834,#2835,#2841,#2842));
#2834 = ORIENTED_EDGE('',*,*,#673,.T.);
#2835 = ORIENTED_EDGE('',*,*,#2836,.T.);
#2836 = EDGE_CURVE('',#674,#1606,#2837,.T.);
#2837 = LINE('',#2838,#2839);
#2838 = CARTESIAN_POINT('',(126.141369,-97.924556,-4.6E-02));
#2839 = VECTOR('',#2840,1.);
#2840 = DIRECTION('',(0.,0.,1.));
#2841 = ORIENTED_EDGE('',*,*,#1605,.F.);
#2842 = ORIENTED_EDGE('',*,*,#2836,.F.);
#2843 = CYLINDRICAL_SURFACE('',#2844,0.5);
#2844 = AXIS2_PLACEMENT_3D('',#2845,#2846,#2847);
#2845 = CARTESIAN_POINT('',(126.141369,-97.424556,-4.6E-02));
#2846 = DIRECTION('',(-0.,-0.,-1.));
#2847 = DIRECTION('',(-0.,-1.,0.));
#2848 = ADVANCED_FACE('',(#2849),#2860,.F.);
#2849 = FACE_BOUND('',#2850,.T.);
#2850 = EDGE_LOOP('',(#2851,#2852,#2858,#2859));
#2851 = ORIENTED_EDGE('',*,*,#684,.T.);
#2852 = ORIENTED_EDGE('',*,*,#2853,.T.);
#2853 = EDGE_CURVE('',#685,#1617,#2854,.T.);
#2854 = LINE('',#2855,#2856);
#2855 = CARTESIAN_POINT('',(128.681369,-97.924556,-4.6E-02));
#2856 = VECTOR('',#2857,1.);
#2857 = DIRECTION('',(0.,0.,1.));
#2858 = ORIENTED_EDGE('',*,*,#1616,.F.);
#2859 = ORIENTED_EDGE('',*,*,#2853,.F.);
#2860 = CYLINDRICAL_SURFACE('',#2861,0.5);
#2861 = AXIS2_PLACEMENT_3D('',#2862,#2863,#2864);
#2862 = CARTESIAN_POINT('',(128.681369,-97.424556,-4.6E-02));
#2863 = DIRECTION('',(-0.,-0.,-1.));
#2864 = DIRECTION('',(-0.,-1.,0.));
#2865 = ADVANCED_FACE('',(#2866),#2877,.F.);
#2866 = FACE_BOUND('',#2867,.T.);
#2867 = EDGE_LOOP('',(#2868,#2869,#2875,#2876));
#2868 = ORIENTED_EDGE('',*,*,#695,.T.);
#2869 = ORIENTED_EDGE('',*,*,#2870,.T.);
#2870 = EDGE_CURVE('',#696,#1628,#2871,.T.);
#2871 = LINE('',#2872,#2873);
#2872 = CARTESIAN_POINT('',(126.141369,-95.384556,-4.6E-02));
#2873 = VECTOR('',#2874,1.);
#2874 = DIRECTION('',(0.,0.,1.));
#2875 = ORIENTED_EDGE('',*,*,#1627,.F.);
#2876 = ORIENTED_EDGE('',*,*,#2870,.F.);
#2877 = CYLINDRICAL_SURFACE('',#2878,0.5);
#2878 = AXIS2_PLACEMENT_3D('',#2879,#2880,#2881);
#2879 = CARTESIAN_POINT('',(126.141369,-94.884556,-4.6E-02));
#2880 = DIRECTION('',(-0.,-0.,-1.));
#2881 = DIRECTION('',(-0.,-1.,0.));
#2882 = ADVANCED_FACE('',(#2883),#2894,.F.);
#2883 = FACE_BOUND('',#2884,.T.);
#2884 = EDGE_LOOP('',(#2885,#2886,#2892,#2893));
#2885 = ORIENTED_EDGE('',*,*,#706,.T.);
#2886 = ORIENTED_EDGE('',*,*,#2887,.T.);
#2887 = EDGE_CURVE('',#707,#1639,#2888,.T.);
#2888 = LINE('',#2889,#2890);
#2889 = CARTESIAN_POINT('',(128.681369,-95.384556,-4.6E-02));
#2890 = VECTOR('',#2891,1.);
#2891 = DIRECTION('',(0.,0.,1.));
#2892 = ORIENTED_EDGE('',*,*,#1638,.F.);
#2893 = ORIENTED_EDGE('',*,*,#2887,.F.);
#2894 = CYLINDRICAL_SURFACE('',#2895,0.5);
#2895 = AXIS2_PLACEMENT_3D('',#2896,#2897,#2898);
#2896 = CARTESIAN_POINT('',(128.681369,-94.884556,-4.6E-02));
#2897 = DIRECTION('',(-0.,-0.,-1.));
#2898 = DIRECTION('',(-0.,-1.,0.));
#2899 = ADVANCED_FACE('',(#2900),#2911,.F.);
#2900 = FACE_BOUND('',#2901,.T.);
#2901 = EDGE_LOOP('',(#2902,#2903,#2909,#2910));
#2902 = ORIENTED_EDGE('',*,*,#717,.T.);
#2903 = ORIENTED_EDGE('',*,*,#2904,.T.);
#2904 = EDGE_CURVE('',#718,#1650,#2905,.T.);
#2905 = LINE('',#2906,#2907);
#2906 = CARTESIAN_POINT('',(100.836469,-92.8,-4.6E-02));
#2907 = VECTOR('',#2908,1.);
#2908 = DIRECTION('',(0.,0.,1.));
#2909 = ORIENTED_EDGE('',*,*,#1649,.F.);
#2910 = ORIENTED_EDGE('',*,*,#2904,.F.);
#2911 = CYLINDRICAL_SURFACE('',#2912,0.5);
#2912 = AXIS2_PLACEMENT_3D('',#2913,#2914,#2915);
#2913 = CARTESIAN_POINT('',(100.836469,-92.3,-4.6E-02));
#2914 = DIRECTION('',(-0.,-0.,-1.));
#2915 = DIRECTION('',(-0.,-1.,0.));
#2916 = ADVANCED_FACE('',(#2917),#2928,.F.);
#2917 = FACE_BOUND('',#2918,.T.);
#2918 = EDGE_LOOP('',(#2919,#2920,#2926,#2927));
#2919 = ORIENTED_EDGE('',*,*,#728,.T.);
#2920 = ORIENTED_EDGE('',*,*,#2921,.T.);
#2921 = EDGE_CURVE('',#729,#1661,#2922,.T.);
#2922 = LINE('',#2923,#2924);
#2923 = CARTESIAN_POINT('',(108.086469,-92.8,-4.6E-02));
#2924 = VECTOR('',#2925,1.);
#2925 = DIRECTION('',(0.,0.,1.));
#2926 = ORIENTED_EDGE('',*,*,#1660,.F.);
#2927 = ORIENTED_EDGE('',*,*,#2921,.F.);
#2928 = CYLINDRICAL_SURFACE('',#2929,0.5);
#2929 = AXIS2_PLACEMENT_3D('',#2930,#2931,#2932);
#2930 = CARTESIAN_POINT('',(108.086469,-92.3,-4.6E-02));
#2931 = DIRECTION('',(-0.,-0.,-1.));
#2932 = DIRECTION('',(-0.,-1.,0.));
#2933 = ADVANCED_FACE('',(#2934),#2945,.F.);
#2934 = FACE_BOUND('',#2935,.T.);
#2935 = EDGE_LOOP('',(#2936,#2937,#2943,#2944));
#2936 = ORIENTED_EDGE('',*,*,#739,.T.);
#2937 = ORIENTED_EDGE('',*,*,#2938,.T.);
#2938 = EDGE_CURVE('',#740,#1672,#2939,.T.);
#2939 = LINE('',#2940,#2941);
#2940 = CARTESIAN_POINT('',(100.836469,-90.26,-4.6E-02));
#2941 = VECTOR('',#2942,1.);
#2942 = DIRECTION('',(0.,0.,1.));
#2943 = ORIENTED_EDGE('',*,*,#1671,.F.);
#2944 = ORIENTED_EDGE('',*,*,#2938,.F.);
#2945 = CYLINDRICAL_SURFACE('',#2946,0.5);
#2946 = AXIS2_PLACEMENT_3D('',#2947,#2948,#2949);
#2947 = CARTESIAN_POINT('',(100.836469,-89.76,-4.6E-02));
#2948 = DIRECTION('',(-0.,-0.,-1.));
#2949 = DIRECTION('',(-0.,-1.,0.));
#2950 = ADVANCED_FACE('',(#2951),#2962,.F.);
#2951 = FACE_BOUND('',#2952,.T.);
#2952 = EDGE_LOOP('',(#2953,#2954,#2960,#2961));
#2953 = ORIENTED_EDGE('',*,*,#750,.T.);
#2954 = ORIENTED_EDGE('',*,*,#2955,.T.);
#2955 = EDGE_CURVE('',#751,#1683,#2956,.T.);
#2956 = LINE('',#2957,#2958);
#2957 = CARTESIAN_POINT('',(108.086469,-90.26,-4.6E-02));
#2958 = VECTOR('',#2959,1.);
#2959 = DIRECTION('',(0.,0.,1.));
#2960 = ORIENTED_EDGE('',*,*,#1682,.F.);
#2961 = ORIENTED_EDGE('',*,*,#2955,.F.);
#2962 = CYLINDRICAL_SURFACE('',#2963,0.5);
#2963 = AXIS2_PLACEMENT_3D('',#2964,#2965,#2966);
#2964 = CARTESIAN_POINT('',(108.086469,-89.76,-4.6E-02));
#2965 = DIRECTION('',(-0.,-0.,-1.));
#2966 = DIRECTION('',(-0.,-1.,0.));
#2967 = ADVANCED_FACE('',(#2968),#2979,.F.);
#2968 = FACE_BOUND('',#2969,.T.);
#2969 = EDGE_LOOP('',(#2970,#2971,#2977,#2978));
#2970 = ORIENTED_EDGE('',*,*,#761,.T.);
#2971 = ORIENTED_EDGE('',*,*,#2972,.T.);
#2972 = EDGE_CURVE('',#762,#1694,#2973,.T.);
#2973 = LINE('',#2974,#2975);
#2974 = CARTESIAN_POINT('',(100.836469,-87.72,-4.6E-02));
#2975 = VECTOR('',#2976,1.);
#2976 = DIRECTION('',(0.,0.,1.));
#2977 = ORIENTED_EDGE('',*,*,#1693,.F.);
#2978 = ORIENTED_EDGE('',*,*,#2972,.F.);
#2979 = CYLINDRICAL_SURFACE('',#2980,0.5);
#2980 = AXIS2_PLACEMENT_3D('',#2981,#2982,#2983);
#2981 = CARTESIAN_POINT('',(100.836469,-87.22,-4.6E-02));
#2982 = DIRECTION('',(-0.,-0.,-1.));
#2983 = DIRECTION('',(-0.,-1.,0.));
#2984 = ADVANCED_FACE('',(#2985),#2996,.F.);
#2985 = FACE_BOUND('',#2986,.T.);
#2986 = EDGE_LOOP('',(#2987,#2988,#2994,#2995));
#2987 = ORIENTED_EDGE('',*,*,#772,.T.);
#2988 = ORIENTED_EDGE('',*,*,#2989,.T.);
#2989 = EDGE_CURVE('',#773,#1705,#2990,.T.);
#2990 = LINE('',#2991,#2992);
#2991 = CARTESIAN_POINT('',(108.086469,-87.72,-4.6E-02));
#2992 = VECTOR('',#2993,1.);
#2993 = DIRECTION('',(0.,0.,1.));
#2994 = ORIENTED_EDGE('',*,*,#1704,.F.);
#2995 = ORIENTED_EDGE('',*,*,#2989,.F.);
#2996 = CYLINDRICAL_SURFACE('',#2997,0.5);
#2997 = AXIS2_PLACEMENT_3D('',#2998,#2999,#3000);
#2998 = CARTESIAN_POINT('',(108.086469,-87.22,-4.6E-02));
#2999 = DIRECTION('',(-0.,-0.,-1.));
#3000 = DIRECTION('',(-0.,-1.,0.));
#3001 = ADVANCED_FACE('',(#3002),#3013,.F.);
#3002 = FACE_BOUND('',#3003,.T.);
#3003 = EDGE_LOOP('',(#3004,#3005,#3011,#3012));
#3004 = ORIENTED_EDGE('',*,*,#783,.T.);
#3005 = ORIENTED_EDGE('',*,*,#3006,.T.);
#3006 = EDGE_CURVE('',#784,#1716,#3007,.T.);
#3007 = LINE('',#3008,#3009);
#3008 = CARTESIAN_POINT('',(126.141369,-92.844556,-4.6E-02));
#3009 = VECTOR('',#3010,1.);
#3010 = DIRECTION('',(0.,0.,1.));
#3011 = ORIENTED_EDGE('',*,*,#1715,.F.);
#3012 = ORIENTED_EDGE('',*,*,#3006,.F.);
#3013 = CYLINDRICAL_SURFACE('',#3014,0.5);
#3014 = AXIS2_PLACEMENT_3D('',#3015,#3016,#3017);
#3015 = CARTESIAN_POINT('',(126.141369,-92.344556,-4.6E-02));
#3016 = DIRECTION('',(-0.,-0.,-1.));
#3017 = DIRECTION('',(-0.,-1.,0.));
#3018 = ADVANCED_FACE('',(#3019),#3030,.F.);
#3019 = FACE_BOUND('',#3020,.T.);
#3020 = EDGE_LOOP('',(#3021,#3022,#3028,#3029));
#3021 = ORIENTED_EDGE('',*,*,#794,.T.);
#3022 = ORIENTED_EDGE('',*,*,#3023,.T.);
#3023 = EDGE_CURVE('',#795,#1727,#3024,.T.);
#3024 = LINE('',#3025,#3026);
#3025 = CARTESIAN_POINT('',(126.141369,-90.304556,-4.6E-02));
#3026 = VECTOR('',#3027,1.);
#3027 = DIRECTION('',(0.,0.,1.));
#3028 = ORIENTED_EDGE('',*,*,#1726,.F.);
#3029 = ORIENTED_EDGE('',*,*,#3023,.F.);
#3030 = CYLINDRICAL_SURFACE('',#3031,0.5);
#3031 = AXIS2_PLACEMENT_3D('',#3032,#3033,#3034);
#3032 = CARTESIAN_POINT('',(126.141369,-89.804556,-4.6E-02));
#3033 = DIRECTION('',(-0.,-0.,-1.));
#3034 = DIRECTION('',(-0.,-1.,0.));
#3035 = ADVANCED_FACE('',(#3036),#3047,.F.);
#3036 = FACE_BOUND('',#3037,.T.);
#3037 = EDGE_LOOP('',(#3038,#3039,#3045,#3046));
#3038 = ORIENTED_EDGE('',*,*,#805,.T.);
#3039 = ORIENTED_EDGE('',*,*,#3040,.T.);
#3040 = EDGE_CURVE('',#806,#1738,#3041,.T.);
#3041 = LINE('',#3042,#3043);
#3042 = CARTESIAN_POINT('',(128.681369,-92.844556,-4.6E-02));
#3043 = VECTOR('',#3044,1.);
#3044 = DIRECTION('',(0.,0.,1.));
#3045 = ORIENTED_EDGE('',*,*,#1737,.F.);
#3046 = ORIENTED_EDGE('',*,*,#3040,.F.);
#3047 = CYLINDRICAL_SURFACE('',#3048,0.5);
#3048 = AXIS2_PLACEMENT_3D('',#3049,#3050,#3051);
#3049 = CARTESIAN_POINT('',(128.681369,-92.344556,-4.6E-02));
#3050 = DIRECTION('',(-0.,-0.,-1.));
#3051 = DIRECTION('',(-0.,-1.,0.));
#3052 = ADVANCED_FACE('',(#3053),#3064,.F.);
#3053 = FACE_BOUND('',#3054,.T.);
#3054 = EDGE_LOOP('',(#3055,#3056,#3062,#3063));
#3055 = ORIENTED_EDGE('',*,*,#816,.T.);
#3056 = ORIENTED_EDGE('',*,*,#3057,.T.);
#3057 = EDGE_CURVE('',#817,#1749,#3058,.T.);
#3058 = LINE('',#3059,#3060);
#3059 = CARTESIAN_POINT('',(128.681369,-90.304556,-4.6E-02));
#3060 = VECTOR('',#3061,1.);
#3061 = DIRECTION('',(0.,0.,1.));
#3062 = ORIENTED_EDGE('',*,*,#1748,.F.);
#3063 = ORIENTED_EDGE('',*,*,#3057,.F.);
#3064 = CYLINDRICAL_SURFACE('',#3065,0.5);
#3065 = AXIS2_PLACEMENT_3D('',#3066,#3067,#3068);
#3066 = CARTESIAN_POINT('',(128.681369,-89.804556,-4.6E-02));
#3067 = DIRECTION('',(-0.,-0.,-1.));
#3068 = DIRECTION('',(-0.,-1.,0.));
#3069 = ADVANCED_FACE('',(#3070),#3081,.F.);
#3070 = FACE_BOUND('',#3071,.T.);
#3071 = EDGE_LOOP('',(#3072,#3073,#3079,#3080));
#3072 = ORIENTED_EDGE('',*,*,#827,.T.);
#3073 = ORIENTED_EDGE('',*,*,#3074,.T.);
#3074 = EDGE_CURVE('',#828,#1760,#3075,.T.);
#3075 = LINE('',#3076,#3077);
#3076 = CARTESIAN_POINT('',(126.141369,-87.764556,-4.6E-02));
#3077 = VECTOR('',#3078,1.);
#3078 = DIRECTION('',(0.,0.,1.));
#3079 = ORIENTED_EDGE('',*,*,#1759,.F.);
#3080 = ORIENTED_EDGE('',*,*,#3074,.F.);
#3081 = CYLINDRICAL_SURFACE('',#3082,0.5);
#3082 = AXIS2_PLACEMENT_3D('',#3083,#3084,#3085);
#3083 = CARTESIAN_POINT('',(126.141369,-87.264556,-4.6E-02));
#3084 = DIRECTION('',(-0.,-0.,-1.));
#3085 = DIRECTION('',(-0.,-1.,0.));
#3086 = ADVANCED_FACE('',(#3087),#3098,.F.);
#3087 = FACE_BOUND('',#3088,.T.);
#3088 = EDGE_LOOP('',(#3089,#3090,#3096,#3097));
#3089 = ORIENTED_EDGE('',*,*,#838,.T.);
#3090 = ORIENTED_EDGE('',*,*,#3091,.T.);
#3091 = EDGE_CURVE('',#839,#1771,#3092,.T.);
#3092 = LINE('',#3093,#3094);
#3093 = CARTESIAN_POINT('',(128.681369,-87.764556,-4.6E-02));
#3094 = VECTOR('',#3095,1.);
#3095 = DIRECTION('',(0.,0.,1.));
#3096 = ORIENTED_EDGE('',*,*,#1770,.F.);
#3097 = ORIENTED_EDGE('',*,*,#3091,.F.);
#3098 = CYLINDRICAL_SURFACE('',#3099,0.5);
#3099 = AXIS2_PLACEMENT_3D('',#3100,#3101,#3102);
#3100 = CARTESIAN_POINT('',(128.681369,-87.264556,-4.6E-02));
#3101 = DIRECTION('',(-0.,-0.,-1.));
#3102 = DIRECTION('',(-0.,-1.,0.));
#3103 = ADVANCED_FACE('',(#3104),#3115,.F.);
#3104 = FACE_BOUND('',#3105,.T.);
#3105 = EDGE_LOOP('',(#3106,#3107,#3113,#3114));
#3106 = ORIENTED_EDGE('',*,*,#849,.T.);
#3107 = ORIENTED_EDGE('',*,*,#3108,.T.);
#3108 = EDGE_CURVE('',#850,#1782,#3109,.T.);
#3109 = LINE('',#3110,#3111);
#3110 = CARTESIAN_POINT('',(146.586469,-97.88,-4.6E-02));
#3111 = VECTOR('',#3112,1.);
#3112 = DIRECTION('',(0.,0.,1.));
#3113 = ORIENTED_EDGE('',*,*,#1781,.F.);
#3114 = ORIENTED_EDGE('',*,*,#3108,.F.);
#3115 = CYLINDRICAL_SURFACE('',#3116,0.5);
#3116 = AXIS2_PLACEMENT_3D('',#3117,#3118,#3119);
#3117 = CARTESIAN_POINT('',(146.586469,-97.38,-4.6E-02));
#3118 = DIRECTION('',(-0.,-0.,-1.));
#3119 = DIRECTION('',(-0.,-1.,0.));
#3120 = ADVANCED_FACE('',(#3121),#3132,.F.);
#3121 = FACE_BOUND('',#3122,.T.);
#3122 = EDGE_LOOP('',(#3123,#3124,#3130,#3131));
#3123 = ORIENTED_EDGE('',*,*,#860,.T.);
#3124 = ORIENTED_EDGE('',*,*,#3125,.T.);
#3125 = EDGE_CURVE('',#861,#1793,#3126,.T.);
#3126 = LINE('',#3127,#3128);
#3127 = CARTESIAN_POINT('',(153.836469,-97.88,-4.6E-02));
#3128 = VECTOR('',#3129,1.);
#3129 = DIRECTION('',(0.,0.,1.));
#3130 = ORIENTED_EDGE('',*,*,#1792,.F.);
#3131 = ORIENTED_EDGE('',*,*,#3125,.F.);
#3132 = CYLINDRICAL_SURFACE('',#3133,0.5);
#3133 = AXIS2_PLACEMENT_3D('',#3134,#3135,#3136);
#3134 = CARTESIAN_POINT('',(153.836469,-97.38,-4.6E-02));
#3135 = DIRECTION('',(-0.,-0.,-1.));
#3136 = DIRECTION('',(-0.,-1.,0.));
#3137 = ADVANCED_FACE('',(#3138),#3149,.F.);
#3138 = FACE_BOUND('',#3139,.T.);
#3139 = EDGE_LOOP('',(#3140,#3141,#3147,#3148));
#3140 = ORIENTED_EDGE('',*,*,#871,.T.);
#3141 = ORIENTED_EDGE('',*,*,#3142,.T.);
#3142 = EDGE_CURVE('',#872,#1804,#3143,.T.);
#3143 = LINE('',#3144,#3145);
#3144 = CARTESIAN_POINT('',(146.586469,-95.34,-4.6E-02));
#3145 = VECTOR('',#3146,1.);
#3146 = DIRECTION('',(0.,0.,1.));
#3147 = ORIENTED_EDGE('',*,*,#1803,.F.);
#3148 = ORIENTED_EDGE('',*,*,#3142,.F.);
#3149 = CYLINDRICAL_SURFACE('',#3150,0.5);
#3150 = AXIS2_PLACEMENT_3D('',#3151,#3152,#3153);
#3151 = CARTESIAN_POINT('',(146.586469,-94.84,-4.6E-02));
#3152 = DIRECTION('',(-0.,-0.,-1.));
#3153 = DIRECTION('',(-0.,-1.,0.));
#3154 = ADVANCED_FACE('',(#3155),#3166,.F.);
#3155 = FACE_BOUND('',#3156,.T.);
#3156 = EDGE_LOOP('',(#3157,#3158,#3164,#3165));
#3157 = ORIENTED_EDGE('',*,*,#882,.T.);
#3158 = ORIENTED_EDGE('',*,*,#3159,.T.);
#3159 = EDGE_CURVE('',#883,#1815,#3160,.T.);
#3160 = LINE('',#3161,#3162);
#3161 = CARTESIAN_POINT('',(153.836469,-95.34,-4.6E-02));
#3162 = VECTOR('',#3163,1.);
#3163 = DIRECTION('',(0.,0.,1.));
#3164 = ORIENTED_EDGE('',*,*,#1814,.F.);
#3165 = ORIENTED_EDGE('',*,*,#3159,.F.);
#3166 = CYLINDRICAL_SURFACE('',#3167,0.5);
#3167 = AXIS2_PLACEMENT_3D('',#3168,#3169,#3170);
#3168 = CARTESIAN_POINT('',(153.836469,-94.84,-4.6E-02));
#3169 = DIRECTION('',(-0.,-0.,-1.));
#3170 = DIRECTION('',(-0.,-1.,0.));
#3171 = ADVANCED_FACE('',(#3172),#3183,.F.);
#3172 = FACE_BOUND('',#3173,.T.);
#3173 = EDGE_LOOP('',(#3174,#3175,#3181,#3182));
#3174 = ORIENTED_EDGE('',*,*,#893,.T.);
#3175 = ORIENTED_EDGE('',*,*,#3176,.T.);
#3176 = EDGE_CURVE('',#894,#1826,#3177,.T.);
#3177 = LINE('',#3178,#3179);
#3178 = CARTESIAN_POINT('',(168.685369,-97.924556,-4.6E-02));
#3179 = VECTOR('',#3180,1.);
#3180 = DIRECTION('',(0.,0.,1.));
#3181 = ORIENTED_EDGE('',*,*,#1825,.F.);
#3182 = ORIENTED_EDGE('',*,*,#3176,.F.);
#3183 = CYLINDRICAL_SURFACE('',#3184,0.5);
#3184 = AXIS2_PLACEMENT_3D('',#3185,#3186,#3187);
#3185 = CARTESIAN_POINT('',(168.685369,-97.424556,-4.6E-02));
#3186 = DIRECTION('',(-0.,-0.,-1.));
#3187 = DIRECTION('',(-0.,-1.,0.));
#3188 = ADVANCED_FACE('',(#3189),#3200,.F.);
#3189 = FACE_BOUND('',#3190,.T.);
#3190 = EDGE_LOOP('',(#3191,#3192,#3198,#3199));
#3191 = ORIENTED_EDGE('',*,*,#904,.T.);
#3192 = ORIENTED_EDGE('',*,*,#3193,.T.);
#3193 = EDGE_CURVE('',#905,#1837,#3194,.T.);
#3194 = LINE('',#3195,#3196);
#3195 = CARTESIAN_POINT('',(171.225369,-97.924556,-4.6E-02));
#3196 = VECTOR('',#3197,1.);
#3197 = DIRECTION('',(0.,0.,1.));
#3198 = ORIENTED_EDGE('',*,*,#1836,.F.);
#3199 = ORIENTED_EDGE('',*,*,#3193,.F.);
#3200 = CYLINDRICAL_SURFACE('',#3201,0.5);
#3201 = AXIS2_PLACEMENT_3D('',#3202,#3203,#3204);
#3202 = CARTESIAN_POINT('',(171.225369,-97.424556,-4.6E-02));
#3203 = DIRECTION('',(-0.,-0.,-1.));
#3204 = DIRECTION('',(-0.,-1.,0.));
#3205 = ADVANCED_FACE('',(#3206),#3217,.F.);
#3206 = FACE_BOUND('',#3207,.T.);
#3207 = EDGE_LOOP('',(#3208,#3209,#3215,#3216));
#3208 = ORIENTED_EDGE('',*,*,#915,.T.);
#3209 = ORIENTED_EDGE('',*,*,#3210,.T.);
#3210 = EDGE_CURVE('',#916,#1848,#3211,.T.);
#3211 = LINE('',#3212,#3213);
#3212 = CARTESIAN_POINT('',(168.685369,-95.384556,-4.6E-02));
#3213 = VECTOR('',#3214,1.);
#3214 = DIRECTION('',(0.,0.,1.));
#3215 = ORIENTED_EDGE('',*,*,#1847,.F.);
#3216 = ORIENTED_EDGE('',*,*,#3210,.F.);
#3217 = CYLINDRICAL_SURFACE('',#3218,0.5);
#3218 = AXIS2_PLACEMENT_3D('',#3219,#3220,#3221);
#3219 = CARTESIAN_POINT('',(168.685369,-94.884556,-4.6E-02));
#3220 = DIRECTION('',(-0.,-0.,-1.));
#3221 = DIRECTION('',(-0.,-1.,0.));
#3222 = ADVANCED_FACE('',(#3223),#3234,.F.);
#3223 = FACE_BOUND('',#3224,.T.);
#3224 = EDGE_LOOP('',(#3225,#3226,#3232,#3233));
#3225 = ORIENTED_EDGE('',*,*,#926,.T.);
#3226 = ORIENTED_EDGE('',*,*,#3227,.T.);
#3227 = EDGE_CURVE('',#927,#1859,#3228,.T.);
#3228 = LINE('',#3229,#3230);
#3229 = CARTESIAN_POINT('',(171.225369,-95.384556,-4.6E-02));
#3230 = VECTOR('',#3231,1.);
#3231 = DIRECTION('',(0.,0.,1.));
#3232 = ORIENTED_EDGE('',*,*,#1858,.F.);
#3233 = ORIENTED_EDGE('',*,*,#3227,.F.);
#3234 = CYLINDRICAL_SURFACE('',#3235,0.5);
#3235 = AXIS2_PLACEMENT_3D('',#3236,#3237,#3238);
#3236 = CARTESIAN_POINT('',(171.225369,-94.884556,-4.6E-02));
#3237 = DIRECTION('',(-0.,-0.,-1.));
#3238 = DIRECTION('',(-0.,-1.,0.));
#3239 = ADVANCED_FACE('',(#3240),#3251,.F.);
#3240 = FACE_BOUND('',#3241,.T.);
#3241 = EDGE_LOOP('',(#3242,#3243,#3249,#3250));
#3242 = ORIENTED_EDGE('',*,*,#937,.T.);
#3243 = ORIENTED_EDGE('',*,*,#3244,.T.);
#3244 = EDGE_CURVE('',#938,#1870,#3245,.T.);
#3245 = LINE('',#3246,#3247);
#3246 = CARTESIAN_POINT('',(146.586469,-92.8,-4.6E-02));
#3247 = VECTOR('',#3248,1.);
#3248 = DIRECTION('',(0.,0.,1.));
#3249 = ORIENTED_EDGE('',*,*,#1869,.F.);
#3250 = ORIENTED_EDGE('',*,*,#3244,.F.);
#3251 = CYLINDRICAL_SURFACE('',#3252,0.5);
#3252 = AXIS2_PLACEMENT_3D('',#3253,#3254,#3255);
#3253 = CARTESIAN_POINT('',(146.586469,-92.3,-4.6E-02));
#3254 = DIRECTION('',(-0.,-0.,-1.));
#3255 = DIRECTION('',(-0.,-1.,0.));
#3256 = ADVANCED_FACE('',(#3257),#3268,.F.);
#3257 = FACE_BOUND('',#3258,.T.);
#3258 = EDGE_LOOP('',(#3259,#3260,#3266,#3267));
#3259 = ORIENTED_EDGE('',*,*,#948,.T.);
#3260 = ORIENTED_EDGE('',*,*,#3261,.T.);
#3261 = EDGE_CURVE('',#949,#1881,#3262,.T.);
#3262 = LINE('',#3263,#3264);
#3263 = CARTESIAN_POINT('',(153.836469,-92.8,-4.6E-02));
#3264 = VECTOR('',#3265,1.);
#3265 = DIRECTION('',(0.,0.,1.));
#3266 = ORIENTED_EDGE('',*,*,#1880,.F.);
#3267 = ORIENTED_EDGE('',*,*,#3261,.F.);
#3268 = CYLINDRICAL_SURFACE('',#3269,0.5);
#3269 = AXIS2_PLACEMENT_3D('',#3270,#3271,#3272);
#3270 = CARTESIAN_POINT('',(153.836469,-92.3,-4.6E-02));
#3271 = DIRECTION('',(-0.,-0.,-1.));
#3272 = DIRECTION('',(-0.,-1.,0.));
#3273 = ADVANCED_FACE('',(#3274),#3285,.F.);
#3274 = FACE_BOUND('',#3275,.T.);
#3275 = EDGE_LOOP('',(#3276,#3277,#3283,#3284));
#3276 = ORIENTED_EDGE('',*,*,#959,.T.);
#3277 = ORIENTED_EDGE('',*,*,#3278,.T.);
#3278 = EDGE_CURVE('',#960,#1892,#3279,.T.);
#3279 = LINE('',#3280,#3281);
#3280 = CARTESIAN_POINT('',(146.586469,-90.26,-4.6E-02));
#3281 = VECTOR('',#3282,1.);
#3282 = DIRECTION('',(0.,0.,1.));
#3283 = ORIENTED_EDGE('',*,*,#1891,.F.);
#3284 = ORIENTED_EDGE('',*,*,#3278,.F.);
#3285 = CYLINDRICAL_SURFACE('',#3286,0.5);
#3286 = AXIS2_PLACEMENT_3D('',#3287,#3288,#3289);
#3287 = CARTESIAN_POINT('',(146.586469,-89.76,-4.6E-02));
#3288 = DIRECTION('',(-0.,-0.,-1.));
#3289 = DIRECTION('',(-0.,-1.,0.));
#3290 = ADVANCED_FACE('',(#3291),#3302,.F.);
#3291 = FACE_BOUND('',#3292,.T.);
#3292 = EDGE_LOOP('',(#3293,#3294,#3300,#3301));
#3293 = ORIENTED_EDGE('',*,*,#970,.T.);
#3294 = ORIENTED_EDGE('',*,*,#3295,.T.);
#3295 = EDGE_CURVE('',#971,#1903,#3296,.T.);
#3296 = LINE('',#3297,#3298);
#3297 = CARTESIAN_POINT('',(153.836469,-90.26,-4.6E-02));
#3298 = VECTOR('',#3299,1.);
#3299 = DIRECTION('',(0.,0.,1.));
#3300 = ORIENTED_EDGE('',*,*,#1902,.F.);
#3301 = ORIENTED_EDGE('',*,*,#3295,.F.);
#3302 = CYLINDRICAL_SURFACE('',#3303,0.5);
#3303 = AXIS2_PLACEMENT_3D('',#3304,#3305,#3306);
#3304 = CARTESIAN_POINT('',(153.836469,-89.76,-4.6E-02));
#3305 = DIRECTION('',(-0.,-0.,-1.));
#3306 = DIRECTION('',(-0.,-1.,0.));
#3307 = ADVANCED_FACE('',(#3308),#3319,.F.);
#3308 = FACE_BOUND('',#3309,.T.);
#3309 = EDGE_LOOP('',(#3310,#3311,#3317,#3318));
#3310 = ORIENTED_EDGE('',*,*,#981,.T.);
#3311 = ORIENTED_EDGE('',*,*,#3312,.T.);
#3312 = EDGE_CURVE('',#982,#1914,#3313,.T.);
#3313 = LINE('',#3314,#3315);
#3314 = CARTESIAN_POINT('',(146.586469,-87.72,-4.6E-02));
#3315 = VECTOR('',#3316,1.);
#3316 = DIRECTION('',(0.,0.,1.));
#3317 = ORIENTED_EDGE('',*,*,#1913,.F.);
#3318 = ORIENTED_EDGE('',*,*,#3312,.F.);
#3319 = CYLINDRICAL_SURFACE('',#3320,0.5);
#3320 = AXIS2_PLACEMENT_3D('',#3321,#3322,#3323);
#3321 = CARTESIAN_POINT('',(146.586469,-87.22,-4.6E-02));
#3322 = DIRECTION('',(-0.,-0.,-1.));
#3323 = DIRECTION('',(-0.,-1.,0.));
#3324 = ADVANCED_FACE('',(#3325),#3336,.F.);
#3325 = FACE_BOUND('',#3326,.T.);
#3326 = EDGE_LOOP('',(#3327,#3328,#3334,#3335));
#3327 = ORIENTED_EDGE('',*,*,#992,.T.);
#3328 = ORIENTED_EDGE('',*,*,#3329,.T.);
#3329 = EDGE_CURVE('',#993,#1925,#3330,.T.);
#3330 = LINE('',#3331,#3332);
#3331 = CARTESIAN_POINT('',(153.836469,-87.72,-4.6E-02));
#3332 = VECTOR('',#3333,1.);
#3333 = DIRECTION('',(0.,0.,1.));
#3334 = ORIENTED_EDGE('',*,*,#1924,.F.);
#3335 = ORIENTED_EDGE('',*,*,#3329,.F.);
#3336 = CYLINDRICAL_SURFACE('',#3337,0.5);
#3337 = AXIS2_PLACEMENT_3D('',#3338,#3339,#3340);
#3338 = CARTESIAN_POINT('',(153.836469,-87.22,-4.6E-02));
#3339 = DIRECTION('',(-0.,-0.,-1.));
#3340 = DIRECTION('',(-0.,-1.,0.));
#3341 = ADVANCED_FACE('',(#3342),#3353,.F.);
#3342 = FACE_BOUND('',#3343,.T.);
#3343 = EDGE_LOOP('',(#3344,#3345,#3351,#3352));
#3344 = ORIENTED_EDGE('',*,*,#1003,.T.);
#3345 = ORIENTED_EDGE('',*,*,#3346,.T.);
#3346 = EDGE_CURVE('',#1004,#1936,#3347,.T.);
#3347 = LINE('',#3348,#3349);
#3348 = CARTESIAN_POINT('',(168.685369,-92.844556,-4.6E-02));
#3349 = VECTOR('',#3350,1.);
#3350 = DIRECTION('',(0.,0.,1.));
#3351 = ORIENTED_EDGE('',*,*,#1935,.F.);
#3352 = ORIENTED_EDGE('',*,*,#3346,.F.);
#3353 = CYLINDRICAL_SURFACE('',#3354,0.5);
#3354 = AXIS2_PLACEMENT_3D('',#3355,#3356,#3357);
#3355 = CARTESIAN_POINT('',(168.685369,-92.344556,-4.6E-02));
#3356 = DIRECTION('',(-0.,-0.,-1.));
#3357 = DIRECTION('',(-0.,-1.,0.));
#3358 = ADVANCED_FACE('',(#3359),#3370,.F.);
#3359 = FACE_BOUND('',#3360,.T.);
#3360 = EDGE_LOOP('',(#3361,#3362,#3368,#3369));
#3361 = ORIENTED_EDGE('',*,*,#1014,.T.);
#3362 = ORIENTED_EDGE('',*,*,#3363,.T.);
#3363 = EDGE_CURVE('',#1015,#1947,#3364,.T.);
#3364 = LINE('',#3365,#3366);
#3365 = CARTESIAN_POINT('',(171.225369,-92.844556,-4.6E-02));
#3366 = VECTOR('',#3367,1.);
#3367 = DIRECTION('',(0.,0.,1.));
#3368 = ORIENTED_EDGE('',*,*,#1946,.F.);
#3369 = ORIENTED_EDGE('',*,*,#3363,.F.);
#3370 = CYLINDRICAL_SURFACE('',#3371,0.5);
#3371 = AXIS2_PLACEMENT_3D('',#3372,#3373,#3374);
#3372 = CARTESIAN_POINT('',(171.225369,-92.344556,-4.6E-02));
#3373 = DIRECTION('',(-0.,-0.,-1.));
#3374 = DIRECTION('',(-0.,-1.,0.));
#3375 = ADVANCED_FACE('',(#3376),#3387,.F.);
#3376 = FACE_BOUND('',#3377,.T.);
#3377 = EDGE_LOOP('',(#3378,#3379,#3385,#3386));
#3378 = ORIENTED_EDGE('',*,*,#1025,.T.);
#3379 = ORIENTED_EDGE('',*,*,#3380,.T.);
#3380 = EDGE_CURVE('',#1026,#1958,#3381,.T.);
#3381 = LINE('',#3382,#3383);
#3382 = CARTESIAN_POINT('',(168.685369,-90.304556,-4.6E-02));
#3383 = VECTOR('',#3384,1.);
#3384 = DIRECTION('',(0.,0.,1.));
#3385 = ORIENTED_EDGE('',*,*,#1957,.F.);
#3386 = ORIENTED_EDGE('',*,*,#3380,.F.);
#3387 = CYLINDRICAL_SURFACE('',#3388,0.5);
#3388 = AXIS2_PLACEMENT_3D('',#3389,#3390,#3391);
#3389 = CARTESIAN_POINT('',(168.685369,-89.804556,-4.6E-02));
#3390 = DIRECTION('',(-0.,-0.,-1.));
#3391 = DIRECTION('',(-0.,-1.,0.));
#3392 = ADVANCED_FACE('',(#3393),#3404,.F.);
#3393 = FACE_BOUND('',#3394,.T.);
#3394 = EDGE_LOOP('',(#3395,#3396,#3402,#3403));
#3395 = ORIENTED_EDGE('',*,*,#1036,.T.);
#3396 = ORIENTED_EDGE('',*,*,#3397,.T.);
#3397 = EDGE_CURVE('',#1037,#1969,#3398,.T.);
#3398 = LINE('',#3399,#3400);
#3399 = CARTESIAN_POINT('',(171.225369,-90.304556,-4.6E-02));
#3400 = VECTOR('',#3401,1.);
#3401 = DIRECTION('',(0.,0.,1.));
#3402 = ORIENTED_EDGE('',*,*,#1968,.F.);
#3403 = ORIENTED_EDGE('',*,*,#3397,.F.);
#3404 = CYLINDRICAL_SURFACE('',#3405,0.5);
#3405 = AXIS2_PLACEMENT_3D('',#3406,#3407,#3408);
#3406 = CARTESIAN_POINT('',(171.225369,-89.804556,-4.6E-02));
#3407 = DIRECTION('',(-0.,-0.,-1.));
#3408 = DIRECTION('',(-0.,-1.,0.));
#3409 = ADVANCED_FACE('',(#3410),#3421,.F.);
#3410 = FACE_BOUND('',#3411,.T.);
#3411 = EDGE_LOOP('',(#3412,#3413,#3419,#3420));
#3412 = ORIENTED_EDGE('',*,*,#1047,.T.);
#3413 = ORIENTED_EDGE('',*,*,#3414,.T.);
#3414 = EDGE_CURVE('',#1048,#1980,#3415,.T.);
#3415 = LINE('',#3416,#3417);
#3416 = CARTESIAN_POINT('',(168.685369,-87.764556,-4.6E-02));
#3417 = VECTOR('',#3418,1.);
#3418 = DIRECTION('',(0.,0.,1.));
#3419 = ORIENTED_EDGE('',*,*,#1979,.F.);
#3420 = ORIENTED_EDGE('',*,*,#3414,.F.);
#3421 = CYLINDRICAL_SURFACE('',#3422,0.5);
#3422 = AXIS2_PLACEMENT_3D('',#3423,#3424,#3425);
#3423 = CARTESIAN_POINT('',(168.685369,-87.264556,-4.6E-02));
#3424 = DIRECTION('',(-0.,-0.,-1.));
#3425 = DIRECTION('',(-0.,-1.,0.));
#3426 = ADVANCED_FACE('',(#3427),#3438,.F.);
#3427 = FACE_BOUND('',#3428,.T.);
#3428 = EDGE_LOOP('',(#3429,#3430,#3436,#3437));
#3429 = ORIENTED_EDGE('',*,*,#1058,.T.);
#3430 = ORIENTED_EDGE('',*,*,#3431,.T.);
#3431 = EDGE_CURVE('',#1059,#1991,#3432,.T.);
#3432 = LINE('',#3433,#3434);
#3433 = CARTESIAN_POINT('',(171.225369,-87.764556,-4.6E-02));
#3434 = VECTOR('',#3435,1.);
#3435 = DIRECTION('',(0.,0.,1.));
#3436 = ORIENTED_EDGE('',*,*,#1990,.F.);
#3437 = ORIENTED_EDGE('',*,*,#3431,.F.);
#3438 = CYLINDRICAL_SURFACE('',#3439,0.5);
#3439 = AXIS2_PLACEMENT_3D('',#3440,#3441,#3442);
#3440 = CARTESIAN_POINT('',(171.225369,-87.264556,-4.6E-02));
#3441 = DIRECTION('',(-0.,-0.,-1.));
#3442 = DIRECTION('',(-0.,-1.,0.));
#3443 = ( GEOMETRIC_REPRESENTATION_CONTEXT(3) 
GLOBAL_UNCERTAINTY_ASSIGNED_CONTEXT((#3447)) 
GLOBAL_UNIT_ASSIGNED_CONTEXT((#3444,#3445,#3446)) REPRESENTATION_CONTEXT
('Context #1','3D Context with UNIT and UNCERTAINTY') );
#3444 = ( LENGTH_UNIT() NAMED_UNIT(*) SI_UNIT(.MILLI.,.METRE.) );
#3445 = ( NAMED_UNIT(*) PLANE_ANGLE_UNIT() SI_UNIT($,.RADIAN.) );
#3446 = ( NAMED_UNIT(*) SI_UNIT($,.STERADIAN.) SOLID_ANGLE_UNIT() );
#3447 = UNCERTAINTY_MEASURE_WITH_UNIT(LENGTH_MEASURE(1.E-07),#3444,
  'distance_accuracy_value','confusion accuracy');
#3448 = CONTEXT_DEPENDENT_SHAPE_REPRESENTATION(#3449,#3451);
#3449 = ( REPRESENTATION_RELATIONSHIP('','',#32,#10) 
REPRESENTATION_RELATIONSHIP_WITH_TRANSFORMATION(#3450) 
SHAPE_REPRESENTATION_RELATIONSHIP() );
#3450 = ITEM_DEFINED_TRANSFORMATION('','',#11,#15);
#3451 = PRODUCT_DEFINITION_SHAPE('Placement','Placement of an item',
  #3452);
#3452 = NEXT_ASSEMBLY_USAGE_OCCURRENCE('1','=>[0:1:1:2]','',#5,#27,$);
#3453 = PRODUCT_RELATED_PRODUCT_CATEGORY('part',$,(#29));
#3454 = MECHANICAL_DESIGN_GEOMETRIC_PRESENTATION_REPRESENTATION('',(
    #3455),#3443);
#3455 = STYLED_ITEM('color',(#3456),#33);
#3456 = PRESENTATION_STYLE_ASSIGNMENT((#3457));
#3457 = SURFACE_STYLE_USAGE(.BOTH.,#3458);
#3458 = SURFACE_SIDE_STYLE('',(#3459));
#3459 = SURFACE_STYLE_FILL_AREA(#3460);
#3460 = FILL_AREA_STYLE('',(#3461));
#3461 = FILL_AREA_STYLE_COLOUR('',#3462);
#3462 = COLOUR_RGB('',0.313304153717,0.484529207832,0.410020903123);
ENDSEC;
END-ISO-10303-21;
